Incident Number,Cause number,Cause Description,Cause type,Risk Management Cause,Human Factors  Cause, Failed PSM Framework Element
NS-C42558E3D5,1,Air supply was used for instrument supply which allowed air to the enter inlet of the Booster Compressor from the Kimray pressure control valve. This allowed a continuous source of air to enter the process and mix with,Immediate,,,
NS-B125B85E7E,1,An electrical arc (pop) in the electrical wiring caused a short between the generator windings which lasted long enough to catch the insulation sleeve to the heater wire on fire.,Immediate,,,
NS-4710EE8790,1,Lack of Attention to the Task at Hand -Derrickman failed to realize that the pipe was continued with operating the controls.,Immediate,,,
NS-4710EE8790,2,"Poor Body Placement / Poor Judgment -Even after identifying the hazard, the IP left getting out of harm's way before trying to stop",Underlying,,,
NS-4710EE8790,3,-Work Instructions did not properly highlight while Bridge Racker is in use. hung up in the fingerboard and himself in the line of fire instead of the job areas where personnel cannot be located 09-AUG-2021 -,Root,,,
NS-28D57F30B3,1,Bull plug not installed allowing hydraulic pressure into the top drive.,Immediate,,,
NS-28D57F30B3,2,Lack of training - No one on the rig was trained on install the cup tester. -,Underlying,,,
NS-28D57F30B3,3,"Inadequate JSA - The JSA reviewed prior to testing a cup tester or the hazards involved. - to push the 5"" test assembly up the use or how to properly - BOPs did not include the use of -",Root,,,
NS-9563B7C1CA,1,Human Error: Inattention to job being performed.,Immediate,, Competency -  Lapse of Competency,3
NS-9563B7C1CA,2,Human Error: Inattention to job being performed.,Underlying,, Competency -  Lapse of Competency,3
NS-9563B7C1CA,3,Human Error: Inattention to job being performed.,Root,, Competency -  Lapse of Competency,3
NS-DBA06F51F9,1,Pitting or pipe manufacturing defect.,Immediate,,,
NS-DBA06F51F9,2,"UT and CP readings show no indication of corrosion reading reported as 0.880. Diver inspection showed occuring in the pipeline. CP no sign of third party damage ocurring to the pipeline. Therefore, it is suspected the pipe contained an isolated pit or manufacturing defect that contributed caused the leak.",Underlying,,,
NS-DBA06F51F9,3,Pitting or pipe manufacturing defect.,Root,,,
NS-A495397DCE,1,Not aware that his hand was in danger. Not paying attention to what was going on in his work,Immediate,,,
NS-A495397DCE,2,Not aware that his hand was in danger. Not paying attention to what was going on in his work,Underlying,,,
NS-A495397DCE,3,Not aware that his hand was in danger. Not paying attention to what was going on in his work,Root,,,
NS-8497899769,1,Human Error: Pilot error.,Immediate,,,3
NS-8497899769,2,Human Error: Pilot error.,Underlying,,,3
NS-8497899769,3,Human Error: Pilot error.,Root,,,3
NS-E9FFCBE6B5,1,A third party investigation determined that the Fisher 1051 Actuator on the produced water dump was not operating correctly. The actuator was not fully closing when receiving the pneumatic signal from the KTEC Level Controller.,Immediate,,,
NS-E9FFCBE6B5,2,"A third party investigation found two contributing causes of the pollution incident. The first being poor installation and system design of the KTEK Level Controller to the Fisher 1051 actuator. The second cause involves poor operating practices. The equipment was not monitored throughout the startup process. Furthermore, poor communication was exercised in reference",Underlying,,,
NS-E9FFCBE6B5,3,A third party investigation determined that the Fisher 1051 Actuator on the produced water dump was not operating correctly. The actuator was not fully closing when receiving the pneumatic signal from the KTEC Level Controller.,Root,,,
NS-656F70413F,1,"BSEE's incident investigation along with the review of Cobalt and Rowan independent incident reports revealed the primary cause of the incident was attributed to the failure to install the Seal Sub (Mud Pin) in the flange connection between the flex joint termination spool and the first riser joint (Joint #64). BSEE visually verified the absence of the Seal Sub (Mud Pin) during an on-site investigation on 19 July 2021, when the BOP was retrieved to the surface.",Immediate,,,
NS-656F70413F,2,"Based on the Cobalt and Rowan independent incident report findings, the possible contributing causes for the SOBM spill were listed as follows: 1) inadequate Rowan procedures and checklist for deployment of the BOP and riser; 2) Rowan subsea personnel did not recognize or had any previous experience that required the Seal Sub (Mud Pin) to be installed in the ""pin-up"" configuration in the flex joint termination spool on the Cameron LoadKing riser system; 3) insufficient handover during a crew change of Rowan Subsea personnel during a critical phase of the BOP and riser deployment; 4) Cobalt's failure to recognize what was causing the buildup of SOBM and/or drilling cuttings in the area of the first riser joint and flex joint termination spool throughout the ROV coverage; 5) the culture of top down command structure may have led to misinterpretation of what material was being spilled and it prevented rig personnel for suggesting alternative explanations; and 6) the low torque valves recorded when breaking riser Joint #64 bolts revealed that the bolts were under-torqued when it was made up to the flex joint termination spool during BOP#2 deployment that provided a migration pathway of the SOBM into offshore waters.",Underlying,,,
NS-656F70413F,3,"BSEE's incident investigation along with the review of Cobalt and Rowan independent incident reports revealed the primary cause of the incident was attributed to the failure to install the Seal Sub (Mud Pin) in the flange connection between the flex joint termination spool and the first riser joint (Joint #64). BSEE visually verified the absence of the Seal Sub (Mud Pin) during an on-site investigation on 19 July 2021, when the BOP was retrieved to the surface.",Root,,,
NS-F1B9AA531C,1,"Equipment Failure -Inadequate preventive maintenance: BSEE found the operator’s inspection and maintenance of the coolers tubing was inadequate to prevent loss of integrity, thereby allowing a gas leak.",Immediate,,,
NS-F1B9AA531C,2,"Equipment Failure - Flawed equipment design or construction: The compressor engine’s exhaust system is located on the top of the Gas Cooling Fan Tower creating an ignition source. Even though the muffler is wrapped with an insulation blanket, the final exhaust pipe is exposed and is within within the coolers.",Underlying,Inadequate Control Measures,,15
NS-F1B9AA531C,3,None,Root,,,
NS-9F7015D96B,1,The contactor switch for the close side of the BSR's was stuck in the closed position. ­,Immediate,,,
NS-9F7015D96B,2,There was no alarm or warning mechanism in place to contact switch was stuck in the closed position.,Underlying,,,
NS-9F7015D96B,3,The contactor switch for the close side of the BSR's was stuck in the closed position. ­,Root,,,
NS-DA9C4FA9ED,1,"The movement of the lubricator while in use caused the sharp edge of the lifting bracket to rub against the nylon sling and chafe to the point that it parted. Although the lubricator was equipped with a lifting bracket designed for use with a two part sling, the e-line operator elected to utilize a nylon sling.",Immediate,,,
NS-4955485885,1,Equipment Failure: Inadequate equipment inspection. A loose tubing fitting between the flow element and the isolation valve went undetected prior to opening the valve. The fitting may have been loose due to improper installation or vibration.,Immediate,Inadequate Control Measures,,15
NS-4955485885,2,Work Environment: Not aware of hazards/Inadequate PPE: Shell failed to recognize possibility of a leak from the weep hole. The possibility should have been recognized in the JSA and proper PPE should have been worn for the job.,Underlying,Hazard not Identified,,6
NS-4955485885,3,Equipment Failure: Inadequate equipment inspection. A loose tubing fitting between the flow element and the isolation valve went undetected prior to opening the valve. The fitting may have been loose due to improper installation or vibration.,Root,Inadequate Control Measures,,15
NS-0CB854E630,1,High angle kick out failed to work properly. Emergency Shut down failed to shut down crane.,Immediate,,,
NS-0CB854E630,2,External corrosion on control lever for boom.,Underlying,,,
NS-0CB854E630,3,High angle kick out failed to work properly. Emergency Shut down failed to shut down crane.,Root,,,
NS-03A04B99E2,1,There were several policy and procedure failures that should have been addressed prior to this incident. The following policies of both the lessee and the contract crane company that are listed would have possibly prevented this incident from occurring.,Immediate,,,
NS-03A04B99E2,2,"Lessee’s Fall Protection – Section D, Chapter 6, Version 2",Underlying,,,
NS-03A04B99E2,3,Scope This procedure establishes minimum requirements for working at unguarded elevated work locations that are 6 feet or greater above floor/grade level or that present a potential for fall and/or injury to personnel. This procedure applies to all employees and contract personnel.,Root,,,
NS-1AD6923A55,1,Boom cable parted,Immediate,,,
NS-1AD6923A55,2,Boom cable worn and rusted,Underlying,,,
NS-1AD6923A55,3,Weight indicator was not reliable,Root,,,
NS-027FB14F2D,1,The cause of this incident was an apparent build,Immediate,,,
NS-027FB14F2D,2,n/a of oxygen in a cavity of the anode.,Underlying,,,
NS-027FB14F2D,3,The cause of this incident was an apparent build,Root,,,
NS-44502BDD7E,1,Ensure master dump valve is closed and locked.,Immediate,,,
NS-44502BDD7E,2,(1) Master dump valve not closed and locked. (2) Improper handover at tour change to relay,Underlying,,,
NS-44502BDD7E,3,Ensure master dump valve is closed and locked.,Root,,,
NS-4F96D8DFE2,1,Equipment failure: Inadequate preventive maintenance- The operator did not perform the recommended repairs that were noted on the annual crane inspection that specifically identified the major corrosion of the cable rollers.,Immediate,Inadequate Control Measures,,15
NS-4F96D8DFE2,2,"Equipment failure: Inadequate preventive maintenance- Due to the major corrosion on the cable roller, the cable roller was able to break off and fall to the deck below.",Underlying,Inadequate Control Measures,,15
NS-4F96D8DFE2,3,Human Performance Error: Not aware of hazards- Failure to secure the area underneath the crane prior to starting operations and preventing personnel from entering the hazard areas.,Root,Hazard not Identified,"Mistake - Information Issue -too little, missing or inaccesible information",3
NS-0E767F8E4B,1,"Prior to performing the task, the Operator failed conducted to mitigate the hazards of rig sway due condition.",Immediate,,,
NS-0E767F8E4B,2,to ensure a Risk Assessment was to rig elevation and poor weather,Underlying,,,
NS-0E767F8E4B,3,The Operator failed to ensure Drill Crew personnel identified and modified the JSA to mitigate the hazards of poor weather conditions and rig elevation. This allowed substantial sway of the rig causing the bails to spread and the elevators to roll out and fall to the rig floor injuring the IP's left thumb and finger.,Root,,,
NS-062423C5CC,1,"Damage to the master valve alone would not have resulted in a LWC, as the MMS requires additional barriers to flow. Such failures of mechanical integrity could include: a failure of the production tubing below the SCSSV, a failure of the production casing, or a failure of the packer integrity. Stone has developed a theory that a 2' section of 1/4"" SS control line to the SCSSV was flattened as the platform was toppled during the hurricane. It is believed that as the control line tubing was flattened, it expelled 11 cc of hydraulic fluid into the SCSSV which caused the SCSSV to open. The flattened section of tubing also sealed the hydraulic pressure in the valve, allowing it to remain in the open position even after the hydraulic pressure was bled off at the needle valve by a diver. The theory is supported by the diver opening the closed needle valve and observing the release of hydraulic fluid when the valve was opened. Since last production of this well was in July of 2005, and the SCSSV was being used as a tubing plug (with surface control rendered inoperative), the diver should have found the needle valve in the closed position with zero hydraulic pressure on the control line. The subject well has a history of sand production, and Stone feels that the LWC may have occurred though the open or partially open SCSSV (due to the flattened control line) when a sand bridge broke loose in the tubing allowing the well to flow uncontrollably.",Immediate,,,
NS-062423C5CC,2,Human error may be a possible cause of the loss of possibility that the control line needle valve may well control. There is a have been closed with hydraulic pressure remaining on the control line. This remaining in the open position.,Underlying,,,
NS-062423C5CC,3,"Damage to the master valve alone would not have resulted in a LWC, as the MMS requires additional barriers to flow. Such failures of mechanical integrity could include: a failure of the production tubing below the SCSSV, a failure of the production casing, or a failure of the packer integrity. Stone has developed a theory that a 2' section of 1/4"" SS control line to the SCSSV was flattened as the platform was toppled during the hurricane. It is believed that as the control line tubing was flattened, it expelled 11 cc of hydraulic fluid into the SCSSV which caused the SCSSV to open. The flattened section of tubing also sealed the hydraulic pressure in the valve, allowing it to remain in the open position even after the hydraulic pressure was bled off at the needle valve by a diver. The theory is supported by the diver opening the closed needle valve and observing the release of hydraulic fluid when the valve was opened. Since last production of this well was in July of 2005, and the SCSSV was being used as a tubing plug (with surface control rendered inoperative), the diver should have found the needle valve in the closed position with zero hydraulic pressure on the control line. The subject well has a history of sand production, and Stone feels that the LWC may have occurred though the open or partially open SCSSV (due to the flattened control line) when a sand bridge broke loose in the tubing allowing the well to flow uncontrollably.",Root,,,
NS-D9250CEAA5,1,No or inadequate job instructions provided: The lessee conducted a pre-job safety meeting with the operators and the construction crew but failed to review the locations of where the crews would be located during the decommissioning operations. Having knowledge of where the crews were located would have prevented the contractors from cutting the pipe that caused the injury.,Immediate,,,
NS-D9250CEAA5,2,"Management Systems, no or inadequate hazard analysis/written job procedures. The Job Safety Analysis (JSA) failed to address the hazards of due to stored energy.",Underlying,,,
NS-2D7CF0B375,1,Supervision – The operator did not enforce the use of push poles to guide suspended loads as per their policy - Safe Operating Practices (TSOP-PCD-50) Material Handling.,Immediate,,,17
NS-2D7CF0B375,2,Human error performance – IP used his hands to guide the load instead of using push poles.,Underlying,,,3
NS-2D7CF0B375,3,Human error performance - IP was not aware of the pinch between the crane’s cable and sheave.,Root,Hazard not Identified,"Mistake - Information Issue -too little, missing or inaccesible information",3
NS-E8C9AD866B,1,"A loss of hydraulic system pressure due to mechanical failure of a relief valve on the main hoist, caused the undesired sequence of events. A drastic change in chemical composition and/or temperature of the hydraulic fluid caused the relief valve to crack and malfunction on the main hoist.",Immediate,,,
NS-E8C9AD866B,2,"Corrosion on the internals of the hydraulic relief valve failed, causing a loss of hydraulic pressure allowing the load attached to the",Underlying,,,
NS-E8C9AD866B,3,"A loss of hydraulic system pressure due to mechanical failure of a relief valve on the main hoist, caused the undesired sequence of events. A drastic change in chemical composition and/or temperature of the hydraulic fluid caused the relief valve to crack and malfunction on the main hoist.",Root,,,
NS-B2ECF10894,1,Human Performance Error: Inattention to task - The IP,Immediate,, Competency -  Lapse of Competency,3
NS-B2ECF10894,2,IP lost track of his the MCC. The injury was likely factor was a failure to lost track of his surroundings,Underlying,,,
NS-B2ECF10894,3,Human Performance Error: Not aware of hazards – Cantium associated with the job prior to performing work.,Root,Hazard not Identified,"Mistake - Information Issue -too little, missing or inaccesible information",3
NS-5C05C29868,1,The CE failed to properly observe the walkway crane cab. The CE stepped off the edge of the the CE to step wrong and over extend his left,Immediate,,,
NS-5C05C29868,2,was taken and indicated tears and a to repair. The CE will miss before attempting to walk towards the walkway into the containment pan causing knee.,Underlying,,,
NS-5C05C29868,3,"As per the Job Safety Analysis, the CE should have utilized the hand held radio before attempting to climb the ladder to communicate with the crane operator;",Root,,,
NS-A931BA4FA3,1,"Human Performance Error: Inattention to task diameter of 11.00 inches, was installed onto ring, which had a diameter of 11.44 inches.",Immediate,,,3
NS-A931BA4FA3,2,"Human Performance Error: Inattention to task working load limit of the casing lifting pin section of stuck casing with the main hoist,",Underlying,,,3
NS-A931BA4FA3,3,Human Performance Error: Inattention to task,Root,, Competency -  Lapse of Competency,3
NS-035A281351,1,"Contract employee was not using fall protection equipment. Contract employee did not follow the JSA or Apache's Fall Protection Policy, which states 100% tie off when the tisk of a fall is present.",Immediate,,,
NS-035A281351,2,Employee lacked the understanding of Apache Corporation's Offshore Safety Orientation Handbook.,Underlying,,,
NS-035A281351,3,"Contract employee was not using fall protection equipment. Contract employee did not follow the JSA or Apache's Fall Protection Policy, which states 100% tie off when the tisk of a fall is present.",Root,,,
NS-B5A14F24ED,1,c• LACT charge pump motor bottom bearing failed catastrophically and was coinpletely destroyed. The bearing had spun on the shaft andthere was evidence that the rotor shoulder had spun against the inner race. The bell housing was cracked in several places. The top bearing and bottom bearings were noted to be 6300 series ball and cage bearings. The wear on the lower bearing indicated excessive presure exerted towards the coupling end eventually leading to failure. During advanced stages of failure the bearing integrity was compromised allowing for axial movement of the rotor an c~eating excessive groove of the rotor shaft shoulder into the inner race resulting in metal to metal contact. These axial and radial forces were transmitted to the pump shaft and the mechanical seal through the rigid coupling.,Immediate,,,
NS-7AC5B86665,1,"Electrical problems with the ships generators caused the loss of four of the rig's eight thrusters. -Driller activated the EDS upon the ship reaching the ""Red Zone.""",Immediate,,,
NS-7AC5B86665,2,N/A,Underlying,,,
NS-7AC5B86665,3,"Electrical problems with the ships generators caused the loss of four of the rig's eight thrusters. -Driller activated the EDS upon the ship reaching the ""Red Zone.""",Root,,,
NS-26F655878E,1,Driller did not look to verify the bails and the elevators were inside the derrick before moving the block upwards. The drawworks transmission was in high gear creating a smaller time frame to free float the elevators into a vertical position under the top drive.,Immediate,,,
NS-E727749B4E,1,"Based on BSEE's investigation and BP's internal investigation, the following findings were identified: The correct seals were not installed due to personnel not having knowledge of the importance of the seals, poor oversight by BP employees, and the technician and BP employees being unaware of the installation procedures. Also, there was no evidence found that BP had a process in place for managing third party equipment owners doing work on their facilities. The technician did not have sufficient training prior to performing work on Atlantis and did not follow the OEM (original equipment manufacturer) procedures while installing the transmitter. The gas detection system did not alarm and no ESD (emergency shutdown) was activated during the time of the gas release. Personnel did not recognize the gas release as an emergency and the emergency response procedure was not followed as per their training, drills, and assessments. Initiating the general alarm or the ESD was not considered during the event which prolonged the gas release putting the safety of all on board at risk. In 2011 and 2015, F&G (Fire and Gas) assessments were performed on Atlantis and both assessments recommended that additional gas detection sensors be installed on the facility. Also, the lack of speak-up and trust between BP leadership and BP technicians as well as the safety culture on Atlantis were all cited as contributing to the response by personnel to the gas release.",Immediate,,,
NS-09DCDB4EE6,1,Slow response of the hydraulic choke operator.,Immediate,,,
NS-09DCDB4EE6,2,"occurrances. There was no pollution, Once it was realized during the operation by the supervisor that the choke operator was too slow to react to gas kicks, the job was not shut down.",Underlying,,,
NS-09DCDB4EE6,3,Slow response of the hydraulic choke operator.,Root,,,
NS-4538E59E85,1,"Although it was not determined what caused the LSH on the glycol unit, platform start- up problems that could have contributed to the LSH included the glycol pump being shut down even though there was a continued influx of fluid to the glycol unit, overpressure in the system resulting in the glycol unit's high fluid level, or the glycol unit's media being cool during shut down then expanding subsequent to start up resulting in an increased flow and level. It was determined that the source of the fuel for the fire was a leaking Temperature Safety Element (TSE) on the glycol unit, and a pressure regulator located on the contactor.",Immediate,,,
NS-4538E59E85,2,None.,Underlying,,,
NS-4538E59E85,3,"Although it was not determined what caused the LSH on the glycol unit, platform start- up problems that could have contributed to the LSH included the glycol pump being shut down even though there was a continued influx of fluid to the glycol unit, overpressure in the system resulting in the glycol unit's high fluid level, or the glycol unit's media being cool during shut down then expanding subsequent to start up resulting in an increased flow and level. It was determined that the source of the fuel for the fire was a leaking Temperature Safety Element (TSE) on the glycol unit, and a pressure regulator located on the contactor.",Root,,,
NS-7A2149ED8B,1,"Port harmonic filter had failed and a dead short between phases at the port harmonic filter fuses occurred, causing an upset on the 11KV power bus. Emergency bus supply to essential services was interrupted when the circuit breakers that maintain this supply tripped. The cause of this is subject to further ongoing investigation. The essential services bus powers the main fuel pumps for the main generators and the 2 main generators connected to the bus where unable to deliver the required load of the thrusters that were in-service. A sequence of load shedding and under/over frequency events were initiated with the generators having a fuel rack setting of 100% but insufficient fuel being supplied to the engines. The generators eventually opened their breakers causing all 6 thrusters to drop offline. Following the black out event, the system restored itself normally from the dead bus position.",Immediate,,,
NS-7A2149ED8B,2,"Port harmonic filter had failed and a dead short between phases at the port harmonic filter fuses occurred, causing an upset on the 11KV power bus. Emergency bus supply to essential services was interrupted when the circuit breakers that maintain this supply tripped. The cause of this is subject to further ongoing investigation. The essential services bus powers the main fuel pumps for the main generators and the 2 main generators connected to the bus where unable to deliver the required load of the thrusters that were in-service. A sequence of load shedding and under/over frequency events were initiated with the generators having a fuel rack setting of 100% but insufficient fuel being supplied to the engines. The generators eventually opened their breakers causing all 6 thrusters to drop offline. Following the black out event, the system restored itself normally from the dead bus position.",Underlying,,,
NS-7A2149ED8B,3,"Port harmonic filter had failed and a dead short between phases at the port harmonic filter fuses occurred, causing an upset on the 11KV power bus. Emergency bus supply to essential services was interrupted when the circuit breakers that maintain this supply tripped. The cause of this is subject to further ongoing investigation. The essential services bus powers the main fuel pumps for the main generators and the 2 main generators connected to the bus where unable to deliver the required load of the thrusters that were in-service. A sequence of load shedding and under/over frequency events were initiated with the generators having a fuel rack setting of 100% but insufficient fuel being supplied to the engines. The generators eventually opened their breakers causing all 6 thrusters to drop offline. Following the black out event, the system restored itself normally from the dead bus position.",Root,,,
NS-AC571044DF,1,The CB inadvertently touched the kick plate with the high speed rotating head of the blasting nozzle to cause the injury to the CB's right foot. The CB failed to maintain a safe distance between the kick plate and the rotating head on the blasting nozzle.,Immediate,,,
NS-AC571044DF,2,The blasting nozzle produced 30 to 35 pounds of resistance that assisted in the CB losing control of the blasting nozzle once the rotating head came in contact with the kick plate.,Underlying,,,
NS-AC571044DF,3,The CB inadvertently touched the kick plate with the high speed rotating head of the blasting nozzle to cause the injury to the CB's right foot. The CB failed to maintain a safe distance between the kick plate and the rotating head on the blasting nozzle.,Root,,,
NS-124AB1E30F,1,Improper valve alignment allowed SOBM to be discharged Failure to follow procedure for transferring permitted,Immediate,,,
NS-124AB1E30F,2,Inadequate communication between tour change.,Underlying,,,
NS-124AB1E30F,3,Improper valve alignment allowed SOBM to be discharged Failure to follow procedure for transferring permitted,Root,,,
NS-C89F365F7E,1,"A. Information from Ankor's Employee Health, Safety, and Environmental Handbook states: -",Immediate,,,
NS-C89F365F7E,2,"Page 113, item 2: ""Heavy materials/equipment being transported offshore shall be labled to identify the 'weight' prior to being loaded onto the M/V."" - 1a. The operator's shorebase cargo manifest dated 4/9/2022, shows the total (gross) weight of several loads rather than the actual weights of each individual load. -",Underlying,,,
NS-C89F365F7E,3,"Page 143 Crane Safety states: ""It is Ankor's policy that all crane operations, maintenance and inspections shall comply with API-RP-2D current edition as per the federal registry."" - 2a. API-RP-2D 3.2.1 c states in part: ""The crane operator should verify that the hook - load is within the crane's applicable Onboard or Offboard Rated Load at the radius at which the load is to be lifted."" - 2b. The crane operator was using an assumed load weight of 12,000 - 14,000 pounds rather than verifying the actual weight of 20,300 pounds. The maximum rated capacity for this crane at a boom angle of 70 degrees was 15,000 pounds. The actual weight of the load greatly exceeded the lifting capacity of the boom. -",Root,,,
NS-774B359FC1,1,"A. The CWH attempted to adjust the wire while the wireline unit was still running and the wheel was in motion. Precaution of clamping the wire before attempting to adjust it had not been taken. B. The CWH crossed the hazard tape barrier and entered a prohibited area without proper authorization, in violation to the wireline company's policies. ­ C. The wireline company failed to document and review the potential risks and hazards associated with the wireline operations taking place on the Job Safety Analysis (JSA).",Immediate,,,
NS-774B359FC1,2,A. The CWH had not attended the company's wireline school and was not aware of certain company policies. B. At the time that the CHW struck his ring finger with a wrench the wireline crew had worked shifts averaging 18 hours in violation of the wireline company's maximum allowable work hours of 12 hours. C. The Wireline Supervisor failed to give incident.,Underlying,,,
NS-774B359FC1,3,"A. The CWH attempted to adjust the wire while the wireline unit was still running and the wheel was in motion. Precaution of clamping the wire before attempting to adjust it had not been taken. B. The CWH crossed the hazard tape barrier and entered a prohibited area without proper authorization, in violation to the wireline company's policies. ­ C. The wireline company failed to document and review the potential risks and hazards associated with the wireline operations taking place on the Job Safety Analysis (JSA).",Root,,,
NS-757D25E2C2,1,"The injury was caused by the free-fall of the fast line crane ball, which struck the IPdirectly on his left steel toe boot.",Immediate,,,
NS-757D25E2C2,2,The plastic and duct tape used to protect the wire performed on the crane boom was never removed and was at the time of investigation.,Underlying,,,
NS-757D25E2C2,3,The CO failed to comply with Stop Work Authority. rope while blast work was still present in the wire works,Root,,,
NS-D9E794D341,1,Work Environment – Hazardous Workspace. Storage and chemical tote tanks could have been moved to another area.,Immediate,,,6
NS-D9E794D341,2,Human Performance Error – Not following proper procedures. Written procedures in submitted documents clearly states to remove hydrocarbons prior to hot work commencing.,Underlying,Control Measures Not Implemented,Violation - Situational Violation,3
NS-D9E794D341,3,Supervision – Inadequate pre-job safety meeting. As cited in the W&T investigation report “This is a failure in site leadership issue. Interviews with both the Zealous Foreman and the W&T PIC found that no discussion or consideration was given to the two written requirements cited in the Zealous JSA and the W&T Hot Work Safety Checklist. Both of these documents provided instructions for the removal of the flammable chemicals from the area. The JSA is not a list of recommendations or simple guidelines. It gives task specific instructions on how to complete the job safely and it is the responsibility of the PIC and Task Supervisor (Construction Foreman) to ensure control measures or in place and effective.”,Root,Inadequate Control Measures,"Mistake - Information Issue -too little, missing or inaccesible information",17
NS-C282B498B8,1,"The eline wire rope was corroded and brittle which indicated the possible lack of wire rope preventative maintenance; therefore, the most probable cause of the electric line wire rope failure.",Immediate,,,
NS-919D6D3052,1,The Rowan investigation report stated that the probable cause of the accident was attributed to the injured Floorman not adhering to Rowan policies and procedures for mixing caustics.,Immediate,,,
NS-919D6D3052,2,"According to the Rowan investigation report, the following were listed as the contributing causes to the accident: 1) breakdown in communication and poor job hand over; 2) a specific Job Risk Analysis for mixing caustic materials with drilling mud was not completed; 3) personnel did not review Rowan's Rig Specific Procedure 3.4.1 for Mixing Caustics before initiating job; 4) the IP failed to don the proper personal protective equipment when handling hazardous materials; 5) inadequate maintenance of the caustic hopper; 5) equipment checks were not performed prior to initiating the job; 6) management failed to follow hopper); and 7) failure to exercise",Underlying,,,
NS-919D6D3052,3,The Rowan investigation report stated that the probable cause of the accident was attributed to the injured Floorman not adhering to Rowan policies and procedures for mixing caustics.,Root,,,
NS-EE419CED17,1,"According to the Transocean Level II Investigation Report, the probable causes of the incident were listed as follows: 1) a safety time out was not utilized given the tasks and hazards had changed related to the tasks; 2) failure to follow established Transocean work risk assessment procedures; and 3) the absence of a procedure or work risk assessment associated with the utility cart positioning.",Immediate,,,
NS-EE419CED17,2,Possible contributing causes for the incident stated in the Transocean Level II,Underlying,,,
NS-EE419CED17,3,"Investigation Report include the following: 1) use of the loading arms and the pipe transfer conveyor were considered as ""normal operations"" that operates in an ""Auto Sequence"" mode; 2) failure to follow the job tasks stated in the written risk assessment; 3) an interruption during the operations of picking up the BHA to conduct running riser activities that led to an inadequate number of crew members required to conduct both operations; 4) crew members failed to follow the established Transocean management of change process since operations that required five crew members but only two crew members were available; 5) inadequate handoff during crew changes after meal breaks; 6) failure to implement the ""THINK"" process and to recognize the hazard conflict between the location of the utility cart relative to transfer conveyor pipe load arms; 7) the ""watchmen"" did not adequately inspect the work area and verify that transferring drill pipe operations with the loading arms was safe to resume; and 8) the lack of procedures or hazard assessment related to the utility cart positioning.",Root,,,
NS-7BA20A5647,1,Work Environment- Congested hazardous workspace: The work area was located in a cramped portion of the deck with three runs of piping of various sizes and several tubing runs. This made it difficult for equipment assembly without the use of mechanical lifting devices.,Immediate,,,6
NS-7BA20A5647,2,"Management Systems - Inadequate hazard analysis: Although the Job Safety Analysis (JSA) identified “pinch points” as a work hazard for the job, this specific pinch point hazard was not recognized.",Underlying,Hazard not Identified,,8
NS-7BA20A5647,3,Human error - Poor Hand Placement: The body position of the IP holding the alignment bar led to poor hand placement,Root,Inadequate Control Measures,,3
NS-A16A27B76D,1,"The cause of the incident is the prolonged contact the individuals had with the Zinc Bromide. At first, the injured parties were unaware that they had even come in contact with the ZnBr.",Immediate,,,
NS-A16A27B76D,2,The prolonged contact with the Zinc Bromide contributed to the severity of the burns that the injured parties received.,Underlying,,,
NS-A16A27B76D,3,"The cause of the incident is the prolonged contact the individuals had with the Zinc Bromide. At first, the injured parties were unaware that they had even come in contact with the ZnBr.",Root,,,
NS-3E3D017B45,1,The probable causes of the accident are as follows: The inspection of the Dril-Quip S-60/Multi Thread Connectors indicates that the Anti- Rotation Vertical Slot Keys were improperly installed . The Anti- Rotation Vertical Slot Keys when properly installed provide significant torsional resistance to assist in maintaining connector preload when subjected to open water environmental conditions. Most of the Anti-Rotation Slot Keys were not driven deep enough into the slot of the pin end to achieve full engagement. Many were less than half engaged. This is particularly apparent upon Dril-Quips inspection of the pin of joint number 11 and the box of joint number 3 which are the two connectors which backed out. The teeth of the anti-rotation keys for each connector had minimal engagement (10-15%) and thus did not provide the normal margin of additional safety to maintain torque and preload. The 22 inch casing was also exposed to severe environmental conditions while being suspended below the false rotary at the BOP cart . The currents ranged from 1.0 to 1.6 knots. A winter front moved through the area and the sea state was over 10 feet for a portion of the time the 22 inch casing was suspended from the BOP transporter in open water. These open water conditions imparted enough cyclic action and possible vortex induced vibrations to cause the connections to back out.,Immediate,,,
NS-3E3D017B45,2,"The contributing causes of the accident are as follows: The casing string was suspended for approximately 74 hours before it was detected that the 22 inch casing had parted (January 26 at 0800 hours began picking up 22 inch casing through January 29 at 1016 hours when the ROV found bottom three joints missing). The connectors were made up by the Weatherford casing crew with intermittent supervision by the Dril-Quip Service Tech. Anti-rotation Vertical Slot Keys were made up by a combination of the Dril-Quip Service Tech, Weatherford casing crew, and rig crew. The Dril-Quip Service Techs split time between running equipment at the main rotary, checking equipment as it was unloaded from the boat, and running equipment at the BOP cart.",Underlying,,,
NS-3E3D017B45,3,The probable causes of the accident are as follows: The inspection of the Dril-Quip S-60/Multi Thread Connectors indicates that the Anti- Rotation Vertical Slot Keys were improperly installed . The Anti- Rotation Vertical Slot Keys when properly installed provide significant torsional resistance to assist in maintaining connector preload when subjected to open water environmental conditions. Most of the Anti-Rotation Slot Keys were not driven deep enough into the slot of the pin end to achieve full engagement. Many were less than half engaged. This is particularly apparent upon Dril-Quips inspection of the pin of joint number 11 and the box of joint number 3 which are the two connectors which backed out. The teeth of the anti-rotation keys for each connector had minimal engagement (10-15%) and thus did not provide the normal margin of additional safety to maintain torque and preload. The 22 inch casing was also exposed to severe environmental conditions while being suspended below the false rotary at the BOP cart . The currents ranged from 1.0 to 1.6 knots. A winter front moved through the area and the sea state was over 10 feet for a portion of the time the 22 inch casing was suspended from the BOP transporter in open water. These open water conditions imparted enough cyclic action and possible vortex induced vibrations to cause the connections to back out.,Root,,,
NS-04F5066829,1,Removing the grating from the containment skid The opening should have been made inaccessible CFR 142.87.,Immediate,,,
NS-04F5066829,2,The wind screen covering the open hole made it condition.,Underlying,,,
NS-04F5066829,3,Removing the grating from the containment skid The opening should have been made inaccessible CFR 142.87.,Root,,,
NS-CC8C5063B9,1,A damaged mud seal o-ring between riser joints eleven,Immediate,,,
NS-CC8C5063B9,2,Extensive rig heave resulting from rough sea states.,Underlying,,,
NS-CC8C5063B9,3,A damaged mud seal o-ring between riser joints eleven,Root,,,
NS-CCDF772D0A,1,The IE inadvertently opened the ball valve causing grating and strike him in the face.,Immediate,,,
NS-CCDF772D0A,2,"the tubing to detach from the Due to the installation of the dump valve on the Gas Lift Fluid Slug Catcher (MBD- 150), the 3/8 tubing should have been removed to eliminate the hazard. Prior to the dump valve being installed, a needle valve should have been utilized instead of a ball valve to eliminate the volume that caused the tubing to break free.",Underlying,,,
NS-7EE9B6DCA6,1,"Fire Investigator stated there was a slight possibility the bunk light bulb started the fire, but cause of the fire is undetermined",Immediate,,,
NS-7EE9B6DCA6,2,None,Underlying,,,
NS-BFCBB3F5D8,1,The welding operation ignited the flammable material,Immediate,,,
NS-BFCBB3F5D8,2,The cleaning crew's failure to clean the separator beneath the oil weir. from within allowed the build-up of flammable material trapped beneath the oil weir to remain in place.,Underlying,,,
NS-BFCBB3F5D8,3,Onsite supervisory personnel's failure to perform a physical inspection of the separator allowed the flammable material trapped beneath the oil weir to go undected.,Root,,,
NS-290D926704,1,"The pontoon hand did not read the rig log of 26 October 2022 which states that the fluid was transferred to tank MPP-02, but instead assumed that seawater was in the tank.",Immediate,,,
NS-290D926704,2,1. No testing of the tank(s) fluids,Underlying,,,
NS-290D926704,3,ACCIDENT: were performed prior to the discharge operation.,Root,,,
NS-D059706438,1,The 6040 and 6050 control modules were unknowingly wired to the incorrect junction box. The incorrect wires of the CH4 Pit junction box mimicked a thermocouple and caused the 6040 and 6050 control modules to read a safe temperature.,Immediate,,,
NS-D059706438,2,The procedure for commissioning the P-Heater did not call for adequate testing of the electrical wires to ensure correctness,Underlying,,,
NS-D059706438,3,The 6040 and 6050 control modules were unknowingly wired to the incorrect junction box. The incorrect wires of the CH4 Pit junction box mimicked a thermocouple and caused the 6040 and 6050 control modules to read a safe temperature.,Root,,,
NS-B6008A9135,1,Awaiting USCG investigative findings.,Immediate,,,
NS-B6008A9135,2,Awaiting USCG investigative findings.,Underlying,,,
NS-B6008A9135,3,Awaiting USCG investigative findings.,Root,,,
NS-CE15517413,1,Management Systems: The JSA did not address the possible hazards with adverse sea conditions with sea states at 5 to 7 feet (dynamic loading). The abrasive cutter hung up simultaneously to a wave surge introducing an undetermined amount of dynamic loading parting the two- foot single-leg sling.,Immediate,,,8
NS-CE15517413,2,"Management Systems: The JSA did not have the maximum lift weight for retrieving the abrasive cutter 2.5 tons, which was the safe working limit of the wire rope slings.",Underlying,,,8
NS-CE15517413,3,"Supervision: An all-stop was not called to address any new threats after the abrasive cutter hung up in the 48-inch caisson the first time. The JSA required personnel to “stay well clear of suspended loads”, personnel were allowed to stand near the suspended load.",Root,,,17
NS-CCABBB693D,1,"A combination resulted in abnormally high heat conditions inside the fire tube and exhaust stack which ultimately destroyed the exhaust stack and Stack Arrestor; including: The Heater Treater main burner nozzle assembly fuel adjustment needle set improper and backed out all the way possibly causing the burner to run rich, soot-up the Stack Arrestor, and retain heat within the fire tube and exhaust stack",Immediate,,,
NS-CCABBB693D,2,A combination resulted in abnormally high heat conditions inside the fire tube and exhaust stack which ultimately destroyed the exhaust stack and Stack Arrestor; including: The Level Safety Low was set inadequately to maintain effective fire tube protection against hot spots/tube failure,Underlying,,,
NS-B88D3430E5,1,"Equipment Failure - The tubing is suspected to be parted at a shallow depth along with the SCSSV control lines, allowing a leak path from control lines to the HP vent.",Immediate,,,15
NS-B88D3430E5,2,"Equipment Failure - The tubing is suspected to be parted at a shallow depth along with the SCSSV control lines, allowing a leak path from control lines to the HP vent.",Underlying,,,15
NS-B88D3430E5,3,"Equipment Failure - The tubing is suspected to be parted at a shallow depth along with the SCSSV control lines, allowing a leak path from control lines to the HP vent.",Root,,,15
NS-8F33C7791B,1,Human Performance Error - Rushing to get job completed: Personnel were in a hurry to start up the BGC #1 Gas Compressor after the BGC #2 Gas Compressor had an unplanned shut down and produced gas started flaring.,Immediate,,Mistake - Stress Level Issue,3
NS-8F33C7791B,2,Human Performance Error - Not following proper procedures: Personnel failed to perform an adequate walk through of the BGC #1 Gas Compressor system prior to attempting to start it.,Underlying,Control Measures Not Implemented,Violation - Situational Violation,3
NS-8F33C7791B,3,"Human Performance Error - Inattention to task: Personnel failed to close valves after testing. According to maintenance and testing records, unintentionally left opened on June 20th.",Root,, Competency -  Lapse of Competency,3
NS-E61F2E3210,1,Human Performance Error – DR1 and FH1 were not paying attention to the task of POOH with drill pipe to check the COM and rack back the stand.,Immediate,,,3
NS-E61F2E3210,2,Management system – Inadequate hazard analysis of the traveling block contacting the crown block.,Underlying,Hazard not Identified,,8
NS-E61F2E3210,3,Equipment failure - The barrel of the COM was not set properly. This allowed the drill line to move past the COM resulting in the the traveling block striking the crown block.,Root,,,15
NS-60CA91515B,1,Human Error: IP was inattentive to what he was doing. IP used poor judgment in kicking the workstation,Immediate,, Competency -  Lapse of Competency,3
NS-60CA91515B,2,Human Error: IP was inattentive to what he was doing. IP used poor judgment in kicking the workstation,Underlying,, Competency -  Lapse of Competency,3
NS-60CA91515B,3,Human Error: IP was inattentive to what he was doing. IP used poor judgment in kicking the workstation,Root,, Competency -  Lapse of Competency,3
NS-BC24DE04F1,1,"The IP noticed the half-moon plate was out of place and attempted to reposition it. While doing so, the IP failed to recognize the pinch point created by the moving casing and placed his hand between the plate and the casing, resulting in a severe hand injury.",Immediate,,,
NS-BC24DE04F1,2,Hard barricades were not installed to around the moving wells.,Underlying,,,
NS-BC24DE04F1,3,"The IP noticed the half-moon plate was out of place and attempted to reposition it. While doing so, the IP failed to recognize the pinch point created by the moving casing and placed his hand between the plate and the casing, resulting in a severe hand injury.",Root,,,
NS-04CB0A4CD4,1,A voltage spike of the Motor Side B Power Stack,Immediate,,,
NS-04CB0A4CD4,2,"resulted in Thruster shut down. Investigation is still pending; however, the Transistor Drive Circuit Card in the Circuit Concentration Bay is believed to be the have Stack voltage spike.",Underlying,,,
NS-04CB0A4CD4,3,A voltage spike of the Motor Side B Power Stack,Root,,,
NS-3C1FE549B8,1,Management Systems: Inadequate job procedures - The Renaissance operating procedure did not provide specific glycol startup procedures specifying circulation time before raising the temperature above 220 degrees F.,Immediate,Inadequate Control Measures,,8
NS-3C1FE549B8,2,Equipment Failure: Lack of Insulation – Lack of insulation on the Reboiler Stack allowed an ignition source as TEG exited the still.,Underlying,,,15
NS-3C1FE549B8,3,Management Systems: Lack of Training - Renaissance failed to provide training which would have allowed Operators to understand characteristics of phase vaporization and handling contaminated or saturated glycol.,Root,,Competency - Lack of Competency,8
NS-ED0E4CC69C,1,A faulty weld in the subsea umbilical termination,Immediate,,,
NS-ED0E4CC69C,2,assembly.,Underlying,,,
NS-ED0E4CC69C,3,A faulty weld in the subsea umbilical termination,Root,,,
NS-652DDFCFD9,1,The Frank's Horseshoe Elevators are believed to have insufficient load holding capacity for the casing that was being run due to the tolerences of the outer diameter of the casing and inner diameter of 360 degree coupling of the casing. through the elevators when its load joint in the casing string.,Immediate,,,
NS-652DDFCFD9,2,The Frank's Horseshoe Elevators are believed to have insufficient load holding capacity for the casing that was being run due to the tolerences of the outer diameter of the casing and inner diameter of 360 degree coupling of the casing. through the elevators when its load joint in the casing string.,Underlying,,,
NS-34BD094098,1,Trapped gas in the hanger that was released when,Immediate,,,
NS-34BD094098,2,Nuts that were unable to be unscrewed. the nut was cut.,Underlying,,,
NS-34BD094098,3,Trapped gas in the hanger that was released when,Root,,,
NS-0471CF6175,1,"(1) Excessive slack in the line allowed the barrel to reach deck level, striking the IP's left foot, after falling from the transport rack.",Immediate,,,
NS-0471CF6175,2,"(1) Poor Body Placement: The IP's body placement put him 'In the Line of Fire', regardless of taglines being utilized throughout the operation.",Underlying,,,
NS-0471CF6175,3,"(1) Excessive slack in the line allowed the barrel to reach deck level, striking the IP's left foot, after falling from the transport rack.",Root,,,
NS-08678620F4,1,"The CO inadvertently pulled the auxiliary line lever while attempting to raise the load line, and then failed to react quick enough to prevent the auxiliary ball from making contact with the boom tip.",Immediate,,,
NS-08678620F4,2,"The Apache Corporation's Offshore Crane and Maintenance Program Section 6.0 (d) Operating Practices, Procedures, and Requirements indicated that required crane safety devices (i.e., anti-two blocking mechanisms on hoist lines, high and low boom angle shutdowns) shall be functioning properly whenever the crane is in operation. The anti- two block system was inspected after the incident and failed to stop the auxiliary line once the anti-two block was actuated.",Underlying,,,
NS-08678620F4,3,"The CO inadvertently pulled the auxiliary line lever while attempting to raise the load line, and then failed to react quick enough to prevent the auxiliary ball from making contact with the boom tip.",Root,,,
NS-0D8A68D0A2,1,Human Performance Error – Not aware of hazards: amount of stored energy within the pipeline.,Immediate,Hazard not Identified,"Mistake - Information Issue -too little, missing or inaccesible information",3
NS-0D8A68D0A2,2,Communication – Lack of Communication: Operator a pipeline contributor prior to performing a,Underlying,,"Mistake - Information Issue -too little, missing or inaccesible information",9
NS-0D8A68D0A2,3,Human Performance Error – Not aware of hazards: amount of stored energy within the pipeline.,Root,Hazard not Identified,"Mistake - Information Issue -too little, missing or inaccesible information",3
NS-E7BED009A0,1,The weather conditions accounted for 2 1/2 to 3 inches of heave that was not recognized/planned to result in the service loop snagging beneath the frac hose gooseneck and eventually being pulled out of the top drive.,Immediate,,,
NS-E7BED009A0,2,The dynamic drop monitoring was not effective since there was no specific monitoring of the swinging service loop.,Underlying,,,
NS-E7BED009A0,3,The weather conditions accounted for 2 1/2 to 3 inches of heave that was not recognized/planned to result in the service loop snagging beneath the frac hose gooseneck and eventually being pulled out of the top drive.,Root,,,
NS-044778E2A8,1,"The operator was aware of the initial 100 psi SCP found on the 11-7/8"" by 16"" annuli. No other pressures were reported and the approved RPM permit documented same. All hydrocarbon zones were properly isolated, and tested at the time the well was TA'd on September 15, 2021. It appeared a gas source had migrated through cement by possibly channeling in the 11-7/8"" annulus, or plugs, and this pressure build-up occurred over a period of time just below the CIBP.",Immediate,,,
NS-044778E2A8,2,"The constant 100 psi SCP was the only reported pressure when the RPM permit was submitted and approved. There was no indication of a pressure build-up below the CIBP until the 200' of cement was drilled out, and the CIBP was penetrated; however, additional planned diagnostic tests are being conducted on the well.",Underlying,,,
NS-044778E2A8,3,"The operator was aware of the initial 100 psi SCP found on the 11-7/8"" by 16"" annuli. No other pressures were reported and the approved RPM permit documented same. All hydrocarbon zones were properly isolated, and tested at the time the well was TA'd on September 15, 2021. It appeared a gas source had migrated through cement by possibly channeling in the 11-7/8"" annulus, or plugs, and this pressure build-up occurred over a period of time just below the CIBP.",Root,,,
NS-921E14BDDF,1,Drill Crew installed an incorrect type of high pressure fittings onto the Hydraulic Manifold which allowed the hydraulic hose to blow off once pressure was applied.,Immediate,,,
NS-921E14BDDF,2,Neither a Risk Assessment nor a JSA were done prior to starting the job. This would have identified the hazards to be encountered when dealing with high pressure.,Underlying,,,
NS-921E14BDDF,3,Poor House Keeping: The practice of leaving several different types of high pressure fittings lying around the drill floor led to confusion and contributed in the use of the incorrect fittings.,Root,,,
NS-88C271C470,1,"Due to the hand tight/loose chicksan connection, the suspended drill pipe was able to back out of its connection and fall on the drilling employee during the jetting/washing operation.",Immediate,,,
NS-041547E13F,1,"Uncontrolled release of mechanical energy: The ability for the bowls to slip past the centralizer with the “grease lock” keeping them together was not recognized or mitigated prior to movement, resulting in unexpected separation.",Immediate,,,
NS-041547E13F,2,Improper hand placement: The Supreme operator positioned their hands in a pinch point during lifting operations.,Underlying,,,
NS-041547E13F,3,"Inadequate securing of heavy components: The outermost bowl was not mechanically restrained prior to changing the cutter’s orientation (moving it from the vertical position to the horizontal position in the basket), allowing it to slide under gravity when separation occurred. While there is no specific procedural requirement to mechanically restrain the bowls, this incident demonstrated the need to implement such restraints, and the crew subsequently procured slings for use in future operations.",Root,,,
NS-D5B60ADB65,1,"The barricade, surrounding the opening in the deck, was not constructed to the Contractor's normal standards and not strong enough to support a man leaning against it. To this same point, the welding beads that held the barricade together, had gaps and were not substantial. A Job Safety Analysis (JSA) was not prepared which may have prevented the need to throw a radio up to the rig floor. Also the poor safety practice of throwing objects from one deck to another can cause injury to people and damage to equipment. The early removal of the rotary and pan from the drill floor (deck) was not part of their normal routine and left a large opening in the drill longer than necessary.",Immediate,,,
NS-D5B60ADB65,2,"The barricade, surrounding the opening in the deck, was not constructed to the Contractor's normal standards and not strong enough to support a man leaning against it. To this same point, the welding beads that held the barricade together, had gaps and were not substantial. A Job Safety Analysis (JSA) was not prepared which may have prevented the need to throw a radio up to the rig floor. Also the poor safety practice of throwing objects from one deck to another can cause injury to people and damage to equipment. The early removal of the rotary and pan from the drill floor (deck) was not part of their normal routine and left a large opening in the drill longer than necessary.",Underlying,,,
NS-D5B60ADB65,3,"The barricade, surrounding the opening in the deck, was not constructed to the Contractor's normal standards and not strong enough to support a man leaning against it. To this same point, the welding beads that held the barricade together, had gaps and were not substantial. A Job Safety Analysis (JSA) was not prepared which may have prevented the need to throw a radio up to the rig floor. Also the poor safety practice of throwing objects from one deck to another can cause injury to people and damage to equipment. The early removal of the rotary and pan from the drill floor (deck) was not part of their normal routine and left a large opening in the drill longer than necessary.",Root,,,
NS-4F73FCBFF1,1,"The MAK-F960A was found severely corroded the top to be secured to the body of vessel. derated the vessels pressure capability. on the tabs that anchor the T-bolts for The lack of mitigation of the corrosion,",Immediate,,,
NS-4F73FCBFF1,2,"The Pressure Safety Valve (PSV) on PSI,it did not relieve until 390 PSI. would operated properly it would have",Underlying,,,
NS-4F73FCBFF1,3,"The Pressure Safety Valve (PSV) on the MBF-V940 Fuel Gas Scrubber was set for 270 MBF-V940 is up-stream of the MAK-F960A if PSV helped to relieve the over pressurization. the MAK-F960B Fuel Gas Filter was set for 270 PSI, it did not relieve until 290 PSI. The MAK-F960B supply and discharge is common with supply and discharge of the A vessel. The lessee was flowing thru both A/B Fuel Gas Filters, the PSV would have helped relieve the pressure if operating properly.",Root,,,
NS-080EA0563E,1,"The probable cause of the incident was damage and/or wear and tear of the heat trace element. This damage led to a short circuit, arcing and overheating of the insulation material. Eventually, an incipient fire occurred on the heat trace wrapped around a nozzle coming from the separator. The failed heat trace element was sent in to the provider for analysis which confirmed the above statement.",Immediate,,,
NS-080EA0563E,2,"The breaker did not trip and cut off power supply to the heat trace element because the current being drawn by the fault was too low to be cleared by the circuit breaker. In order for the breaker to trip, a continuous 15 amp current is required. The current was not high enough because it was an arcing fault with high impedence instead of a solid fault of low impedence. The heat trace continued to arc after the initial failure which caused a flame to return multiple times after extinguishing. The power source could not be found immediately because there was no local disconnect switch that would terminate the power.",Underlying,,,
NS-080EA0563E,3,"The probable cause of the incident was damage and/or wear and tear of the heat trace element. This damage led to a short circuit, arcing and overheating of the insulation material. Eventually, an incipient fire occurred on the heat trace wrapped around a nozzle coming from the separator. The failed heat trace element was sent in to the provider for analysis which confirmed the above statement.",Root,,,
NS-241283A77C,1,"The cutting process produced hot, incandescent, molten slag that was ejected from the cutting tool with sufficient quantity and force to reach the inside wooden area of the office building wall through a gap between the fiberglass exterior covering and the building's wood framing.",Immediate,,,
NS-241283A77C,2,"The severity of the fire could be contributed to the following: The JSA did not properly classify wood combustible materials that were located immediately adjacent to the torch cutting operation. Proper classification of the wood combustible materials as a Class ""A"" fire hazard would have shown that the cooling and quenching effects of water are of first importance. The initial response to the subject fire included the use of dry chemical type fire extinguishers that are better suited to fight a Class ""B"" type fire, such as flammable liquids, where the blanketing effects of the dry chemical are essential. The twelve (12) thirty pound and one wheeled unit dry chemical type fire extinguishers were used initially with no",Underlying,,,
NS-D784625649,1,"Human Performance Error: Line up verification was performed; however, two valves were not fully verified to be closed on the stand pipe. These valves are normally kept closed and personnel failed to physically check valve status.",Immediate,,,3
NS-6398EC078F,1,Mr. did not follow the ExxonMobil 100% tie off requirement while atteIIipting to reposition himself.,Immediate,,,
NS-986C937DFC,1, Management Systems – Inadequate hazard analysis – JSA did not properly identify all hazards associated with the task. A gas detector was NOT used to see if any gas might have been present prior to introducing an ignition source into a classified area. A hot work permit was not utilized.,Immediate,,,
NS-986C937DFC,2,n/a,Underlying,,,
NS-986C937DFC,3, Management Systems – Inadequate hazard analysis – JSA did not properly identify all hazards associated with the task. A gas detector was NOT used to see if any gas might have been present prior to introducing an ignition source into a classified area. A hot work permit was not utilized.,Root,,,
NS-265D15E95B,1,Equipment failure – The 3/4 inch nipple that had broken suffered fatigue cracking due to compressor #1 vibrations for an extended period.,Immediate,,,15
NS-265D15E95B,2,Flawed equipment design – The insufficient support for the sight glass level bridle causing excessive weight on 3/4 inch nipple.,Underlying,,,
NS-265D15E95B,3,Equipment failure – The 3/4 inch nipple that had broken suffered fatigue cracking due to compressor #1 vibrations for an extended period.,Root,,,15
NS-6D49C0270E,1,Piping located in the work area was not physically obstruction.,Immediate,,,
NS-6D49C0270E,2,The JSEA (Job Safety & Environmental Analysis) was identified as a trip hazard and/or not detailed enough to identify the trip hazards in the work area. Fatigue may have contributed. The employee was working 14-15 hours per day and was on day four following 2 days off.,Underlying,,,
NS-6D49C0270E,3,Piping located in the work area was not physically obstruction.,Root,,,
NS-28BF8829E8,1,Improper slings (nylon) were used for a flat iron,Immediate,,,
NS-28BF8829E8,2,"The rigger, Mr. Kenneth J. Cannon deckhand on the sufficiently trained or experienced in the proper flat iron load. The rigger failed to double wrap load lift. M/V Ms. Jessica, was apparently not techniques to attach the slings to a the nylon slings around the load and align the center of gravity on the center top of the flat iron rather than the edge prior to the lift being initiated. The single wrap around the load resulted in the slings adjusting unevenly and out of balance with the weight of the load subsequent to initiating the lift. The crane operator was apparently not communicating with the rigger and not providing instructions to the rigger on how to double wrap the nylon slings around the flat iron load. The improper rigging of the nylon slings around the load was not observable by the crane operator from the + 70 feet level of the platform. The crane operator was not aware of the inadequate rigging of the flat iron load until the load began shifting and sliding through the single wrapped nylon sling.",Underlying,,,
NS-28BF8829E8,3,Improper slings (nylon) were used for a flat iron,Root,,,
NS-A5F4968976,1,The probable cause of the fire were small gas upstream of the unbolted flange.,Immediate,,,
NS-A5F4968976,2,leaks in the valve and checkvalve,Underlying,,,
NS-A5F4968976,3,The probable cause of the fire were small gas upstream of the unbolted flange.,Root,,,
NS-C42E981F87,1,"-The rope being used to hold the manual tongs out of the way broke, which allowed the tongs to swing across the rig floor and strike the IP.",Immediate,,,
NS-C42E981F87,2,-Poor body placement: The IP positioned himself facing away from a suspended load while standing in a permanent Red Zone. -The clamp on the kelly hose catching the hold back rope was not identified in the RSOP when the drill floor crew switched over to the manual tongs.,Underlying,,,
NS-C42E981F87,3,"-The rope being used to hold the manual tongs out of the way broke, which allowed the tongs to swing across the rig floor and strike the IP.",Root,,,
NS-B5445D723F,1,Poor Body Placement: The IP failed to recognize that placing his foot on the bottom rung of the handrail put him in harm's way.,Immediate,,,
NS-E04FE21029,1,There was a breakdown in communication between the operator which lead to the winch operator to start winch operator and the E-line slacking off before the E-line operator was able to slack off of his tool string.,Immediate,,,
NS-E04FE21029,2,Breakdown in communication,Underlying,,,
NS-E04FE21029,3,There was a breakdown in communication between the operator which lead to the winch operator to start winch operator and the E-line slacking off before the E-line operator was able to slack off of his tool string.,Root,,,
NS-2922813ADD,1,Failure to recognize that the dunnage design used application.,Immediate,,,
NS-2922813ADD,2,Failure to remove all personnel from the conveyer casing lifting operations.,Underlying,,,
NS-2922813ADD,3,Lack of Knowledge: The rig crew’s failure to polices involving tubular lifting operations. was inadequate for the system area before proceeding with follow and understand current company,Root,,,
NS-C161BF5798,1,Accident was caused by pre-esixting tendon deterioration unknown to the IP.,Immediate,,,
NS-C161BF5798,2,Routine physical examinations or stretching may have,Underlying,,,
NS-62754CBCB2,1,"Pipeline system pressure slowly leaked through two closed main 8"" manual isolation block valves located on the vertical run of the pig launcher. This allowed pressure to build up inside the launching/receiving trap behind the pig once it was placed in the launcher. The pig, being new, allowed for a complete seal with no blow-by. After initially bleeding down the pig launcher system, the LO failed to ensure the pig launcher remained depressurized while being isolated from all pressure sources.",Immediate,,,
NS-62754CBCB2,2,"Although a Job Safety Analysis (JSA) was conducted prior to the operation, the LO failed to follow the JSA guidelines secondary to the LO's upper body and right arm being exposed to pig loading operation. This bodily exposure violated the JSA recommended procedure, as well as the ERT pig launching procedure, of not standing in front of the launcher/receiver during pigging operations.",Underlying,,,
NS-62754CBCB2,3,"Pipeline system pressure slowly leaked through two closed main 8"" manual isolation block valves located on the vertical run of the pig launcher. This allowed pressure to build up inside the launching/receiving trap behind the pig once it was placed in the launcher. The pig, being new, allowed for a complete seal with no blow-by. After initially bleeding down the pig launcher system, the LO failed to ensure the pig launcher remained depressurized while being isolated from all pressure sources.",Root,,,
NS-7533986930,1,Supervision – Inadequate supervision while identifying the hazards in the work area during hazard assessment and mitigation for the hazards.,Immediate,,,17
NS-7533986930,2,Human Error - The lack of identifying the jagged edges on the I-beam in the work area by the IP.,Underlying,,,3
NS-7533986930,3,Human Error – The lack of awareness by the IP concerning the uneven surfaces and foot placement during the job risk analysis and while performing the work.,Root,,,3
NS-C19DA180E4,1,"Lessee failed to perform crane operating practices for attaching and moving the load being utilize in accordance with API RP 2D, paragraphs 3.2.1, 3.2.2 and 3.2.3",Immediate,,,
NS-C19DA180E4,2,During lifting operations the designated tag lines were not utilized to control the load of approximately 6 tons thus posing immediate danger to the equipment and the facility.,Underlying,,,
NS-C60DFEB8F2,1,Weather related - lightning striked the Communications Tower and Communications Building,Immediate,,,
NS-C60DFEB8F2,2,None,Underlying,,,
NS-C60DFEB8F2,3,Weather related - lightning striked the Communications Tower and Communications Building,Root,,,
NS-BAAC8CAC32,1,Project personnel were unaware that there was no communication above or below the subsea wellhead tieback system where there was trapped pressure.,Immediate,,,
NS-BAAC8CAC32,2,No wireline pressure control equipment was used,Underlying,,,
NS-BAAC8CAC32,3,Project personnel were unaware that there was no communication above or below the subsea wellhead tieback system where there was trapped pressure.,Root,,,
NS-4EB1629BB9,1,Use of an improper tool is considered to be the,Immediate,,,
NS-4EB1629BB9,2,probable cause of the accident.,Underlying,,,
NS-4EB1629BB9,3,Use of an improper tool is considered to be the,Root,,,
NS-6ED0604192,1,Diverter seal failed.,Immediate,,,
NS-6ED0604192,2,"was 3bbls, consisting of 18% solids, The rig examined the seal and found no obvious reason for the seal to fail. These seals are energized by control fluid, there was a leak of control fluid from the seal and the seal de-energized. Once de-energized the seal allowed mud to pass.",Underlying,,,
NS-6ED0604192,3,Diverter seal failed.,Root,,,
NS-11EE5991F7,1,Not paying attention to his surroundings.,Immediate,,,
NS-11EE5991F7,2,Not paying attention to his surroundings.,Underlying,,,
NS-11EE5991F7,3,Not paying attention to his surroundings.,Root,,,
NS-D54017DA3A,1,Human performance error – failure to identify the hazard of the impact zone getting smaller as the job continued. IP turning his back to a suspended load.,Immediate,,,3
NS-D54017DA3A,2,Communication – IP failed to listen to riggers when told to move out of the pinch point. SWA was not used.,Underlying,,,9
NS-D54017DA3A,3,Human performance error - Not following the hazards and mitigations of the JSA utilized. IP not maintaining situational from the riggers. IP was supervising the casing tally.,Root,Control Measures Not Implemented,Violation - Situational Violation,3
NS-5BD7868F21,1,"As stated in the Seadrill Top-Set report, the probable cause of the accident was attributed to the Lead Roughneck deciding to remove the #5 back die from the WC-IR while it was energized and moving into the open position.",Immediate,,,
NS-5BD7868F21,2,"According to the Seadrill Top-Set report, the contributing causes of the accident are as follows: 1) Driller did not complete the energy isolation process; 2) safety training for hands off moving equipment was not adhered to; 3) the 4-point check rules were not complete; 4) all the hazards for this type of operation were not identified;",Underlying,,,
NS-5BD7868F21,3,the Lead Roughneck and the Driller did not communicate on the job status; 6) the Roughnecks changed the routine job process of replacing IR dies; 7) routine IR maintenance task did not have written procedures; and drill floor Supervisors.,Root,,,
NS-898DA04286,1,The cause of the incident was the failed seal,Immediate,,,
NS-898DA04286,2,on the hydraulic pump. The contributing cause was the location of the oil to spray onto the Turbo Charger exhaust.,Underlying,,,
NS-898DA04286,3,The cause of the incident was the failed seal,Root,,,
NS-7668CFB452,1,"A catastrophic failure of the studs that secured the number 2 cylinder to the distance piece of the rental booster gas compressor initiated a sequence of events, as described in the Investigative Findings, which",Immediate,,,
NS-7668CFB452,2,Possibility that prior history of vibration catastrophically failed.,Underlying,,,
NS-7668CFB452,3,Possibility of repetitive tightening of the ignited and fueled the fire. caused damage to studs that studs that catastrophically failed as a result of re-using the same studs time after time caused the studs to stretch and become fatigued.,Root,,,
NS-27A9EA7484,1,A ring gear failure on the auxiliary winch.,Immediate,,,
NS-27A9EA7484,2,Initial stress cracking of the rig gear from possible previous overloading.,Underlying,,,
NS-27A9EA7484,3,A ring gear failure on the auxiliary winch.,Root,,,
NS-BD8359FBC3,1,"Human Performance Error - Not following proper procedures: As per the procedure, the Pig Launcher was not purged with nitrogen gas before opening the pig launcher door. The pig launcher had been in the isolated state for 5 days and it is probable that the oil residue generated a hazardous atmosphere in the top of the trap.",Immediate,Control Measures Not Implemented,Violation - Situational Violation,3
NS-BD8359FBC3,2,"Human Performance Error - Not following proper procedures: As per the procedure, the Pig Launcher was not purged with nitrogen gas before opening the pig launcher door. The pig launcher had been in the isolated state for 5 days and it is probable that the oil residue generated a hazardous atmosphere in the top of the trap.",Underlying,Control Measures Not Implemented,Violation - Situational Violation,3
NS-BD8359FBC3,3,"Human Performance Error - Not following proper procedures: As per the procedure, the Pig Launcher was not purged with nitrogen gas before opening the pig launcher door. The pig launcher had been in the isolated state for 5 days and it is probable that the oil residue generated a hazardous atmosphere in the top of the trap.",Root,Control Measures Not Implemented,Violation - Situational Violation,3
NS-09D838266E,1, Equipment Failure – Capacity of sling exceeded the force exerted.  Human Performance Error – Not aware of hazards associated with making changes to the Liftboat's elevation while the crane was still connected to the lift.  Management Systems – Inadequate hazard analysis.,Immediate,,,
NS-09D838266E,2,N/A,Underlying,,,
NS-09D838266E,3, Equipment Failure – Capacity of sling exceeded the force exerted.  Human Performance Error – Not aware of hazards associated with making changes to the Liftboat's elevation while the crane was still connected to the lift.  Management Systems – Inadequate hazard analysis.,Root,,,
NS-3DF1711ACE,1,The CE should have requested help with carrying alleviated the CE’s attempt to reposition while the two scaffold boards. This may have carrying the boards.,Immediate,,,
NS-3DF1711ACE,2,The CE should have requested help with carrying alleviated the CE’s attempt to reposition while the two scaffold boards. This may have carrying the boards.,Underlying,,,
NS-3DF1711ACE,3,The CE should have requested help with carrying alleviated the CE’s attempt to reposition while the two scaffold boards. This may have carrying the boards.,Root,,,
NS-F48E3D17B3,1,"BSEE investigators determined the vessel had only been cleaned of sand and sludge, leaving an undetermined amount of condensate in the oil bucket of the vessel. This allowed gas vapors to escape from the condensate through the unsealed manway cover. Slag and sparks fell directly onto the water skimmer and the manway cover igniting the combustible gas.",Immediate,,,
NS-F48E3D17B3,2,Communication – Talos company representative believed the water skimmer was rendered inert and allowed the manway cover to be loosely secured. The water skimmer contained condensate and combustible gas.,Underlying,,,9
NS-F48E3D17B3,3,Supervision - Jobsite walkthroughs each morning to identify hazards and discuss mitigations were not being performed prior to hot work permits being approved.,Root,,,17
NS-8DFE5707ED,1,"The dual pack-off snagged on a shackle, which over powered the knot on the rope socket and caused the wireline to pull free. Floorhand's left hand placement was in wrong place.",Immediate,,,
NS-8DFE5707ED,2,"Hands Free Work Objective, Hand placement, and Line of addressed in pre-tour or C & D wireline JSEA. C&D wireline JSEA missing step for pulling tool out of Driller and crew witnessed Floorhand reach out for the in accordance to H&P Offshore Hands Free Policy. Drill crew reviewed but did not sign the C&D wireline",Underlying,,,
NS-8DFE5707ED,3,"The dual pack-off snagged on a shackle, which over powered the knot on the rope socket and caused the wireline to pull free. Floorhand's left hand placement was in wrong place.",Root,,,
NS-F767B2A133,1,Management system: swing gates with tie offs or guardrails were not installed to prevent falls at the access opening to the lower working platform where the H&P Driller was standing while installing the upper working platform.,Immediate,,,8
NS-F767B2A133,2,Management system: the H&P Driller was not wearing any fall protection gear as required in H&P’s JSA for Installing Work Platforms onto BOPs that stated to “Always remain 100% tied off while working at heights” and “Always use 100% fall protection”.,Underlying,,,8
NS-F767B2A133,3,"Human performance error: Improper body placement - the H&P Driller was looking up when standing on the lower platform floor while installing the nuts and bolts onto the upper platform leg and he was not situationally aware that when he repositioned himself, he stepped off the unprotected side of the lower working platform and fell backwards injuring his back on and against the edge of BOP skid plate.",Root,Inadequate Control Measures, Competency -  Lapse of Competency,3
NS-980EDAB662,1,"The Manual Master Valve, Surface Safety Valve and Wing Valve were leaking which allowed the Shut in Tubing Pressure of 3200 Pounds per Square Inch Gauge (PSIG) to be present up to the Out of Service production header causing a gasket failure on the FSV.",Immediate,,,
NS-980EDAB662,2,"The B-001 well had a history of making traces of Management failed to mitigate valve deficiencies January 3, 2024. ­",Underlying,,,
NS-980EDAB662,3,"The Manual Master Valve, Surface Safety Valve and Wing Valve were leaking which allowed the Shut in Tubing Pressure of 3200 Pounds per Square Inch Gauge (PSIG) to be present up to the Out of Service production header causing a gasket failure on the FSV.",Root,,,
NS-C7B72D1191,1,"Equipment Failure: Inadequate inspection. The RG failure was due to fatigue cracking at all 3-riser guard-to-hull connection points on the east side, resulting in loss of structural integrity over time.",Immediate,Inadequate Control Measures,,15
NS-C7B72D1191,2,"Management Systems: Inadequate hazard analysis. The operator classified the RG as a secondary structural appurtenance and was not included as a targeted inspection location under the American Bureau of Shipping (ABS) -approved In-Service Inspection Plan (ISIP), which is primarily focused on primary structural members. As a result, degradation at these connection points was not identified prior to failure.",Underlying,Hazard not Identified,,8
NS-C7B72D1191,3,"Work Environment: Other weather influences. The RG is affected by all sea conditions: waves, strong currents, temperatures, and boat strikes and normal swaying motion.",Root,Hazard not Identified,,6
NS-811642131F,1,The CE failed to follow the procedure listed in tighten instead of following the JSA. The CE should have repositioned himself if he manner. -,Immediate,,,
NS-811642131F,2,The CE failed to follow the procedure listed in tighten instead of following the JSA. The CE should have repositioned himself if he manner. -,Underlying,,,
NS-811642131F,3,The CE failed to follow the procedure listed in tighten instead of following the JSA. The CE should have repositioned himself if he manner. -,Root,,,
NS-A5F93620D1,1,Rig personnel failed to ensure that the Tree latched to the Subsea Tree before attempting it to surface.,Immediate,,,
NS-A5F93620D1,2,- Rig personnel failed to recognize that the well work on the A002 once it was Retrieving Tool (TRT) was properly to lift it off of the A002 well and pull,Underlying,,,
NS-A5F93620D1,3,"ACCIDENT: ""open/close"" indicator bar on the stack was not installed as per FMC's engineered drawings.",Root,,,
NS-C80594B698,1,"been engaged, slippage of the boom to fall resulting in the failure of the Boom pawl was not engaged by operator. With mechanical cranes the potential for clutch slippage is generally present especially during heavy rain or foggy conditions. These weather conditions existed and contributed to this incident.",Immediate,,,
NS-C80594B698,2,"In reviewing the reason for the boom hoist clutch becoming wet, it was determined that preventive maintenance activities need improvement as they relate to maintaining the crane house seals.",Underlying,,,
NS-C80594B698,3,"been engaged, slippage of the boom to fall resulting in the failure of the Boom pawl was not engaged by operator. With mechanical cranes the potential for clutch slippage is generally present especially during heavy rain or foggy conditions. These weather conditions existed and contributed to this incident.",Root,,,
NS-591B13B4C7,1,"Apache and Hercules determined that the primary cause of this incident was slippage of top drive dies that caused the compensator to pick up, turn the stand in the opposite direction with the tongs and throwing the Floorhand approximately 8 feet into the starboard air hoist where he sustained the injures.",Immediate,,,
NS-591B13B4C7,2,"An internal investigation conducted by Hercules identified the following contributing causes: 1) the Driller had assumed that the pipe connection had broken, 2) the Floorhand was unable to see if the saver sub had broken, and 3) the motion compensator picking up the stand prematurely due to reduced weight, spinning the pipe stand two full revolutions, snagging the Floorhand's legs in the snub line, and throwing him approximately 8 feet into the starboard air hoist. A JSA was completed; however, it did not include all job tasks for back reaming nor did it specifically address hazards that may occur if the top drive dies slipped when breaking a connection. Hercules had no written maintenance program for inspecting, maintaining, or replacing the top drive dies; however, they had a policy that required the top drive dies to be inspected once per tour. It should be noted that currently there are no industry standards for top drive die inspection and maintenance.",Underlying,,,
NS-591B13B4C7,3,"Apache and Hercules determined that the primary cause of this incident was slippage of top drive dies that caused the compensator to pick up, turn the stand in the opposite direction with the tongs and throwing the Floorhand approximately 8 feet into the starboard air hoist where he sustained the injures.",Root,,,
NS-2988EEAF31,1,The Sub-sea Engineers failure to ensure that the locking dogs were fully engaged. -,Immediate,,,
NS-2988EEAF31,2,There was no verification (visual or mechanical) that the actuating ring latch assemblies were set on the tensioner ring. -,Underlying,,,
NS-2988EEAF31,3,The crew was unfamiliar with the proper procedures for verifying the locking mechanisms were properly engaged. -,Root,,,
NS-2EADE30878,1,Operators failed to update and include in the JSA using air pressure to clear the line of obstruction when job was stopped.,Immediate,,,
NS-B7D96898F3,1,"Human Performance Error - Inattention to task: Torch was stored away without closing the bottle valves, depressurizing the lines, and ensuring the torch head valves were fully tightened.",Immediate,, Competency -  Lapse of Competency,3
NS-B7D96898F3,2,"Human Performance Error – Not aware of hazards: While workers were utilizing the plasma cutter, sparks came into contact with the torch leaking from the torch to ignite.",Underlying,Hazard not Identified,"Mistake - Information Issue -too little, missing or inaccesible information",3
NS-B7D96898F3,3,"Human Performance Error - Inattention to task: Torch was stored away without closing the bottle valves, depressurizing the lines, and ensuring the torch head valves were fully tightened.",Root,, Competency -  Lapse of Competency,3
NS-EA4B8760CA,1,"Equipment Failure: Degradation of the well due to corrosion. The 26-inch conductor casing was severely corroded, and complete metal loss was observed. The complete loss of the 26-inch conductor casing exposed the 13.375-inch surface casing allowing active corrosion to begin due to exposure to oxygen and moisture.",Immediate,,,15
NS-EA4B8760CA,2,Equipment Failure: Years of corrosion caused enough wall loss and metal integrity to part the 13.375- inch surface casing at the collar allowing it to collapse on itself.,Underlying,,,15
NS-EA4B8760CA,3,Work Environment: Trapped gas lift pressure was released into the atmosphere when the valve on the 9.625-inch production casing,Root,,,6
NS-BC7702D23C,1,"A corrosion pit on the bottom of the acorn nut (part of the 3rd stage compressor cylinder head) provided an initiation point for pitting and a fatigue crack. This crack, over a period of approximately 85 minutes, spread far enough to cause the failure and ejection of the acorn nut. This pitting and eventual crack was believed, due to the presence of chlorides found in the pitting/crack, to be caused by salt water entrained in the ambient air or in the process gas stream.",Immediate,,,
NS-BC7702D23C,2,"Corrosion inside the cylinder head was noted during an overhaul in February 2008. The interior of the acorn nut was machined away to remove the corrosion, and a layer of chrome was applied to the machined surface. The post-incident examination revealed that all the corrosion was not removed from the acorn nut bore. Had this repair procedure been properly executed, the incident may have been averted.",Underlying,,,
NS-BC7702D23C,3,"A corrosion pit on the bottom of the acorn nut (part of the 3rd stage compressor cylinder head) provided an initiation point for pitting and a fatigue crack. This crack, over a period of approximately 85 minutes, spread far enough to cause the failure and ejection of the acorn nut. This pitting and eventual crack was believed, due to the presence of chlorides found in the pitting/crack, to be caused by salt water entrained in the ambient air or in the process gas stream.",Root,,,
NS-B15E122247,1,The Lessee failed to maintain proper weight of,Immediate,,,
NS-B15E122247,2,well control fluid.,Underlying,,,
NS-B15E122247,3,The Mud Engineer failed to stop the operation when he noticed oil in the returns.,Root,,,
NS-A827E94C53,1,Equipment Failure: The flange failed due to wall loss and material property degradation failure of the flange.,Immediate,,,15
NS-A827E94C53,2,Equipment Failure – Inadequate preventative that was not performed prior to the severe OD corrosion that caused significant resulting in a circumferential brittle,Underlying,,,15
NS-A827E94C53,3,ACCIDENT: maintenance:,Root,,,
NS-A3A2CC413A,1,Poor Body Placement: Employee failed to recognize an area that left him vulnerable to danger.,Immediate,,,
NS-A3A2CC413A,2,the risk of placing his hand in,Underlying,,,
NS-A3A2CC413A,3,"Poor Weather Conditions: Although the weather conditions were not terrible, the sea state at the time of the accident was enough to cause the ship to sway. The tank therefore swayed and was unable to be controlled by the Crane Operator.",Root,,,
NS-9A16DDBEB8,1,Pilot error: Pilot did not see platform lights.,Immediate,,,
NS-9A16DDBEB8,2,Weather: Partly to mostly cloudy,Underlying,,,
NS-9A16DDBEB8,3,Pilot error: Pilot did not see platform lights.,Root,,,
NS-8D881CE7A3,1,A failed check valve assembly on the #3 engine's diesel return line resulted in fuel escaping. The uncontained fuel came into contact with the engine and was ignited by its heat.,Immediate,,,
NS-8D881CE7A3,2,It was discovered that some of the threads on the connection for the check valve assembly were partially flattened. The nature of the damage to the threads gives way to an external side-loading force having been applied to the area. The specific nature of the force and exactly when it occurred is unknown.,Underlying,,,
NS-42A93CE5CE,1,Failure to follow the lessee's Corrosive Chemical Procedure by not wearing chemical goggles and a face shield. Failure to bleed pressure prior to dismantling the pump assembly.,Immediate,,,
NS-42A93CE5CE,2,No JSA or permit to work completed associated with the job task. ­ No MSDS located on facility for the hazardous chemical being utilized. ­ Failure to provide eye wash station near temporary chemical pumping area.,Underlying,,,
NS-42A93CE5CE,3,Failure to follow the lessee's Corrosive Chemical Procedure by not wearing chemical goggles and a face shield. Failure to bleed pressure prior to dismantling the pump assembly.,Root,,,
NS-83D90CEBE2,1,"The winch teardown inspection showed that the clutch normal wear. No component had evidence of ""failure"".",Immediate,,,
NS-83D90CEBE2,2,"was worn; the wear is considered The problem is unique for Braden-type planitary hoists, of which Shell has about 90% in their crane fleet. A brake test applies much more stress than the hoist brakes or cam clutch see in normal duty even at maximum line pulls. The cam clutch is the piece that takes the brunt of the shock loading and quite often cracks but actually still operates to a degree. Normally, it will fail a brake test but hold a load quite well. Upon a failed brake test, the hoist would be exchanged. In this incident, the hoist appeared to slip, but then upon 50+ brake tests could not be repeated.",Underlying,,,
NS-83D90CEBE2,3,"The winch teardown inspection showed that the clutch normal wear. No component had evidence of ""failure"".",Root,,,
NS-2563BBDAC6,1,"Operations personnel manually closed the incoming boarding SDV for pipeline segment No.13264 and relied on ""cascading"" to shut-in production from the satellite platform since the well is not equipped with remote shut-in capabilities. As pressure increased on the pipeline, the line parted as a result of the corrosion issues associated with the pipeline riser.",Immediate,,,
NS-2563BBDAC6,2,The section of the riser above the splashtron that ruptured had no protective coating.,Underlying,,,
NS-2563BBDAC6,3,Corrosion issues are a result of the lack of maintenance to the pipeline riser and associated components.,Root,,,
NS-8270F9EBC0,1,Mud weight was inadequate to balance pore pressure,Immediate,,,
NS-8270F9EBC0,2,"Gas cut fluid was accompanied by a small pit gain, up the hole.",Underlying,,,
NS-8270F9EBC0,3,Mud weight was inadequate to balance pore pressure,Root,,,
NS-DCE1F6BD18,1,Products on board the Maersk Valiant were improperly stored in the B-Deck linen closet containing combustible materials which were susceptible to spontaneous heating or chemical reaction resulting in a fire.,Immediate,,,
NS-DCE1F6BD18,2,"Multiple offshore travel bags were being stored in the B-Deck linen closet. All offshore travel bags should be stored in designated lockers. Potentially flammable personal care products were not sealed properly and stored in a safe manner. The B- Deck linen closet was filled with pillows, significant fuel source.",Underlying,,,
NS-DCE1F6BD18,3,Products on board the Maersk Valiant were improperly stored in the B-Deck linen closet containing combustible materials which were susceptible to spontaneous heating or chemical reaction resulting in a fire.,Root,,,
NS-4E37058A71,1,"The OOW failed to maintain a proper Anchor Watch. He did not plot Latitude, Longitude, Radar, and Position reading at twenty minute intervals as directed by the Masters Standing Orders and he did not maintain a proper lookout.",Immediate,,,
NS-4E37058A71,2,The vessel's bridge team failed to monitor and adjust to changes in weather conditions as required. The USCG issued a Broadcast Notice to Mariners advising that winds were forecast to shift from East to North and increase to possible gale force Thursday afternoon and into the night. The M/V MAERSK KENTUCKY's anchor failed to hold and was dragged. The crew was unable to gain control of the vessel in time to maneuver away from Energy XXI's HI 154 'B' platform because the engines had been shut down. Engine start up normally takes 20 to 30 minutes.,Underlying,,,
NS-4E37058A71,3,"The OOW failed to maintain a proper Anchor Watch. He did not plot Latitude, Longitude, Radar, and Position reading at twenty minute intervals as directed by the Masters Standing Orders and he did not maintain a proper lookout.",Root,,,
NS-452D2E6293,1,Poor communication between the dock crane operator and basket weight to be mislabeled.,Immediate,,,
NS-452D2E6293,2,None,Underlying,,,
NS-452D2E6293,3,Poor communication between the dock crane operator and basket weight to be mislabeled.,Root,,,
NS-E6A5889822,1,-BOP Landing Assist Tool (BLAT) was not correctly spool.,Immediate,,,
NS-E6A5889822,2,"to be much less. On December 18, engaged/installed in the BLAT riser -Weather conditions forced the driller to chase (pick up and down) the tool set-down weight while the active heave drawworks was in the “on” position. -Transocean’s rig procedure, (“Utilizing BLAT to Latch/Unlatch”) was not followed. The procedure indicated using two chain tongs to rotate the pipe, however, the pipe handler was used.",Underlying,,,
NS-E6A5889822,3,-BOP Landing Assist Tool (BLAT) was not correctly spool.,Root,,,
NS-131EC1A6C3,1,"Lack of Training, going to fast.",Immediate,,,
NS-131EC1A6C3,2,"Lack of Training, going to fast.",Underlying,,,
NS-131EC1A6C3,3,"Lack of Training, going to fast.",Root,,,
NS-984CECC249,1,Equipment Failure: The kingpost experienced structural failure resulting from long term fatigue cracking that originated from storm induced impact trauma. The capacity of the equipment was ultimately exceeded due to cumulative fatigue damage and compromised structural integrity.,Immediate,,,15
NS-984CECC249,2,"Equipment failure: Preventive Maintenance/ Inadequate Equipment Repair- Although inspections were performed, the latent hurricane related trauma hidden beneath intact exterior surface was not detectable through routine inspection methods, leaving the underlying initiation points unaddressed.",Underlying,Inadequate Control Measures,,15
NS-984CECC249,3,"Equipment Failure: Inadequate Equipment testing/Inspection- Standard inspection and monitoring practices were insufficient to detect micro tears or internal fatigue progression originating from the 2005 structural impact, allowing the damage to go undetected for nearly two decades.",Root,Inadequate Control Measures,,15
NS-BE81998EF7,1,"The reduction in riser tension was substantial system in compression, causing significant stress wellhead connector was functioned open. enough to place the entire riser on the riser adapter when the",Immediate,,,
NS-BE81998EF7,2,1) Poor procedure. The procedure did slacking off the riser tensioners.,Underlying,,,
NS-BEE8652DCA,1,"The mooring chain link fractures initiated from hydrogen embrittlement. The material properties of the link were not satisfactory for Grade R4 mooring chain, nor any other grade of mooring chain recognized by ABS. The high hardness of the link made it susceptible to hydrogen embrittlement and was likely the result of improper heat treatment.",Immediate,,,
NS-BEE8652DCA,2,None,Underlying,,,
NS-BEE8652DCA,3,"The mooring chain link fractures initiated from hydrogen embrittlement. The material properties of the link were not satisfactory for Grade R4 mooring chain, nor any other grade of mooring chain recognized by ABS. The high hardness of the link made it susceptible to hydrogen embrittlement and was likely the result of improper heat treatment.",Root,,,
NS-0F1E2D6799,1,"Failure of the 18-inch LP piping due to severe internal corrosion: The pipe coming from the LP Production Header to the LP Separator initially had a designed maximum allowable working pressure (MAWP) of 285 psig but ruptured at 252 psig. The rupture occurred at the chemical injection point where the line penetrated the production deck and extended approximately 10 feet down. A third party company was sent to the platform on July 18, 2025, to perform non-destructive testing (NDT) on the ruptured piping and found metal loss as high as 50.4%.",Immediate,,,
NS-0F1E2D6799,2,"A chemical injection program was in place on the platform on or about the time of first production on September 15, 2014. Several types of chemicals were being injected into the LP line at that time. Among these were a scale inhibitor with a pH balance of 5 and a demulsifier with a pH balance of 0.5 to 2.5. These chemicals are acidic by nature. At the start of the chemical injection program, Caproco fittings were installed at the injection points; however no quills were installed into the fittings to enable the injected chemicals to be released midstream into the pipe. This would have ensured efficient distribution of the introduced chemicals. By injecting the chemicals into the piping without the use of the quills, the chemicals concentrated on the interior pipe wall and down the length of the pipe, causing severe deterioration and metal loss in the piping. This is evident in the pictures taken of the inside of the ruptured pipe during the investigation. The operator also failed to realize an ongoing problem was occurring when on January 30, 2024, a hole was found in the thread-o- let (TOL) of the demulsifier injection point on the LP pipe. The TOL was replaced, and a third party contractor was sent to the platform to perform NDT of the pipe. An eight-point NDT test was performed but not at or downstream of the chemical injection points. If the tests would have been performed at these areas, results would have shown the extent of metal loss occurring inside of the pipe, and corrective action could have been taken.",Underlying,,,
NS-0F1E2D6799,3,"Failure of the 18-inch LP piping due to severe internal corrosion: The pipe coming from the LP Production Header to the LP Separator initially had a designed maximum allowable working pressure (MAWP) of 285 psig but ruptured at 252 psig. The rupture occurred at the chemical injection point where the line penetrated the production deck and extended approximately 10 feet down. A third party company was sent to the platform on July 18, 2025, to perform non-destructive testing (NDT) on the ruptured piping and found metal loss as high as 50.4%.",Root,,,
NS-BC99657275,1,Equipment failure: Inadequate equipment repair- Possibility of an old field repair to the flowline being subjected to corrosion due to the repair being made in the field instead of in a controlled environment which may have caused the flowline to develop a leak.,Immediate,Inadequate Control Measures,,15
NS-BC99657275,2,Equipment failure: Flawed equipment design or construction- Suspected flaw in the field weld and testing of the weld during suspected past field flowline repair.,Underlying,Inadequate Control Measures,,15
NS-BC99657275,3,Work environment: Poor layout or design of work area- Suspected repair being performed in an uncontrolled environment allowing for environmental condition to affect the repair that may have been performed.,Root,Inadequate Control Measures,,6
NS-902934F9C9,1,"There was no inspection of the condition of the davit and rod assembly prior to placing the weight of the manway hatch on the davit and rod assembly. The severe corrosion and location of the washer on the davit, and the corrosion of the davit was not detected.",Immediate,,,
NS-902934F9C9,2,The Job Safety & Environmental Analysis (JSEA) failed to capture the hazards associated with removing the skimmer manway hatch. The JSEA contained limited details specific to the operations being performed.,Underlying,,,
NS-902934F9C9,3,"There was no inspection of the condition of the davit and rod assembly prior to placing the weight of the manway hatch on the davit and rod assembly. The severe corrosion and location of the washer on the davit, and the corrosion of the davit was not detected.",Root,,,
NS-E957DD093F,1,Poor communication between the Derrickman and the Mud Loggers. The pits were left unattended when the Permit to Work and the Risk Assessment clearly state that the pits should be monitored continuously.,Immediate,,,
NS-02F1D120A1,1,"The cause of the incident was a build up of gas under the set storm packer. During release/retrieval of this storm packer, rig personnel were not aware of this gas bubble that formed under the packer. If the Annular Blowout Preventers had been closed before the release (unseating) of the packer, the fluid would not have reached the rig floor, thus eliminating the incident. It was later revealed that a Halliburton tool man was not present during the unseating of the storm packer. If a Halliburton tool man had been present, this incident may not have occurred. Also the lack of a detailed procedure covering the have also been a major contributing factor in this",Immediate,,,
NS-02F1D120A1,2,"The cause of the incident was a build up of gas under the set storm packer. During release/retrieval of this storm packer, rig personnel were not aware of this gas bubble that formed under the packer. If the Annular Blowout Preventers had been closed before the release (unseating) of the packer, the fluid would not have reached the rig floor, thus eliminating the incident. It was later revealed that a Halliburton tool man was not present during the unseating of the storm packer. If a Halliburton tool man had been present, this incident may not have occurred. Also the lack of a detailed procedure covering the have also been a major contributing factor in this",Underlying,,,
NS-02F1D120A1,3,"The cause of the incident was a build up of gas under the set storm packer. During release/retrieval of this storm packer, rig personnel were not aware of this gas bubble that formed under the packer. If the Annular Blowout Preventers had been closed before the release (unseating) of the packer, the fluid would not have reached the rig floor, thus eliminating the incident. It was later revealed that a Halliburton tool man was not present during the unseating of the storm packer. If a Halliburton tool man had been present, this incident may not have occurred. Also the lack of a detailed procedure covering the have also been a major contributing factor in this",Root,,,
NS-7B812BCFFF,1,"At this time, Shell feels like a tagline wrapped around the bull plug assembly; the bull plug was tightened to 2 threads. Shell thinks that the load was being repositioned using the second tagline, the other tagline unknowingly became entangled with the bull plug.",Immediate,,,
NS-7B812BCFFF,2,(1) The bull plug was tightened to 2 threads. (2) properly communicated to all that were involved.,Underlying,,,
NS-7B812BCFFF,3,"At this time, Shell feels like a tagline wrapped around the bull plug assembly; the bull plug was tightened to 2 threads. Shell thinks that the load was being repositioned using the second tagline, the other tagline unknowingly became entangled with the bull plug.",Root,,,
NS-95631D807D,1,"While attempting to better secure the casing joint, the PLS operator decided to close the upper and lower gripper arms in addition to the centralizing arm. The employee located the required button needed to perform function, but took his eyes off the control pad to look up and get a clear view of the arms and watch the function. As a result, the operator hit the button to open the centralizer arm instead of close the gripper arms and dropped the casing across the rig floor.",Immediate,,,
NS-95631D807D,2,-The Task was interrupted. The decision for the operator to make an attempt to better secure the joint of casing standing vertical was due to the PRS operator switching focus to the forward PRS. Had the task not been interrupted the PLS operator would not have attempted to better secure the joint of casing.,Underlying,,,
NS-95631D807D,3,"While attempting to better secure the casing joint, the PLS operator decided to close the upper and lower gripper arms in addition to the centralizing arm. The employee located the required button needed to perform function, but took his eyes off the control pad to look up and get a clear view of the arms and watch the function. As a result, the operator hit the button to open the centralizer arm instead of close the gripper arms and dropped the casing across the rig floor.",Root,,,
NS-8FFCB3592A,1,It appears that the biocide treatment was not sufficient and the bacterium growth over the months may have contaminated the saltwater contained in the vessels and generated.,Immediate,,,
NS-8FFCB3592A,2,It appears that the biocide treatment was not sufficient and the bacterium growth over the months may have contaminated the saltwater contained in the vessels and generated.,Underlying,,,
NS-8FFCB3592A,3,It appears that the biocide treatment was not sufficient and the bacterium growth over the months may have contaminated the saltwater contained in the vessels and generated.,Root,,,
NS-B7A62CF973,1,Equipment Failure.,Immediate,,,
NS-B7A62CF973,2,Equipment Failure.,Underlying,,,
NS-B7A62CF973,3,Equipment Failure.,Root,,,
