Incident Number,incident Title,Incident Classificatioin,Date of Incident,Time of Incident,Date of Report,Site,Area,Unit,Detail,Work Group,Description,Incident Type A,Incident Type B,Incident Type C,Incident Type D,Investigation leader - Name,Investigation leader - Position,Incident Classified by - Name,Incident Classified by - Position,Investigation Acceptor/Approver (Owner) - Name,Investigation Acceptor/Approver (Owner)- Position,Approval Date,Close out Approval - Name,Close out Approval - Position,Close out Date,What happened?  ,What was the outcome?,Incident Classification,What was the worst outcome that could reasonably be expected to have happened?,Health & Safety Incident - Classification,Health & Safety - Risk Score,Health & Safety  - Consequence,Health & Safety - Likelihood,Environment & Reputation - Incident Classification,Environment & Reputation - Risk Score,Environment & Reputation  - Consequence,Environment & Reputation - Likelihood,Financial Cost & Business - Incident Classification,Financial Cost & Business Interruption - Risk Score,Financial Cost & Business Interruption  - Consequence,Financial Cost & Business Interruption - Likelihood,How did the incident occur
NS-C42558E3D5,,Very Serious Incident,2021-01-24,18:00,2021-01-29,GC,254,A(ALLEGHENY SEA,,Drilling,LIFTING,Loss Event,Business Interruption & Cost,Equipment Damage,Combustion,SYN-5d8a8c,Operations Superintendent,SYN-adb241,Production Foreman,SYN-b23516,Marine Coordinator,2021-02-01,SYN-8e0d06,Facility Engineer,2021-05-14,"At approximately 1800 hours on January 24, 2021, an explosion occurred on OCS-G 7049,
Green Canyon 254 - A facility (Allegheny Sea). The operator of record is Eni US
Operating Co. Inc. (Eni).The facility is located 86 miles from shore in 3294 feet of
water.
According to Operator investigation findings, after the mechanic replaced the
carburetor on the temporary rental Booster Compressor engine CAE-5140A, it ran
unloaded for approximately eight minutes to make carburetor adjustments. The idle
speed was set to 800 rpm in preparation for testing during the pre-startup phase when
an explosion occurred inside Cooler HAL-4160B. The explosion caused separation of the
cooler end caps with small sections of piping striking the Glycol Contactor base, main
deck south guardrail and ESD (Emergency Shutdown) station #7. Although damage to the
ESD station shut in the facility, the compressor engine remained running and the
mechanic had to manually shut it down after the emergency stop button failed to
function. Personnel also closed off the engine starter air supply and fuel gas supply
thereafter. All personnel mustered as a result of the ESD signal alarm and accounted
for without injury.
BSEE Inspectors arrived at the platform on January 27, 2021 to begin the
investigation. BSEE took pictures and witness statements as well as a survey of the
damages at the site of the incident.
Based on the information obtained during the","Reported as an explosion and damage over $25,000. Personnel were mustered.",Very Serious Incident,,Very Serious Incident,25,E,5,,,,,,,,,
NS-B125B85E7E,,,2021-01-25,03:50,2021-01-28,,,A,,Production Operations,LIFTING DEVICE,,,,,SYN-4f8b49,Operations Superintendent,SYN-49140d,HSE Advisor,SYN-f5ca63,Facility Engineer,2021-02-15,SYN-24762f,Maintenance Supervisor,2021-03-06,"From approximately 0800 to 0835 hours,( ) Operator A and ( )
Mechanic B performed preventative maintenance on the #2 engine portion of the #2
generator. At approximately 0836 hours, both men attempted to activate the generator
from the switch gear/control panel in the Master Control Center (MCC) immediately
adjacent to the generator room. Once the engine came up to speed (20-30 sec), a loud
electrical pop was heard coming from the generator room. Mechanic B opened the
door, saw smoke and fire coming from within the #2 generator's dust cover/end guard
and announced ""fire, fire"". Both men exited the MCC on the south door going outside
and activated the Emergency Shut Down (ESD) #9. Operator A then picked up the 30#
purple K Amorex fire extinguisher from the west handrail, immediately west of the
generator room, entered the west entrance and extinguished the fire through the end
cover's bottom grating. At approximately 1000 hours, following a review of the
incident, the #1 generator was placed on line and normal platform operations resumed.",,,,,,,,,,,,,,B,,
NS-4710EE8790,,,2021-02-06,17:45,2021-02-08,GC,896,,ENSCO 8503,Maintenance,LIFTING DEVICE,Near Hit,,,,SYN-b014e1,Operations Superintendent,SYN-65644d,Production Foreman,SYN-42ba08,Facility Engineer,2021-02-25,SYN-f3b7b2,Production Foreman,2021-04-01,"-
On February 6, 2021, a Floorman working on the Ensco 8503 drilling rig was struck on his
upper right side by a stand of drill pipe while the crew was attempting to relocate
it. On the day of the accident, the Ensco 8503 drilling rig was working for Cobalt
International Energy located at Green Canyon Block 896.
The accident occurred while the drill crew was using a teflon rabbit to drift 5 7/8
inch drill pipe. Drifting is a process of running a ""rabbit"" through a stand of
drill pipe to ensure that the pipe is clear of any obstructions before running it
into the wellbore. The Derrickman, who was operating the bridge racker at the time,
retrieved a stand of drill pipe from row 13 of the racking system and brought the
stand out to the finger board. The Derrickman then guided the bridge racker to a pre-
determined area towards the well's center in an attempt to get it into the ""rabbit
position"" where the crew would have access to drift the pipe. While the stand was
being transported to the rabbit position, it came in contact with the lower belly
board latch on row 12 which caused the stand to become stuck and begin to bow. The
Derrickman working the bridge racker did not notice that the stand of drill pipe was
hung up and continued trying to move it from the controls. The injured person (IP),
a Floorman who had been in his position for twelve months, had just numbered a stand
of pipe in the setback area. After he finished, the IP began to make his way towards
the hydraulic slip control when he noticed that the drill pipe was hung up. The IP
immediately turned toward the driller's cabin and began to try to get the
Derrickman's attention. At this time, the drill pipe became dislodged from the lower
guide arm head on the bridge racker allowing the pipe to swing and strike the IP in
the upper right side of his back.
All operations were stopped and the Rig Medic reported to the rig floor to evaluate
the IP. Supervisors were notified and IP was brought to the rigs sick bay for
further examination. IP started developing more pain and swelling over his right
clavicle area and it was noted that was a 1 1/2 inch abrasion on his right hip. Rig
Medic consulted with onshore Physician and was ordered to administer medicine for
pain and swelling. At approximately 18:51 hours, the IP was evacuated from the
vessel in route to Terrebonne General Hospital in Houma. After further evaluation,
it was found that the IP suffered from a slight concussion and a fracture to his
right clavicle. IP had surgery on August 1st, 2013 and is expected to make a full
recovery.",The facility was evacuated.,,,,,,,,,,,,,,,
NS-28D57F30B3,,,2021-02-21,03:30,2021-02-24,WD,73,­ D,NABORS 17,Well Services,LIFTING DEVICE -,Loss Event,Business Interruption & Cost,Equipment Damage,,SYN-b9a265,Production Foreman,SYN-1532fb,Operations Superintendent,SYN-155dca,HSE Advisor,2021-04-01,SYN-e1505e,HSE Advisor,2021-04-10,"-
On 21 February 2021 at 0300 hours, an incident occurred that resulted in equipment
damage at the West Delta 73 on the Nabors 17 rig under contract with Energy XXI GOM,
LLC. The operation at the time of the incident involved the drilling crew who were
conducting BOP testing.
The crew began testing BOP's around 1500 hours on 20 February 2021 using a 7-5/8""
Greens cup tester. The test required 4"" and 5"" drill pipe to be tested to a high
pressure of 5000 psi. The crew completed nine (9) successful tests to 5000 psi with
the 4"" drill pipe and then removed the 4"" testing assembly. After making up the 5""
test assembly, testing began with the lower pipe rams (2-7/8"" x 5"" Variable Bore Rams
(VBRs). At 4800 psi, the test assembly was forced up the hole stopping when the tool
joint struck the lower pipe rams. The force of the assembly slamming into the top
drive caused the traveling block and the top drive to shoot up approximately 20'. As
the top drive came back down, the following equipment was damaged: test assembly, top
drive electrical panel, top drive gear box and sealing elements in the lower pipe
rams. The use of the cup tester and possible associated hazards were not included in
the Job Safety Analysis (JSA). The",No one was injured as a result of this incident.,,,,,D,,,,,,,,C,,
NS-9563B7C1CA,,,2021-02-28,22:50,2021-03-06,WD,40,A,,Production Operations,LIFTING DEVICE,Loss Event,Health & Safety,Injury Minor,,SYN-461598,Marine Coordinator,SYN-fc0798,HSE Advisor,SYN-6cd93c,Maintenance Supervisor,2021-03-27,SYN-d1e88d,Production Foreman,2021-04-27,"On February 28, 2021, at 2250 hours, at Apache Corporation's Lease OCS-G 01072, West Delta
(WD) Block 40, Platform A, an employee injured his finger during construction
operations. The Injured Person (IP) was evacuated for medical assistance where he
received stitches and was assigned to restricted duty.",The incident resulted in restricted work or job transfer for more than 3 days. The facility was evacuated.,,,,,,,,,,,,,,,"Sequence of Events:
A work crew was in the process of derigging a snatch block which was chained to an I-
Beam on the platform when an employee was injured. The chain which supported the
block was fastened to the grating. The wiring attached to the snatch block was still
under tension from the tugger located on the lower deck. Due to this tension the IP
needed the other crew member on the lower deck to loosen the wire so that he could
de-rig the tuggers. The crew member tested the tugger to see which way the line
tugger was going. When this was done he tightened the wiring and snatch block
assembly, instead of giving it slack, pinching the IP's finger between the chain and
grating. The IP was taken in for medical assistance
was assigned to restricted duty."
NS-DBA06F51F9,,Incident,2021-04-25,07:30,2021-04-28,SM,27,,,Production Operations,LIFTING DEVICE,Loss Event,Environment & Reputation,Loss of Containment,,SYN-9a8260,Marine Coordinator,SYN-284649,Maintenance Supervisor,SYN-15ffe9,HSE Advisor,2021-05-08,SYN-c256bc,HSE Advisor,2021-05-24,"On April 23, 2021, a sheen was initially reported in the vicinity of South Marsh
Island Area Block 27. The source was identified as Pipeline Segment Number (PSN) 3334
and the responsible party was identified as Sea Robin Pipeline Company. By 0615 on
December 8, the leak had been secured and active sheening had stopped, although some
bubbling continued. The spill volume was reported to be 15 bbls (from district office
calculation based on National Response Center (NRC) reported sheen size and
coverage). The operator reported PSN 3334 had suffered a leak at the bottom of the
line at a water depth of 93 feet.
An inspector with the Lafayette District Office, overflew the leak site on December 8
at 0812 and reported no visual evidence of a sheen or bubbling.
The operator reported on December 9, following inspection by divers, that the hole in
the pipeline was located at the 6 o'clock position and was 1/2"" by 3/4"" in size.
Ultrasonic Testing (UT) was conducted on the pipeline 18 inches out on either side of
the hole but there were no signs of wall loss to indicate corrosion was present in
the pipeline. Cathodic Protection (CP) readings were taken and discovered to be
normal. Divers did not observe the prescence of drag marks or any other sign of third
party damage.
UPDATE: On October 15, 2021, an Engineer with Energy Transfer reported the final
estimated spill volume was 0.7 barrels of condensate and that the leak was secured
(pipeline shut-in and blown down to bottom pressure) on April 25, 2021 at 15:30. On
May 2, 2021 at 21:30, pipeline repairs were completed and the pipeline was
restarted.",The operator reported PSN 3334 had suffered a leak at the bottom of the line at a water depth of 93 feet.,Incident,,Incident,6,C,2,,,C,,,,,,
NS-A495397DCE,,Very Serious Incident,2021-04-26,19:30,2021-04-28,MC,29,,DIAMOND OCEAN,Production Operations,LIFTING DEVICE,Loss Event,Health & Safety,Injury Minor,,SYN-1f3064,Maintenance Supervisor,SYN-0ffd13,Production Foreman,SYN-863412,Facility Engineer,2021-05-16,SYN-c1360c,HSE Advisor,2021-06-04,"At 1930 hours, the injured person was flagging the crane operator in the removal of
the shunt line from the moon pool, The IP's left hand
and was struck by the headache ball of the crane.",The incident resulted in restricted work or job transfer for 1-3 days. Reported as a crane incident. The facility was evacuated.,Very Serious Incident,,Very Serious Incident,25,E,5,,,,,,,,,
NS-8497899769,,Incident,2021-05-02,05:40,2021-05-04,MP,44,KC,,Drilling,LIFTING DEVICE,Loss Event,Business Interruption & Cost,Equipment Damage,,SYN-81b6c5,Operations Superintendent,SYN-08f3bc,Maintenance Supervisor,SYN-9d778b,HSE Advisor,2021-06-07,SYN-c55ce0,Operations Superintendent,2021-06-04,"On May 2, 2021, at approximately 05:40 hours, the Motor Vessel (MV) The Lady
Marie collided with Chevron U.S.A. Inc's, Lease OCS-G 03338, Main Pass (MP) Block 44-
KC Platform. The accident was reported by the Motor Vessel (MV) Terry Bordelon to
the Venice Shorebase and the U.S. Coast Guard. There was no report of pollution.","Reported as a collision with damage over $25,000.",Incident,,Incident,4,D,1,,,,,,,,,"Sequence of Events:
The MV, The Lady Marie, a 160 foot crew boat, was passing through the MP 44 area and
struck Chevron U.S.A. Inc's, Lease OCS-G 03338, Main Pass (MP) Block 44-KC Platform
at approximately 0540 hours on May 2, 2021. The Venice Shorebase received a
radio call from the M/V Terry Bordelon reporting the collision and stated that the
vessel was wedged in the structure. At the time of this call, the M/V Terry Bordelon
had already contacted the U.S. Coast Guard and was instructed to stand-by until the
U.S. Coast Guard arrived on location. At that point there was no report of pollution
but a hissing noise could be heard.
First Update: The U.S. Coast Guard responded to the incident.
Second Update: No pollution was from the incident. The M/V Terry Bordelon did report
that there were some injuries on the M/V Lady Marie and that the U.S. Coast Guard was
on the scene treating the injured. The Platform was reported by the crew of the M/V
Terry Bordelon to have been well lighted when they arrived on the scene of the
accident. Visibility was clear. Winds 15 to 20 Southeast. Seas 2 to 3 feet with
occasional ground swells of 4 to 5 feet.
Third Update: The number of people reported on the M/V Lady Marie is nine (9).
Chevron received reports that 3 injured people were taken off of M/V Lady Marie via
U.S. Coast Guard Helicopter. Chevron does
Lady Marie was not contracted for Chevron
not being released to Chevron."
NS-E9FFCBE6B5,,Incident,2021-07-01,06:00,2021-07-03,SS,229,A,,Production Operations,LIFTING DEVICE,Loss Event,Environment & Reputation,Loss of Containment,,SYN-8fcadf,Facility Engineer,SYN-22ede8,Facility Engineer,SYN-810f83,HSE Advisor,2021-07-18,SYN-9a07c9,HSE Advisor,2021-08-28,"At 0600 hours on 1 July 2021, the facility operator, Ankor Energy LLC (Ankor), began
experiencing a production system upset that resulted in pollution of the Gulf of
Mexico waters. 16 barrels of oil was observed being discharged from the Floatation
Cell's (ABM 1000) overboard water discharge line. Ankor operators immediately shut
the overboard water valve on ABM 1000 and started recirculating the overboard fluid
back into the production system. A third party investigation determined that the
Fisher 1051 Actuator on Heater Treater (NBK 1000) produced water dump line was not
operating correctly. This caused oil to be discharged through the 4 inch produced
water dump line to ABM 1000. At the time of the incident, the platform was not
operating normally. Maintenance was being performed on departing pipeline KAH 4000
and the platform was only producing 400 barrels of oil and 670 barrels of water per
day (normal operations are 1,945 barrels of oil and 1,754 barrels of water per day).
With the platform operating below normal parameters, the field operators isolated all
inlet and outlet valves on ABM 1000 to perform preventive maintenance. Once the
preventive maintenance was completed, field operators filled the vessel with salt
water to prepare it for normal operation. With all isolation valves and safety
devices placed in service, the field operators shut down operations for the evening.
At some point during the evening, the produced water dump valve on NBK 1000 failed in
the open position sending oil to ABM 1000. ABM 1000 could not handle the volumes
being sent and discharged oil out of the produced water dump line into the Gulf of
Mexico. A third party investigation found two contributing causes of the pollution
incident. The first being poor installation and system design of the KTEK Level
Controller to the Fisher 1051 actuator. The second cause involves poor operating
practices. The equipment was not monitored throughout the startup process.
Furthermore, poorcommunication was exercised in reference to the design.",Reported as a pollution release.,Incident,,Incident,6,C,2,,,C,,,,,,
NS-656F70413F,,Incident,2021-07-04,05:05,2021-07-07,GB,958,,ROWAN RELIANCE,Drilling,LIFTING DEVICE,Loss Event,Environment & Reputation,Loss of Containment,,SYN-b50573,Operations Superintendent,SYN-90bd0a,Maintenance Supervisor,SYN-0a73ee,Maintenance Supervisor,2021-07-20,SYN-87d392,Production Foreman,2021-08-12,"-
Background: -
On 4 July 2021, the Rowan Reliance (Reliance) drill ship under contract to Cobalt
International Energy, L.P. (Cobalt) reported a discharge of approximately 2200
barrels (bbl) of 15.3 pounds per gallon (ppg) synthetic oil base mud (SOBM) during
well operations on Well 002 (North Platte #2) at the surface location in Garden Banks -
(GB) Block 958 (bottom hole location in GB Block 959). Cobalt notified the National
Response Center (NRC Report #1111516) and reported to Bureau of Safety and
Environmental Enforcement (BSEE) the estimated 2200 bbl of SOBM into offshore waters. -
Chronological Order of Events: -
On 15 and 30 May 2021, Rowan ran the blowout preventer (BOP) #2 and riser on the -
North Platte #2 well at the subsurface location of GB-959 using Rowan procedure RMS-
WCG-013. -
From 25 through 10 June 2021, Rowan conducted first on-bottom pressure and
function testing of BOP#2 and ancillary BOP equipment while attached to the North
Platte #2 well. -
On 19 June 2021, the remote operated vehicle (ROV) discovered an accumulation of
SOBM-like material on the first riser joint (Joint #64) and the flex joint
termination spool but was dismissed as drill cuttings that was being discharged
overboard. Numerous ROV dives after 19 June 2021 continued to observe the
accumulation of SOBM-like material on the first riser joint and termination spool;
however, according to information reported to BSEE during monthly rig inspections,
Cobalt continued to assume that the SOBM-like material was drill cuttings. -
On 1 July 2021, a gas and water kick was encountered at the measured depth of
20,631 feet (ft) and it was circulated out with 15.3 ppg SOBM. Late on 22 March
2015, a loss of SOBM was observed on the active system; therefore, the ROV was
deployed to investigate. At approximately 0020 hour (hr) on 4 July 2021, the ROV
observed SOBM discharging from the flange connecting the flex joint termination spool -
and the first riser joint (Joint #64). The upper annular was closed and drilling
activities were suspended. -
On 4 July 2021, Rowan notified the NRC and BSEE of the estimated 2200 bbl SOBM
spill that consisted of Rheo-Logic synthetic base drilling fluid -
comprised of 48 percent (%) synthetic base oil, 32% solids and 20% water. Of the estimated
volume of 2200 bbl SOBM lost, 1557 bbl were lost to the open water and the remaining 643 bbl
were lost in the open hole. -
On 17 July 2021 at 1010 hr, BSEE arrived at the Reliance drill ship to conduct an
investigation into the cause of the SOBM spill. BSEE conducted photographic
documentation and gathered relevant photographs for the investigation.
Rowan reported to BSEE that BOP#2 was unlatched at 0330 hr and preparations were
underway to pull it to the surface. Cobalt informed BSEE that Northwest Technical
Solutions (NWTS) was hired to conduct an incident investigation on its behalf that
concentrated on the identifying the probable causes. At approximately 1740 hr, Rowan -
began laying down riser joints and recording torque values as the riser bolts were
removed using a Torq-Lite RT-40 hydraulic wrench. On 18 July 2021, Rowan continued
pulling the BOP#2 to the surface and recording the torque values as the bolts were
removed from the riser joints. -
On 19 July 2021 at 0338 hr, the first riser joint (Joint #64) and flex joint
termination spool broke the surface in the Reliance's moon pool area. At 0728 hr on
19 July 2021, the connection flange between the flex joint termination spool and the
first riser joint (Joint #64) was separated and it was discovered that no Seal Sub
(Mud Pin) was installed. -
On 1 August 2021, NWTS submitted their final report to Cobalt on the investigation of -
the Rowan Reliance Riser Column Mud Loss. The NWTS investigation
concluded that the ultimate root cause of the SOBM spill incident was due to the lack
of the installation of a Seal Sub (Mud Pin) in between the flex joint termination
spool and first riser joint (Joint #64). In addition, the report stated that the low
torque values recorded when breaking the riser bolts may have contributed to the
incident.
On 29 November 2021, BSEE received Rowan's final investigation report entitled ""Rowan
Reliance Incident Investigation: Major Spill of Synthetic Oil Based Mud (SOBM) from
the Marine Riser - Report of Findings"". In addition, BSEE received the
Cameron Marine Drilling Riser Inspection Report, the Cameron Visual
Inspection Report of Riser Box End and Termination Spool Pin End and the
Cameron cost quotes for repairing the riser joint and termination spool
damaged by the SOBM spill.
BSEE's incident investigation along with the review of Cobalt and Rowan independent
incident reports revealed the primary cause of the incident was attributed to the
failure to install the Seal Sub (Mud Pin) in the flange connection between the flex
joint termination spool and the first riser joint (Joint #64). BSEE visually
verified the absence of the Seal Sub (Mud Pin) during an on-site investigation on 7
April 2015, when the BOP was retrieved to the surface.
In addition, Rowan informed BSEE that when BOP#2 and the riser joints were made up
for deployment, the Torq-Lite RT-40 wrench was set at 1250 pounds per square inch
(psi) which is equivalent to 13,000 foot-pounds (ft-lb). However, according to the
Torq-Lite current operations manual, the torque wrench should have been set to 1600
psi (18,000 ft-lb) as required in the Cameron LoadKing 3.5 Flange Riser and Riser
Connection Operations & Maintenance Manual.
Based on the Cobalt and Rowan independent incident report findings, the possible
contributing causes for the SOBM spill were listed as follows: 1) inadequate Rowan
procedures and checklist for deployment of the BOP and riser; 2) Rowan subsea
personnel did not recognize or had any previous experience that required the Seal Sub
(Mud Pin) to be installed in the ""pin-up"" configuration in the flex joint termination
spool on the Cameron LoadKing riser system; 3) insufficient handover during a crew
change of Rowan Subsea personnel during a critical phase of the BOP and riser
deployment; 4) Cobalt's failure to recognize what was causing the buildup of SOBM
and/or drilling cuttings in the area of the first riser joint and flex joint
termination spool throughout the ROV coverage; 5) the culture of top down command
structure may have led to misinterpretation of what material was being spilled and it
prevented rig personnel for suggesting alternative explanations; and 6) the low
torque valves recorded when breaking riser Joint #64 bolts revealed that the bolts
were under-torqued when it was made up to the flex joint termination spool during
BOP#2 deployment that provided a migration pathway of the SOBM into offshore waters.","Reported as a pollution release. Estimated property damage $151,353.",Incident,,Incident,8,D,2,,,C,,,,C,,
NS-F1B9AA531C,,Serious Incident,2021-07-04,07:00,2021-07-05,WD,27,A,,Well Services,LIFTING,Loss Event,,,Combustion,SYN-8badbe,HSE Advisor,SYN-80e74f,Production Foreman,SYN-84a8db,Maintenance Supervisor,2021-07-31,SYN-7b97d6,Operations Superintendent,2021-09-09,"On 4 July 2021, at 0700, on West Delta (WD) 27 A Platform, owned by Cox Operating
L.L.C., a fire occurred. The fire involved the cooler fan tower package (HAL
1161/62/63) for the gas compressor unit (CBA-1101). Personnel extinguished the fire in
six minutes. There were no injuries to personnel. The only noticeable physical damages
from the fire was the charred metal on the side of the cooling tower resulting in
$2,040 in equipment damage.",There were no injuries to personnel.,Serious Incident,,Serious Incident,12,D,3,,,,,,,A,,"SEQUENCE OF EVENTS:
On the morning of 4 July 2021, Cox’s morning production crew completed their
morning rounds just before 0700 and entered the quarters/galley to prepare a breakfast
when the crew heard a loud “blow-out” sound. After personnel heard the loud noise in
the direction of the compressor, they approached the area and witnessed a fire on the
northwest side of the compressor’s cooler fan tower. Escaping gas from the cooler fan
tower reached the compressor’s hot exhaust system causing the ignition. One of the
Temperature Safety Elements (TSE) on the cooling tower automatically activated the
Emergency Shut Down (ESD). All nine producing wells, along with both compressors (CBA-
1101 and CBA-1102), safely shut in as designed. Several personnel also activated ESD
stations in response to the event. Personnel immediately grabbed several handheld fire
extinguishers and extinguished the fire within six minutes. Personnel then used a 150
lb wheel unit and water hose to keep the tower cool to ensure the fire did not
reignite. Shutting in production attenuated the leaking gas. Personnel locked out and
tagged out (LOTO)the compressor, and Cox began notifying appropriate personnel.
At 0734 Cox made verbal notification to Mr. Justin Ledet via BSEE after hours cell
phone with follow up email notifications.
At 0815 the following personnel arrived to begin an investigation: Cox Health Safety
Environment Specialist (HSE), Production Foreman, Production Superintendent,
Compliance Technician, and Archrock Lead Mechanic.
At 1330 the gas compressor (CBA-1102) returned to service and all production resumed,
except for the A-11 and B-5 wells. Later that evening, Archrock mechanics began
disassembling the cooling fan tower.
BSEE INVESTIGATION:
At 0900 on 4 July 2021, an Accident Investigator (AI) from the Bureau of Safety
and Environmental Enforcement’s (BSEE) New Orleans District arrived on location and
began an investigation. The AI gathered reports and statements, conducted interviews,
and took photos while performing a walkthrough of the incident area. After
interviewing witnesses, the AI reviewed statements and the incident timeline. The AI
confirmed that the tubing rupture, subsequent fire, automatic platform shut down, and
extinguishing of the fire all happened within a few minutes. Also, the AI determined
that due to the location of the fire, there was no immediate threat to any surrounding
equipment. At 1030, Cox requested for BSEE to allow the Archrock mechanics to
disassemble the cooling tower to determine the cause of the cooler tube rupture and
ensuing fire. BSEE granted the request. Archrock determined that the leak came from
the tubing in the compressor’s third stage cooler (HAL-1163).
According to Cox's incident report, the tubing’s rupture was likely caused by long
term exposure of the tubes to the offshore environment. The integrity of the cooler
tubes could not be fully determined during routine inspection. According to the
Archrock’s Root Cause Report, no practical procedure exists to identify potential
weak spots in the cooler tubes.
The PSL on the compressor discharge upstream of the cooling fan tower was verified to
be installed to detect leaks within the cooling tower. However, the leak may not have
been large enough to drop the pressure downstream of the compressor below the PSL set
point of 714 psi.
BSEE found that the compressor engine exhaust was installed in a Class 1 Division 2
area. However, API RP 14F states in 5.2.3 “It is recommended that engine exhausts be
located in unclassified locations, whenever possible, to minimize the risk of ignition
of flammable mixtures.” The compressor engine’s hot exhaust system was mounted
directly above the Heat Exchanger. The exhaust temperatures can exceed 900 °F. The
ignition temperature of natural gas is usually considered to be 900 °F according to
API RP 14F.
CONCLUSION:
BSEE determined that the fire was caused by the ignition of gas from a tubing leak
from the tubes of the cooling fan tower. The leaking gas was ignited by the compressor
engine exhaust system which operates above the ignition temperature of natural gas.
Platform personnel successfully extinguished the fire within minutes. BSEE found the
operator’s inspection and maintenance of the coolers tubing was inadequate to prevent
loss of integrity, thereby allowing a gas leak. BSEE also found that the exhaust was
mounted in a classified area which is contrary to industry best practices. BSEE found
that the facility’s TSE and ESD system worked as designed and mitigated the damage and
risk of injury from the incident. BSEE found that the facility’s firefighting
capability was adequate to fight fires in their incipient stage. BSEE found that the
personnel on the facility were well trained to respond to fire related incidents."
NS-9F7015D96B,,,2021-07-27,09:00,2021-07-29,EW,910,­ A,H&P 203,Production Operations,LIFTING DEVICE,,,,,SYN-b6b1b5,Marine Coordinator,SYN-7a67a5,HSE Advisor,SYN-d3ca28,Facility Engineer,2021-09-09,SYN-6594ef,HSE Advisor,2021-09-27,"­
On July 27, 2021 the H&P 203 accidently sheared the 5 7/8"" drill pipe while setting
a test plug. Leading up to the incident the rig had set and cemented the 13 5/8""
casing and installed the well head, and were preparing to test Blow Out Preventers
(BOP's). According to rig personnel, as soon as the rig broke circulation with the
cement unit the Blind Shear Rams (BSR's) closed on the 5 7/8"" drill pipe. The test
plug, a 20 foot pup joint, and 22.35' of 5 7/8"" drill pipe was left in the hole.
In the investigation that followed, a contact switch in the rig floor panel for the
close side of the shear ram function was found stuck in the closed position. If
someone had pushed the ""Push to Operate"" button in this condition, the BSR's would
have automatically closed. Under normal circumstances one would push the ""Push to
Operate"" button, and simultaneously push another command button (such as annular
close, annular open, BSR close, etc...) in order to carry out the desired function.
Prior to this incident there was no alarm or warning mechanism in place to notify rig
personnel that the contact switch was stuck in the closed position. Following the
incident the logic in control station was changed so that the indicator light will
flash if the switch is stuck in either the open or closed position.
No personnel accepted responsibility for pushing the ""Push to Operate"" button, but it
is evident that a member of the rig crew pushed the button with plans to make a
different function. However, due to the contact switch for the BSR's being stuck in
the closed position, as soon as the ""Push to Operate"" button was pressed the BSR's
fired.",,,,,,,,,,,,,,A,,
NS-DA9C4FA9ED,,Very Serious Incident,2021-08-12,21:35,2021-08-13,WC,168,A,,Well Services,LIFTING DEVICE,Loss Event,,,,SYN-ddb01c,Production Foreman,SYN-66be47,HSE Advisor,SYN-a0e803,Operations Superintendent,2021-09-03,SYN-c24d4d,Production Foreman,2021-12-08,"On the evening of August 12, 2021 the e-line crew and production personnel were
engaged in an approved zone change operation on well A-2. The e-line crew was at a
point in the approved procedure which required running in the hole with a perforating
gun. In order to accommodate the overall length of the entire tool string, another
section of lubricator had to be installed. As the e-line crew prepared for
installation of the lubricator and while the crane was static, the nylon sling
parted. The e-line lubricator was equipped with a lifting bracket designed for
suspending the lubricator in position over the well with a two part sling. The e-
line crew elected to use a 2 inch nylon sling cinched in a choker type manner just
below the lifting bracket as this is their common practice. The sling was cinched in
a manner which allowed the sharp edge of the lifting bracket to chafe the nylon
material at a point that was not visible to personnel involved with this task. The
lubricator and tool string were several feet above the well deck when the nylon sling
broke causing the lubricator and tool string to hit the grating deck and fall into
the Gulf of Mexico.",Reported as a crane incident.,Very Serious Incident,,Very Serious Incident,25,E,5,,,,,,,,,
NS-4955485885,,,2021-08-31,05:55,2021-09-01,MC,437,A-Appomattox,,Maintenance,LIFTING,Loss Event,Health & Safety,Injury TLI,,SYN-ad6d26,Marine Coordinator,SYN-cccc45,Operations Superintendent,SYN-ff0349,Marine Coordinator,2021-09-15,SYN-308980,Maintenance Supervisor,2021-11-09,"On 31 August 2021 at 1415 hours, a stack operator was contacted with asphaltene
inhibitor on the arms and face while attempting to open chemical injection valves to
Well AC-006 on Mississippi Canyon (MC) 437 A Appomattox, Lease OCS-G 33733. The
Injured Person (IP) was seen by the offshore medic, provided first aid, and released
back to full duty without restrictions. The next day, the IP experienced eye
irritation and was evacuated by helicopter. The incident is classified as a Lost Time
Accident Greater Than 3 Days (LTA > 3 days). Appomattox is a manned production
facility operated by Shell Offshore, Inc (Shell).",The incident resulted in a lost-time accident with more than 3 days lost. The facility was evacuated.,,,,,,,,,,,,,,,"SEQUENCE OF EVENTS:
On 31 August 2021 at 1415 hours, a stack operator went to the Topsides Umbilical Panel
Assembly (TUPA) to line up the asphaltene inhibitor line to Well AC-006. Upon opening
isolation valve M4220-77H1, asphaltene inhibitor sprayed out of the flow element’s
weep hole. The flow element FE 4220-H1 works with a flow transmitter to determine
flowrate for chemical injection. The inhibitor contacted the IP's arms and face. A
second worker closed an upstream valve to stop the release of the asphaltene
inhibitor. The IP immediately stepped off the skid and was escorted to the nearest
eyewash station 21 ft away. The IP rinsed his eyes at the station and then reported to
the medic's office for evaluation. The medic administered first aid treatment and
released the IP back to full duty.
On 1 September 2021, the IP requested to go onshore to his personal doctor after feeling
eye irritation. He was evacuated by helicopter.
On 2 September 2021, the onshore physician diagnosed the IP with chemical conjunctivitis
and prescribed medication. The physician ordered the IP not to return to work for 7
days. The IP was working a 14-day on/14-day off schedule, and as a result of the
injury, he missed the last 5 days of his scheduled 14-day work shift. The IP returned
to work on his following scheduled hitch.
On 3 September 2021, the incident was reported via the Bureau of Safety and Environmental
Enforcement (BSEE) New Orleans District (NOD) after-hours phone.
On 12 September 2021, the incident was submitted into the BSEE eWell system.
BSEE INVESTIGATION:
The BSEE Accident Investigator (AI) requested additional information about the
chemical Material Safety Data Sheet (MSDS), the IP’s Personal Protective Equipment
(PPE), the IP’s work schedule, the IP’s work experience, pollution from the chemical
spray, and the purpose of the valve’s weep hole.
BSEE found that Shell’s PPE requirements for this work activity were inadequate. The
IP was wearing normal PPE with no chemical resistant gloves or face shield. Shell
claimed that no PPE was required because the employee was not breaking containment.
However, BSEE disagreed with this assessment. Shell’s corrective action involved
building a stainless steel fixed mechanical barrier to prevent workers operating the
valve above the Flow Element FE 4220-H1 from being impacted with chemical spray.
Next, BSEE found that the IP was working a 14-day on/14-day off hitch. The IP was
released to full duty by Shell’s onboard medic and E-doc. However, The IP departed the
platform early from his normal hitch to seek further medical examination. This
information helped BSEE classify the incident an LTA > 3 Days.
Also, BSEE discovered that the IP had over 5 years experience as a Shell employee with
several more years of contract experience. BSEE was able to conclude that this
incident was likely not the result of inexperience.
BSEE found that no pollution occurred as a result of the chemical spray. The mist was
contained to the employee and the skid pan below. Also, another employee working with
the IP was able to isolate the line by closing another valve upstream.
The weep hole is used as an indicator on the flow element to signify a loose fitting
on the 15,000 psi rated line. Therefore, it was determined that chemical sprayed from
the weep hole due to a loose tubing fitting between the valve and the flow element.
When the fitting was retightened, the weep hole stopped leaking.
CONCLUSIONS:
The leak was caused by a loose fitting between an isolation valve and the flow
element. According to Shell, the valve upstream of this flow element had been used on
other occasions since initial production. No work was performed on this panel since
the last use. Therefore, BSEE concludes that the fitting may have come loose over
time. Vibration or improper initial tightening of the fitting are possible causes for
the loose fitting. However, BSEE notes that vibration is not significant in this area
of the platform. A contributing cause of the accident was that Shell did not have
adequate protection for personnel performing the task of aligning and opening valves
associated with the subsea chemical injection. Shell did expect to break containment
and therefore did not consider additional PPE for the job. However, Shell failed to
recognize possibility of a leak from the weep hole. The possibility of a leak should
have been recognized in the JSA and proper PPE should have been worn for the job."
NS-0CB854E630,,Serious Incident,2021-09-10,17:00,2021-09-11,ST,100,A,,Marine & Logistics,LIFTING,Loss Event,Business Interruption & Cost,Equipment Damage,,SYN-c61404,Operations Superintendent,SYN-dd3622,HSE Advisor,SYN-6ed1ff,Facility Engineer,2021-09-21,SYN-7a4df5,HSE Advisor,2021-09-24,"On September 10, 2021 at 17:00 hours, on South Timbalier (ST) Block 100, the crane’s boom
control lever got stuck in the upright position while production operators were
attempting to backload the boat. This caused the boom to pull up into the boom stops
causing significant damage. After the crane incident, the crane was permanently
placed Out of Service. The facility is unmanned and shut in with all wells Temporary
Abandoned and vessels blind flanged or open to the atmosphere.
While attempting to latch onto a load near the crane, the crane operator boomed up.
Once the boom was in position, the crane operator let go of the boom lever. Shortly
after, he noticed that the crane boom was still coming up. The crane operator
panicked and attempted to reverse the control lever with no success. Once the boom
contacted the boom stops, the operator kicked the boom lever forward causing the boom
to stop. Once the crane stopped, it was noticed that the boom was bent. While
attempting to place the boom back into cradle the lever stuck again, neverless, the
operator was able to return the boom safely to the cradle.
After the crane incident, Talos Energy contracted Sparrows to conduct a mechanical
evaluation of the crane. According to the Sparrows report, several causes most likely
contributed to the incident. The control valve and linkage between the control lever
and valve were found to be heavily corroded. The High Angle Kick Out (HAKO) system
failed. The HAKO was found to have a bent actuation valve and heavy corrosion. The
Emergency Shut Down (ESD) failed to shut down crane when pulled.
BSEE Houma District investigation found that the last annual inspection was completed
in October 2020. Annual inspection report shows that the HAKO did not work during
inspection and was replaced on February 25, 2021. The Crane is considered low usage,
therefore an annual inspection is the only required inspection. Prior to this
incident, Talos Energy's Crane Pre-Use Inspection Form did not mention the HAKO so it
was not tested before use. Since the incident occurred, Talos Energy has updated
their Pre-Use Inspection Form to show HAKO.","Reported as damage over $25,000 and a crane incident.",Serious Incident,,Serious Incident,20,D,5,,,,,,,,,
NS-03A04B99E2,,,2021-09-12,11:15,2021-09-15,SM,105,A,,Drilling,LIFTING,Loss Event,Health & Safety,Injury TLI,,SYN-4ecc1e,HSE Advisor,SYN-6a7da2,HSE Advisor,SYN-a5c1c9,HSE Advisor,2021-09-29,SYN-3231c5,Operations Superintendent,2021-10-24,"On September 12, 2021 at approximately 1115 hours, a contract crane mechanic (CCM) fell
approximately 81 feet into the water while repairing a crane at Fieldwood Energy’s
South Marsh Island 105 A platform resulting in two fractured vertebrae.
The day before the incident, the CCM boarded the platform to retrieve information on
the anti-two block control valve. The CCM removed the hydraulic hoses on the anti-two
block control valve but did not tighten the hoses when putting the valve back in place
causing hydraulic oil to spill onto the crane skid.
The CCM arrived at the facility the following day to replace the anti-two block
control valve. Two operators on board the facility assisted the CCM by placing a 10
foot ladder between the crane and the overboard handrail. The CCM climbed the ladder
and placed both feet on the crane skid, located over 7 ft. above the deck to replace
the valve.
The CCM realized he needed additional tools and attempted to place his foot on the
ladder and subsequently fell backwards over the handrail plummeting 81 feet before
reaching the water. The CCM does not recall if he lost his grip or his foot slipped
possibly due to hydraulic oil.
The operators on board heard the CCM yell for help prior to coming in contact with the
water. The operators attempted to drop the CCM a life vest, but due to high winds the
CCM could not retrieve the life vest. The operators placed the life vest in a life
ring allowing the CCM to grab it. As the CCM began to drift, the operators boarded a
helicopter and attempted to drop bottled water and an additional life vest but the
high winds and the main rotor blade made it difficult to retrieve the vest.
Approximately 45 minutes after the incident, a fishing vessel located at a nearby
facility was contacted and rescued the CCM transporting him back to the main facility.
The CCM was transported to a hospital for treatment. It was later determined the CCM
had suffered a fracture to the C-7 and a lower lumbar vertebrae.
The BSEE Lafayette District conducted an onsite investigation on September 15, 2021.",It was later determined the CCM had suffered a fracture to the C-7 and a lower lumbar vertebrae.,,,,,,,,,,,,,,,
NS-1AD6923A55,,Serious Incident,2021-09-26,07:45,2021-09-27,EC,220,A,,Production Operations,LIFTING DEVICE,Loss Event,Health & Safety,,,SYN-11a0f1,Operations Superintendent,SYN-26fa2e,Facility Engineer,SYN-d23c57,Operations Superintendent,2021-10-22,SYN-9cc988,Facility Engineer,2021-12-02,"During ongoing plug and abandon operations the crane was being utilized to hold the
power swivel in place over the well that was being plugged and abandoned. A casing
cutter was being used to cut the 20 inch casing. Work began that morning by starting
up the crane and standing by for instruction. The Smith personnel and EES crew
started their own equipment. The auxiliary cable was repositioned to its dead man
anchor point on the power swivel used to operate the casing cutter. The crane
operator then picked up on the main hoist to reposition the cutting tool. Once the
tool was set in place the cutting operation began.
After a while, the Smith personnel ceased cutting and ordered the EES personnel to
shut his mud pump down so he could evaluate the casing. While cutting operations
were in progress, the weight indicator increased to 10,000 lbs. This was an
indication that the casing had indeed fallen on to the cutting tool. In order to
verify that the casing was in fact cut in two, the EES personnel ordered the crane
operator to pick up on the load. The boom angle at the time was 29 degrees at 61
feet. The dynamic and static load rating at this angle is 7563 lbs. and 11,460 lbs.
respectively. The crane operator picked up on the load line to an indicated 12,000
lbs. The crane operator stated that he stopped the operation to say that the tool
was stuck. The crane operator reported at that moment he heard the loud pop sound of
the boom cable failing and the boom coming down.
As the boom came down, the flagman ran to escape injury. The cable struck the
flagman causing a bruise on his left bicep. The crane boom came to rest on top of
the power swivel and associated equipment.
injured person was flown to a hospital for",injured person was flown to a hospital for,Serious Incident,,Serious Incident,20,D,5,,,,,,,C,,
NS-027FB14F2D,,Very Serious Incident,2021-10-17,19:50,2021-10-21,ST,300,A,,Drilling,LIFTING DEVICE,Loss Event,Health & Safety,Injury TLI,Combustion,SYN-e9cf2c,HSE Advisor,SYN-f07068,HSE Advisor,SYN-032413,Production Foreman,2021-12-04,SYN-b4f0c2,Marine Coordinator,2021-12-25,"The diver was working on the Northwest corner of South Timbalier 300, Platform A at a
depth of -30 feet. He was in the process of relocating an anode for the installation
of pipeline risers for W&T Offshore (pipeline segments 15208 and 15209). When he
struck an arc an explosion occured. An apparent build-up of oxygen occurred in a
cavity of the anode. The explosion knocked the diver unconscious. The diver was
being watched on live video and was immediately recovered to the surface after the
explosion. His helmet was removed and he was placed on a backboard. He was treated
by the onboard medic and was found to have facial lacerations, a chipped tooth, and
sore ribs. The diver was stabilized and evacuated to Terrebonne General Medical
Center at 2200 hours. He was held overnight for observation and released from the
hospital at 1050 hours on October 20, 2021. The diver will be out of work for three
weeks. He had a follow-up doctor's appointment scheduled for that week and he should
be released to full duty.",The incident resulted in a lost-time accident with more than 3 days lost. Reported as an explosion. The facility was evacuated.,Very Serious Incident,,Very Serious Incident,25,E,5,,,,,,,,,
NS-44502BDD7E,,Incident,2021-10-17,18:00,2021-10-18,,707,,DIAMOND OCEAN SARATOGA,Maintenance,LIFTING DEVICE,Loss Event,Environment & Reputation,Loss of Containment,,SYN-294dc5,Operations Superintendent,SYN-46769c,Production Foreman,SYN-ca40e3,Production Foreman,2021-11-30,SYN-1f56da,HSE Advisor,2021-12-03,"On October 17, 2021, while transferring mud from pit # 5 to the slugging pit, mud leaked
by the master dump valve. The master dump valve had been opened for cleaning of the
slug pit for a cement spacer. The master dump valve was not closed back and the rig
accidentally dumped 33 barrels of synthetic mud (25% oil) of which approximately 8
barrels was oil, while drilling sidetrack 2 of
dissipated.",Reported as a pollution release.,Incident,,Incident,8,D,2,,,C,,,,,,
NS-4F96D8DFE2,,Serious Incident,2021-10-17,15:00,2021-10-27,MC,582,A (Medusa),,Well Services,LIFTING,Loss Event,,,,SYN-f43a95,Maintenance Supervisor,SYN-fe5d11,Production Foreman,SYN-7f88fd,Operations Superintendent,2021-11-28,SYN-f92c32,Production Foreman,2021-11-27,"On 17 October 2021, an incident occurred on Mississippi Canyon 582 A (Medusa) platform.
Medusa is Single Point Anchor Reservoir (SPAR) platform owned and operated by Murphy
Exploration & Production Company-USA (Murphy). During the incident, a cable roller
that was mounted on a crane boom broke off from the boom and fell approximately 50
feet to the deck below. The cable roller struck a hydraulic hose as it landed. There
were no injuries or significant damages associated with this event.",There were no injuries or significant damages associated with this event.,Serious Incident,,Serious Incident,20,D,5,,,,,,,A,,"SEQUENCE OF EVENTS:
On 17 October 2021, at approximately 1500 hours, a Murphy crane operator was in the
process of repositioning a 700L-140 crane (East Crane) so the Sparrows crane mechanics
could remove the main hoist and auxiliary hoist from the East crane by utilizing
another crane on the platform. While in the process of repositioning the East crane, a
15-pound cable roller, measuring 66 inches long and one inch in diameter, broke off and
fell 50 feet to the deck below. The cable roller struck a hydraulic hose that was on
the deck below the crane. Due to the hydraulic hose being struck and damaged, the
hydraulic hose had to be replaced.
BSEE INVESTIGATIONS:
On 29 October 2021 at 1103 hours, Murphy submitted an incident report to the Bureau of
Safety and Environmental Enforcement (BSEE) of an incident that occurred on 16 April
2025. The report that was submitted by Murphy included a brief description of the
incident, the Job Safety Analysis (JSA) for the work being performed, photographs
documenting the incident, damages, worksite photographs, as well as the most recent
annual inspection of the crane which was performed on 7 April 2019. After receiving
the incident report, a BSEE Accident Investigator (AI) began collecting evidence and
performing an office-based investigation of the incident.
During the BSEE investigation, evidence for the work being performed during the
incident was reviewed. Both Murphy’s cold work permit and Sparrows’ JSA mentioned the
potential danger of dropped objects while performing work on the crane. However, it
was noted by the operator that there were no barricades to block off the area
underneath the crane to prevent personnel from traveling under the crane while the
work was being performed. As per Murphy’s Working at Heights Permit, the only
barricades that were installed on the platform were those that were protecting open
hole locations. By not having the barricades installed around the working area under
the crane, it allowed personnel to be within 20 feet of the cable roller when it fell
to the deck.
Upon review of the East crane annual inspection performed on 7 April 2019, it was
noted that the boom had major corrosion on two of the boom mid-sections and major
corrosion on the boom tip section along with storm damage. The inspection also
identified that the cable rollers on the boom had major corrosion and were unable to
move as designed. The crane inspector recommended that the cable rollers be replaced
or repaired within one to three months on the annual crane inspection deficiency
report. However, the parts were never ordered by Murphy to repair or replace the cable
rollers.
Per Murphy, the East Crane was placed out of service on 15 July 2018 and was still
out of service at the time of the incident. The crane mechanics were in the process of
removing the main winch and the auxiliary winch to have them refurbished and use as
spares on other facilities. Murphy also stated that the East Crane was not intended to
be placed back in service.
IN CONCLUSION:
The incident that occurred on Medusa on 17 October 2021 could have resulted in a far
worse outcome. Due to the extensive corrosion that was found on the boom sections and
cable rollers during the annual crane inspection on 7 April 2019, more attention
should have been directed towards addressing these areas of concern. By failing to
address the corrosion issues discovered during the annual crane inspection, an on-
going safety concern remained with the possibility of components becoming detached
from the crane and falling on personnel or equipment below.
Additionally, extra attention should have been directed towards securing the area
below the crane before starting any type of work on the crane where the potential for
dropped objects was identified. Due to the size and weight of the cable roller that
fell 50 feet to the deck below, the possibility of a serious injury or fatality
occurring was present. In the future, in the area where work is being performed, the
immediate surroundings and drop zone areas should have barricades installed or other
means of preventing personnel from entering the potentially hazardous areas. Murphy
has stated that in the future, JSAs will provide a more thorough description of
possible dropped objects and will require barricading the work area prior to
performing work on the cranes. Additionally, Murphy has obtained quotes from vendors
to remove the crane boom from the facility. This will eliminate the possibility of
additional components falling from the crane boom and mitigating risk to personnel and
equipment."
NS-0E767F8E4B,,Serious Incident,2021-10-30,19:35,2021-11-02,HI,469,,ENTERPRISE 263,Production Operations,LIFTING elevators,Loss Event,Health & Safety,,,SYN-22d618,Facility Engineer,SYN-287cab,Marine Coordinator,SYN-69cbb0,Production Foreman,2021-11-13,SYN-c19843,Operations Superintendent,2021-12-28,"At approximately 19:35 hours on 30 October 2021, Walter Oil and Gas Corporation had a hand
injury incident onboard the Enterprise 263 jack-up drilling rig while conducting
drilling operations at High Island Block A 469. While the Enterprise 263 Drill Crew
was installing four-inch elevators onto the bails, one of the Floor Hands was injured.
The Injured Person (IP) was attempting to remove the nut and bolt from one side of
the elevator ears. Poor weather conditions, sea state, and rig elevation caused the
rig to sway. When the rig swayed, the elevators rolled out of the bails and fell to
the rig floor injuring his left thumb. The IP was evacuated to an emergency clinic in
Cameron, Louisiana for further evaluation and treatment.
On October 30, 2021, the Drill Crew on the Enterprise 263 was installing the four-inch
elevators onto the bails suspended by the topdrive. The drill crew lowered the
elevators by air hoist and placed the elevator’s ears into the bail openings. While
the elevator rested in the bail openings, the crew removed the air hoist cable. While
the Injured Person (IP) was removing a nut and bolt from the bottom part of the
elevators ears, the rig swayed which allowed the elevators to roll out of the bails
and fall to the rig floor. As the elevators rolled out of the bails, they pinched the
left thumb and the area between the left thumb and finger causing a skin laceration.
BSEE Investigators reviewed all of the submitted documents, photos, witness
statements, etc. During the course of the investigation, BSEE Investigators
discovered the following facts:
1. The Job Safety Analysis (JSA) utilized for the job task does not mention the task
of installing the elevators onto the bails. However, the JSA does mention the
following as hazards; poor weather conditions, motion, poor communication, pinch
points, and smashing hands on bells. The mitigation steps listed on the JSA included;
good communication, good hand and body placement, and paying attention to pinch
points.
2. The proper Personal Protective Equipment (PPE)(Enterprise Policy)to be worn during
the job task included the following: hardhat, safety glasses, steel-toed boots,
hearing protection, and impact gloves. At the time of the incident, the IP was not
wearing impact gloves but regular black dot gloves.
3. The air-hoist cable lifted the elevators. The crew placed the bails inside the
elevator ears and then crew disconnected the air hoist cable from the elevators. With
the air hoist disconnected from the bails, the rig swayed due to poor weather
conditions and sea state. This caused the bails to move and the elevators to roll out
of the bails. Personnel did not utilize Stop Work Authority (SWA) and evaluate
placing the elevators on the rig floor after identifying ""motion"" as a hazard to
performing the job task.",The incident resulted in an injury recorded as Other Injury. Reported as a lifting-device incident. The facility was evacuated.,Serious Incident,,Serious Incident,20,D,5,,,,,,,,,
NS-062423C5CC,,Incident,2021-11-08,13:11,2021-11-10,VR,267,C,,Maintenance,LIFTING DEVICE,Loss Event,Environment & Reputation,Loss of Containment,,SYN-f5f988,Operations Superintendent,SYN-96dd8f,Production Foreman,SYN-157efe,Marine Coordinator,2021-11-27,SYN-efe642,Maintenance Supervisor,2022-01-27,"On 8 November 2021 an uncontrolled release of condensate and gas occurred from Stone
Energy's (Stone) VR 267, OCS-G 2082, Well C-9 in a water depth of 160'. The entire C
platform had been toppled during hurricane Ike and during Stone's response efforts
the wells were found to be bent over or ""kinked"" at approximately 30' above the
seafloor. The wells' conductors bend downward from horizontal at an angle of about
20 degrees and the well heads were found in an accessible location about 10' - 15'
above the seafloor. The wellheads of both C-9 and C-3 were found to be sheared off in
the bodies of their master valves immediately above their respective tubing head
flanges. The actual release of condensate and gas occurred from the broken master
valve body of well C-9, with the tree and upper portion of the wellhead unable to be
located. Unrestricted communication between casing and tubing was found to exist in
the kinked region of the well. Well C-9's SCSSV is a 3.5"" Baker T-Select set at
525'RKB that was successfully tested with a report of zero leakage in May 2008.
The loss of well control (LWC) resulted from the observed damage to the master valve
and either a failure of well C-9's SCSSV to properly close or other failure of the
well's mechanical integrity. A diver found the control line needle valve in the
closed position and when the needle valve was opened, hydraulic fluid was observed by
the diver to be released under pressure with the rate of escaping gas not changing.
During Stone's response to the LWC, no direct evidence was uncovered that would
pinpoint exactly what failures occurred beyond the broken master valve.
According to Stone, a total condensate discharge of 2.44 bbl occurred from the
following daily condensate discharge volumes:
11/8/2021: 18 gallons
11/9/2021: 9 gallons
11/10/2021: 28 gallons
11/11/2021: 7 gallons
11/12/2021: 14 gallons
11/13/2021: 18 gallons
11/14/2021: 8.5 gallons
Stone dispatched the 110' M/V International Quest equipped with oil skimming
equipment to the scene due to initial reports of pockets of recoverable condensate.
On 10 November 2021 M/V Quest reported that they were unable to conduct skimming
operations due to the condensate being too thin and absorbents would be a more
effective method of recovery. On 11 November 2021 Oil Spill Response (OSR) personnel
reported that only approximately 5 gallons of condensate were recovered using sorbent
boom, so condensate recovery operations were discontinued.
The exact or measured volume of natural gas released is unknown, but an estimated
total volume of 67 MCF can be calculated based on the yield (derived from the
production report) of the gas from well C-9. However, this estimate seems far too
low compared to the volume required to produce the 50' diameter plume of bubbling gas
that was observed at the surface of the water above the toppled platform.
On 14 November 2021 Stone secured the leaking well by removing the sheared off master
valve and then replacing the broken valve with a new valve assembly. After securing
the well with a new valve, Stone successfully squeezed the C-9 perforations with
cement and pressure on the well was bled to 0 psig with no increase in pressure
observed.",Reported as a pollution release.,Incident,,Incident,6,C,2,,,C,,,,,,
NS-D9250CEAA5,,,2021-11-08,12:30,2021-11-09,EI,259,C,,Well Services,LIFTING,Loss Event,Health & Safety,Injury TLI,,SYN-d6fb9b,Facility Engineer,SYN-affc1c,Maintenance Supervisor,SYN-6c7f59,Operations Superintendent,2021-12-02,SYN-ebac27,Production Foreman,2021-12-15,"On November 8, 2021, at approximately 1230 hours, a contract fitter (CF) sustained a
severe injury to his right leg during decommissioning operations. The incident
occurred on the White Fleet Operating, LLC OCS-G00985 Eugene Island (EI) 259 C
Facility. While attempting to install stabilizing brackets to support piping during
platform removal operations, a section of pipe was cut that was next to the CF’s right
leg. Once the section was cut, the remaining pipe shifted making contact with the CF’s
right leg. The CF suffered a severe injury due to this incident.",The CF suffered a severe injury due to this incident.,,,,,,,,,,,,,,,"Sequence of Events:
On November 8, 2021, a welder and CF were attempting to install stabilizing brackets to
support piping during platform removal operations. The CF was sitting on a piece of
pipe with his right leg draped across a different section of pipe. The CF was working
at a height that required a fall protection harness with no scaffolding or other work
platforms available. Due to working on the piping in a harness, the CF had limited
mobility and positioning. A welder was next to the CF welding the stabilizing
brackets. Approximately 20 ft. away from where the CF and welder were located, a crew
of three construction employees were cutting a section of 8-inch pipe that was located
next to the CF. Once the pipe passed the CF’s leg, it took a 90-degree turn then
rested in a P-trap. Once the pipe was cut, it began to slide towards the CF pinning
his right leg between a flange on the cut pipe and the piping the CF’s leg was draped
across. The welder and the three construction employees were able to move the pipe and
lower the CF to the deck. The CF was evacuated via medivac helicopter to an onshore
medical facility where he was treated for multiple fractures of the right femur.
BSEE INVESTIGATION:
On November 8, 2021, the Bureau of Safety & Environmental Enforcement (BSEE) Lafayette
District (LD) Accident Investigator (AI) received a phone call notification regarding
an injury that occurred during decommissioning operations on White Fleet’s EI-259-C
Facility. The AI requested additional information pertaining to the incident such as
the Job Safety Analysis (JSA), photos, statements and other relevant documents from
White Fleet.
The BSEE LD AI conducted an onsite investigation at EI-259-C on November 11, 2021. BSEE
conducted interviews with the personnel involved in the decommissioning operations.
CONCLUSION:
During the morning Job Planning meeting, there was discussion of cutting pipe for
future decommissioning of the facility however, there was no discussion of what areas
other crews would be located. The CF and the crew cutting pipe were only 20 feet away
from each other but there was no communication of what pipe the crews were cutting.
Also, the JSA identified “pinch points by material shifting” with the hazard
mitigation being “keep body parts away from hazardous areas before moving.” However,
the JSA does not identify the hazard that piping being cut needs to be secured so that
it doesn’t shift once the cut is made (pipe movement due to stored energy).
As a result of the EI-259-C incident, White Fleet has implemented the following
actions:
• White Fleet developed a Lessons Learned Report that was reviewed with all offshore
employees.
• A coaching session with the contract superintendent was developed and a formalized
version of the session will be developed and presented to all contract superintendents
and foreman."
NS-2D7CF0B375,,,2021-11-09,22:00,2021-11-14,SS,224,D,,Maintenance,LIFTING,Loss Event,Health & Safety,Injury TLI,,SYN-f8e9f1,Production Foreman,SYN-af1861,Operations Superintendent,SYN-1671e8,Production Foreman,2021-12-29,SYN-ce9c4b,Operations Superintendent,2021-12-03,"On November 9, 2021, an injury requiring the evacuation of the Injured Person (IP)
occurred at Ship Shoal 224 D platform, at OCS-G01023, owned by Talos ERT LLC. At the
time of the incident, abandonment operations were being conducted on Well D005. The
IP, who was working as a rigger, was helping recover a casing cutter tool (CCT) from
the wellbore. While guiding the tool through the decks, the IP placed his hand on the
crane block. His right hand was caught between the crane cable and the crane block
sheave resulting in lacerations to his ring finger and partial amputation of his pinky
finger.
On the night of November 9, 2021, abandonment operations were scheduled to take place.
Job Safety Analyses (JSA) were performed for the following tasks: Abrasive Cutting
Operations, Crane Ops for night shift 1800-0600, General Work on Deck and Removing
Conductors. Wire rope slings were attached to the CCT and married into the umbilical
every 50’. The crane block was lowered through the decks to launch the tool. Note:
In order to launch and recover the CCT, the IP was positioned on the main deck, while
a second rigger (R1) was positioned on a lower deck.
The IP and R1 were posted in these positions to keep the crane cable, crane block,
wire rope slings and umbilical from rubbing on the grating and I-beams on each deck.
The IP was using his hands to guide the crane block through the deck opening when his
ring finger and pinky finger on his right hand were caught between the crane cable and
the crane block sheave.
Once the IP realized his fingers were caught in the sheave and cable of the crane, he
called for the crane to stop. Another member of the casing cutting team heard the IP
yell out in pain. When he noticed the IP’s hand caught in the sheave, he ran over to
another team member with a radio and called for an all stop. He then instructed the
crane operator (CO) to lower the block until the IP’s hand was free from the block.
The IP was taken to the galley for evaluation. The decision was made to evacuate him
for further medical treatment. All operations were shut down for investigation and a
stand-down was held. The focus of the stand-down was line of fire and hand placement
during crane operations. Additional wire rope slings were added to the rigging to
prevent the crane block from having to be lowered through the opening in the deck.
Personnel were reminded to keep radio communications clear and to use the buddy
system.
The Bureau of Safety and Environmental Enforcement (BSEE) Houma District office was
notified orally and a written report was submitted in eWell within 15 days. The BSEE
Houma District inspectors performed an onsite investigation on November 12, 2021, to
gather additional documentation, pictures, and witness statements.
JSA’s were completed for Abrasive Cutting Operations, Crane Ops for night shift 1800-
0600, General Work on Deck, and Removing Conductors. Although blind lifts and hand
placement was discussed in the pre-tour meeting, these hazards were not identified in
any JSA used that night. All lifts were blind lifts due to the lift boat being
jacked-up to the top of its legs. The top deck of the platform was higher than the
crane cab on the lift boat’s crane, therefore all lifts required the use of radios.
The operator did not enforce its Safe Operating Practices (TSOP-PCD-50) Material
Handling and the IP did not follow this policy. The operator’s Material Handling
policy specifies using push poles to guide suspended loads. It was also noted that
the IP is a certified rigger.
Upon reviewing pictures, documents, incident reports, and witness statements, BSEE
concluded that the IP guiding the load with his hands contributed significantly to
this incident. The JSA’s did not identify the hazard of being caught between the
crane’s cable and sheave. Also, Stop Work Authority (SWA) was not used when the IP
started guiding the load with his hands instead of a push pole. SWA was used, but
only after the IP’s hand was caught between the crane’s cable and sheave.",The incident resulted in a lost-time accident with more than 3 days lost. The facility was evacuated.,,,,,,,,,,,,,,,
NS-E8C9AD866B,,Serious Incident,2021-11-15,08:15,2021-11-17,SM,107,A-PRD,,Production Operations,LIFTING DEVICE,Loss Event,,,,SYN-f7aec9,Marine Coordinator,SYN-5cb07e,Facility Engineer,SYN-ee630c,Facility Engineer,2021-11-25,SYN-d323c1,Operations Superintendent,2022-01-03,"On 15 November 2021 at approximately 0815 hours, while off loading a 8'x 8'x
8'construction toolbox from the platform to the Motor Vessel (M/V) ""Larry Moore"", the
load started to drop suddenly. The Crane Operator (CO) stopped the load from dropping
using the hoist brake, when the boom began to drop suddenly causing the load to hit
the water on high impact. The M/V was not under the load at the time the load
impacted the water. The CO engaged the boom pawl, powered up on the winch and
immediately discovered the load had been lost overboard due to the impact. He secured
the boom back in the cradle and immediately placed the crane out of service for
repair. A JSA and crane pre-use inspection was performed prior to using the crane.","Reported as a crane incident. Estimated property damage $21,000.",Serious Incident,,Serious Incident,20,D,5,,,,,,,A,,
NS-B2ECF10894,,,2021-12-10,08:30,2021-12-12,MP,42,L,,Production Operations,LIFTING,Loss Event,Health & Safety,Injury TLI,,SYN-6c1d51,Facility Engineer,SYN-01a4c3,HSE Advisor,SYN-8246c0,Facility Engineer,2021-12-23,SYN-2bcae0,Maintenance Supervisor,2022-03-03,"On 10 December 2021 at 0830 hours at Main Pass (MP) 42 L, operated by Cantium LLC, an
information technology specialist stepped into an open floor panel while working in
the Motor Control Center (MCC) Building. The injured person’s (IP) leg was fractured,
resulting in a lost time accident greater than 3 days.",CONCLUSIONS: The IP suffered a fractured leg while working alone in caused by a lack of awareness.,,,,,,,,,,,,,,,"SEQUENCE OF EVENTS:
The IP attended the safety meeting at 0600 hours and described his task to install a
new cable in the MCC building. The IP would be working alone, installing a new cable
in the MCC building. The task was considered a routine operation and therefore, did
not require a Job Safety Analysis (JSA).
At 0830 hours, the IP was running a new cable in the floor of the MCC building. The IP
removed a section of floor panel to install the cable. As the IP moved around in the
MCC building, he accidently stepped back into the open hole, fracturing his left leg.
The IP was able to make a telephone call for help and several operators came to his
aid. The open hole was secured and, the IP was evacuated for medical evaluation.
Notification was immediately made to the Bureau of Safety and Environmental
Enforcement (BSEE) New Orleans District.
BSEE INVESTIGATION:
The injury was reviewed in the BSEE’s eWell reporting system by the Accident
Investigator (AI) on 11 December 2021. The AI requested witness statements, JSAs,
work permits, photos of the area, and the scope of work document. The AI reviewed the
appropriate documents.
According to witness statements, Cantium did not identify the hazards associated with
the job before work began. Although this may be a contributing cause, the probable
cause of the injury was a lack of awareness, where the
surroundings.
CONCLUSIONS:
The IP suffered a fractured leg while working alone in
caused by a lack of awareness. However, a contributing
identify hazards prior to the job."
NS-5C05C29868,,,2021-12-17,13:30,2021-12-19,EI,259,,,Construction,LIFTING DEVICE,Loss Event,Health & Safety,Injury TLI,,SYN-d6958c,HSE Advisor,SYN-49830a,Marine Coordinator,SYN-068869,Facility Engineer,2022-01-09,SYN-d0f6e4,Maintenance Supervisor,2022-03-16,"On December 17, 2021, at approximately 1330 hours, a contract employee (CE) injured his
left knee while attempting to walk through a narrow walkway located next to a
containment pan on a crane. The CE was overseeing construction operations on the
facility when he decided to verbally communicate with the crane operator. The CE
climbed the ladder on the crane and proceeded towards the cab of the crane. As he
approached the containment pan, his right foot slipped from the walkway to the pan
causing his left knee to extend and twist to the left. He felt a pop in the left
knee and had to be assisted to the quarters. As the CE rolled his pants to examine
his injury, there was concern for the amount of swelling. The CE was transported to
Lafayette General to treat his injury. An MRI
possible ruptured tendon and required surgery
approximately three to six months of work.",The CE was transported to Lafayette General to treat his injury.,,,,,,,,,,,,,,,
NS-A931BA4FA3,,Serious Incident,2021-12-24,15:30,2021-12-27,VR,38,,* LIFT BOAT,Maintenance,LIFTING,Loss Event,Health & Safety,Injury TLI,,SYN-f0a8a0,Operations Superintendent,SYN-f6d0a0,Marine Coordinator,SYN-dbebc7,Maintenance Supervisor,2022-01-13,SYN-9e6c91,Marine Coordinator,2022-02-10,"On December 24, 2021, at approximately 3:30 p.m., a crane incident injured a Supreme
Services (Supreme) employee. The incident occurred on the Vermilion Block 38M Lease
Number 00204 (VR-38M) platform, which Chevron U.S.A. Inc. (Chevron) operates. While
the port crane of the Helix Energy Solutions (Helix) liftboat Dallas was lifting a 7-
inch casing (casing) in well M003 ST05 (Well M3), the casing lifting pin attached to
the casing failed. The failed pin struck the Supreme employee (IP), who was later
evacuated via medevac helicopter to Lafayette General Hospital.
Chevron was on the VR-38M platform to abandon Well M3. Chevron hired the Helix
liftboat Dallas to serve as a work deck and to use its cranes for the abandonment of
Well M3. Chevron also hired Supreme to complete the well abandonment operations.
Chevron rented two 36-inch-long by 2-inch-diameter casing lifting pins (lifting pin)
and one 11-inch 3M by 11-inch 5M spool (spool) from NNW Oil (NNW). Chevron also
contracted an NNW employee to cut the inner casings and drill holes to install the
lifting pin and riser spool.","The incident resulted in a lost-time accident with more than 3 days lost. Reported as damage over $25,000 and a crane incident. The facility was evacuated. Estimated property damage $38,841.",Serious Incident,,Serious Incident,20,D,5,,,,,,,B,,"Sequence of Events:
On the morning of December 24, 2021, the casing in Well M3 was jet cut. The wellhead was
removed, exposing the casing hanger. The workers noticed the casing had fallen out of
the casing hanger approximately three feet below the casing hanger. A riser spool was
installed on the wellhead along with a bowl for setting casing slips.
On the afternoon of December 24, 2021, a safety meeting was held in preparation for
pulling the non-cemented casing in Well M3. During the meeting, Helix personnel
completed and signed a Job Safety & Environmental Analysis (JSEA) for the crane
operations. Separately, Supreme personnel completed and signed a Behavioral Job Safety
& Environmental Analysis (BJSEA) for crane operations. Finally, the Ultimate Work
Authority (UWA) reviewed and approved the Chevron Crane Lifting Plan for pulling the
non-cemented production tubing and casings.
Supreme used a casing spear to retrieve the first section of casing, raised it 4 feet
above the bowls, and then set the slips around the casing. Then NNW, with the
assistance of Supreme, drilled two 2.25-inch holes into the casing. Supreme and NNW
then installed a lifting pin into the casing and attached the lifting pin to the
crane’s auxiliary hoist line. The crane lifted the casing until it became stuck in the
well; they then set the slips and cut 17.77 feet of casing from this first section. The
Helix crane operator lowered the cut casing onto the deck of the liftboat Dallas.
NNW, with the assistance of Supreme, drilled a second set of 2.25-inch holes into the
remaining section of casing protruding from Well M3. Then, they installed the lifting
pin into the holes of the second section of casing. Next, they signaled the Helix
crane operator to lower the main hoist line and then attached the lifting pin to the
crane's main block. At approximately 3:30 p.m., a Supreme worker gave the Helix crane
operator a signal to raise the casing slowly. Two Supreme workers held the slips,
prepared to remove the slips the moment the casing began to move upward. Within
seconds of the signal given to raise the casing, the lifting pin failed, bending
upwards and striking the IP in the face. The IP fell backwards onto the platform
decking. The medic was called to scene immediately following the incident. The medic
evaluated the IP and prepared him to be moved. The IP was then placed in a personnel
basket to be lifted from the platform to the liftboat. A medevac helicopter was called
at 3:36 p.m. While waiting on the helicopter, the IP was moved to the liftboat TV room
for observation and first aid. The medevac helicopter landed on the liftboat at 5:45
p.m. and departed with the IP for Lafayette General Hospital at 6:00 p.m.
BSEE Investigation:
On December 26, 2021, Bureau of Safety and Environmental Enforcement (BSEE) investigators
from the Lake Charles District (LCD) conducted an onsite incident investigation.
During the investigation, investigators requested statements, all job safety analyses
(JSAs), a list of persons on board (POB), and pre-tour meeting documentation. The
investigators also inspected the work area on the platform where the incident
occurred.
While walking towards the platform from the liftboat, the investigators observed a
7-inch casing on the deck of the liftboat cut to 17.77 feet as marked by chalk. The
company representative confirmed that this casing was the initial cut from Well M3.
The LCD investigators boarded the platform, and while in the work area of the incident,
they observed a riser spool installed on the wellhead. A casing bowl with slips was
sitting atop the riser spool, and a 4-foot section of 7-inch casing was above the
slips. A safety clamp was also installed on the 7-inch casing above the slips. It was
noted that two 2.25-inch holes, drilled for the lifting pin, had elongated upwards.
While on the platform, Supreme workers described to the LCD investigators the steps for
rigging the lifting pin into the 7-inch casing: First, they pass the lifting pin
through the holes drilled in the casing. Next, they slide the D-rings attached to the
sling thimble eye over the lifting pin. Lastly, they slide the retaining washers over
the pin and install the retaining bolts in the holes on each end.
LCD investigators departed the platform and returned to the liftboat to gather written
statements. In the statements provided, the Supreme workers described the incident. The
IP and a co-worker were holding the slips set in the bowl, ready to pull the slips as
the casing began its upward motion. A Supreme worker gave the Helix crane operator a
signal to raise the casing slowly. According to one eyewitness, “within a split second…
it was like a gun went off,” adding that they saw the IP “was knocked out.” Another
worker mentioned asking the crane operator to ""come up easy"" and at the time of the
actual incident seeing ""white smoke and IP fell to the deck.""
The crane used during the incident features a main hoist that operates in a six-part
lifting configuration, with a maximum lift capacity of 300,000 pounds at its highest
angle. The auxiliary hoist, which operates in a two-part configuration, has a maximum
lift capacity of 24,600 pounds at all angles. The crane operated as designed and no
failures were noted that contributed to the incident.
The crane rigging used during the incident consisted of a casing lifting pin, two large
washers, two retaining bolts with two nuts for the same, and a two-part sling with
suspect failures that were no longer at the location for inspection during the BSEE
visit. The rigging items used had been sent to NNW in Carrier, Mississippi, for further
testing.
On December 27, 2021, the BSEE Office of Incident Investigations (OII) issued a
preservation order for the casing lifting pin, washers, bolts, a two-part sling, first
cut casing, casing left in hole, and all documents and pictures related to the day of
the incident.
On December 27, 2021, OII sent two investigators to the NNW shop in Carrier, Mississippi.
They reviewed the inventory of the equipment used during the incident. This equipment
included the 36-inch by 2-inch diameter lifting pin, two 10-inch washers, two retaining
bolts with nuts, and a two-part lifting sling.
OII investigators inspected the two-part sling that Supreme used during the incident.
The sling is rated for 52,000 pounds at a length of 4 feet with a cable diameter of
1.25 inches and D-rings installed in the thimble eye. The sling was recertified on
April 18, 2021, and showed signs of wear including small separations in the strands.
OII investigators inspected the failed casing lifting pin with a safe working load
limit of 60,000 pounds. The lifting pin was bent into a U-shape and had gouges where it
contacted the 7-inch casing. The OII investigators also observed markings on the bottom
of the lifting pin where the washers and D-rings had slid outward. The washers were
bowed from striking the retaining bolts, which left impressions in the washers. The
investigators collected the ""Analysis of the Caisson Pull Pin Evaluation"" for the
lifting pin used during the incident and the procedures for installing the lifting pin.
OII investigators took photographs of equipment inspected.
The LCD investigators reviewed the documents received from the preservation order. As
part of the review, the investigators reviewed Chevron's ""Crane Lifting Plan for
Pulling Non-Cemented Production Tubing and/or Casing."" The plan was approved by the UWA
on December 24, 2021, using the main hoist line, at 12:00 p.m. The investigators found the
following issues with the plan: 1) the field for the name of the crane operator was
left blank; 2) the crane operator was listed as the supervisor of the lift; 3) the
crane's make/model was left blank; 4) the crane capacity at a boom angle of 65 degrees
with a radius of 57.2 feet was calculated on the plan as 110,000 pounds while the load
chart on the crane indicates approximately 179,102 pounds for a 65-degree angle at a
radius of 57.2 feet; and 5) the max capacity of the crane on the plan is listed
incorrectly as 9,900 pounds instead of 99,000 pounds.
According to the Chevron lift plan that was partially completed for the initial casing
pull, the Max Weight Capacity to be pulled could not exceed 24,255 pounds. The crane
operator’s statement indicates that the first attempted lift of the 7-inch casing was
using the auxiliary hoist, instead of the main hoist as planned. To facilitate the
pull, NNW, with the assistance of Supreme, drilled two 2.25-inch holes into the casing.
They then installed a lifting pin into the casing and attached the lifting pin to the
crane’s auxiliary hoist line. The crane lifted the casing until it became stuck in the
well; they then set the slips and cut 17.77 feet of casing from this first section. The
Helix crane operator lowered the cut 17.77 feet casing onto the deck of the liftboat
Dallas. At this time, NNW, with the assistance of Supreme, drilled a second set of
2.25-inch holes into the remaining section of casing protruding from Well M3. Then,
they installed the lifting pin into the new holes of the second section of casing.
Next, they signaled the Helix crane operator to lower the main hoist line and then
attached the lifting pin to the crane's main block. It should be noted that the
auxiliary hoist has a maximum capacity of 24,600 pounds, which is sufficient to pull
the Max Weight Capacity of 24,255 pounds calculated on the plan. Therefore, it should
not have been necessary to use the main hoist with a greater pulling capacity of
179,102 pounds for a dynamic lift. However, the crane operator's statement noted,
""Casing pipe got stuck in hole while using the AUX line block! So, I was ask to bring
down big blk to hook up slings and pull casing pipe up,” which would indicate that the
Max Weight Capacity for this pull was likely over-pulled with the use of a larger
capacity main hoist. The Helix crane operations JSEA and Supreme's pulling casing with
crane BJSEA did not mention the maximum lifting weight capacity of 24,255 pounds, which
was calculated in Chevron's approved lifting plan. An all-stop was also not called to
address the stuck casing.
The LCD investigator’s review of NNW procedure used for this job, ”NNW-PRO-SOP.140
Single String Casing Cut and Retrieve,” was written for a drilling rig utilizing a Top
Drive with Bails, not a crane on a liftboat. Furthermore, the procedure incorrectly
states that the lifting capacity for 2-inch casing pins is 67,000 pounds; whereas, a
certified two-inch pin pull analysis dated April 7, 2016, provided by NNW, states
the safe working load limit is 60,000 pounds. In the certified pull pin analysis, there
is a note that states, “the pull linkages (D-rings) are required to be adjacent to the
caisson in order to minimize bending load on the pin.” The pictures taken by OII at the
NNW yard at the NNW shop in Carrier, Mississippi, show markings on the pin indicating
the D-rings were not adjacent to the casing. It was estimated that the D-rings were
approximately two inches from the casing.
A review of the crane documents found that on December 25, 2021, the liftboat Dallas's
crane was inspected due to being shock loaded during the incident. The crane technician
inspected the main hoist line and stated that he “found 1 strand damaged and 3 other
strands with damaged wires.” The main hoist line was put out of service. As a result,
on January 1, 2022, an S&A Services crane technician at the Helix yard in Fourchon,
Louisiana, replaced the damaged main hoist line on the liftboat Dallas's crane. The
technician also completed a quarterly inspection, subsequently returning the main
hoist to service. On January 3, 2022, the liftboat Dallas returned to VR-38M to complete
the temporary abandonment of Well M3.
On January 4, 2022, LCD investigators traveled to an independent third party testing
facility in New Iberia, Louisiana, to witness pull testing of casing pins. The new
casing pins were of the same type, size, and material as the failed pin. The test used
the 17.77-foot-long casing removed in the first lift and the two-part sling used during
the incident. The casing end with previously drilled holes was fabricated into a test
stump to test the new casing pins. The casing pins were inserted into the holes in the
casing stump. The D-rings on the sling were placed adjacent to the casing with new
washers and two retaining bolts with nuts. The sling was connected to the test
cylinder.
The first test had four stopping points, each held for one minute:
• The first stopping point was equivalent to the known weight of the lift: 12,543
pounds.
• The second stopping point was equivalent to the Max Weight Capacity in the lifting
plan: 24,255 pounds.
• The third stopping point was equivalent to the casing pin’s working load limit:
60,000 pounds.
• The final stopping point was equivalent to the test stump's working load limit:
150,000 pounds.
The test was started and held at each point. After the one-minute hold, the pull weight
was lowered to zero, and the casing was visually inspected at each stopping point.
After the final pull test of 150,000 pounds, the pin was removed from the test stump
and checked against a straight edge. Although the pin had a ¼-inch bow, it passed the
test in that it did not bend to failure similarly to the incident.
For the second and final test, a new pin was inserted into the holes in the casing
stump. The D-rings on the sling were placed 3 and 4 inches away from the casing with
new washers and two retaining bolts with nuts. The sling was then connected to the
test cylinder. The purpose of this test was to determine the outcome if the slings
were installed incorrectly with the D-rings not adjacent to the casing.
The second test had two stopping points, each held for one minute. The final pull was
going to be the failure point of the casing pin; the pin would only be inspected after
the failure point.
• The first stopping point was equivalent to the Max Weight Capacity in the lifting
plan: 24,255 pounds.
• The second stopping point was equivalent to the casing pin’s working load limit:
60,000 pounds.
The test was started and held at each stopping point, then pulled to failure. The
casing pin failed at 102,500 pounds. The pin bent similarly to the pin used during the
incident; the pin bent into a U-shape and had gouges in the metal with similar
markings in paint from washers and D-rings.
Metallurgy test results completed by an independent third party on July 23,2025, stated
the following: “Testing data appears to match the MTR provided and fits the mechanical
properties of ASTM A193 B7"" and ""Hardness values meet the MTR and ASTM A193 Grade B7.”
On January 6, 2022, the BSEE LCD received an update on the injured person. The IP
received a subdural hematoma, blunt trauma of the face, an open fracture of the right
side of the base of the skull, and multiple closed fractures of the facial bones.
On January 10, 2022, LCD investigators went to the VR-38M platform and landed on the Helix
liftboat Dallas. The purpose was to witness the retrieval of the stuck casing in Well
M3. The LCD investigators witnessed the removal of the 11-inch 3M by 11-inch 5M riser
spool from Well M3. After the spool was removed from the wellhead, the seal ring atop
the 7-inch casing was exposed. The Supreme crew speared into the casing. Using the
crane, three attempts were made at 20,000 pounds to pull the casing free from the
wellhead; all three attempts failed. Chevron then made the decision to use casing jacks
to remove the stuck casing.
While the casing jacks were being installed on the well, LCD investigators spoke with
the crane operator on duty. The LCD investigators were informed by the crane operator
that the auxiliary hoist and main hoist lines are monitored by an onboard display. The
crane operator explained that both hoists have audible alarms that sound when reaching
the maximum lifting point, which is determined by the crane's radius and boom angle.
When the maximum weight limit is reached, the hoists are locked out from lifting a
heavier weight. The LCD investigators were also informed the weight indicator had an
approximate one second delay from the sensor to the onboard display, which shows the
current lifting weight.
When the casing jacks were installed on the wellhead, slips were installed in the bowl
on top of the jacks onto the work string. The jack was extended upward freeing the
casing. Based on the hydraulic pressure needed to lift the casing, the weight was
calculated to be approximately 70,000 pounds.
With the casing freed, the LCD investigators could see the casing collar wedged into
the casing hanger and the seal plate atop the hanger. At the LCD investigators'
request, the NNW worker measured the diameter of both. Using a “pi tape”, the worker
measured the casing hanger's circumference and found the diameter to be approximately
10.88 inches. He then used the “pi tape” to measure the seal ring's circumference,
finding the diameter to be approximately 11.44 inches. Therefore, the seal ring, which
was approximately .44 inches larger than the 11-inch 3M by 11-inch 5M riser spool,
could not drift through the spool riser at the time of the incident.
Conclusion:
Supreme and NNW workers removed part of the wellhead exposing the seal ring sitting on
top of the casing hanger. They installed a spool riser onto the wellhead, which had an
inside diameter of 11.00 inches, on top of the exposed seal ring, which had a diameter
of 11.44 inches. When the crane operator was retrieving the first cut of the 7-inch
casing with the auxiliary hoist, the casing collar pushed the casing hanger and the
seal ring. The casing then became stuck because the seal ring could not pass through
the spool riser.
The crane operator attempted to lift the second section of stuck casing with the main
hoist, which was not free to be lifted. The casing pin bent into a U-shape striking
the IP. It is believed the pin bent with a lifting force of over 102,000 pounds, based
on the independent third party pull test."
NS-035A281351,,,2022-01-04,13:30,2022-01-08,SP,75,A,,Maintenance,open hole,Loss Event,Health & Safety,,,SYN-37488b,Facility Engineer,SYN-005ffc,Operations Superintendent,SYN-c49523,Operations Superintendent,2022-01-16,SYN-501155,Operations Superintendent,2022-02-07,"At approximately 1300 hrs, three Crown Fabricators employees went down to the sub-
cellar level to remove debris, caused by Hurricane Katrina, for the purpose of
clearing safe egress and clear access to the boat landing below and to
secure/barricade off the area from other personnel. While assisting the welder with
the demolition of a stairway, one employee took a step back and fell through a 3 x 3
open hole that was missing grating and fell approximately 25-30 feet below onto the
+10 deck.
Investigations findings:
1) On 2-09-2006 a Job Safety Analysis (JSA) was performed by Crown Oilfield Services.
In the JSA 100% should be tied off while working around openhole, this was addressed
and all employees signed off on the JSA.
2) The contract employee was not wearing fall protection while working around an open
hole.
3) The operator had adequate fall protection on location for safe operations.
4) The contract supervisor did not check to see that the JSA was followed and fall
protection equipment was used.
5) The employee's co-workers did not follow Apache's shut down policy as stated in
their Offshore Safety Orientation Handbook. ""If you observe any unsafe conditions or
operation while onboard any Apache facility, you have the authority to shut down the
operation and report the condition to a supervisor in charge.""
6) Apache Corporation's Offshore Safety Orientation Handbook (page 1) addresses 100%
tie off when a risk of a fall is present.",The incident resulted in an injury recorded without a severity code.,,,,,,,,,,,,,,,
NS-B5A14F24ED,,,2022-01-22,22:25,2022-01-23,,,"5. PLATFORM, HARVEST",,Production Operations,LIFTING DEVICE,,,,,SYN-392979,Production Foreman,SYN-04b991,Marine Coordinator,SYN-b12d50,HSE Advisor,2022-02-07,SYN-350ac4,Operations Superintendent,2022-02-23,"On 7/9/06 at 0145 a fire alarm was indicated in 332 CIU originating at LACT charge
•c•.
pump The Optical Flame Detectors (OFD's) and fusible loops at the pump intiated
deluge and an emergency platform shutdown. Fire was limited to the seal and motor
acn.
area of pump A portable fire extinguisher was used to extinguish residual
flames although deluge coverage was adequate to contain the flames. Approxiinately 10
gallons of crude oil was released on the plus 60 deck. The oil was contained by the
deck drain system.",,,,,,,,,,,,,,,,
NS-7AC5B86665,,Incident,2022-01-31,22:50,2022-02-01,GC,237,,ENSCO 8502,Maintenance,LIFTING DEVICE,Loss Event,Environment & Reputation,Loss of Containment,,SYN-2e547a,Marine Coordinator,SYN-311743,HSE Advisor,SYN-0891c9,Operations Superintendent,2022-02-09,SYN-8d0d49,HSE Advisor,2022-03-12,"-
On January 31, 2022, a loss of power onboard the Ensco 8502 resulted in the Emergency
Disconnect System (EDS) being activated from the drill floor.
At the time of the incident, the Ensco 8502 was conducting drilling operations on
Energy Resource Technology's 002 well, located in Green Canyon 237, lease number
OCSG-15563. The crews had just finished cementing operations on the 13 5/8 inch
casing and were in the process of testing the Blow-Out Preventers (BOPs) when the
incident occurred.
At approximately 22:42 hours on the day of the incident, a blown fuse on the #4
generator caused a series of events throughout the ship's electrical system which
resulted in a temporary loss of four of the vessel's eight thrusters. The vessel,
now only operating with half its thrusters, was unable to maintain its position due
to the currents. As the crew tried to maintain control, the ship slowly began
drifting closer to the ""Red Zone"", located approximately 82 feet from well center.
The ""Red Zone"" is an area designated by the operator to give a warning when the ship
is too far off course and in danger of damaging drilling equipment subsea. Once the
""Red Zone"" was reached, approximately 3 minutes after the blown fuse, the Driller
onboard the rig activated the EDS from the drill floor. Upon activating the EDS, the
system is designed to shear any pipe across the stack and close the Annular before
unlatching the Lower Marine Riser Package (LMRP) from the BOP. This process should
enable the rig to secure the fluid in the riser via the closed Annular and seal off
the wellbore via the Blind Shear Rams (BSRs). Once complete, the ship can drift away
without causing any further damage to the riser or BOP Stack.
The EDS system worked as designed, and the crew regained control of the vessel
approximately 519 feet away from the ships original position. As a result of the
incident, approximately 150 barrels of SBM were released into the waters of the Gulf
of Mexico. The fluid loss came from the remaining drill pipe in the riser and
through the choke and kill hoses running from surface.
The incident was reported, and no injuries were sustained. The Bureau of Safety and
Environmental Enforcement (BSEE) and the United States Coast Guard (USCG) both began
an investigation into the incident. The Riser was displaced immediately with sea
water to prevent any further release of SBM into offshore waters. Remotely Operated
Vehicle (ROV) footage showed that the well was secure and undamaged, and the crew
began working with the USCG to determine what was needed to ensure a safe operation
before proceeding with well work.","The incident was reported, and no injuries were sustained.",Incident,,Incident,8,D,2,,,C,,,,,,
NS-26F655878E,,,2022-02-04,20:25,2022-02-05,HI,,A,NABORS SUPER SUNDOWNER,Maintenance,LIFTING DEVICE,Near Hit,,,,SYN-d71c17,Operations Superintendent,SYN-3545f1,Marine Coordinator,SYN-fb39de,Maintenance Supervisor,2022-02-21,SYN-50d192,Facility Engineer,2022-04-26,"-
Rig was picking up 31' by 2 3/8"" tubing in single joints from v-door with bails and
elevators to make up on tubing string to run in the hole. As the block traveled up
with a tubing joint, the bails, elevator, and tool joint of tubing were not properly
inside the derrick. Therefore, the elevators struck the derrick above the v-door
causing the lower end of the tubing joint to violently swing into the rig floor
striking the Tong Operator in the left side of his face.",The facility was evacuated.,,,,,,,,,,,,,,,
NS-E727749B4E,,Incident,2022-02-12,09:15,2022-02-13,GC,787,A (Atlantis),,Construction,LIFTING,Loss Event,,,Gas/Vapour Release,SYN-68fe7d,Maintenance Supervisor,SYN-c87f02,Marine Coordinator,SYN-14ca82,HSE Advisor,2022-03-16,SYN-d0c515,Production Foreman,2022-04-07,"At approximately 2115 hours on Tuesday, February 12, 2022, an incident occurred on the
Floating Semi-Submersible Platform, Atlantis. The platform is located at Green Canyon
Block 787-A, OCS-G 23579. The operator on record is BP Exploration & Production Inc. A
high pressure gas release occurred on sales gas meter #3. The gas release was
discovered by third party personnel working in the area, who immediately contacted the
control room. Production personnel confirmed the gas release and the control room shut
in and blew down the gas compression system. The operating personnel then opened the
valve for the buyback gas in order to keep the gas generators online. After
approximately 15 minutes, the operating personnel realized the buyback gas was feeding
the existing gas release. After the buyback gas valve was closed and approximately 30
minutes after the initial discovery, the gas release ended at approximately 2145
hours. Throughout the incident no general alarm, emergency shutdown (ESD), or
personnel muster was initiated. However, after the gas release ended the platform
remained shut in overnight.
During normal operations on Friday, January 25, 2022, 18 days prior to the gas release,
a third party measurement technician was replacing a transmitter on the sales gas
meter #3 and installed Teflon seals. The technician was unaware of a BP policy that
only Viton O-rings (Green Tweed 938 elastomer) should be used instead of the Teflon
seals. The seal failed at approximately 2100 psi resulting in this gas release
incident. This was the fourth gas release incident to occur on BP facilities since
2008 and the third on Atlantis. On July 14, 2012 a gas release incident occurred on
the Atlantis facility. On March 28, 2013 a gas release occurred on another BP facility
(Nakika). Eleven days later on April 7, 2013 another gas release occurred on the
Atlantis facility. All of these incidents were due to failed Teflon seals.
During the BSEE visit at the platform on March 27, 2022, the inspectors noted the
height/distance of the gas detectors in relation to the sales gas skid and pointed
this out to the operators. Statements were obtained in relation to the incident. On
May 30, 2022, BSEE interviewed the Measurement technician who performed the gas
meter transmitter and seal replacement on January 25, 2022. The technician verified that
miscommunication played a factor in the chain of events which led to the incident.
According to the technician, the BP employee asked him if he was replacing ""like for
like"". The technician assumed the BP employee meant the transmitter equipment since he
had no knowledge of the importance of the seals.",Reported as a shutdown following a gas release.,Incident,,Incident,8,D,2,,,,,,,,,
NS-09DCDB4EE6,,,2022-02-16,12:00,2022-02-19,ST,148,B,* COIL TUBING UNIT,Production Operations,LIFTING DEVICE,,,,,SYN-fc00fb,Production Foreman,SYN-0e8729,Maintenance Supervisor,SYN-69bdad,Operations Superintendent,2022-03-15,SYN-66d417,Production Foreman,2022-05-30,"On Friday February 16, 2022, at approximately 1200 hours, an incident occurred during
coiled tubing operations at Lease OCS-G 01898, South Timbalier Block 148, Platform
""B"", causing moderate damage to the gas buster and associated piping. Inspectors from
the Houma District arrived on location to conduct an accident investigation on August
09, 2006.
While attempting to circulate a hydrate plug out with coiled tubing using a 50/50
fluid mixture of glycol and water, gas came through the gas buster due to the slow
response of the hydraulic choke operator. He was cautioned about the importance of
mainting control of the gas during the CT operation. After pulling out of the hole, a
lead impression block was attached to the CT. On the next trip in the hole, the CT
could not get deeper than 8 feet. While pulling out of the hole, the operator was
told to close the choke. It could not be determined after Newfield's ivestigation
into the accident, that the operator closed the choke before or after the incident. A
large gas bubble went up the 2 inch return line, through the choke, then into the gas
buster, shearing the bolts securing it to the top of the sand trap tank and falling
approximately six feet to the deck. After the accident, the operator found both choke
stems and beans damaged. These were replaced as well as the gas buster and the choke
operator. The job was completed with no other
injuries, or fatalities.",,,,,,,,,,,,,,A,,
NS-4538E59E85,,Serious Incident,2022-02-25,04:30,2022-02-27,EW,947,A,,Construction,LIFTING DEVICE,Loss Event,,,Combustion,SYN-ed8f88,Operations Superintendent,SYN-10436f,Marine Coordinator,SYN-f556b5,Marine Coordinator,2022-03-13,SYN-86760f,Facility Engineer,2022-03-26,"On February 25, 2022, at the Ewing Banks Block 947 A Platform, subsequent to returning the
platform to production, the platform Operator responded to a platform alarm to find
the glycol unit down due to a Level Safety High (LSH) on the glycol contactor and
skimmer. The unit was reset and the reboiler burner relit on the second try. The
unit was running for approximately 5-8 minutes when the operator saw a blue flame at
the glycol unit's intake arrester. The fire then further ignited at the glycol
reboiler flame arrestor, jumped to the glycol pumps and spread to the contact tower
and fuel gas skid. The crew extinguished the fire with dry chemical and the fire
water system.","Reported as a fire. Estimated property damage $163,000.",Serious Incident,,Serious Incident,12,D,3,,,,,,,C,,
NS-7A2149ED8B,,Incident,2022-03-29,06:57,2022-03-30,MC,777,,T.O. DISCOVERER,Drilling,LIFTING DEVICE,Loss Event,Environment & Reputation,Loss of Containment,,SYN-f4637f,HSE Advisor,SYN-bc1f58,Facility Engineer,SYN-ad3034,HSE Advisor,2022-04-20,SYN-ecd3ae,Facility Engineer,2022-07-08,"At 0656 hours on March 29, 2022, maintenance personnel near the port aft high
voltage switch gear room heard an abnormal noise/buzzing with light smoke in the
space. During their investigation of the space, they heard a louder pop and found the
port harmonic filter had blown its three fuses. The fuse material caused a small fire
due to the fuse slag near the base of the unit. A portable CO2 fire extinguisher was
used to extinguish the flame.
The high current caused by the harmonic filter failure caused a short duration
voltage dip on the main 11KV bus that caused all the thrusters to come off line and a
brownout due to the online generators disconnecting from the bus. At 0659 hours the
vessel reached the red watch circle and the emergency riser disconnect sequence was
initiated. At 06:59:45 hours the separation of the LMRP was confirmed at a distance
of 185 feet from location resulting in the release of synthetic base drilling fluid.
A total mud loss of 547 bbls of which 383 bbls was oil base. No visible sheen was
reported at the surface.
While attempting to restore thruster control, the rig blacked out at 0702 hours
approximately 290 ft from location. At 0705 hours, power was restored and at 0706
hours thrusters restored. Position was stabilized by 0717 hours approximately l456 ft
from location.
Findings:
Port harmonic filter had failed and a dead short between phases at the port harmonic
filter fuses occurred, causing an upset on the 11KV power bus.
Emergency bus supply to essential services was interrupted when the circuit breakers
that maintain this supply tripped. The cause of this is subject to further ongoing
investigation.
The essential services bus powers the main fuel pumps for the main generators and the
2 main generators connected to the bus where unable to deliver the required load of
the thrusters that were in-service. A sequence of load shedding and under/over
frequency events were initiated with the generators having a fuel rack setting of
100% but insufficient fuel being supplied to the engines. The generators eventually
opened their breakers causing all 6 thrusters to drop offline.
Following the black out event, the system restored itself normally from the dead bus
position.","Reported as a pollution release. Estimated property damage $140,000.",Incident,,Incident,8,D,2,,,C,,,,C,,
NS-AC571044DF,,,2022-04-04,03:30,2022-04-11,SM,130,D,,Production Operations,LIFTING DEVICE,,,,,SYN-914a43,Maintenance Supervisor,SYN-fd5d25,Operations Superintendent,SYN-c0ae58,Facility Engineer,2022-05-08,SYN-651f56,Maintenance Supervisor,2022-05-26,"On 17 October 2011 at approximately 1700 hours, a contract blaster (CB) received a 1""
puncture to his right foot while water blasting the kick plate on the northwest side
of the crane deck. The blasting nozzle used by the CB was approximately 22"" long, had
a high speed rotating head at the discharge point with the nozzle producing 30 to 35
pounds of blasting resistance. The CB inadvertently touched the kick plate with the
rotating head of the blasting nozzle, forcing the blasting nozzle to cross the CB's
right boot. The CB was flown to Lourdes Hospital where he was treated for his injury
and released.",The CB was flown to Lourdes Hospital where he was treated for his injury and released.,,,,,,,,,,,,,,,
NS-124AB1E30F,,Incident,2022-04-24,13:30,2022-04-26,GC,821,,DIAMOND OCEAN BLACKHORNET,Production Operations,LIFTING,Loss Event,Environment & Reputation,Loss of Containment,,SYN-5e115e,Maintenance Supervisor,SYN-9ef56c,Marine Coordinator,SYN-bcc08f,Production Foreman,2022-05-11,SYN-8ebb2b,Maintenance Supervisor,2022-12-26,"On April 24, 2022, an incident occurred on the Diamond Ocean Black Hornet which was
working under contract for BP Exploration & Production Inc. Drilling operations were
being conducted at Green Canyon Block 821 OCS-G34561 Well 002. There was an
unintentional discharge of approximately 13 barrels of synthetic oil-based mud (SOBM)
into the Gulf of Mexico due to a valve misalignment at the mud mix manifold while
attempting to transfer wash water overboard.
On the morning of April 24, 2022, the off duty Derrickhands (crew 1) prepared a Job
Safety Analysis (JSA) in preparation to discharge wash water overboard from the #17
mud pit. Also that day, the on duty Derrickhands (crew 2) needed to increase the mud
weight in the #11 and #13 active mud pits. They activated the #1 mud mixing pump to
circulate the mud while increasing the fluid weight. At 12:00 hours there was a tour
change and the mixing pump was left on to continue circulating the fluid in the pits.
The crew 2 Derrickhands communicated to their relief (crew 1) the current operation
with handover logs and verbal notifications. With the mud mixing pump already lined
up on the #11 and #13 active mud pits, the crew 1 Derrickhands proceeded to line up
the valves on the mud mixing manifold to discharge the wash water overboard. The
procedure called for the wash water to be pumped overboard using the #1 mud mixing
pump after the overboard discharge valve was opened. With the mud mixing pump still
circulating the mud in the #11 and #13 active mud pits, the overboard discharge valve
was opened and the Driller noticed a volume loss in the #11 and #13 active mud pits.
He notified the crew 1 Derrickhands and they immediately started looking for the
issue. They referenced the mud monitoring screen and shut down the #1 mud mixing pump
and closed the discharge valve, but not before discharging 13 barrels of SOBM into the
Gulf of Mexico.
The Bureau of Safety and Environmental Enforcement (BSEE) Inspectors conducted an
onsite inspection and investigation on May 5, 2022 and collected documentation for
the incident. It was determined that approximately 13 barrels of 14.7 pounds per
gallon (PPG) SOBM was discharged into the Gulf of Mexico due to an incorrect valve
line up. Of the 13 barrels of SOBM, 6.24 barrels was comprised of synthetic oil. The
investigation revealed that the #1 mud mixing pump was left on by the crew 2
Derrickhands when they went off tour. During the tour change meeting, one of the crew
1 Derrickhands one was informed that the #1 mud mixing pump was still circulating the
#11 and #13 mud pits, and the other was informed that the mud weight was increased but
not specifically told that the #1 mud mixing pump was still running. The mixing pump
activation was not listed in the daily handover logs given to either of the crew 1
Derrickhands coming on tour. After the Derrickhands discussed which valves to open
and who was going to manipulate each valve, the process started. The Driller
instantly noticed mud volume losses in the #11 and #13 mud pits after they opened the
overboard discharge valve and he notified the Derrickhands. Moments after speaking
with the Derrickhands, one proceeded to the mud monitoring screen in the mud pit room
and turned the #1 mud mixing pump off while the other closed the overboard discharge
valve. They strapped the #11 and #13 mud pits to determine the amount of SOBM
discharged overboard, which was found to be 13 barrels.
The investigation determined the primary cause of this discharge was improper valve
alignment and failure to follow procedures. The crew 1 Derrickhands failed to
properly check the mud system and valve alignments prior to opening the overboard
discharge valve. Poor communication during tour change also contributed to this
discharge. The Diamond Offshore Transfer Permitted Fluid Overboard procedure states
to double check the line up by walking the line to confirm appropriate valves are open
and others are closed prior to opening the overboard discharge valve. Diamond
Offshore has revised and implemented their Job Safety Analysis (JSA) and the Site-
Specific Plan (SSP), adding a Fluid Transfer Pre-Checklist that includes a step to
ensure both mud mixing pumps are switched off prior to the valve alignment. Also, a
documented discussion was held with the on and off tour Derrickhands about the job
expectations, highlighting the importance of having the proper line-up checks and
preparing accurate handover notes at tour changes.",Reported as a pollution release.,Incident,,Incident,8,D,2,,,C,,,,,,
NS-C89F365F7E,,Serious Incident,2022-04-24,15:00,2022-04-26,SS,229,­ A,,Drilling,LIFTING DEVICE,Loss Event,Business Interruption & Cost,Equipment Damage,,SYN-915822,Marine Coordinator,SYN-928e9e,HSE Advisor,SYN-4e89e3,Operations Superintendent,2022-05-17,SYN-df1346,Operations Superintendent,2022-06-11,"-
At approximately 1300 hours on April 24, 2022, an incident occurred on the Ship Shoal
229 A (SS-229A) structure, operated by ANKOR Energy LLC (Ankor). While attempting to
offload equipment from the structure onto an offshore vessel, the platform crane boom
suffered a major structural failure.
While lowering the load down to the vessel, the crane operator realized something was
wrong when the booms swing control became inactive. The load was approximately 10 to
20 feet above the deck of the boat, with the boom at a 70 degree angle. The crane
operator called his lead operator via company radio alerting him of the situation.
Once the lead operator met him in the crane cab, both men noticed what sounded to
them like failure of the boom hydraulic pistons and then realized that the boom and
load were lowering uncontrollably. The crane operator then tried to raise the boom
when it collapsed in the middle dropping the load onto the starboard side and deck of
the vessel. The crane operator then lowered the load line block to enable the
deckhand to unhook the slings, which allowed the vessel's captain to move away from
the area. A company field mechanic was then brought to the platform to secure the
crane boom in its cradle.","While attempting to offload equipment from the structure onto an offshore vessel, the platform crane boom suffered a major structural failure.",Serious Incident,,Serious Incident,20,D,5,,,,,,,,,
NS-774B359FC1,,,2022-05-07,07:30,2022-05-11,EI,120,15,,Marine & Logistics,LIFTING DEVICE,Loss Event,Health & Safety,Injury Minor,,SYN-7efbfc,Maintenance Supervisor,SYN-5adcaa,HSE Advisor,SYN-92dbda,Facility Engineer,2022-05-22,SYN-430c12,Facility Engineer,2022-06-21,"­
On 7 May 2022, a wireline crew was performing well services operations on the Lift
Boat (Macy Lyn). A Job Safety Analysis (JSA) had been reviewed before operations
began, but did not document the potential risks and hazards associated with the
wireline operations. At approximately 0100 hours, a Contract Wireline Helper (CWH)
who had not attended his company's wireline school was involved in an incident when
the wrenches he was using slipped-striking his ring finger.
Although the CWH felt pain, he thought it wasn't significant enough to warrant
attention from the medic at the central facility and after talking with his
supervisor, he continued to work and Stop Work Authority was not used. The lessee's
policy states:
""All incidents involving injury, illnesses, property damage, fires, explosions,
vehicle, vessel, theft of near misses regardless of severity must be reported to your
supervisor immediately and documented on the Lessee's Loss Occurrence Report.""
After the wireline crew finished rigging down their equipment before they went to
bed, they had been up for 18 hours which was well over the company policy of 12
hours. They resumed work at approximately 0730 hours the same morning at which time
the wireline crew was going into the well when the wire jumped the sheave. The CWH
saw the wire jump the sheave and re-entered the restricted area that had been
barricaded off with hazard tape. The CWH was attempting to adjust the wire while the
unit was still running and the wheel was still in motion when his finger was pulled
between the spoke of the wheel by the wire jumping out of the sheave. No precaution
of clamping the wire had been taken before the CWH attempted to adjust it. This
forced his hand into the wheel causing it to strike the sheave fork, injuring his
finger. During the investigation, the CWH stated he had adjusted the wire this way on
previous wireline operations.
The Crane Operator on the lift boat initiated stop work authority and assembled
everyone in the dining area. At approximately 0830, the company representative
informed the central facility medic of the two incidents involving the CWH. The Medic
called the person-in-charge and informed him of the incident. The boat was sent to
pick up the CWH and return to the central facility. The CWH was flown in for
treatment and discovered his finger was fractured.",The incident resulted in restricted work or job transfer for more than 3 days. The facility was evacuated.,,,,,,,,,,,,,,,
NS-757D25E2C2,,,2022-05-24,08:25,2022-05-26,HI,A 384 A,A,,Production Operations,LIFTING DEVICE,,,,,SYN-1a99ff,Production Foreman,SYN-c11896,Facility Engineer,SYN-c7f798,Production Foreman,2022-06-07,SYN-713b6e,Production Foreman,2022-07-31,"On 18 October 2012, an injury occurred while crane operations were being conducted at
HI A 384A. On the previous day (17 October 2012), painting and blasting operations
were being conducted and at 1700 hours the paint and blast crew covered the crane's
fast line with plastic and secured it with duct tape along the length of wire rope in
the 70' boom. After the wire rope was covered in plastic, the Crane Operator (CO)
made two lifts without removing the plastic before shutting the crane down for the
day. Witness statements of the paint crew say Stop Work Authority was used to point
out plastic in crane mechanisms on 10-17 but that the CO resumed operations
regardless.
The next day (18 October 2012), the same CO resumed crane operations at 0800 with the
wire rope still covered in plastic. A total of 4 lifts were made without incident
including 2 personnel transfer lifts to a workboat. The $0 then positioned the
boom over his next load and was signaled to winch down. The 210 pound cylindrical
crane ball descended 30' and jammed up-stopping unexpectedly. The CO continued to
work the crane controls causing the wire rope to unspool and ""ball up"" before the jib
section. Once an estimated 50' of slack wire rope winched out, the wire rope jam
freed, causing the ball to free-fall 40', striking the Injured Person (IP) in his
left foot. The IP was evacuated by field aircraft to a Lafayette medical facility
where he was treated for injuries to his left foot, including two fractures and
lacerations to the bottom of his foot.
Investigation revealed that the CO was not certified in accordance with API RP 2D.
The Drane pre-use inspection did not identify foreign objects in the wire rope spool.
Work was not stopped at the first sign of crane failure.",,,,,,,,,,,,,,A,,
NS-D9E794D341,,Serious Incident,2022-07-16,13:19,2022-07-17,HI,A 379 B,B,,Production Operations,LIFTING,Loss Event,,,Combustion,SYN-080e2f,Marine Coordinator,SYN-47ad41,Facility Engineer,SYN-172b4f,HSE Advisor,2022-07-27,SYN-ab9c35,Operations Superintendent,2022-08-14,"On July 16, 2022, at approximately 1349, the Bureau of Environmental Enforcement (BSEE)
Production Operations Lead Inspector received a call from the W&T Offshore Safety Manager
reporting a fire at the HI A 379 B facility operated by W & T Offshore, Inc. during
construction operations.
The safety manager initially reported the fire was extinguished and provided updates as more
information became available. The subsequent","Reported as a fire. Estimated property damage $5,500.",Serious Incident,,Serious Incident,12,D,3,,,,,,,A,,
NS-19D178BEA4,,Serious Incident,2022-07-31,12:45,2022-08-02,VK,989,A,,Construction,LIFTING DEVICE,Loss Event,,,Combustion,,,SYN-9767a2,Maintenance Supervisor,,,,,,,"-
A small fire occurred in the deck drain next to a designated hot work area while
performing repairs on the A-29 Vent/Drain Header. Sparks from a grinder being used to
clean and prep the pipe for welding, entered into the drain outside of the immediate
hot work area and ignited residual hydrocarbons. Although, the drain had previously
been cleaned, flushed and filled with soap and water, a flash fire still occurred.
The fire was immediately pushed to the West end of the drain with the use of the
standby light water hose reel, where it was extinguished with the use of a 30 pound
extinguisher within 30 seconds. There were no injuries to personnel and no impact to
the environment and no reported property damages. However, Stone Energy did not take
all the necessary precautions to prevent the fire hazard. Although some precautions
were taken, an accumulation of flammable hydrocarbons were missed, resulting in a
small flash fire ignited by a grinder's spark.",There were no injuries to personnel and no impact to the environment and no reported property damages.,Serious Incident,,Serious Incident,12,D,3,,,,,,,,,
NS-C282B498B8,,,2022-08-02,14:15,2022-08-08,,,2,,Production Operations,LIFTING DEVICE,,,,,SYN-2111df,Marine Coordinator,SYN-447473,Maintenance Supervisor,SYN-fd1ef3,Maintenance Supervisor,2022-08-21,SYN-68d0e6,Production Foreman,2023-06-29,"Express Energy Service was on location at Apache WC 102-2 to TA (Temporary Abandon)
Well #5. On August 1, 2022, the electric line (eline) operator reheaded the wire
rope socket on eline unit #107. The eline operator made five runs in well #5 from
August 29-30, 2011. On August 1, 2022, the first three runs were made since the
reheading of the wire rope socket. The first run was a 9-5/8 inch gauge run to a
depth of 1200 feet. The second run was a 1-9/16 inch perforating gun run to a depth
of 1188 feet. The third run was a 9-5/8 inch cement retainer run to a depth of 988
feet. On the morning of August 2, 2022, a pre-tour daily safety meeting was held.
During this meeting a Job Safety Analysis (JSA) was completed and discussed for the
days activities. The fourth run was a 8-1/4 inch jet cutter run to a depth of 750
feet. The fifth run was a 12-inch gauge ran to a depth of 732 feet. Approximately 9
hrs after the safety meeting, the eline operator began the sixth run in the well #5.
While attempting to lift the 13-3/8 inch Cast Iron Casing Bridge Plug (CIBP) and
setting tool, the eline wire rope parted near the rope socket when the 1000 pound
CIBP assembly had been lifted approximately 6 inches from the deck. The top section
of the CIBP assembly struck the Injured Person (IP), who was guiding the assembly to
the well bore, on the foot as a result of the IP being inside the 9 feet fall radius
of the CIBP assembly.
On August 3, 2022, BSEE Lake Charles inspectors conducted an onsite investigation
into the incident. The investigation team observed the eline wire rope to be severely
corroded and brittle. Paper work from the eline operator stated that after the wire
rope parted, he cut 1500 feet of the wire rope off the drum. After his inspection,
the line was still brittle with 5 out of 18 strands broken. The unit was sent back to
Express Energy for testing. BSEE inspectors found the step 34 of the approved
Application for Permit to Modify (APM) stated to rig-up a 13-3/8 inch CIBP on a
workstring and set same at 423 feet; however, the inspection determined that the 13-
3/8 inch CIBP was lifted with the eline instead of the workstring. BSEE inspectors
also discovered the JSA was performed approximately 9 hours prior to the job, without
all risk identified for the specific job at hand.
The wire rope was sent to Bryan Laboratory, Inc. for testing. Findings from Bryan
Laboratory, Inc's visual examination are as follows:
* Both the outer and inner wires of the sample eline wire rope containing the failed
end were found to be corroded and pitted.
* Portions of the fractured outer wires were found to be distorted and bent. The
fracture surface of the outer wires were found to exhibit slight necking (stretching)
and a 45 degree fracture path, indicative of shear/overload fracturing due to
corrosion. * The fractured surfaces were battered, abraded and corroded.
Findings from the Scanning Microscopic (SEM) Examination are as follows:
* The fractures were confirmed to be by shear/overload due to corrosion.
* Corrosion of the fracture surface and corrosion and pitting of the wire surface
adjacent to the fractures was also confirmed.",,,,,,,,,,,,,,,,
NS-919D6D3052,,,2022-08-05,14:30,2022-08-07,EI,133,,ROWAN LOUISIANA,Drilling,LIFTING DEVICE,,,,,SYN-027b9b,HSE Advisor,SYN-5b062d,Facility Engineer,SYN-06f9c6,Maintenance Supervisor,2022-08-20,SYN-c080ad,Maintenance Supervisor,2022-08-21,"At approximately 1430 hours on 2 August 2013, a Rowan Companies (Rowan) Floorman
sustained an eye injury on board the Rowan Louisiana jack-up rig while conducting
drilling operations for Northstar Offshore Group, LLC (Northstar) at the surface
location of Eugene Island Block 133.
The incident occurred when the Rowan Floorhand (Injured Party) was tasked by the
rig's Mud Engineer to add caustic soda beads to the drilling mud in Pit #2. Since
the caustic hopper, normally used for adding caustic material to the mud pits was
inoperable, the Injured Party (IP) dumped the caustic soda beads directly from the
sack into the drilling mud. When the IP finished pouring the contents from the sack,
he shook it to insure that the content was emptied out when his left eye was exposed
caustic soda bead dust.
Another Rowan Floorhand observed that the IP was in distress from exposure to the
caustic soda bead dust, so he assisted him to the nearest eye wash station where the
IP's eyes was irrigated with water. After irrigation of the IP's eyes for several
minutes, he was escorted to the rig floor and reported the incident to the Rowan
Driller. The Driller sent the IP to Rig Medic and notified the Rowan Offshore
Installation Manager (OIM).
The Rig Medic noted that the IP was wearing contact lenses, so he removed them and
flushed his eyes out with water. The Rig Medic then examined the IP's eye and
observed blisters on the upper and lower eye lids; however, no blistering was
observed on the eye ball. It was determined that the IP required a medical
evaluation from a Physician; therefore he was air transported to the Acadiana
Orthopedic & Occupational Health Center (AOOHC) located in Lafayette, Louisiana.
On 2 August 2013, an AOOHC Physician examined the IP's eye and found no visual
impairment. The IP's eye was flushed thoroughly with water again and the Physician
observed the white portion of the eyeball known as the conjunctiva, (the mucous
membrane investing the anterior surface of the eyeball and the posterior surface of
the lids), to be very red and irritated. The AOOHC Physician administered prescribed
eye drops and recommended the IP visit an Ophthalmologist.
On 5 August 2013, the IP met with an Ophthalmologist for a medical eye evaluation.
The Ophthalmologist observed that the IP's eye was still irritated; however, no
vision change was noted. The Ophthalmologist recommended that the IP continue using
the prescribed eye drops and return in a week. On 12 August 2013, the IP re-visited
the Ophthalmologist who observed improvement in the eye's condition with little
visible red irritation, but still no vision loss.
Rowan reported that the IP was placed on ""off scheduled time"" after the eye injury;
however he was eventually terminated from Rowan for not following company policy.
The Rowan investigation report stated that the probable cause of the accident was
attributed to the injured Floorman not adhering to Rowan policies and procedures for
mixing caustics.
According to the Rowan investigation report, the following were listed as the
contributing causes to the accident: 1) breakdown in communication and poor job hand
over; 2) a specific Job Risk Analysis for mixing caustic materials with drilling mud
was not completed; 3) personnel did not review Rowan's Rig Specific Procedure 3.4.1
for Mixing Caustics before initiating job; 4) the IP failed to don the proper
personal protective equipment when handling hazardous materials; 5) inadequate
maintenance of the caustic hopper; 5) equipment checks were not performed prior to
initiating the job; 6) management failed to follow up on report of inoperable
equipment (caustic hopper); and 7) failure to exercise Stop Work Authority.","At approximately 1430 hours on 2 August 2013, a Rowan Companies (Rowan) Floorman sustained an eye injury on board the Rowan Louisiana jack-up rig while conducting drilling operations for Northstar Offshore Group, LLC (Northstar) at the surface location of Eugene Island Block 133.",,,,,,,,,,,,,,,
NS-EE419CED17,,,2022-08-17,08:10,2022-08-18,KC,770,,T.O. DISCOVERER INDIA,Production Operations,LIFTING DEVICE,,,,,SYN-c9cfea,Facility Engineer,SYN-662008,Marine Coordinator,SYN-430e24,Operations Superintendent,2022-08-26,SYN-340eff,Facility Engineer,2022-09-06,"At approximately 08:10 hour on 17 August 2022, a joint of drill pipe fell from the
aft pipe transfer conveyor onto the aft pipe deck on the Transocean Discoverer India
(DID) drill ship while conducting drilling operations for Chevron U.S.A. (Chevron) on
Well #1 (Sicily #1) located in Keathley Canyon Block 770. There were no injuries to
personnel during this incident.
At the time of the incident, the Transocean Aft Crew was in the process of
transferring drill pipe to the rig floor using the aft pipe transfer conveyor for
making up the bottom hole assembly (BHA) and the Forward Crew was running the riser.
At approximately 05:00 hour, Transocean decided to discontinue aft rotary operations
since the running riser and making up the BHA operations could not take place
simultaneously due to lack of personnel. The Crane Operator notified the Driller at
05:30 hour that two joints of pipe remained to be placed on the conveyor loading arms
at which time the Aft and Crane Crews broke for lunch. During the time the Aft Crew
was at lunch, the utility cart was repositioned to pick up a component for the BHA.
The Aft Crew returned to the rig floor from lunch and resumed operations of making up
the BHA. When another joint of drill pipe was needed on the conveyor arms for the
BHA, the Assistant Driller (AD) walked partially down the conveyor, performed a
visual inspection of the aft transfer conveyor and pipe, and concluded that it was
safe to resume operations. The AD then returned to the drill floor and engaged the
loading arms for transferring a joint of pipe onto the aft conveyor. However, as the
loading arms were raised, the box end of the drill pipe became trapped underneath the
utility cart that caused the pin end of the drill pipe to elevate above the loading
arms. The AD initiated an emergency stop with the drill pipe suspended above the
loading arms; however, the drill pipe rolled to the port side and fell over the hand
rails impaling pin side down into the aft deck below creating a 5-inch diameter hole.
The box end of the drill pipe came to rest damaging a section of hand rails below the
aft transfer conveyor. Since the aft pipe deck below the aft transfer conveyor was
barricaded off to personnel as per Transocean's policy, there were no injuries. The
incident was reported to the Tool Pusher and Offshore InstallationManager and
Transocean conducted a preliminary investigation into the incident. After the
preliminary investigation was completed, the drill pipe was lowered and secured.
On the evening of 17 August 2022, Transocean issued a Quick Share alert to its fleet
describing the incident and the initial actions taken that consisted of a safety
shutdown and conducting of a preliminary investigation into the barriers that failed
to prevent this type of incident.
On 24 August 2022, BSEE inspectors mobilized to the Transocean DID and conducted
photographic document of the incident scene and gathered all pertinent documents
related to the incident.
According to the Transocean Level II Investigation Report, the probable causes of the
incident were listed as follows: 1) a safety time out was not utilized given the
tasks and hazards had changed related to the tasks; 2) failure to follow established
Transocean work risk assessment procedures; and 3) the absence of a procedure or work
risk assessment associated with the utility cart positioning.
Possible contributing causes for the incident stated in the Transocean Level II
Investigation Report include the following: 1) use of the loading arms and the pipe
transfer conveyor were considered as ""normal operations"" that operates in an ""Auto
Sequence"" mode; 2) failure to follow the job tasks stated in the written risk
assessment; 3) an interruption during the operations of picking up the BHA to conduct
running riser activities that led to an inadequate number of crew members required to
conduct both operations; 4) crew members failed to follow the established Transocean
management of change process since operations that required five crew members but
only two crew members were available; 5) inadequate handoff during crew changes after
meal breaks; 6) failure to implement the ""THINK"" process and to recognize the hazard
conflict between the location of the utility cart relative to transfer conveyor pipe
load arms; 7) the ""watchmen"" did not adequately inspect the work area and verify that
transferring drill pipe operations with the loading arms was safe to resume; and 8)
the lack of procedures or hazard assessment related to the utility cart positioning.","Since the aft pipe deck below the aft transfer conveyor was barricaded off to personnel as per Transocean's policy, there were no injuries.",,,,,,,,,,,,,,,
NS-7BA20A5647,,,2022-09-04,15:30,2022-09-11,MC,724,Gulfstar 1,,Maintenance,LIFTING,Near Hit,,,,SYN-330743,Marine Coordinator,SYN-ed702c,HSE Advisor,SYN-087965,Maintenance Supervisor,2022-10-10,SYN-492300,Maintenance Supervisor,2022-12-04,"On 4 September 2022 at 1530 hours, an injury occurred while installing a flow
assurance pump at the Hess Corporation, Mississippi Canyon 724-A (Gulfstar 1), OCS-G
22897 platform.",The facility was evacuated.,,,,,,,,,,,,,,,"SEQUENCE OF EVENTS:
On 4 September 2022, the Injured Person (IP) was tasked to help the maintenance crew
install the flow assurance oil pump located on Deck 7. The pump’s piping segments were
assembled to be lowered into a tank. A Maintenance Team Member (MTM) controlled an
air-operated chain hoist to lower the assembled segments into the tank. On the first
pipe segment, the IP was using a pry bar/alignment tool to align two holes in order to
install a bolt and nut in a flange. The IP asked the MTM to lift the pipe to adjust
the O-ring. As soon as the MTM lifted the piping, the alignment tool shifted, putting
the IP's hand in a pinch point and causing a laceration to his hand.
The personnel present stopped the job and the IP reported the incident to the
Operations Lead and Medic to seek medical treatment. The Medic cleaned the injury and
applied tube gauze to stabilize the injury. The Medic consulted with an occupational
doctor onshore who directed that the IP should be flown in for further evaluation. A
Bristow helicopter was in the field at the time of the incident on the Motor Vessel
Q4000. The Hess shore base contacted the helicopter to fly the IP in for further
medical evaluation. The clinic took X-rays revealing a fracture of the distal left
index finger. Clinic staff applied six sutures to the laceration. The IP returned to
the facility and was released to full duty.
BSEE INVESTIGATION:
On 19 September 2022, one Bureau of Safety and Environmental Enforcement (BSEE)
Accident Investigator performed an investigation. The BSEE Investigator interviewed
personnel, took photographs, and collected documents. The Investigator conducted a
hazard assessment inspection of the area and photographed the air-operated chain
hoist. The air hoist is capable of handling up to 2 tons with a drive level rope
connected to each side of the lever. The air hoist is operated by pulling one rope to
raise the load and pulling the other rope to lower the load.
At the time of the incident, the air hoist was anchored 12 feet above the flow
assurance oil tank with a nylon strap attached to the load. The work area was located
in a cramped portion of the deck with three runs of piping of various sizes and
several tubing runs. The MTM was responsible for raising and lowering the piping
assembly utilizing a line connected directly to the air hoist while the IP aligned and
installed the fasteners.
When the MTM lowered the piping assembly, the IP utilized an alignment tool to align
the pipe and pump flanges together. While aligning the flanges, the O-ring between the
flanges shifted and needed realignment. The IP directed the MTM to raise the piping in
order to put the O-ring back into place. As the MTM raised the piping, it shifted,
pinching the IP’s hand between the piping and the alignment bar. The body position of
the IP holding the alignment bar led to poor hand placement. However, the IP needed to
hold the alignment bar in order to prevent the piping from damaging the pump. The air
hoist has one speed to control the load's raising and lowering motion. Consequently,
the speed of the air hoist caused the piping assembly to jerk upwards which led to the
injury.
CONCLUSIONS:
Although the Job Safety Analysis (JSA) identified “pinch points” as a work hazard for
the job, this specific pinch point hazard was not recognized. If the maintenance team
had switched to a manual chain hoist, this would have allowed finer adjustments of
equipment without quick movements possibly avoiding the injury."
NS-A16A27B76D,,,2022-09-11,09:20,2022-09-12,EW,989,,DIAMOND OCEAN NEW ERA,Drilling,LIFTING DEVICE,Loss Event,Health & Safety,Injury TLI,,SYN-a371fd,Facility Engineer,SYN-1b10d1,Facility Engineer,SYN-781575,Operations Superintendent,2022-10-04,SYN-3ce067,Maintenance Supervisor,2022-11-26,"Two roustabouts were working on the pipe rack, laying down the work string. The
crane crew was using a water hose to wash away any residual material from the work
string as it was laid down. The water contained Zinc Bromide (ZnBr) from the work
string. Both injured parties had on slicker suits, but the suits were not secured
with enough duct tape and allowed the water to make contact with their pants. ZnBr
chemical burns resulted to the lower legs of both individuals. Both employees
noticed irritation around the top edge of their boots but thought it was just from
their boots rubbing their legs. They were seen limping by the company man and were
told to go see the safety representative to be checked out. One of the injured
workers had dark red areas with small ulcers on both legs. The ulcers appeared to be
healing. The other injured worker had two ulcer type wounds and red areas on both
legs. Both injured parties were flown in to see a doctor. One of the injured
parties was released back to full work duty that day. The other injured party was
away from work for seven days. Both employees have since returned and are currently
back at work. If the injured parties would have reported their injuries as soon as
the pain was noticed, the burns would not have been as severe and they probably would
not have missed any work.",The incident resulted in a lost-time accident with more than 3 days lost. The facility was evacuated.,,,,,,,,,,,,,,,
NS-3E3D017B45,,,2022-09-14,10:16,2022-09-17,KC,292,RIG NAME T.O. DEEPWATER HORIZON,,Well Services,Item Lost Overboard,,,,,SYN-92c7db,HSE Advisor,SYN-e92cf6,Marine Coordinator,SYN-871550,HSE Advisor,2022-11-01,SYN-b483ab,Maintenance Supervisor,2022-10-06,"Timeline and description of incident:
On January 26 at 0800 hrs - The T.O. Deepwater Horizon started picking up the 22 inch
casing, which was made up using the mini derrick and run through the rotary at the
BOP cart (see attachment 2). The 22 inch casing used Dril-Quip S-60/Multi Thread
Connectors that were made up to a 25,000 ft-lbs minimum, recommended by Dril-Quip.
Another requirement by Dril-Quip is for the installation of Anti-Rotation Vertical
Slot Keys when using Dril-Quip's S-60/Multi Thread Connectors. The Anti-Rotation
Vertical Slot Keys were installed. When the key is installed into a slot in the pin,
the serrations bite into the ID of the box, preventing rotation of the pin relative
to the box. The casing string was made up prior to being required to utilize the
dual activity capability of the rig.
On January 26 at 2225 hrs - Finished picking up 22 inch casing in moonpool and hung-
off on BOP transporter. Ran a total of 60 joints including the float shoe.
On January 28 at 2100 hrs - Moved 22 inch casing on transporter to well center and
lifted to rig floor. Picked up and ran an additional 18 joints of 22 inch casing from
rig floor. (Total 78 joints including float shoe)
On January 29 at 0230 hrs - Picked up 18-3/4 inch wellhead and landed at the rig
floor. Deployed 5-1/2 inch inner string inside 22 inch casing.
On January 29 at 0600 hrs - Made up Dril-Quip running tool to inner string, and
latched same to 18-3/4 inch wellhead. Ran wellhead assembly to water line using 6-5/8
inch landing string.
On January 29 at 0925 hrs - Casing would not fill-up with sea water. Deployed ROV to
investigate.
On January 29 at 1016 hrs - ROV located the bottom 3 joints and float shoe of the 22
inch casing missing. The ROV began a search of the bottom 3 joints and float shoe.
The 22 inch casing was located a distance of 125 feet from the well location standing
upright in the mudline.
On January 29 @ 1030 hrs - The T.O. Deepwater Horizon moved 500 feet from the well
location, so as not to damage the wellhead.
On January 29 at 1200 hrs - The rig crew began laying down the running tool, standing
back the inner string and laying down 22 inch casing.
On January 30 at 0130 hrs - The rigs weight indicator lost 57 kips of string weight
while continuing to lay down 22 inch casing.
On January 30 at 0430 hrs - Finished laying down 22 inch casing. A total of 67
joints of 22 inch casing were recovered. After laying down the 22 inch casing, BP
discovered that an additional 7 joints of casing were missing. An ROV search for
these 7 joints was unsuccessful. The rig was located 500 feet from the well location
when the joints were lost.
On February 2 at 0800 hrs - Recovered and laid down 3 initially dropped joints of 22
inch casing.",,,,,,,,,,,,,,B,,
NS-04F5066829,,,2022-09-21,04:20,2022-09-25,SM,10,,,Production Operations,LIFTING DEVICE,,,,,SYN-3ef02f,Production Foreman,SYN-17abef,Maintenance Supervisor,SYN-6e3953,HSE Advisor,2022-10-07,SYN-ca4230,Marine Coordinator,2022-10-26,"On 12 June 2012 at approximately 0420 hours, a contract employee injured his lower
back from backing into an open hole while preparing an area for sandblasting. The
injured employee (IE) was attempting to blow down an area located near the high-
pressure gas filter separator, when he stepped into the approximately 1-ft x 5-in
hole. To prevent from falling, the IE leaned on a Fisher Level Controller, while
grabbing the upper portion of a Dump Valve. The open hole was created from a piece of
grating that was used to cover the containment skid creating the open hole. The IE
stated the hole was not visible since it was covered by a painters wind screen. The
missing grating was discovered leaning on a handrail located several feet from the
incident. Approximately an hour later, the IE began to report discomfort in his lower
back. The IE was flown to South Marsh 268 to be examined by the facility's Medic.
The Medic stated there were no visible marks on the IE as a result of the incident.
The IE was then flown to Patterson and sent to a Physician for further treatment. Due
to several discrepancies concerning witness statements, the Lessee requested a
meeting with BSEE Lafayette District personnel and the witnesses involved with this
incident. The BSEE personnel attempted to determine who removed the grating and what
purpose removing the grating would have served; however, there was no information
obtained to clarify these questions. As per the meeting held by the Lessee, the
witness that was near the IE at the time of the incident walked away to gather tools,
but the areas was clear of any open holes prior to leaving the area. He also
indicated that the grating was in place within fifteen minutes of the incident. As
he returned to resume blasting operations, he indicated the IE was leaning on the
level controller when the IE begun to fall into the open hole.",The IE was flown to South Marsh 268 to be examined by the facility's Medic.,,,,,,,,,,,,,,,
NS-CC8C5063B9,,,2022-09-28,14:45,2022-09-28,,,,NOBLE PAUL ROMANO,Marine & Logistics,LIFTING DEVICE,,,,,SYN-5ab2b0,Production Foreman,SYN-3d27a6,Production Foreman,SYN-ff0e46,Production Foreman,2022-10-11,SYN-cfabbc,Production Foreman,2022-11-09,"On 28-SEP-2022 at 0745 hours, the Noble Paul Romano Rig was installing the upper
completion assembly for the DR005 wellbore. Rig personnel observed an intermittent
decrease in the volume of 14.8 ppg Zinc Bromide completion fluid from the trip tank.
All surface equipment was immediately checked for leaks with no leak discovered. The
Remotely Operated Vehicle (ROV) was also launched to inspect the riser while
preparations were being made to displace the riser with sea water. The ROV footage
indicated a leak between the eleventh and twelfth riser joint located approximately
2050 feet below sea level. The well was then displaced with sea water.
Later Marathon findings determined that the leak occurred from a damaged riser mud
seal o-ring during sea states of approximately 8 feet. It was later discovered that
as the sea state calmed the leak stopped. The riser leaked a total of 10 bbls of 14.8
ppg Zinc Bromide completion fluid.",,,,,,,,,,,,,,A,,
NS-CCDF772D0A,,,2022-10-01,14:00,2022-10-03,SM,130,E,,Production Operations,LIFTING,Loss Event,Health & Safety,Injury TLI,,SYN-9943bd,HSE Advisor,SYN-df4a95,HSE Advisor,SYN-62b981,Operations Superintendent,2022-10-30,SYN-f22e6d,Facility Engineer,2022-11-21,"On October 1, 2022 at approximately 1400 hours, an employee sustained injuries to his
nose and face while attempting to close a ½” ball valve that the employee thought was
leaking.
While walking through the facility, the injured employee (IE) detected a possible leak
coming from a ½” ball valve on the Gas Lift Fluid Slug Catcher (MBD-150) that operates
at 1200 psi. The ball valve is located under the MBD-150 dump line with 3/8” tubing
connected that is utilized as a drain line. The tubing ran down from the dump line to
the drain in the MBD-150 containment skid. A plastic tie wrap secured the tubing to a
piece of grating in the containment skid.
The IE decided to make sure the ball valve was in the closed position. As he reached
over the dump line to check the ball valve, the IE inadvertently opened the valve. Due
to the quick release of high pressure, the tubing detached from the tie wrap. The
tubing began whipping and struck the IE in the face causing a laceration to the bridge
of the nose. The IE was wearing the required PPE at the time of the incident.
The IE was transported to Iberia Medical Center for additional treatment. While
receiving treatment, the hospital informed the IE he had a broken nose in addition to
the laceration.
The BSEE Lafayette District conducted an onsite inspection October 3, 2022.",The IE was transported to Iberia Medical Center for additional treatment.,,,,,,,,,,,,,,,
NS-7EE9B6DCA6,,Serious Incident,2022-10-02,08:00,2022-10-04,EB,165,A,,Maintenance,LIFTING,Loss Event,Business Interruption & Cost,Equipment Damage,Combustion,SYN-12c60b,HSE Advisor,SYN-833201,Maintenance Supervisor,SYN-29c0f9,Marine Coordinator,2022-11-11,SYN-768550,HSE Advisor,2022-11-01,"On 02-OCT-2022 at 12:20 hours Fieldwood SD Offshore notified Lake Jackson District
orally of a fire with muster that occurred 02-OCT-2022 at 10:30 hours at EB 165 A, OCS-
G06280, Complex ID: 10297.
On 02-OCT-2022 facility Operators were conducting holding checks on SSV’s while the
facility was shut in due to compressor maintenance. A Mechanic came up from the
production deck to the main deck and noticed charred soot on the upper left of
temporary quarters entrance door. He immediately notified the Lead Operator; the alarm
was sounded, muster was initiated, and the diesel generator was shut down, and
personnel manned fire extinguishers and entered quarters to investigate, with no
visible flame detected. Statements and interviews were conducted revealing no one had
been in the quarters since 07:00 that same morning.
On 15-OCT-2022 the HSE Coordinator, Automation Foreman for Fieldwood Energy; met with
the Broussard Fire Chief, Lafayette Fire Investigator and Living Quarters Technology
(LQT) Manager at the LQT yard to conduct investigation into the cause of fire.
According to the Investigator’s findings, the fire started on the lower bunk mattress
closest to the main door of quarters. I-Pad Mini was on charge in the lower bunk area,
and the receptacle supplying the electrical charge was found to be “clean”. The
receptacle cover was pulled and all wiring was intact and undamaged. The I-Pad and
electrical receptacle were then eliminated as heat sources common to bunk area.
The reading light bulb, above the mattress was on the mattress (near the fire
source) and the bulb had a crack in it. Fire Investigator stated there was a slight
possibility the bulb broke and the filament leaked out, landed on the mattress and
starting the fire. The fire started near the area of the pillow at the head of bed.
The fire extinguished itself, due to lack of oxygen, and the fire did not shunt trip
the breaker (hot gas). All members of the Mechanic group Archrock denied ever smoking
in the sleeper. The Fire Investigator stated the cause of the fire is undetermined and
accidental in origin. The estimated cost of damage is $75,000.00.","Reported as a fire and damage over $25,000. Estimated property damage $75,000.",Serious Incident,,Serious Incident,12,D,3,,,,,,,B,,
NS-BFCBB3F5D8,,,2022-10-03,05:55,2022-10-03,,,A,,Drilling,LIFTING DEVICE,,,,,SYN-9390e8,Production Foreman,SYN-91d598,Maintenance Supervisor,SYN-603f47,Marine Coordinator,2022-10-20,SYN-48d14d,HSE Advisor,2023-01-08,"On 2 October 2022, a contracted environmental cleaning crew began pressure washing
the inside of the #1 low pressure bulk production separator (MBD 1000) with salt
water. The crew did not enter the vessel to pressure wash, but instead sprayed the
vessel from the 18 inch manhole opening at the top of the separator. The cleanout
operation was conducted in preparation of repairing holes located in the separator's
oil bucket.
On 3 October 2022, at approximately 0820 hours, initial tests for atmospheric
hazards were performed and welding operations commenced inside the separator. There
was one welder inside the separator and two individuals located on top of the
separator serving as fire watch personnel. After 20 minutes of welding, the vessel
was retested and welding operations resumed. Within 3 to 5 minutes subsequent to
resuming welding operations, a loud rumble was heard and felt according to witnesses'
reports. Fire and smoke was observed from the separator's manhole and vent. The
fire watch personnel immediately pulled the welder out of the separator, and the fire
was extinguished using dry chemical extinguishers and a fire hose. Two individuals
were evacuated from the facility. The welder received first and second degree burns
and was placed on restrictive duty. One of the fire watch personnel was treated for
smoke inhalation and released to full duty.
The onsite MMS investigation determined that the Operator failed to continuously
monitor the confined space for hazardous conditions as required by Chevron's Confined
Space Entry Program; the space was monitored only every 15-20 minutes. In addition,
the oil weir inside the separator was believed to contain a layer of hydrocarbon or
other flammable substance beneath the oil weir. The scope of work for cleaning the
vessel called for a physical inspection inside of the separator, but the inpsection
was never completed. Onsite supervisory personnel had only assumed the inspection
had been performed.",,,,,,,,,,,,,,,,
NS-290D926704,,,2022-11-01,20:45,2022-11-02,,,,NOBLE JIM THOMPSON,Marine & Logistics,LIFTING DEVICE,,,,,SYN-d16540,Operations Superintendent,SYN-570a7e,Marine Coordinator,SYN-6e281c,Maintenance Supervisor,2022-11-29,SYN-eb6bc2,Production Foreman,2023-01-17,"On 1 November 2022, at approximately 1830 hours, 314 bbls of Accolade Base Fluid
(Accolade), a synthetic base mud additive, was discharged overboard. A pontoon hand
inadvertently pumped out the MPP-02 tank containing the Accolade when he assumed it
was seawater. The pontoon hand discharged the contents into Gulf waters without
reading the rig logs or verifying the contents of the tank. The Pontoon hand was
notified five hours later that the Accolade and not seawater was in tank MPP-02. At
the time of the incident, the rig was in the process of pulling anchors to move off
location.",,,,,,,,,,,,,,C,,
NS-D059706438,,Serious Incident,2022-11-10,17:30,2022-11-12,GC,432,,T.O. DEEPWATER ASGARD,Maintenance,LIFTING,Loss Event,,,Combustion,SYN-4071b8,Production Foreman,SYN-23550e,Maintenance Supervisor,SYN-e37042,Maintenance Supervisor,2022-12-02,SYN-08d74c,Production Foreman,2022-12-24,"On November 10, 2022, a fire was reported on the drillship Transocean Deepwater Asgard,
while contracted to Murphy Exploration and Production Company in Green Canyon Block
432 on well 002. The small fire occurred in the mud pit room while commissioning a
Precision Fluid Injection (PFI) System with Constant Volume and Constant Temperature
prior to well operations commencing. The fire activated the flame, heat, and smoke
detectors, and a full muster occurred. The fire was put out with portable fire
extinguishers and there were no injuries reported.
Diversified Well Logging (DWL) installed two PFI Systems with Constant Volume Traps
(CVT) and Constant Temperature to improve the sampling of the drilling fluids for gas.
One system was located in the shaker room on the flowline and the other in the mud
pit room on the active pit. Constant temperature was achieved using Precision Fluid
Injection Heaters (P-Heaters), which were installed with each CVT system to raise the
temperature of the drilling fluids for better analysis due to cooling of the mud. The
P-Heater system was equipped with a Process Controller module (6040) designed to
maintain a constant temperature and an over temperature module (6050) that will shut
the system off to prevent overheating. The 6040 module read the real time temperature
of the fluid passing through the outlet of the heater and also set the target
temperature of the fluid (140 degrees F). The 6050 over temperature module read the
real time temperature of the heating elements inside the heater, and the safety shut-
off was set to 250 degrees Fahrenheit (F). At 250 degrees F, the 6050 control module
would shut down the heater and power could only be restored after manually resetting
the control module. Both control modules used thermocouples to provide temperature
readings.
On the afternoon of November 10, 2022, the system in the shaker room was commissioned
without incident, and DWL technicians started commissioning the system in the mud pit
room at approximately 1530 hours. The P-Heater was filled with drilling fluid and the
heater was energized. The reading on the 6040 module was holding at 97 degrees F, but
the 6040 was set for set for 140 degrees F. While trouble shooting this discrepancy,
the DWL technician drained a small amount of fluid from the heater to compare with the
reading of 97 degrees F. The temperature sensor he had with him was not working and
he was unable to obtain a reading. The DWL technician returned to the mud logging
unit at approximately 1720 hours, and at approximately 1730 hours flame, heat, and
smoke detectors activated in the active mud pit room. The rig’s Derrickman
investigated the alarms and confirmed the fire, which was on the fluid discharge hose
of the P-Heater. He used two 30 pound dry chemical fire extinguishers to extinguish
the fire. Once the fire was extinguished, the mud logging unit and all associated
control systems were de-energized. The PFI system in the shaker room was also removed
from service as a precaution.
The Bureau of Safety and Environmental Enforcement (BSEE) investigation team conducted
the initial onsite investigation on November 11, 2022. The team collected evidence, took
photographs, and interviewed personnel. The investigation team inspected the P-Heater
and the associated wiring, and noted that the fluid discharge hose from the heater was
melted. The heat source appeared to come from within the heater, and there was no
visible damage to the equipment around the heater. The electrical wires for the P-
Heater appeared to be in acceptable condition and the investigation team could not
identify any external issues with the wiring. The investigation team attempted to
trace the wires from the P-Heater to its power source but the wires went into a large
cable tray with multiple other wires and could not be traced with any level of
certainty. During the interview, the rig electrician stated that he showed the DWL
technician where to connect his equipment but he was not involved with actually
hooking up the DWL equipment. One of the DWL technicians stated that the system
appeared to be running fine prior to the fire, though he did note a discrepancy
between the heater set point of 140 degrees F and the temperature reading of 97
degrees F. He also noted after the incident that the temperature reading never
changed from 97 degrees F, even after the heater was powered off. The team was
informed that DWL would be carrying out an in depth investigation into the incident,
and BSEE would be provided with that investigation report.
DWL conducted a visual inspection of the wire connections and found one wire (yellow)
from the 6050 over-temperature thermocouple was not connected to the black wire from
the junction box in the mud pit room. This left the circuit open, and with the
circuit open the 6050 control module should not have allowed the heater to operate.
Power was then applied to the 6040 and 6050 control modules to see if they were
reading correctly. Both devices read between 72 and 74 degrees F, which indicated
another problem that was yet to be found. The 6050 module should have been reading
“open” and not reading any temperature.
Further investigation revealed that the Mud Logging unit junction box wires went to
another junction box labeled H2S Pit, but the sensor leads from the 6040 and 6050
control modules ran to the junction box labeled CH4 Pit. Inside the H2S Pit junction
box there were two pairs of wires that were twisted together (blue to black and red to
white) and these wires provided a false signal to both the 6040 and 6050 control
modules. These twisted wires mimicked a thermocouple and both controllers detected a
safe temperature (97 degrees F), which allowed them to operate under a false reading
and prevented the heater from shutting down. Because the P-Heater detected a safe
operating temperature below the target temperature, the heater continued to heat the
mud in an attempt to reach the target temperature of 140 degrees F, allowing the one
inch discharge hose to ignite. BSEE Houma District held a meeting with Murphy
Exploration, Transocean, and DWL to discuss these findings, and after considering the
data, the Houma District Inspectors and Engineers agreed with these conditions.
The",The fire was put out with portable fire extinguishers and there were no injuries reported.,Serious Incident,,Serious Incident,15,E,3,,,,,,,A,,
NS-B6008A9135,,Serious Incident,2022-11-22,04:30,2022-11-25,ST,27,­ IA,,Production Operations,LIFTING DEVICE,Loss Event,Business Interruption & Cost,Equipment Damage,Combustion,SYN-c28c8b,Maintenance Supervisor,SYN-0d4087,HSE Advisor,SYN-e00329,Facility Engineer,2023-01-08,SYN-e5968d,Operations Superintendent,2023-02-01,"­
At approximately 0430 hours on 23-January-2015, an offshore supply vessel (OSV)
struck an unmanned Energy XXI production platform located at OCSG 1443, South
Timbalier 27 IA. Ninety percent of the structure was destroyed as a result of the
collision and subsequent fire. Three vessels in the area responded and assisted in
extinguishing the fire. The Bureau of Safety and Environmental Enforcement (BSEE) and
the United States Coast Guard (USCG) were notified. Prior to the accident there were
three producing gaslift wells on the structure, with an average total daily
production of 92 barrels of oil, 93 barrels of water,
of gas per day.","Reported as a fire, structural damage, a collision with damage over $25,000 and damage over $25,000.",Serious Incident,,Serious Incident,12,D,3,,,,,,,,,
NS-CE15517413,,Serious Incident,2022-11-22,17:35,2022-11-27,WC,33,1,* BARGE RIG TO BE,Maintenance,LIFTING,Loss Event,Health & Safety,Injury TLI,,SYN-50ac3f,Production Foreman,SYN-85533b,HSE Advisor,SYN-9c15f1,Production Foreman,2023-02-02,SYN-4be514,HSE Advisor,2022-12-27,"On November 22, 2022, at 6:08 pm, Apache Corporation (Apache) reported a crane incident
that occurred at West Cameron 33 #1 (WC-33 #1) platform, lease G15050, while
conducting crane operations from the Derrick Barge Wotan (DB) operated by Manson
Construction. An Offshore Technical Services (OTS) employee, hereafter referred to as
the injured person (IP), was struck by wire rope slings connected to a water abrasive
cutter (abrasive cutter) in Well #1 on the platform WC-33#1.
On November 22, 2022, at 11:19 am, the DB 500-ton crane lowered the abrasive cutter,
operated by a crew from OTS, into the 48-inch caisson and set the cutter at 20 feet
below the mud line. At 1:05 pm, the 48-inch caisson was connected to the DB 500-ton
crane to support and pull the caisson with platform attached. At 1:20 pm, OTS started
cutting the 48-inch caisson with the abrasive cutter. At 4:55 pm, OTS completed
cutting the 48-inch caisson. The DB 500-ton crane then lifted the 48-inch caisson
confirming the OTS cut at 20 feet below the mud line was successful.
At 4:55 pm, the deck crew maneuvered and rigged a smaller DB 150-ton Link Belt crane
to the abrasive cutter to facilitate the removal of the cutter from the caisson. To
assist in this task, a DB crew member was positioned on the platform deck surrounding
the top of the caisson along with the IP. The DB Deck Foreman operated the Link Belt
crane while additional OTS personnel were positioned at the abrasive cutter umbilical
spool to feed or retract the umbilical as necessary during the lift. At 5:15 pm, the
crane began lifting the abrasive cutter, and after approximately 5 to 10 feet, the
abrasive cutter hung up in the caisson. The abrasive cutter was lowered until free and
lifted again. At approximately the same point in the lift as before, the abrasive
cutter hung up simultaneously to a wave surge with the IP standing next to the
caisson. A 2.5-ton wire rope sling in the abrasive cutter lifting arrangement parted
and struck the IP on his head and neck area causing him to fall to his knees next to
the 48-inch open caisson. The IP was transferred to the DB in a personnel basket and
escorted to the quarters by the medic where first aid was provided.
At 5:45 p.m., a medevac helicopter was called for the evacuation of the IP. At 6:08
pm, the Bureau of Safety and Environmental Enforcement (BSEE), Lake Charles District
Office, received a phone call reporting the evacuation of the IP. At 7:30 p.m., the
medevac operator called the DB saying they did not have a crew for the flight.
Subsequently, the DB called the Motor Vessel Hannah Ray for the evacuation of the IP.
At 9:00 pm, the Motor Vessel Hannah Ray arrived and departed with the IP at 9:15 pm.
At 10:49 pm, the Motor Vessel Hannah Ray arrived at the Cameron dock and transferred
the IP to an awaiting ambulance. Apache reported the IP had received 16 stitches for a
forehead laceration and had suffered a fracture on the C6 vertebrae.
On November 26, 2022, the BSEE Lake Charles District investigators (investigators)
conducted an onsite incident follow-up inspection. Investigators met with the Apache
representative on location and received a briefing of the incident. The forty-eight-
inch caisson and platform involved with the incident were removed and placed on a
transport barge prior to the arrival of the investigators by DB.
Investigators collected all prepared witness statements; collected Job Safety and
Environmental Analysis (JSA) for the date of the incident; took pictures; and
completed a physical inspection of the OTS abrasive cutter and wire rope sling
assembly.
There was no visual damage to the abrasive cutter. The remainder of the physical
inspection process focused on the failure of the slings and/or sling assembly.
The wire rope sling assembly consisted of the following items: 1) one three-foot long,
two-leg sling attached to a tool lift beam, 2) a two foot long, single-leg vertical
sling, 3) a five foot long, single-leg vertical sling, 4) three individual 25 foot
long, single-leg vertical slings, and 5) eight shackles.
The individual slings are assembled with a sleeve crimp and thimble in the eye. The
vertical safe working limit is 2.5 tons for all five slings in the sling assembly
below the tool lift beam. However, the one three-foot long, two-leg sling attached to
the tool lift beam has a safe working limit of 2.5 tons to 4.4 tons (i.e., depending
on the angle attached to a tool lift beam). Each sling has an information tag with the
serial number, date of manufacturing, date of the test, owner of the sling, diameter
of the wire rope, length of the sling, and maximum operating weights.
The shackles are 5/8 inch in size and have a safe working limit of 3.25 tons.
First item, the one three-foot long, two-leg sling attached to a tool lift beam had no
visual damage.
Second item, a two foot long, single-leg vertical sling was parted at the eye of the
sling and the thimble and sleeve were missing and not recovered.
Third item, a five foot long, single-leg vertical sling eyes and thimbles were
elongated.
Fourth item, the three individual 25 foot long, single-leg vertical slings eyes and
thimbles were elongated.
Fifth item, seven of the eight shackles had no visible damage. One shackle was
elongated but its location in the actual assembly was not determined.
Investigators reviewed the written statements received from Apache representatives. In
one of the witness's statements, the IP was witnessed looking down the 48-inch caisson
when the wire rope sling parted. The witness’s statement reads, “I see [IP] looking
down in [the] caisson and see [DB crew member] standing beside him and about that time
I hear a pop noise and [IP] hit his knees and go to ground.”
Investigators reviewed the JSAs from Manson Construction for crane operations to lift
the abrasive cutter. In the JSA, the total weight to be lifted was not mentioned nor
were the limitations of the slings described. Sea states were reported in the Manson
Construction’s daily report at 5 to 7 feet at the time of the incident. The JSA listed
adverse wind and sea conditions as a Potential Hazard, and the recommendation to
eliminate or reduce potential hazards was to “Call All Stop If Necessary”. The JSA did
not have written threats of the dynamic loading of waves during the lift or the lift
hanging up in the 48-inch caisson. During the lift, the abrasive cutter hung up in the
caisson. An all-stop was not called to address any new threats. The abrasive cutter
was lowered until free and then lifted again. At approximately the same point in the
lift, the abrasive cutter hung up simultaneously to a wave surge and the two-foot
single-leg sling parted at the eye.
Investigators reviewed the JSAs from OTS for crane operations lifting the abrasive
cutter. In the JSA, the total weight of the lift was not written. In a written request
to OTS, investigators received the total weight of the crane lift. The total weight of
the crane lift and rigging was 2,205 pounds including the abrasive cutter, slings,
cutter lift beam, and umbilical. The JSA required personnel to “stay well clear of
suspended loads”.
Investigators reviewed the pictures submitted by Apache of the platform directly after
the incident and later in the day when the abrasive cutter was retrieved from inside
the 48-inch caisson. Investigators noted there were no handrails around the open 48-
inch caisson on the deck of the platform in the picture directly after the incident.
Investigators reviewed the pictures from later in the day when the abrasive cutter was
retrieved from inside the 48-inch caisson. Inspectors noted there were two workers on
the platform helping retrieve the stuck abrasive cutter without handrails around the
48-inch caisson. The 48-inch caisson opening is approximately one foot above the
walking deck of the platform as seen in submitted pictures. A safety meeting document
dated November 22, 2022, from Manson Construction with both OTS and Manson personnel
attending lists the following hazard: “open holes”. The recommendation to eliminate or
reduce potential hazards was to “flag barricade off open holes”. Inspectors could see
in the pictures the 48-inch caisson/platform was connected to the DB 500-ton crane for
support. Investigators also noted the personnel were not wearing safety harnesses as
required in the safety meeting.
BSEE investigators have determined Apache did not address the possible hazards with
adverse sea conditions with sea states at 5 to 7 feet. The maximum lift for retrieving
the abrasive cutter was 2.5 tons, which was the safe working limit of the wire rope
slings. The abrasive cutter hung up simultaneously to a wave surge introducing an
undetermined amount of dynamic loading parting the two-foot single-leg sling. Apache
did not address personnel standing near the suspended load at the time of the
incident. The parted wire rope sling struck the IP on his head and neck causing a
laceration to his forehead and a fracture of the C6 vertebrae.",Apache reported the IP had received 16 stitches for a forehead laceration and had suffered a fracture on the C6 vertebrae.,Serious Incident,,Serious Incident,20,D,5,,,,,,,,,
NS-CCABBB693D,,Serious Incident,2022-12-06,23:00,2022-12-11,VR,252,A,,Maintenance,LIFTING,Loss Event,Business Interruption & Cost,Equipment Damage,Combustion,SYN-4b8bb8,HSE Advisor,SYN-fcc9a1,Operations Superintendent,SYN-825caf,Operations Superintendent,2022-12-30,SYN-8b4cc8,Operations Superintendent,2023-05-23,"On December 6, 2022, Castex’s Vermilion 252-A facility experienced a production
process alarm at approximately 11:00 pm. The facility does not have a night crew;
therefore, the day operators (one Lead Operator/Person in Charge and one A-Operator)
responded. On the facility, the Burner Safety Low (BSL) safety device for the fired
component of the heater treater activated causing the alarm to indicate. The normal
operating temperature of the liquid media in the Heater Treater is approximately 140°
Fahrenheit to aid in water separation from oil. Due to the burner being offline, the
liquid media’s temperature cooled down to approximately 115° Fahrenheit according to
the vessel’s temperature indicator. As a result, the amount of water emulsified in
the oil increased to above 1%, causing the Basic Sediment and Water (BS&W) monitor on
the Heater Treater oil outlet to alarm and divert oil flow to the Wet Oil Tank instead
of the Dry Oil Tank/Lease Automatic Custody Transfer unit. The alarms indicated a
process upset; however, the two alarms alone did not cause the facility to shut-in.
The operators relit the burner in efforts to reestablish heat and lower the BS&W to
under 1%. Although the burner was back online, the Heater Treater’s liquid media’s
temperature indicator never increased to above 120° Fahrenheit and the BS&W content
had climbed to just under 3%, for unknown reasons.
At approximately 2:00 am, December 7, 2022, the operators noticed abnormally high
heat radiating from the Heater Treater’s fire tube exhaust stack, reporting it was
“glowing cherry red” and taking pictures at the time. The heat from the stack was so
intense that it melted the stainless steel fastening wire, which secures the
insulation blankets around the exhaust stack. The blankets separated exposing the
extremely hot stack to potential ignition sources in a Class 1, Group D, Division 2
area. The operators attempted to use an infrared heat gun to take a temperature
reading of the exhaust stack; however, the heat gun could not register an accurate
temperature due to the exhaust stack exceeding the heat gun’s maximum temperature
reading of 1,000° Fahrenheit. The two Temperature Safety High (TSH) safety devices
(liquid media’s TSH set point of 205° Fahrenheit and exhaust stack’s TSH set point of
1,300° Fahrenheit) for high temperature protection did not activate on the Heater
Treater panel. The operators manually manipulated the main burner isolation valve by
partially closing the valve to decrease the stack’s temperature and continued with
normal oil production rates, as well as circulating processed oil from the Wet Oil
Tank back through the Heater Treater. The operators discussed the stack’s temperature
issues with the Production Superintendent at approximately 5:45 am, and then discussed
the issues with a third-party technician at approximately 7:00 am. Subsequently, a
Construction Foreman arrived at the facility around 10:45 am. Upon the Construction
Foreman witnessing the stack “glowing cherry red”, he called the Production Foreman.
At approximately 11:00 am both the Construction Foreman and the Production Foreman
decided to manually shut-in the Heater Treater and all production.
The Lessee surveyed the damage and determined that the excessive exhaust stack’s
temperature caused the metal stack to become malleable to the point that the weight of
the vertical pipe collapsed the ninety-degree elbow that connects the stack to the
fire tube flange. The heat in the stack also melted the Heater Treater Stack
Arrestor, a required safety device. The Lessee mobilized a construction crew to the
platform to begin removal of the damaged components. Upon opening the Heater Treater,
they discovered a significant amount of solids, primarily on the grid side of the
vessel. The Lessee ordered cutting boxes and dispatched a cleaning crew to the
platform. The cleaning crew removed approximately (50) barrels of solids from the
Heater Treater and (80) barrels of oil from the Heater Treater and Wet and Dry Oil
Tanks. A third-party analysis concluded, “the majority of the deposits from the fire
tube and grid side are comprised of carbamate floc from the incumbent water clarifier
used”. This could be an indicator of an ineffective or noncompatible chemical
treatment program, which may have limited the vessel’s processing performance causing
some of the initial process alarms. Although the Heater Treater’s fire tube did not
appear to be damaged, the Lessee decided to replace it and reuse the original fire
tube flange.
On December 13, 2022, a Castex Representative verbally communicated with the Bureau
of Safety and Environmental Enforcement (BSEE) inquiring if the facility’s alarm,
indicating Heater Treater problems, followed by an above normal stack temperatures was
a reportable event. At the time, the severity was unknown to BSEE. Therefore, BSEE
requested follow-up information to assist with an official well-informed
determination. Upon receipt of follow-up information, it was determined that the
abnormal stack temperature caused deformation of the metal exhaust stack causing the
BSEE to question whether the safety devices functioned as required. After BSEE
received information that the damaged fire tube was removed and replaced and that the
facility was engaging in start-up activities to reestablish production, BSEE ordered
the facility to shut-in until given permission to return to service. BSEE discussed
preliminary findings and concerns related to the Heater Treater incident with the
Lessee and specified requirements prior to obtaining permission to return to
production.
On December 20, 2022, BSEE Lake Charles District conducted an onsite incident follow-
up investigation. Although the Heater Treater’s exhaust stack, fire tube, Stack
Arrestor and Flame Arrestor were replaced, and the unit’s manway hatches were
reinstalled, the investigation team was able to identify several questionable items,
as follows: the original Flame Arrestor element was discolored and partially plugged;
most likely due to backdraft conditions occurring inside the fire tube, the newly
installed Flame Arrestor housing was damaged, a valve flange on top of the Heater
Treater had significant metal loss, a one inch gas supply line upstream of the Heater
Treater Fuel Gas Scrubber had severe corrosion on a ninety degree fitting and nipple,
and the thermowells for the liquid media TSH and temperature indicator/gauge did not
extend past the vessel nozzles and into the media, preventing them from detecting
media temperature accurately. A review of records identified that the operators
failed to inspect the Heater Treater burner’s Stack Arrestor as required. Documents
obtained indicate the last inspection date was July 24, 2021.
BSEE evaluated photographs and investigative findings and noted additional causes to
the incident, as follows: A third-party fired vessel technician determined the Heater
Treater burner nozzle assembly fuel adjustment needle backed out all the way and set
improperly, resulting in a rich soot producing flame. He also discovered soot build-
up on the end of the main burner mixer tube and top portion of the fire tube from the
burner assembly to the entrance of the exhaust stack. This is evident of the main
burner flame burning too rich which eventually caused plugging of the Stack Arrestor
not allowing heated gasses to escape. The excessive heat conditions ultimately
distorted the metal stack and melted the Stack Arrestor element. Also, the operators
replaced the Heater Treater Fuel Gas Scrubber approximately four months prior to this
event. This incident prompted a survey of the scrubber’s internal high liquid level
shutoff device which identified that the float assembly was missing. The missing
float could potentially allow condensate to fill the scrubber and feed the Heater
Treater burner with condensate, instead of natural gas, altering its flame properties.
A third-party lab conducted an analysis of the two TSH devices and reported the
stack’s TSH device was roughly nine years old and “is extremely corroded inside and
out. This sensor has been melted out allowing air pressure to escape. The internal
plunger is seized to the sensor itself due to rust and corrosion.” The third-party lab
also reported that the TSH device reached its set point of 1,300° Fahrenheit and
worked as intended. The BSEE concluded from this report that when the stack
temperature reached 1,300° Fahrenheit, the stack TSH device failed to signal the panel
and initiate a facility shut-in for unknown reasons. The third-party lab also reported
that the media TSH device was roughly ten years old and “is very corroded inside and
out. This sensor has not been melted out as all the fuse metal is still complete. I am
not sure this would have tripped if it reached the 205 degrees. The internal plunger
was seized up with rust and corrosion. I had to use a hammer and punch to get the
plunger out. It should have slid out freely. There is Teflon tape on the threads.
The threads are part of the heat sink process and Teflon tape will reduce the heat
sink. The melted fuse metal that was in the thermowell is not from this sensor. The
vent valve still functions but is very corroded. The adapter is still good but is
also corroded”. BSEE determined the media TSH most likely did not melt out due to
being too short and therefore not sensing internally within the oil media. The third
party Lab Tech Lead also stated that both TSH devices “are old and should be cleaned
and reloaded every 1-2 years regular basis due to the type of environment they are
being used in”.
BSEE’s investigation concluded the events that took place between December 6, 2022
and December 7, 2022 ultimately led to greater than $25,000 worth of equipment
damage including a destroyed safety device. Due to the destroyed safety device this
incident required an immediate verbal notification, however; Castex did not notify
BSEE until December 13, 2022. Upon initial discovery of the Heater Treater’s exhaust
stack operating at abnormal temperatures and “glowing cherry red”, the operators
failed to exercise stop work authority and take immediate action by shutting in the
facility. The Heater Treater has a maximum allowable working pressure of 100 pounds
per square inch at 200° Fahrenheit; however, the operator operated the Heater Treater
with a 205° Fahrenheit TSH in the liquid media. In addition, the exhaust stack TSH
set point of 1,300° Fahrenheit is higher than the standard 1,100° Fahrenheit. BSEE
also recognized the Lessee did not perform a thorough internal investigation to fully
understand causal factors and implement proper mitigations to prevent a future
reoccurrence, prior to resuming production following an event. Furthermore, upon
completing all repairs and receiving permission to return to production, the operators
brought the facility back on-line and at some point, upon start-up, the Heater Treater
media TSH device set at 150° Fahrenheit activated. Subsequently, the operators
installed a 162° Fahrenheit device and brought the system back on-line. Days later
the TSH device activated again. At this point, further investigation determined the
liquid level in the vessel was likely too low, allowing the fire tube to overheat and
activate the TSH device. The operators adjusted the liquid level including raising
the Level Safety Low, required safety device, approximately one and a half inches.
Upon implementing corrective actions, the operators brought the facility back on-line
and all system parameters remained within the safe normal operating ranges.","Reported as a fire, damage over $25,000 and a damaged or disabled safety system. Estimated property damage $192,721.",Serious Incident,,Serious Incident,12,D,3,,,,,,,C,,
NS-B88D3430E5,,Incident,2022-12-27,13:00,2022-12-29,MC,807,B (Olympus),,Maintenance,LIFTING,Loss Event,Environment & Reputation,Loss of Containment,,SYN-068b81,Operations Superintendent,SYN-715814,Marine Coordinator,SYN-1cb70d,Facility Engineer,2023-01-23,SYN-f21ce1,Maintenance Supervisor,2023-06-03,"On December 27, 2022, at 13:00 hours, Shell Offshore Inc. (Shell) had a pollution event
at Mississippi Canyon (MC) 943 (OCS-G 34467) where the subsea tree is located. The
Power Nap (PN) well is tied back to MC 807 B (Olympus) and is monitored/controlled
from there. The leak was from a Subsea Well PN003-ST2-BP1 at MC 943 which is a well
that was completed in December of 2022. The release was reported to the National
Response Center (NRC) and verbally to the Bureau of Safety and Environmental
Enforcement (BSEE) New Orleans District (NOD).",Reported as a pollution release.,Incident,,Incident,6,C,2,,,C,,,,,,"SEQUENCE OF EVENTS:
On December 27, 2022, in attempting to open the Surface-Controlled Subsurface Safety
Valve (SCSSV), there was an inability to build pressure in the SCSSV control lines and
abnormal pressure behavior at the tubing and A-annulus head. Later, it was confirmed
that the pressure loss was from liquid being released to the environment through the
High Pressure (HP) vent on the tree due to the SCSSV control lines loss of integrity.
The environmental release was observed by an underwater Remote Operated Vehicle (ROV)
during diagnostics on the PN003 subsea tree. There was a report submitted to the
National Response Center (NRC) #1357058 on December 28, 2022, estimating 9.26 gallon of
fluid being observed by an ROV from the PN003 tree. The fluid mixture was hydraulic
fluid, Methanol (MeOH), Calcium Bromide completion brine, and Synthetic Based Oil
(Synthetic B).
After the leak path was confirmed, the ROV closed the SCSSV control valves SV1 and
SV2. Then visually confirmed the leak had stopped. No sheen was observed.
On December 31, 2022, another NRC report was submitted. NRC report #1357318 was updated
to include a total of 16.61 total barrels of the mixture assumed to be released on
December 27, 2022. The SV1 and SV2 needle valves remain closed on the PN003 Tree to
isolate leak path to environment and performed a leak test to ensure integrity. The
well remains shut in and the pressure is being continuously monitored.
BSEE INVESTIGATION:
On January 13, 2023, the BSEE NOD Accident Investigator (AI) received and reviewed
information submitted through Ewell (BSEE's electronic reporting system), emails, and
phone communications from Shell concerning the subsea leak at MC 943 Well PN003. The
AI requested all NRC reports associated with the subsea leak along with Material
Safety Data Sheets (MSDS) associated with the fluids that were released. The
completion schematics of the PN003 well were provided along with the subsea control
schematic illustrating the location of the leak as well as the opening procedure.
CONCLUSION:
Shell has determined that an intervention is necessary to remove the tubing for
analysis as part of their corrective actions. At this point in time, a specific
timetable for the implementation of the intervention work has not yet been
established. The well was restored to a 2-barrier status that was conducted on January
6, 2023, by closing and pressure testing SV1 and SV2 needle valves (isolating the leak
path through the HP vent on the subsea tree). The well is currently shut in and secure
with 2 barriers, FS2 (fluid loss valve) and subsea tree. Pressure at the tubing/A-
annulus head is being continuously monitored. The pressure remains stable above
seawater hydrostatic and below pressure to balance reservoir pressure, indicating both
barriers have integrity. The tubing will be pulled, and new tubing will be re-run
before bringing the well back online.
After Shell’s intervention and subsequent tubing recovery, Shell will be able to
identify causes of the failure. BSEE will engage with Shell’s analysis to inform
policy and procedure to prevent a future reoccurrence."
NS-8F33C7791B,,Incident,2023-01-08,14:11,2023-01-09,MC,437,A-Appomattox,,Maintenance,LIFTING,Loss Event,,,Gas/Vapour Release,SYN-6164cf,Operations Superintendent,SYN-9670d2,Maintenance Supervisor,SYN-5c544c,Production Foreman,2023-02-08,SYN-723529,HSE Advisor,2023-03-16,"On 8 January 2023, Appomattox, Shell Offshore Production’s platform at Mississippi
Canyon 437 A, experienced an unplanned gas release on the platform while attempting to
start up the Bulk Gas Compressor (BGC) #1. The facility safety system responded in
accordance with applicable regulations and no injuries or damages occurred as a result
of the release.",The facility safety system responded in accordance with applicable regulations and no injuries or damages occurred as a result of the release.,Incident,,Incident,8,D,2,,,,,,,,,"SEQUENCE OF EVENTS:
At 2:00 pm, the platform experienced problems with the in-service and operational BGC
#2. The BGC #2 was then shut down. Personnel immediately began startup procedures for
the BGC #1 Gas Compressor.
At 2:19 pm, multiple gas detectors alarmed and a Process Shut Down (PSD) was
automatically initiated.
At 2:26 pm, a deck operator in the area between the Utility and Process Module
verified that he smelled gas and the control room operator manually activated the
Emergency Shut Down (ESD) and the primary Muster Alarm. All 87 Personnel On Board were
accounted for within four minutes.
The Incident Commander sent the Fire/Response Team to investigate. The team found a
level bridle with two drain valves left open on the BGC #1 Gas Scrubber. The gas
scrubber removes trace liquid droplets from the produced natural gas before it enters
the compressor. The level bridle drain valves were closed and inspected for damage.
After the all-clear signal was given, personnel began the startup procedures for the
BGC #1.
BSEE INVESTIGATION:
Shell reported the incident to the Bureau of Safety and Environmental Enforcement
(BSEE) New Orleans District through the After Hours call number on 8 January 2023. Shell
also submitted a written report on 15 January 2023. On 24 January 2023, the BSEE Accident
Investigator (AI) began communicating with both Offshore Installation Managers
assigned to the location as well as other Shell contacts. The AI requested and
received statements and photos. Shell personnel reported finding the drain valves open
on the level bridle. However, Shell has not determined why the Level Safety High Low
(LSHL) level bridle drain valves were not closed prior to starting up the BGC #1
compressor. The valves have to be manually opened and closed. Shell documents indicate
that the BGC #1 had not been in service since 12 December 2022. Also, the last LSHL test
and bridle clean-out was performed 14 December 2022. Shell calculations indicate that 1838
kg of gas was released over a 25-minute period. Shell documents indicated that there
had been numerous false alarms in the past from these gas detectors. However, the
Control Room Operator (CRO) allowed the proper shutdown procedures to continue.
CONCLUSIONS:
Personnel failed to isolate the LSHL bridle drain valves before attempting to start up
the BGC #1 compressor. Personnel failed to perform a thorough precheck walk-through of
the equipment before putting it in service. Also, it is determined that the gas
detectors functioned as designed. They alerted the CRO of a gas released and even
though the detectors were acknowledged in the control room, they continued monitoring
the release until the critical trip set point initiated the PSD. The CRO also acted
appropriately by functioning the ESD and mustering personnel before the source of the
release was known. Shell’s gas detection and safety shutdown system functioned per
BSEE approved regulatory drawings."
NS-E61F2E3210,,Very Serious Incident,2023-01-12,19:08,2023-01-13,ST,23,CC,ENTERPRISE 205,Production Operations,LIFTING Draworks,Loss Event,,,,SYN-a8abca,Production Foreman,SYN-e1fd19,HSE Advisor,SYN-8460d0,Production Foreman,2023-02-10,SYN-1bd09b,Production Foreman,2023-02-26,"On January 12, 2023, a lifting incident occurred on the jack-up, Enterprise 205, which was
working under contract for Cantium, LLC. Drilling operations were being conducted at
South Timbalier Block 23, OCS-G00166, Well CC003. While the driller slowly pulled out
of the hole with drill pipe, the traveling block struck the crown saver assembly with
approximately 117,000 lbs overpull resulting in $11,210.00 in damages.
The drill crew consisting of the driller (DR1), assistant driller (AD), and two
floorhands, were preparing to pull out of the hole (POOH) with drill pipe. A Job
Safety Analysis (JSA) was completed for the task. DR1 planned to pull the first stand
of drill pipe to check the crown-o-matic (COM) and rack it back in the derrick. The
AD was organizing equipment near the drawworks. Floorhand one (FH1) was wiping
drilling fluid off the ascending drill pipe and floorhand two (FH2) was on the monkey
board.
The DR1 engaged the drawworks to pull the first stand of pipe. With the drawworks
still engaged, the DR1 decided to focus his attention on the pipe tally. According to
Cantium's report, the drill line contacted the COM, but it did not move the barrel
enough to trip the COM. This allowed the traveling block to continue moving upwards
allowing the traveling block to strike the crown saver assembly. DR1 heard a change
in sound as the traveling block struck the crown saver assembly with 117,000 lbs
overpull. He disengaged the drawworks clutch stopping the upward movement.
After the incident took place, DR1 slacked off the traveling block approximately 10
feet. He locked the brake down and reported the incident. The crown block was then
inspected for damage. Well operations were suspended until inspectors could check the
condition of the block, wire rope, and crown. The only damage noted on the inspection
was to the crown saver assembly. A Root Cause Investigation was conducted by both the
contractor and operator.
The Bureau of Safety and Environmental Enforcement (BSEE) Houma District was not
orally notified of this incident. The incident was submitted in eWell within 15 days.
BSEE Houma District inspectors (inspectors) performed an incident follow-up on July
11, 2024, to gather additional pictures, documents, and witness statements. Although
a JSA was used for pulling out of the hole, it did not state the hazard of the
traveling block striking the crown block assembly. FH1, who was wiping the ascending
drill pipe, was not counting tool joints as the drill pipe was being pulled. Also,
DR1 stated, “While picking up to check the crown-o-matic and rack back stand, I looked
at the pipe tally to count stands to top of liner and C.O.M. didn’t trip. Saw weight
indicator jump up so I slacked off.” DR1 lost situational awareness by checking the
pipe tally while pulling out of the hole. DR1 also failed to have a drill crew member
watch the wire rope as he was checking the COM. Finally, the COM failed to trip when
contacted by the wire rope because the barrel wasn’t set properly. When asked for a
copy of the rig specific procedure for checking the (COM), the operator could not
provide it. During the August monthly inspection, the driller (DR2) was asked how he
checks the (COM). He stated that when running drill pipe in the hole he checks it
with the first stand by doing the following: post a crew member to count the wraps on
the drum until the COM trips, latch onto the stand of drill pipe, and pick up until
the drill line trips the COM. When POOH he stated the following: POOH with the first
stand, break out stand from drill string, post a crew member to count the wraps until
the drill line trips the COM, and pick up stand until the drill line trips the COM.
During the same inspection, the Offshore Installation Manager OIM was asked for a rig
specific procedure for checking the COM, he stated they did not have a step-by-step
procedure for checking the COM.
Upon reviewing pictures, documents, the operator’s incident report, and witness
statements, BSEE concluded that failing to identify the hazard of the traveling block
striking the crown block contributed significantly to this incident. Lack of
situational awareness by DR1 and FH1 led to the traveling block striking the crown
saver. Another cause was the COM failing to trip when contacted by the wire rope
because the barrel wasn’t set properly. Finally, there was no rig specific procedure
for checking the COM.","Reported as a lifting-device incident. Estimated property damage $11,210.",Very Serious Incident,,Very Serious Incident,25,E,5,,,,,,,A,,
NS-60CA91515B,,,2023-01-14,14:00,2023-01-16,VK,900,A,,Production Operations,LIFTING DEVICE,Loss Event,Health & Safety,Injury Minor,,SYN-9be2f6,Facility Engineer,SYN-be69bc,Maintenance Supervisor,SYN-e47910,Production Foreman,2023-02-09,SYN-fa4dab,Production Foreman,2023-02-17,"On January 14, 2023, at approximately 1400 hours, on Chevron U.S.A. Inc.'s OCS-G 2445,
Viosca Knoll (VK), Block 900, Platform A, an employee received a compound fracture to
his right little finger when it was struck by a work station, as it was being lowered
to him. Injured Person (IP) was evacuated for medical attention and was placed on
restricted duty.",IP was sent in to seek medical attention and was diagnosed with a compound fracture.,,,,,,,,,,,,,,,"Sequence of Events:
The IP's workstation was being lowered to him, when the work station hung up. The IP
pushed with his foot, at the bottom of the station, causing the work station to twist
and kick back, striking the IP in the right little finger. IP was sent in to seek
medical attention and was diagnosed with a compound fracture. IP was placed on
Restricted Duty."
NS-BC24DE04F1,,,2023-01-28,02:15,2023-02-01,WC,498,B,,Marine & Logistics,LIFTING,Loss Event,Health & Safety,Injury Minor,,SYN-7b8d13,Production Foreman,SYN-3f0d97,Maintenance Supervisor,SYN-e8a598,Operations Superintendent,2023-02-22,SYN-5036de,Facility Engineer,2023-04-14,"Introduction:
On Saturday, January 28, 2023, at approximately 5:00 AM, White Fleet Operating (WFO)
reported an incident that occurred at the West Cameron 498B (WC498B) platform, lease
G03520, while conducting abandonment operations from the liftboat Miami. WFO
contracted the liftboat Miami from Helix Energy Solutions as a support vessel for the
abandonment operations. An SDS Petroleum Consultant employee, hereafter referred to as
the injured person (IP), injured his right hand, requiring evacuation to shore for
medical treatment.
At the time of the investigation, Marine Minerals Administration (MMA) personnel were
operating under the former Bureau of Safety and Environmental Enforcement (BSEE).
Therefore, all MMA personnel referenced in this report will be identified as BSEE
personnel.","The helicopter arrived at 7:45 AM, and the IP was flown to Santa Fe heliport where his company representative picked him up and drove him to UTMB of Galveston (UTMB).",,,,,,,,,,,,,,,"Sequence of Events:
At approximately 2:15 AM on Saturday, January 28, 2023, the White Fleet Abandonment crew
boarded the platform and were assembling on the top deck. The crew was in the process
of setting up the casing jack to verify the abrasive cut on the B5 well casing fifteen
feet below the mudline. When the IP did not show up on the top deck, the crew assumed
he had returned to the liftboat.
The White Fleet Abandonment crew lowered a casing spear into the B5 well casing and
lifted the well, proving the well was successfully cut. The White Fleet Abandonment
crew Supervisor left the platform and walked over to the liftboat’s living quarters to
give the results of the lift to the IP. The supervisor observed the IP being treated
for injuries by the Medical Emergency Responder (MER) in the liftboat's living
quarters.
At approximately 2:25 AM MER treated the IP for a completely severed middle finger at
the distal interphalangeal joint and a partially severed ring finger on his right
hand. At 3:00 AM the Ultimate Work Authority (UWA) called for a helicopter to bring
the IP to shore for medical treatment. The helicopter arrived at 7:45 AM, and the IP
was flown to Santa Fe heliport where his company representative picked him up and
drove him to UTMB of Galveston (UTMB). The IP arrived at approximately 10:45 AM and he
was released from medical care at approximately 2:00 PM.
BSEE Investigation:
On January 31, 2023, Bureau of Safety and Environmental Enforcement (BSEE) investigators
from the Lake Charles District (LCD) conducted an onsite incident investigation at
WC498B. During the investigation, LCD investigators requested statements, all Job
Safety Analyses (JSA), and a list of Persons on Board. Personnel were interviewed as
part of the process. Interviewees reported that the support gussets, used to prevent
movement of the well casings, had been removed for abrasive cutting. LCD investigators
learned that the wells were being abrasively cut 15 feet below the mudline, then
lifted using a casing spear and casing jack to confirm the cut. LCD investigators were
also informed that prior to the incident, work on the platform had been suspended due
to high winds. Once the winds dropped below 25 mph, the White Fleet Abandonment crew
returned to the top deck of the platform to continue abrasive cutting and verifying
the cuts.
The IP stopped on the well bay deck when he saw what he believed to be a hazard, an
open hole in the grating at the B10 well. He observed that the half-moon plate
covering the opening around the well casing had been shifted by the movement of the
casing. The IP reached with his right hand and grabbed the half-moon plate. As he was
repositioning the plate, a wave pushed the casing and pinched his fingers between the
plate and the casing. The IP immediately returned to the liftboat and reported the
incident to MER.
The MER treated the injured person, and the UWA notified his office and requested a
helicopter to transport the IP to shore for medical treatment. The IP arrived at UTMB
at 10:45 AM and underwent an amputation procedure of the middle finger at the distal
interphalangeal joint on his right hand.
The MER informed the LCD investigators that the IP was wearing gloves at the time of
the incident and treated him for a completely severed middle finger at the distal
interphalangeal joint and a partially severed tip of the ring finger on his right
hand.
LCD investigators reviewed the JSA completed at the pre-tour meeting, which discussed
pinch points for cutting and lifting casings, but did not address the movement of the
wells. LCD investigators were informed that there were no barricades around the cut
moving wells at the time; however, barricades were installed after the hand injury
incident. LCD investigators reviewed pictures taken by WFO after the incident and
confirmed there were no barricades around the moving wells.
When LCD investigators boarded the platform, they verified that WFO had subsequently
installed safety barricades around the wells in the danger zones to prevent personnel
exposure to open holes and wave-induced well movement. Investigators observed the hole
around the B10 well casing, which measured approximately 24 inches long and 5 to 6
inches at its widest point. They were also informed that the half-moon plates around
the B10 well had fallen through the hole. The previously removed gussets had supported
these plates. LCD investigators documented the area around well B10 with photos,
noting that other well half-moon plates were also at risk of falling; those plates
were subsequently removed by WFO personnel.
Conclusion:
White Fleet abandonment personnel removed the gussets from the B10 well, allowing the
well casing to shift as waves passed under the platform. As the casing moved, it
pushed the half-moon plate away, creating an open hole in the platform deck. Hard
barricades had not been installed to prevent personnel from entering this danger zone.
The IP noticed the displaced half-moon plate and attempted to reposition it. In doing
so, the IP failed to recognize the pinch point created by the moving casing and placed
his hand between the plate and the casing, resulting in a severe hand injury."
NS-04CB0A4CD4,,,2023-02-21,10:10,2023-02-23,,,,T.O. DISCOVERER CLEAR LEADER,Maintenance,LIFTING DEVICE,,,,,SYN-7fe4a2,Operations Superintendent,SYN-2e1357,Maintenance Supervisor,SYN-4a0042,Operations Superintendent,2023-03-18,SYN-f69096,Marine Coordinator,2023-04-12,"At 0400 hours on the 29th of March 2011, the Discoverer Clear Leader suffered an
electrical failure. The failure was associated with a voltage spike of the Motor
Side B Power Stack, causing Thruster 2 to be disabled by the electrical protection
circuits. Due to the sudden instability, the Power Management System functioned as
designed by shutting down power to the remaining Thrusters 1,3,4,5 and 6. This lack
of power to all thrusters allowed the rig to drift 5 feet off of station. After
approximately 50 seconds the Power Management System brought Thrusters 1,3,4,5 and 6
back online. Upon observing the Yellow Alert the crew responded per the procedure
and closed the Middle Pipe Rams in preparation for a potential disconnect.
The ship response to the failure was within Failure Mode and Effects Study (FMEA)
predictions. No regulatory body participation was necessary, and the vessel DP class
was not affected.","At 0400 hours on the 29th of March 2011, the Discoverer Clear Leader suffered an electrical failure.",,,,,,,,,,,,,,,
NS-3C1FE549B8,,Serious Incident,2023-02-24,09:30,2023-02-27,WD,152,A,,Production Operations,LIFTING,Loss Event,Business Interruption & Cost,Equipment Damage,Combustion,SYN-b6aba2,HSE Advisor,SYN-5d4bfc,Marine Coordinator,SYN-37c451,Facility Engineer,2023-03-07,SYN-0a5730,Production Foreman,2023-03-11,"On February 24, 2023, at 0930 hours, a fire occurred in the vicinity of the glycol
dehydration unit on the Renaissance Offshore, LLC (Renaissance) facility West Delta
(WD) 152-A, Lease OCS-G 01604. Renaissance reported no pollution and no injuries
associated with this incident.
On the day of the incident, the Operators conducted a Job Safety Analysis (JSA) for a
field startup to return to producing after an extended shutin. The Operators and a
Mechanic on the platform began the process to bring the platform back online.
During the platform startup process, the Field Foreman visually inspected the glycol
unit. Next, the Field Foreman started the glycol unit around 0800 hours. The Field
Foreman ignited the glycol reboiler and initially set the temperature to 200 degrees
Fahrenheit (F). Then, he began to increase the temperature to 250 degrees F. While in
the process of increasing the temperature, the # 1 compressor shut down due to high
pressure. The Field Foreman left the glycol unit unattended while the temperature was
increasing from 200 degrees F to 250 degrees F. Then, the Field Foreman and the
Operators began refilling the diesel fuel tank on a temporary diesel generator while
the platform was in the final stages of startup.
While the Operators filled the temporary diesel generator on the top deck, the Mechanic
prepared to perform an inspection and repair of an intake valve on the #3 compressor.
At approximately 0930 hours, the Mechanic witnessed a large flame emanating from the
north side of the platform. He alerted the Operators of a fire and pulled the Emergency
Shutdown (ESD).
The Person In Charge (PIC) activated the fire alarm and manned the #4 fire reel on the
west side of the upper deck. The Operator manned the # 9 fire reel on the east side of
the lower deck. The Field Forman manned the # 8 fire reel located on the east side of
the lower deck.
The Mechanic and the Night Operator donned their life jackets and went to the primary
muster area located on the south side of the lower deck. The Mechanic started the life
capsule engine, preparing to launch. The A-operator alerted the personnel on the WD
133-F platform to shut in due to the fire on the WD 152-A platform.
After personnel extinguished the fire, they assessed the damage and reported the fire
to the Renaissance Production Superintendent.
Renaissance isolated the glycol system from the production system. Next, Renaissance
shipped damaged components onshore to perform a fit for service inspection and Non-
Destructive Examination (NDE) on the components. Renaissance also tasked third-party
contractors to remove and replace asbestos panels on the north side of the compressor
building damaged in the fire.
The Bureau of Safety and Environmental Enforcement (BSEE), New Orleans District,
Accident Investigator (AI) contacted the Renaissance Production Superintendent after
receiving notification of a flash fire on the WD 152-A platform. BSEE requested
pictures of the Glycol Reboiler Unit fire to determine the level of investigation
needed. After receiving the pictures, BSEE determined that the incident was more
serious than a “flash fire” as originally reported. The AI and Supervisor Inspector
(SI) issued a preservation order.
On March 1, 2023, the AI and a BSEE Office of Safety Management (OSM) Engineer
began the initial onsite investigation. Upon arrival, BSEE personnel took aerial
photographs showing evidence that the fire reached above the compressor building,
located on the upper deck around the glycol reboiler unit. After landing, the
investigation team collected documents, took photographs, and interviewed several
personnel. The BSEE team conducted a hazard assessment in the vicinity of the glycol
unit. Next, the Field Foreman verbally provided the",Renaissance reported no pollution and no injuries associated with this incident.,Serious Incident,,Serious Incident,12,D,3,,,,,,,C,,"sequence of events. BSEE then gave
permission for Renaissance to clean up the affected area to avoid marine debris and
pollution.
On March 2, 2023, due to weather, the AI and a Production Inspector conducted phone
interviews of the personnel involved in the fire.
On March 3, 2023, the AI returned to the platform to conduct further interviews and
take additional videos and photographs to document the condition of the glycol
reboiler unit.
Investigators observed several temperature safety elements (TSE) associated with the
glycol unit burned out by the fire. The AI observed the Glycol Reboiler’s fire-damaged
aluminum shell, broken sight glass, melted pressure gauges, burned heat exchanger
insulation, heat-damaged electric motor/belt, and fire-damaged electrical wiring. The
AI also observed several components covered with black soot, the glycol containment
skid half filled with burnt glycol, and fire damaged asbestos panels around the
compressor building with large sections missing. The AI observed fluid residue 20-30
feet above the glycol unit indicative of a pressure release.
BSEE agrees with Renaissance’s determination that no continual fuel sources
contributed to the fire, and the fire was exclusively external to the reboiler because
there was no damage to internal components.
BSEE determined the fuel source was a release of glycol and hydrocarbon condensate out
of the reboiler’s still column onto the stack. The stack is a probable ignition source
due to high operating temperatures. The TSE on the stack melts at 1170 degrees F which
implies that the operating temperature may reach temperatures greater than 660 degrees
F. The ignition temperature of Triethylene Glycol (TEG) is 660 degrees F. Therefore,
it is likely that the glycol ignited upon contact with the stack.
Rapid temperature rise during boiler start up likely caused an overpressure and
subsequent release of glycol and liquid contaminates out of the stack. The Operator
increased the temperature from 200 to 250 degrees F without circulating glycol and
allowing enough time to boil off water. According to Gly-Tech’s TEG Systems Manual (an
industry recognized training manual), “heat the reboiler to no more than 220 degrees F
before start up circulation.” The TEG Systems Manual also states, “While circulating,
the temperature should be increased slowly to avoid flooding the still column with
excess water vapor that could result in eruption of glycol from the still.”
The high water content of 21% exacerbated the overpressure. The typical water content
of the reboiler is 5-10%. Water and other contaminates changed phase so rapidly that
the pressure build up within the vessel opened the Pressure Safety Valve (PSV) and
forced TEG out of the still.
The Renaissance Glycol start up procedure did not provide specifics on the rate of
temperature increase when starting the reboiler after an extended shut in. The Glycol
start up procedure also directed to not circulate glycol until the temperature reached
350-375 degrees F. Renaissance identified deficiencies in training and supervision.
Renaissance failed to provide training which would have allowed Operators to understand
characteristics of phase vaporization and handling contaminated or saturated glycol.
In addition, Glycol operations experts from the company Gly-tech recommend that
operators continuously attend Glycol start-ups. However, Renaissance Operators left the
glycol skid unattended during start-up. BSEE recognizes the failure to attend the start
up as a contributing cause of the incident.
BSEE determined that the most likely cause of the fire is the glycol stack igniting TEG
and other contaminants exiting the glycol still. The rapid temperature build up in the
boiler during startup caused overpressure, forcing TEG of out the still. Renaissance
failed to provide specific glycol startup procedures specifying circulation time before
raising the temperature above 220 degrees F. Renaissance also failed to provide proper
glycol training."
NS-ED0E4CC69C,,Incident,2023-03-20,07:30,2023-03-22,GB,668,A-Gunnison Spar,,Maintenance,LIFTING DEVICE,Loss Event,Environment & Reputation,Loss of Containment,,SYN-16f7ab,Facility Engineer,SYN-fa6279,Facility Engineer,SYN-3c7522,Operations Superintendent,2023-04-17,SYN-4f654e,Production Foreman,2023-05-13,"A sheen was observed at 0730 hours on 7/03/06. The sheen observed was approximately
100 feet x 300 feet and located about 1.5 miles east of GB 668-A. Personnel were
flushing the line and injecting wax inhibitor. It was speculated to possibly be a
parted subsea chemical injection line feeding GB625 well number 2. The well was
shut-in, and the stainless steel chemical injection line valve at the well was
closed. The sheen disappeared about 1030 hours same day.
The chemical was NALCO Wax Inhibitor product called EC6494A. Release of the chemical
on March 20, 2023, was diluted rapidly in the ocean and evaporated on the surface
within approximately one hour. The concentration of the chemical in the ocean is not
expected to have caused any harmful effects to aquatic organisms.","Reported as a pollution release. Estimated property damage $3,000.",Incident,,Incident,6,C,2,,,C,,,,A,,
NS-652DDFCFD9,,Very Serious Incident,2023-03-29,09:10,2023-03-31,GC,743,,GSF DEVELOPMENT DRILLER II,Maintenance,LIFTING DEVICEcasing elevators,Loss Event,Business Interruption & Cost,Equipment Damage,,SYN-5df497,HSE Advisor,SYN-f33b94,Marine Coordinator,SYN-47db6f,Operations Superintendent,2023-04-26,SYN-30991d,Production Foreman,2023-05-07,"While running 28 inch Conductor Casing on the Main Rotary, the casing dropped out of
the elevators being used to support the load and fell into GOM waters. This activity
was being performed riserless. The casing string had just been made up on the 18th
joint of the planned 31 joints and was being lowered in preparation for the 19th
joint. The total length of dropped casing was 728 feet. The casing elevators being
used at the time were Horseshoe Elevators from Frank's Casing. The utilization of
the elevators from Frank's Casing was suspended and the casing job was rerun with
Hydraulic Elevators from Weatherford. This particular casing had not been run before
with the Frank's Horseshoe Elevators.
The Weatherford Hydraulic Elevators had been used numerous times without incident.
These elevators have a 360 degree coupling of the casing and more tolerence for the
outer diameter of the casing and inner diameter of the elevators.","Reported as damage over $25,000 and a lifting-device incident. Estimated property damage $231,500.",Very Serious Incident,,Very Serious Incident,25,E,5,,,,,,,C,,
NS-34BD094098,,Serious Incident,2023-04-22,15:00,2023-04-26,ST,21,80,,Construction,,Loss Event,Health & Safety,,Combustion,SYN-479174,Operations Superintendent,SYN-ddce8b,Production Foreman,SYN-e4783f,Operations Superintendent,2023-05-26,SYN-2d6f79,Operations Superintendent,2023-05-25,"At the time of the incident, the crew was preparing the well for a sidetrack. Eight
nuts and bolts were removed from the tubing hanger flange. The hanger pins were
backed out and one was removed. The bleed port was opened and an allen screw was
removed. Four nuts and bolts were left that could not be removed by a hammer wrench
or impact wrench. A hot work permit was completed, a gas detector was used
indicating no signs of hydrocarbons, and a fire watch was stationed. While cutting
with a torch on the first of the four nuts that remained, a flash fire occurred.
Every precaution was taken to prevent a fire, but moving the flange around allowed
gas that was trapped in the hanger to migrate and catch fire. The fire flared up and
caught the injured party's neck area causing a red rash. They put burn cream on the
rash area and the injured party returned to work. The fire flashed up and went out,
so no fire fighting equipment was used.",The incident resulted in an injury recorded without a severity code. Reported as a fire.,Serious Incident,,Serious Incident,15,E,3,,,,,,,,,
NS-E642AA0F62,,,2023-05-06,13:15,2023-05-08,,,U,,Production Operations,LIFTING DEVICE,,,,,,,SYN-5a71f7,Production Foreman,,,,,,,"At the time of the accident, the Injured Person (IP) and other personnel were working
on the wellhead to remove the wellhead's blanking cap. The well was evaluated for
pressure and personnel slowly opened the master valve to allow the well pressure to
equalize. The crown valve was then slowly opened to allow the pressure to equalize at
the blanking cap, and the low torque valve on the pump-in tee was slowly opened to
allow the pressure to equalize to the choke manifold. The pressure was read at both
the choke manifold and at the gauge installed above the blanking cap (1,200 psi at
both). The pressure was bled off through the choke manifold and gas buster to the
tank until 0 psi was read on both the choke manifold and the blanking cap gauge. The
master valve was closed, while the crown valve and the low torque valve were left in
the open position. The path of flow from the low torque valve to the gas buster was
left in the open position to ensure no pressure was trapped. The needle valve on the
cap was closed and the gauge was removed. The needle valve was opened to ensure all
trapped pressure was relieved. The crew members attempted to remove the cap
unsuccessfully by hand, so a pipe wrench was used to aid in the removal of the night
cap. Concerned about backpressure, the supervisor stopped work immediately and the
decision was made to remove the high pressure hose from the low torque valve located
on the pump-in tee. The low torque valve was closed and the high pressure hose was
removed. The low torque valve was slowly opened and it was determined there was no
trapped pressure. A crew member then took a small wire and inserted it in the top of
the needle valve to ensure there was no blockage by paraffin. The needle valve was
backed out and removed from the cap. Personnel then proceeded to remove the cap with
a pipe wrench at which time the wireline tool string and the cap were ejected from
the well approximately 100 feet into the air. The toolstring struck the IP in the
lower back and back leg. The IP was assessed, and moved to a nearby facility via the
supporting marine vessel. A Med-Evac was dispatched with Medical Personnel and the IP
was taken to Terrebonne General Hospital in Houma, LA.",,,,,,,,,,,,,,A,,
NS-0471CF6175,,Very Serious Incident,2023-06-07,06:00,2023-06-11,WR,160,,T.O. DISCOVERER,Maintenance,LIFTING DEVICE Sling-Core Barrel,Loss Event,Health & Safety,Injury Minor,,SYN-94877a,Operations Superintendent,SYN-ae87a6,HSE Advisor,SYN-8b0758,HSE Advisor,2023-07-07,SYN-3b1ea8,Maintenance Supervisor,2023-08-12,"On June 7, 2023, while performing drilling operations on Statoil's #002 well,
Transocean's Discoverer Americas experienced an incident where an employee working on
the drill floor was struck on the foot by a coring barrel while retrieving a sample
from the wellbore.
At the time of the incident, the Discoverer Americas was working in Walker Ridge
Block 160, Lease G34634. The crew had just finished taking a core sample from the
well and was preparing to transfer the coring barrel to the transport rack to be
analyzed. The coring barrel was hoisted from the well utilizing the rig's Top Drive
as the transport rack for the barrel was moved into place utilizing an air hoist also
located on the rig floor. Two taglines were attached to the coring barrel so that
the Floorhands could guide the barrel into place as it was being lowered into the
rack.
As the barrel was being lowered into place, the bottom of the barrel became hung up
on one of the hang off pins on the rack, forming slack in the line the barrel was
suspended from and allowing the barrel to shift to one side. Once the Floorhands
noticed slack in the line, they signaled to the Driller to stop lowering the block
and to pick up so the barrel could be readjusted. As the Driller began picking up on
the block, the barrel shifted and came free from the rack, falling to the deck and
striking one of the Floorhands on his left foot.
All operations on the drill floor were stopped following the incident. The Injured
Party (IP) was sent to the onboard Medic for evaluation. At the time, immediately
following the incident, the IP claimed he wasn't in any pain and it was thought that
the steel toe of his boot had prevented any injury from occurring. It was only after
the employee was sent in the following day, due to a family emergency, that some
bruising and swelling of the IP's toe warranted further evaluation from an onshore
Physician. It was at this time that it was determined the IP had sustained a
fracture to one of the toes on his left foot. The IP was placed on Restricted Work
duty and released to work by the Physician.",It was at this time that it was determined the IP had sustained a fracture to one of the toes on his left foot.,Very Serious Incident,,Very Serious Incident,25,E,5,,,,,,,,,
NS-08678620F4,,Serious Incident,2023-06-10,09:30,2023-06-17,EI,175,F,,Maintenance,LIFTING DEVICE,Loss Event,,,,SYN-f2f818,Operations Superintendent,SYN-bd3cf4,Marine Coordinator,SYN-29281a,HSE Advisor,2023-07-07,SYN-f81673,Facility Engineer,2023-10-02,"On 10 June 2023 at approximately 0930 hours, a crane operator (CO) inadvertently
pulled the auxiliary line lever while attempting to raise the load line. This caused
the auxiliary ball to make contact with the crane tip which severed the auxiliary
line. The CO was back-loading a high pressure pump (HP pump) weighing approximately
3500 lbs. from the platform to the field boat. Prior to starting the crane the CO
inspected the crane using Apache's Pre Use Inspection form which includes the anti-
two block system. The rigger assisting the CO attached the HP pump to the load line.
The CO began lifting the load and adjusted the crane boom over the water. As the boat
captain was positioning the boat towards the crane, the CO was attempting to adjust
the load line but inadvertently pulled the auxiliary line lever. As the auxiliary
ball made contact with the boom tip, the anti-two block cross-over valve for the
override failed. The auxiliary ball made contact with the crane boom causing the
auxiliary cable to sever. The auxiliary ball descended into the Gulf waters, but did
not come in contact with the boat. The CO was able to place the HP pump safely on the
boat and the crane was placed out-of-service due to the shock load on the crane and
the damage to the auxiliary line. No injuries or pollution resulted from this
incident.",No injuries or pollution resulted from this incident.,Serious Incident,,Serious Incident,20,D,5,,,,,,,A,,
NS-0D8A68D0A2,,Incident,2023-06-26,23:46,2023-06-27,MP,268,,,Production Operations,LIFTING,Loss Event,Environment & Reputation,Loss of Containment,,SYN-57a10c,Facility Engineer,SYN-607e14,Marine Coordinator,SYN-928c3d,Operations Superintendent,2023-07-23,SYN-3220af,Marine Coordinator,2023-09-22,"On 26 June 2023, a pollution event occurred while conducting operations to modify an
existing 18” oil Pipeline Segment Number (PSN) 11015/ROW OCS-G 16048 by installing
a subsea tie-in assembly. The PSN 11015 is located in the 268 Block of the Main Pass
(MP) Area and connects MP 255-A to F/S Boundary MP 69. While conducting operations
to install a connection for a future pipeline PSN 20793, operators noticed pipeline
pressures were dropping from 485 psi to 0 psi (indicating a leak). Over a 3-day
period, an estimated 90 barrels of oil were discharged into the Gulf of Mexico.",Reported as a pollution release.,Incident,,Incident,6,C,2,,,C,,,,,,"SEQUENCE OF EVENTS:
On 7 February 2023, the Bureau of Safety and Environmental Enforcement (BSEE) granted
approval to Panther Operating Company, LLC (Panther) for the modification of existing
PSN 11015/ROW OCS-G 16048 by installing a subsea tie-in assembly.
On 26 June 2023, during operations to perform the permitted scope of work, an incident
occurred while the pipeline was being cut. The event and subsequent corrective actions
were provided by Panther in a detailed summary below:
""On June 26, 2023, at approximately 2346 hrs diving crews were working on the PSN
11015 modification per the approved permit. After installing an approximate 120 -foot
8” diameter temporary bypass and purging the inactive section of 18” diameter pipe
between the bypass linestops, the dive crew started to cut the 18” pipeline with a
diamond wire saw. As the pipe was being cut and was approximately 65% complete the
pipe suddenly separated from some unknown stored energy moving each end
(upstream/downstream) in opposite directions of the cut point. With this sudden
movement the 8” bypass piping and downstream hot tap BISEP line stop assembly twisted.
Due to this unexpected torsion/tension, the temporary 8” by-pass sheared at a flange
connection and released approximately 90 barrels of crude oil into the Gulf of Mexico.
At the time of the release the Third Coast Operations Control Center saw a significate
pressure drop on the system, and immediately closed the upstream and downstream main
line valves and contacted all producer platforms to additionally shut in. All valves
and producer platforms were shut -in within approximately 8 minutes. The dive crew
also responded by repositioning a previously deployed pollution dome over the largest
subsea release point and were able to contain part of the release (27 barrels
recovered). Third Coast’s incident management team, Forefront Emergency Management,
were notified immediately. An Incident Command System (ICS) was initiated, a command
post established, and an Oil Spill Response Organization (OSRO) contacted and
mobilized. Criteria for immediate notification to regulatory bodies was met, and a
call was placed to the National Response Center (NRC) at 0123 hrs on June 27, 2023
(NRC# 1340284). A similar notification call was placed to BSEE at 0139 hrs on the same
day. The dive crews further inspected the line-stops (both upstream and downstream of
the temporary by-pass); which continued to hold main line pressure without
leaks.Similarly, all tie -in locations along the system were confirmed closed off and
holding pressure without leaks. After the tie -in inspections were completed and no
additional product was confirmed being released, the dive crews removed the damaged
flange pieces and installed blind skillets to secure the pipe from any future possible
releases until permanent repairs could be implemented. A 48-hr call was placed to the
NRC at 1807 hrs on June 28, 2023 (NRC# 1340452) to update quantity release, location,
and remediation efforts. Aerial monitoring of the sheen was conducted multiple times a
day starting at daybreak on June 27, 2023. The ICS demobilized on June 30, 2023, with
the sheen nearly dissipated, and any future release significantly mitigated. At that
point, the original pipeline modification procedure was resumed. PSN 11015 remained
shut in until July 8, 2023, at 1800 hrs after full system integrity checks were
completed and the original modification procedure was nearly complete.""
BSEE INVESTIGATION:
On 27 June 2023 at approximately 0130 hrs, BSEE received notification of the incident
and was provided with updates over the next several days. The incident occurred on a
subsea pipeline located 205 ft below the surface – onsite investigation is not
applicable.
On 11 July 2023, BSEE received a follow-up report from Third Coast, LLC. Final
estimate of oil discharged over a 3-day period was 90 barrels. The report also
provided an action to prevent future similar discharges of stored energy on a Third
Coast pipeline that is under some type of construction work, all available historical
information will be thoroughly reviewed to determine if the potential for an increase
in stored energy exists, and if necessary additional control measures will be
implemented to mitigate substantial movement of the pipeline prior to commencing.
BSEE determined that the response time to shut in the MP 270 platform was inadequate.
Panther should have confirmed communication with the operator of the platform prior to
making the cut. This lack of communication caused significantly more pollution.
CONCLUSIONS:
Prior to the work being done on the PSN 11015 BSEE approved modification, operations
did not account for or expect the amount of stored energy within the pipeline that led
to the 8” by-pass sheering off at a flange connection and releasing oil into the Gulf
of Mexico."
NS-E7BED009A0,,,2023-07-05,02:55,2023-07-07,,,,GSF DEVELOPMENT,Well Services,LIFTING DEVICE,,,,,SYN-362936,Production Foreman,SYN-2b1000,Operations Superintendent,SYN-7b9ba5,Facility Engineer,2023-07-24,SYN-91888c,Facility Engineer,2023-08-09,"On 05-JUL-2023 at 0643 hrs, the driller was tripping into the hole to place a RTTS
packer that would be set to secure the well due to an approaching hurricane (Ida).
While the driller was lifting the traveling block to get the next stand of pipe, the
service loop became caught underneath the frac hose gooseneck which was located on
the starboard forward leg of the derrick. Once the service loop was caught beneath
the frac hose gooseneck, the service loop was pulled out of the top drive. This
caused 20.5 feet of Signal/control service loop weighing 202.7 lbs to fall 100 feet
to the drill floor. The service loop landed approximately 25 feet forward of the
rotary table on the main side.
Prior to the incident, a job planning meeting was held and PROMPT Cards were reviewed
and discussed. A dynamics drop inspection was conducted by a Floorhand and the
Assistant Driller from 0100 to 0315 hours. Swinging hoses and the service loop that
are within the derrick were identified as potential hazards due to strong rig motion
and weather. The block was observed from all levels traveling in both directions and
had no signs of potential service loop collisions or hang-ups. Also, during the
tripping process, the restricted area access policy was monitored to ensure personnel
were in their proper positions which ultimately kept personnel from being located in
the area of the dropped object. Non-essential personnel were also kept off the rig
floor.
Once the inspection was completed, the two Floorhands commenced their assigned task.
One man was assigned as Spotter for the traveling path of the top drive/block and
fingers on racking boards. The Spotter was additionally responsible for keeping the
aft pipe rack free of mud by the use of a vacuum. The other Floorhand was stabbing
the pipe into the stump and working the remote for the iron roughneck. Normal
tripping operations had occurred for approximately 3 ½ hours when the Driller was
lifting the block to get the next stand of pipe. He observed the Floorhand who was in
place to stab the next stand of pipe when the Floorhand quickly evacuated the area.
This alerted the Driller to immediately let-off the joystick and hit the E-stop. At
the same time, he noticed the service loop falling to the forward side of the rig
floor. Immediately following the incident, the drill floor was secured and a thorough
derrick inspection was conducted for any collateral damage.
Although the weather conditions stayed fairly constant from the time of the derrick
inspection until the time of the event, the rig's heave, pitch and roll increased
throughout the day and overnight. The effects of the increased 2-1/2 to 3 inchces of
heave and resulting service loop movement were not recognized to result in the
service loop snag.",,,,,,,,,,,,,,B,,
NS-044778E2A8,,Serious Incident,2023-07-10,14:15,2023-07-11,HI,A 7,A,LIFT BOAT,Construction,LIFTING DEVICE,Loss Event,Environment & Reputation,Loss of Containment,,SYN-a57b61,Production Foreman,SYN-bdde2d,Marine Coordinator,SYN-95e0ce,Facility Engineer,2023-08-06,SYN-228664,Marine Coordinator,2023-08-05,"-
The well was Temporary Abandoned (TA'd) by Mariner Gulf of Mexico LLC on July
22,2010. The subject well was TA'd with a surface cement plug consisting of a Cast
Iron Bridge Plug (CIBP) with 200' cement on top and all existing plugs below were
successfully tested at that time on all annulus. An APM permit was submitted by
Mariner Gulf of Mexico LLC (Apache Corporation) and approved on April 25 & 26,
respectively, to repair the annulus sustained casing pressure (SCP), cut and remove
all the remaining casings at 15' BML. When Apache Corporation made their routine
assessment, they discovered the 11-7/8"" by 16"" annuli had 100 psi SCP. As a result,
Apache Corporation submitted two RPMs permits and they were approved to re-enter the
TA'd well, drill out the surface cement plug, clean out deeper, cut 3-1/2"" tubing
deeper, cut 7-5/8"" and 11-7/8"" casings, set CIBP /retainer as needed with cement on
top, repair the 100 psi SCP, and then finalize the abandonment.
On July 10, 2023, the 200' of cement on top of the CIBP was drilled out and the crew
was attempting to drill out the CIBP at 483' RKB. Loss of well control occurred due
to a pressure encounter below the CIBP which blew/ejected 485' of 3-1/2"" work string,
Bottom Hole Assembly (BHA), and tubular out of the well. A small diesel tank was
struck by a mule shoe (part of the BHA) which resulted in a 400'x 200'of sheen in the
water. The crew acted in a timely manner to contain the diesel that was leaking out
of tank which helped to minimize pollution to the Gulf waters. The Emergency Shut
Down (ESD) was activated immediately, and the Blow out Preventers (BOP) components
functioned as designed to completely seal the wellbore. There were no injuries with
minor pollution, approximately 5 gallons, from the diesel tank leak and no pollution
from BOP control.","There were no injuries with minor pollution, approximately 5 gallons, from the diesel tank leak and no pollution from BOP control.",Serious Incident,,Serious Incident,20,D,5,,,C,,,,C,,
NS-921E14BDDF,,,2023-07-15,02:00,2023-07-18,WR,425,,VANTAGE TITANIUM,Drilling,LIFTING DEVICE,Loss Event,Health & Safety,Injury TLI,,SYN-1079fd,Production Foreman,SYN-212faf,Operations Superintendent,SYN-f55883,Maintenance Supervisor,2023-07-28,SYN-ec80ed,Operations Superintendent,2023-08-30,"­
On July 15, 2023, while performing work on the Vantage Titanium Explorer, an
employee was struck on the left leg by a high pressure hydraulic hose and in the
upper left body and chest area by hydraulic fluid under pressure. After being struck
by the hydraulic hose and fluid, the employee was thrown against the rig's Spider and
Gimbal Assembly located behind him and then onto the deck.
At the time of the accident, the rig crew was in the process of hooking up the Spider
and Gimbal in preparation to pull the Blowout Preventers (BOPs) off bottom. No Risk
Assessment or Job Safety Analysis (JSA) was performed prior to starting this portion
of the job. The drill crew on tour at the time of the accident had just come back on
tour after only being off for 6 hours due to a 'short change' taking place. A short
change is a method used to arrange personnel for crew change purposes. The crew then
began preparing to pull the BOP stack in order to inspect a suspect leak in the ring
gasket located between the BOPs and the wellhead. The Assistant Driller instructed
the Floorman, Injured Person (IP), to connect the hydraulic hoses leading from the
Spider to the Hydraulic Manifold. It was observed at this time that the high
pressure connection fittings that usually remain on the manifold had been removed.
After inquiring as to why the fittings had been removed, it was found that they were
removed due to the fittings protruding into the walkway between the Driller's Cabin
and the Rotary Table, causing a hazard to the employees as they passed through that
area. The drill crew contacted both the Subsea and Mechanical Department to see
about getting some new fittings to install on the manifold. While the Mechanical
Department was trying to locate the proper fittings, the crew found that there were
several similar fittings located on one of the workbenches on the drill floor.
Unaware that the fittings on the workbench were actually for the high pressure wash-
down unit, the drill crew proceeded to make up the connections to the hydraulic hose.
Crew members failed to notice that the fittings used did not have the same type of
threads on them as the hydraulic hose they were connecting them to. When the Chief
Mechanic arrived to the rig floor, the fittings had already been made up and no one
double checked the connections to ensure that the proper fittings had been used to
replace the ones that were missing. Everything was thought to be fine and the drill
crew proceeded to connect the hoses from the manifold to the Spider. Once the hoses
were in place, the IP began trying to open the hydraulic pressure valve in order to
send supply fluid to the equipment. After some difficulty with opening the valve,
the IP positioned himself in front of the manifold to get a better grip and began
pulling the valve handle with both hands as he tried to get it open. By placing
himself directly in front of the connections and hose, the IP put himself in a
dangerous position. When the valve finally opened and hydraulic pressure entered the
hose, the threads on the fitting failed and the employee was struck by the hydraulic
hose and fluid. The force of the blow threw the IP approximately 4-5 feet into the
Spider behind him.
The on-site Medic was mobilized immediately after the accident to attend to the IP.
He was taken to the on-site medical clinic and the Medevac Helicopter was phoned in
at around 02:21 hours. Medevac arrived on location and transported the IP to
Terrebonne General Hospital in Houma, Louisiana. The IP was later transferred to
Oschner Hospital in New Orleans, Louisiana for further treatment and evaluation. The
IP was released from the hospital on July 25, 2023 with a full recovery expected.",The incident resulted in a lost-time accident with more than 3 days lost. The facility was evacuated.,,,,,,,,,,,,,,,
NS-88C271C470,,,2023-07-17,22:50,2023-07-20,EI,57,,HERCULES 150,Production Operations,LIFTING DEVICE,Loss Event,Health & Safety,Injury Minor,,SYN-415f26,Marine Coordinator,SYN-49e6e3,HSE Advisor,SYN-b7d89b,Operations Superintendent,2023-08-15,SYN-94b802,Maintenance Supervisor,2023-09-22,"On 17 July 2023 at approximately 2250 hours, a work crew employed by Hercules
Offshore was attempting to jet/wash the top side of a spud can on the port side of
the rig where the leg became stuck in thick and heavy mud while jacking down. The
work crew was using heavy weight drill pipe connected to a high pressure hose that
was suspended from the crane of the rig. The work crew involved in the incident was
installing a 3rd joint of heavy weight drill pipe to the suspended stand of pipe,
when the chicksan swivel and 2"" high pressure hose fell 30 feet to the deck striking
a Hercules Offshore employee. The employee sustained injuries to his left shoulder.
It was determined that the stand of pipe was connected only hand tight to the
chicksan swivel and high pressure hose, and the work crew, not accounting for the
weight of the pipe while suspended above the deck, allowed the chicksan to back out
of its connection. Instead of tightening the 3rd section of drill pipe to the
suspended stand, they did the opposite by tightening the stand of drill pipe to the
3rd section of drill pipe. This allowed the stand of drill pipe to back out the
chicksan swivel due to the weight of the pipe being suspended from the crane.
The Hercules Offshore HSE company policy manual specifies that a Job Safety Analysis
(JSA) should be completed. Although the JSA was filled out, the process was not used
to assure that hazards were identified and mitigating steps were discussed and/or put
into place for all of the listed steps. The rig crew and personnel also deviated from
plans discussed prior to conducting the operation.",The incident resulted in restricted work or job transfer for more than 3 days. The facility was evacuated.,,,,,,,,,,,,,,,
NS-041547E13F,,,2023-08-03,13:10,2023-08-04,SP,49,C,* WIRELINE UNIT,Production Operations,LIFTING,Loss Event,Health & Safety,Injury TLI,,SYN-7513bc,Marine Coordinator,SYN-3fdfc0,Operations Superintendent,SYN-24bd8d,Maintenance Supervisor,2023-08-25,SYN-d21123,Operations Superintendent,2023-09-03,"On 3 August 2023, a Supreme Services, Inc. (Supreme) crew contracted by W & T Offshore,
Inc. (W&T) was laying down a mechanical casing cutter in a shipping basket on the
South Pass (SP) 49 “C” platform (Lease Number G02177) after performing work on Well
C005. While handling the cutter, the outermost casing jack bowl separated unexpectedly
and slid down the tool. An operator’s left hand was trapped, resulting in serious
injuries to the left hand, including a severed finger. Immediate first aid was
provided, and the Injured Person (IP) was evacuated via Motor Vessel (M/V) to the “A”
platform before being airlifted to shore and transported by ambulance to University
Medical Center New Orleans. There, the IP underwent medical treatment that resulted in
the permanent dismemberment of three fingers. W&T reported the incident to the Bureau
of Safety and Environmental Enforcement (BSEE) New Orleans District (NOD).",The incident resulted in a lost-time accident with more than 3 days lost. The facility was evacuated.,,,,,,,,,,,,,,,"SEQUENCE OF EVENTS:
On 3 August 2023, at 13:10 Central Daylight Time, a plug and abandonment crew from
Supreme was engaged in removing a 12-inch mechanical casing cutter from Well C005 and
placing it into a designated shipping basket for storage. The cutter was previously
secured in the well by means of a casing jack and two slip bowls, one inner bowl and
one outer bowl, with inserts designed to hold the Bottom Hole Assembly (BHA) during the
cutting process. Upon completion of the cutting operation, a crane was connected to the
top of the BHA to facilitate removal of the slip bowl inserts. The crew proceeded to
lift the mechanical casing cutter in a near-vertical position, raising it just high
enough for the bottom edge of the tool to clear the slip bowl inserts inside the casing
jack. As the cutter was lifted, the inner bowl, which remained engaged below the outer
bowl, was allowed to rest on the horizontal stabilizer fins for temporary support while
the tool was still suspended by the crane. At this point, the outer bowl remained
attached to the inner bowl, and both components were generally upright as the crew
prepared to relocate to the shipping basket. The mechanical casing cutter was then
lifted via crane and moved approximately 20 feet to the shipping basket on the deck.
The bottom of the mechanical casing cutter was placed into the basket first, with the
top portion hanging over the front edge, suspended by the crane.
Once the bottom of the mechanical casing cutter was in the basket, a Supreme operator
and the 3rd party service technician approached the basket placing their hands on the
lower portion of the cutter near the cutting knives to help guide the tool down. During
this process, the outermost bowl (approximately 250 pounds) unexpectedly dislodged and
slid down the length of the tool, traveling past the stabilizer fins. Subsequent
inspection determined that the two bowls had been bonded together by a heavy buildup of
grease and debris from prior cutting operations. This created what is commonly referred
to as a “grease lock”, in which the downward force applied during cutting causes a
vacuum-like seal between surfaces. When the mechanical casing cutter was repositioned
horizontally, the internal pressure differential was released abruptly, allowing the
outermost bowl to separate and slide freely.
The service technician was able to remove their hands before the bowl passed; however,
the Supreme operator’s left hand was caught between the bowl and the tool, resulting in
an amputation of one finger and traumatic crush injuries to two others. The crew
immediately halted operations, administered first aid to control the bleeding and
retrieved the severed finger for possible reattachment. The attending vessel was
notified and moved into position alongside the platform to facilitate medical
evacuation. The IP was transferred to the “A” platform, where a medic stabilized the
injury and prepared the severed finger and other dismembered tissue for perseveration.
The IP was subsequently airlifted via field helicopter to the RLC base in Venice, LA,
and then transported by ground ambulance to University Medical Center New Orleans.
Medical evaluation confirmed that the index, middle, and ring fingers on
the left hand sustained irreparable damage, and they were permanently amputated. A
safety standdown was conducted on the platform after the IP was evacuated, and all
operations were halted for the day.
BSEE INVESTIGATIONS:
The BSEE-assigned investigator received and reviewed information submitted through
emails, phone communications, and witness statements from the operator after the
incident occurred. An investigation team boarded the platform on 18 August 2023. The
team requested relevant paperwork and conducted interviews with individuals that were
present during the incident or who arrived shortly after the incident occurred. The IP
was not on location at the time of the investigation and was unable to be interviewed.
IN CONCLUSION:
The investigation determined that while Supreme maintained a formal “no hands” policy
(Dated: 12/3/2020), the policy was not effectively communicated to or enforced among
the crew. Apart from one recently hired employee whose knowledge was derived solely
from the employee handbook during onboarding, crew members interviewed on location were
either unaware of the policy or unfamiliar with its requirements. Furthermore, hands-
free tools were not provided until after the incident, and the permit process
authorizing manual tool handling was not implemented. The cutter was placed in a
confined basket with other tools, creating restricted access. The absence of push poles
or other approved hands-free safety devices increased the likelihood of manual
handling. The crew relied on an unsupported assumption that the bowls would remain
attached while being lifted from the casing jack to the shipping basket, with the
potential hazard not identified due to the absence of a task-specific pre-job safety
meeting or risk assessment. These deficiencies collectively demonstrated a failure to
implement and enforce established safety policies and hazard controls."
NS-D5B60ADB65,,,2023-08-13,05:05,2023-08-15,SS,149,G,,Production Operations,Fall,Loss Event,Health & Safety,,,SYN-2d7c5e,Operations Superintendent,SYN-123aa7,Maintenance Supervisor,SYN-afc97e,Production Foreman,2023-08-23,SYN-b88946,HSE Advisor,2023-09-13,"The Driller and the Derrick man, held a meeting on the catwalk to discuss picking up
the choke hose so as to prepare to rig the Texas deck. They then planned to skid the
rig out to run drive pipe. The rotary beams and pan had been removed to prepare for
driving a 60 inch casing by making a 9 feet X 9 feet opening. A barrier (barracade)
had been placed around the opening with 1¼ inch pipe, and a ½ inch wire rope for a
top railing. The men discussed their plans to pick up the choke hose and tie it out
of the way. The Derrick man was to go to the rig floor and operate the air hoist and
the Driller was going to be on the deck so as to tie it to the hose. The Driller was
planning to use the rig intercom, but decided to get a set of radios from the
Offshore Installation Manager's (OIM's) office. When he returned to the deck, he
threw the radio upwards, through the opening in the rig floor, to the Derrick man on
the above deck (the rig floor). The Derrick man caught the radio and fell forward
onto the barricade which then collapsed. The Driller witnessed the Derrick man
falling. Before the Derrick man's feet left contact with the rig floor, he leaped to
the other side of the rotary and struck the rotary pan on the other side, in the
vicinity of his upper arm. The Derrick man then fell to the deck and landed at an
angle on his feet and fell onto a deck beam. The Derrick man had fallen
approximately 25 feet to the deck. The Driller immediately notified the Rig Safety
and Training Representative (RSTR) and the Night Tool Pusher (NTP) to report to the
deck. Shortly after the RSTR arrived, the Derrick man regained consciousness and was
able to respond to questions. The Derrick man had a laceration approximately 1 1/4
inches long on his chin and a bump and scrape at his hair line, on the right side of
his forehead. The Derrick man was checked in areas and was able to feel extremity
stimulation. The crew brought the Derrick man inside to the TV room and his vitals
were taken at 5 to 10 minute intervals. Medi-Vac had been notified by a W&T
dispatcher at West Jefferson Hospital shortly after the fall. Paramedics arrived at
07:20 hours. They questioned the Derrick man and he was moved outside to the
personnel basket where he was carried to the heliport and loaded on the helicopter.",The incident resulted in an injury recorded without a severity code.,,,,,,,,,,,,,,,
NS-4F73FCBFF1,,Serious Incident,2023-09-07,17:30,2023-09-09,EB,165,­ A,,Production Operations,LIFTING DEVICE,Loss Event,Business Interruption & Cost,Equipment Damage,Gas/Vapour Release,SYN-68335b,Maintenance Supervisor,SYN-11fb1e,Facility Engineer,SYN-e72b26,Operations Superintendent,2023-09-29,SYN-dd3746,HSE Advisor,2023-11-05,"-
On 7 September 2023 Fieldwood Energy LLC notified the Lake Jackson District a fire incident
had occurred at EB 165A, OCS-G-06280, Complex ID 10297. According to the time line
provided by the Person In Charge (PIC) and Witness statements provided on May 9,
2015, at approximately 1720 hours, facility had an upset which resulted in a shut-in
due to a Pressure Safety High (PSH) on the Low Pressure Separator (LP sep). Operators
checked LP Sep and cleared the upset, then began to bring the facility back on line.
At approximately 1728 hours after re-establishing the fuel gas system, Operators
started the gas compressor. Within a couple of minutes a loud boom was heard,
Operators activated the Emergency Shut Down. There was a short burst of over
pressurization of the Fuel Gas Filter, the top of vessel was blown off. The striking
of the top against nearby hand rail caused sparks, igniting the streaming gas from
the vessel. Operators immediately found the MAK-F960 Fuel Gas Filter skid was on fire
and abandon platform alarm was sounded. PIC selected Operators to fight fire,
directed everyone else to stay ready in muster area. Operators manned one (1) 150 lb.
wheeled fire extinguisher and four (4) 30 lb. hand held fire extinguishers. Operators
fought fire for three (3) minutes until extinguished, then monitored area of fire for
additional thirty (30) minutes.","Reported as a fire, damage over $25,000 and a shutdown following a gas release. Personnel were mustered. Estimated property damage $750,000.",Serious Incident,,Serious Incident,12,D,3,,,,,,,C,,
NS-080EA0563E,,Serious Incident,2023-09-10,07:50,2023-09-11,GC,65,A-Bullwinkle,,Marine & Logistics,LIFTING DEVICE,Loss Event,,,Combustion,SYN-2f65bd,Production Foreman,SYN-ef97b0,Facility Engineer,SYN-3cad43,Operations Superintendent,2023-09-27,SYN-a436ad,HSE Advisor,2024-01-05,"On September 10, 2023 at 7:50 am, an employee observed a fire on the bridle of the HP
Separator (MBD 115). Another employee pushed the fire/man overboard alarm. The
platform mustered and all personnel were accounted for in seven minutes. The fire
team controlled the fire using hand-held dry chemical fire extinguishers. The flame
was contained but re-ignited several times due to electrical arcing from the heat
tracing. The heat trace was isolated from its power supply to stop the electrical
arcing and reignition of the fire.",Reported as a fire. Personnel were mustered. Estimated property damage $100.,Serious Incident,,Serious Incident,12,D,3,,,,,,,A,,
NS-241283A77C,,,2023-10-11,03:20,2023-10-13,,,A,,Drilling,LIFTING DEVICE,,,,,SYN-82aeda,Maintenance Supervisor,SYN-8dc523,Marine Coordinator,SYN-38c554,Production Foreman,2023-10-23,SYN-42c8f7,Maintenance Supervisor,2023-12-22,"On 11 October 2023 at approximately 1615 hrs., a 15' x 20' fiberglass and wood
constructed office building caught fire on Nippon Oil Exploration USA's (Nippon) WC
534 A platform. The platform was already shut-in at the time of the fire since Nippon
was conducting decommissioning activities and preparing to remove the building from
the platform. An oxy-fuel cutting torch was being used to cut the tack welds that
attached the skid base of the building to the platform's metal plate deck. The
building rested on a skid constructed of I-beams. The torch cutting procedure
produced hot molten slag that ignited the wood construction materials inside the
walls of the building. The construction crew responded to the fire by puncturing
holes into the building walls and discharging dry chemical agents directly into the
walls where the fire was believed to be occurring. Additionally, a water hose from
an attendant vessel was utilized in an unsuccessful attempt to extinguish the fire.
An onsite witness statement indicated that the water hose was not immediately
available or in close proximity as required in the Job Safety Analysis (JSA) prepared
by a third party construction firm. Nippon's report of the fire indicated that the
water hose also did not have sufficient pressure to extinguish the fire. According to
additional onsite witness statements, twelve (12) thirty pound and one wheeled unit
fire extinguishers were used in unsuccessful attempts to extinguish the fire over a
period of approximately 30 minutes. At this point, the decision was made to evacuate
all personnel aboard the WC 534 A platform to the attendant vessel and use the fire
water monitor onboard the vessel to extinguish the fire. According to Nippon's
report of the fire, after evacuation procedures, the vessel discharged water spray
onto the fire until 1700 hrs. At this time the building's roof collapsed from water
and fire damage, and the fire was subsequently extinguished. As a precautionary
measure, water spray continued on the building and surrounding area for another two
hours. The fire was limited to the subject office building with no report of injuries
or pollution.
The BOEMRE investigation of the fire revealed that a JSA was performed, a Hot Work
Permit was filed, a Fire Watch was utilized, and a combustible gas meter was used
throughout the project to monitor for hazardous gas concentrations / LEL conditions.",,,,,,,,,,,,,,A,,
NS-D784625649,,Incident,2023-11-16,15:15,2023-11-16,MC,657,,HELIX Q-4000,Maintenance,LIFTING,Loss Event,Environment & Reputation,Loss of Containment,,SYN-d7f417,Production Foreman,SYN-6b01d6,Operations Superintendent,SYN-0968c5,Marine Coordinator,2023-12-02,SYN-d6f368,Maintenance Supervisor,2024-03-09,"On November 16, 2023, a spill incident occurred onboard the Helix Q4000 semisubmersible
vessel while working for Shell Offshore Inc (SOI) at Mississippi Canyon (MC) 657. A
total of 57 barrels of SF Base fluid (Synthetic Oil Base Fluid) spilled in the Gulf of
Mexico (GOM) due to the standpipe gate valve and the bleed off valve being left in the
open position. Shell reported the incident to the Bureau of Safety and Environmental
Enforcement (BSEE) New Orleans District (NOD).
At approximately 14:30 hours, the Helix crew held a Job Safety Analysis (JSA) with all
personnel involved in the riser displacement operation. The 10.7 pounds per gallon
(ppg) Calcium Chloride (CaCL) was being displaced with 6.6 ppg SF Base fluid. Helix
crew members lined up Hex Pump 2 and relevant surface valves. The driller brought Hex
Pump 2 on line to begin displacement of the riser. Full returns were not achieved at
the return tank, and no pressure increase was observed on the pump display in the
driller’s shack. The driller shut down Hex Pump 2 and crew members were instructed to
verify the valve lineup. While walking the lines to verify the valve line up, it was
identified that the stand pipe gate valve and bleed off valve were inadvertently left
in the open position.
The crew immediately closed both valves and notified vessel and client leadership.
Crew members measured the pits to confirm the total amount of fluid discharged. A
Safety Stand-down was conducted with the Environmental, Health, and Safety (EHS)
Advisor and crew personnel to discuss events leading up to the valve line up and how
to avoid reoccurrence.
On November 17, 2023, BSEE initiated an investigation for the SF Base fluid spill
incident. The investigation consisted of phone and E-mail conversations with the SOI
representative on site. BSEE requested Material Safety Data Sheets (MSDS) for the
fluid that was spilled overboard, the procedures and JSAs for the job being performed
at the time of the incident, photos, and possible causes for the incident. During the
investigation, BSEE found that the stand pipe gate valve and bleed off valve were not
physically verified to be closed during the valve line up verification. The crew also
failed to use the task specific JSA for riser displacement.",Reported as a pollution release. Estimated property damage $216.,Incident,,Incident,8,D,2,,,C,,,,A,,
NS-6398EC078F,,,2023-11-23,17:00,2023-11-26,,6683,HERITAGE,,Drilling,LIFTING DEVICE,,,,,SYN-7953ee,Maintenance Supervisor,SYN-a58adf,Marine Coordinator,SYN-de5978,HSE Advisor,2024-01-02,SYN-9c1cc7,Operations Superintendent,2023-12-29,"The fundamental cause of the incident to Mr. was his statement that he
was not tied off at the time of the incident. Mr disconnected his fall
protection to crawl through the two W36 beams. After he came through the two w36
beams he noticed chain fall #1 no longer had tension in the chain. He immediately
bacame concerned that Mr. could be struck if the pipe shifted due to the
configuration of the chain falls {tension on chain fall #3 and slack on chain fall
#1). Mr moved into position to remove the slack in chain fall #1 and as Mr.
reached up to tie off his landyard to the beam that's when the pipe shifted and
caused him to be knocked from the pipe rack.",,,,,,,,,,,,,,,,
NS-986C937DFC,,,2023-11-25,18:25,2023-11-27,WD,105E,E,,Well Services,LIFTING,,,,,SYN-bbe333,Production Foreman,SYN-8e5de5,Operations Superintendent,SYN-d17c30,Operations Superintendent,2023-12-07,SYN-e449f9,Marine Coordinator,2024-01-11,"On November 25, 2023 at approximately 6:57 a.m., a flash fire occurred during
maintenance on a gas compressor engine at the West Delta (WD) Block 105 “E” platform,
owned and operated by Fieldwood Energy, LLC. (Fieldwood). The platform shut in as a
result of the fire; however, no injuries, pollution, or property damage occurred as a
result of the fire.","No injuries, polluton, or damage occurred.",,,,,,,,,,,,,,,"Sequence of Events:
On November 25, 2023 at approximately 0657 hours, a mechanic began troubleshooting the
compressor engine. The No. 6 left bank power cylinder was not firing on the
compressor. When the mechanic loosened and disconnected the secondary spark plug wire
from the coil, the cylinder caught fire. The mechanic immediately climbed down the
catwalk, activated the Emergency Shut Down (ESD) system, and grabbed a fire
extinguisher. The ESD automatically sounded the fire alarm. He then went back to the
compressor and extinguished the fire. No injuries, polluton, or damage occurred. The
platform remained shut in until a root cause analysis was performed.
On November 25, 2023 at 1056 hours, the incident was reported to BSEE.
On November 25, 2023 at 1718 hours, the BSEE Accident Investigator (AI) granted
permission to pressure up on the Fuel Gas Regulator to confirm a gasket leak. This
task was performed without cranking the compressor engine.
On November 27, 2023, the BSEE AI granted permission to make necessary repairs to the
compressor and bring the platform back on-line. The platform started back up without
incident.
BSEE Investigation:
On November 26, 2023, the BSEE AI received an email summarizing the incident. The AI
contacted the facility and requested photos from Fieldwood’s Health, Safety, and
Environment (HSE) Coordinator. The AI received photos of the compressor and fire
extinguisher, the make and model of the compressor, and the Job Safety Analysis (JSA).
BSEE received Fieldwood’s Root Cause Analysis (RCA).
BSEE concurs with Fieldwood’s RCA which indicated that the No. 6 left bank cylinder
head fuel injection line had gas leaking due to a failed gasket where the machined
flange bolts to the cylinder head. It was also found that the JSA was generic and the
list of “Potential Safety Hazards and Controls” was not specific to the task at hand.
There was no mention of a potential gas leak or ignition source. A hot work permit was
not utilized. A gas detector was not used to see if any gas may have been present
prior to introduction of an ignition source into a classified area.
The findings indicated that the cause of the gas leak was a cut gasket on the fuel
valve jumper line. BSEE verified this through photos from the incident. A broken
gasket allowed gas to release. When the mechanic removed a spark plug wire from an
ignition coil, a spark was introduced into a area where gas was present in explosive
quantities. A flash fire resulted. The BSEE AI confirmed that the compressor engine
had a low-tension ignition system.
BSEE found that Fieldwood’s response to fire was adequate and followed regulations.
The fire extinguisher was in working order and the inspection was up-to-date, the
location of the fire extinguisher was close enough to fight an incipient fire, and the
platform was properly shut down to prevent further escalation.
Conclusion:
The Fieldwood RCA and the BSEE AI concluded that the flash fire on the compressor
engine was caused by a cut gasket on the fuel valve jumper line, which allowed gas to
leak. When the mechanic disconnected the spark plug wire from the coil, the spark
ignited the gas, resulting in a flash fire. BSEE found the probable cause of the
incident to be that Fieldwood’s management systems inadequately identified hazards.
The JSA did not properly identify all hazards associated with the task. A gas detector
was NOT used to see if any gas might have been present prior to introducing an
ignition source into a classified area. A hot work permit was not utilized."
NS-265D15E95B,,Incident,2023-12-12,17:10,2023-12-15,VK,915,A (Marlin),,Maintenance,LIFTING,Loss Event,,,Gas/Vapour Release,SYN-2b8dcf,Production Foreman,SYN-240459,Maintenance Supervisor,SYN-e60bb0,Maintenance Supervisor,2024-01-07,SYN-833caa,Facility Engineer,2024-01-23,"On 12 December 2023, an incident occurred at Viosca Knoll (VK) 915, Platform A. VK-
915A (Marlin). (Marlin) is a Tension Leg Platform owned by Anadarko Petroleum
Corporation and operated by Occidental Petroleum. During the incident, a gas release
took place due to a 3/4 inch pipe nipple cracking and breaking. The release allowed gas
to escape from the Compressor #1 Suction Scrubber (MBF P630A-1). The event caused a
total platform shut in and platform muster. There were no injuries or significant
equipment damages associated with this event.","Although there was no injuries or significant equipment damage during this incident, there was potential for the gas that was released to contact the hot surfaces of the Compressor #1 which was within 10 feet and could have created a fire or explosion hazard due to the flammable nature of the gas that was released.",Incident,,Incident,8,D,2,,,,,,,A,,"SEQUENCE OF EVENTS:
On 12 December 2023, at approximately 1710 hours, the VK-915A platform control room
received a gas alarm on the Compressor #1. An Occidental Petroleum Control Room
Operator (CRO) immediately traveled to the Compressor #1 and witnessed the nipple on
the sight glass level bridle for the number one suction scrubber releasing gas. After
seeing the gas release, the CRO called the control room. The compressor #1 and the
platform were then shut in by the Emergency Shutdown System (ESD). Due to the gas alarm
sounding, there was a platform muster performed to account for all personnel. The
compressor and number one scrubber were then isolated, and the pressure was bled down.
The facility and compressor #1 were shut down for approximately thirty minutes while
the broken pipe nipple was removed and replaced with a new pipe nipple. After the
nipple was replaced, the facility was able to return to production.
BSEE INVESTIGATIONS:
On 13 December 2023 at 1508 hours, Anadarko submitted an incident report to the Bureau
of Safety and Environmental Enforcement (BSEE) notifying them that an incident
occurred at VK-915A. The report provided a description of the incident that had
occurred on 12 December 2023 which consisted of a gas release resulting in a complete
platform shut in and muster. The report provided photographs of the 3/4 inch nipple
that had broken, the scrubber it was attached to, as well as a Piping and
Instrumentation Drawing (P&ID) identifying where the release occurred. In addition to
the report and evidence provided by Anadarko, BSEE conducted an in-office
investigation as well as an on-site investigation at VK-915A on 18 February 2024. BSEE
inspectors took additional photographs of the incident location and affected
equipment. The Accident Investigator (AI) also requested evidence from Anadarko’s
mechanical integrity team during the investigation.
From the evidence provided by Anadarko’s mechanical integrity team on 18 February 2024,
it was determined that the 3/4 inch nipple had failed due to fatigue cracking. There
was no definitive explanation as to why the nipple had suffered fatigue cracking which
caused it to break, resulting in the gas release. However, there were multiple factors
that contributed to the nipple cracking. These possible causes are the over-tightening
of the nipple when it was originally installed over four years ago, the possibility of
the nipple slightly loosening and causing excessive vibration of the nipple, the
possibility of too much weight on the nipple from supporting the sight glass level
bridle, and the vibrations caused by the compressor #1 unit over an extended period of
time.
The gas release from the broken nipple was in a location that could have resulted in a
far worse incident. Although there was no injuries or significant equipment damage
during this incident, there was potential for the gas that was released to contact the
hot surfaces of the Compressor #1 which was within 10 feet and could have
created a fire or explosion hazard due to the flammable nature of the gas that was
released. Anadarko has stated that they will be submitting a Management of Change
(MOC) to install additional support to the Compressor #1 Suction Scrubber sight glass
level bridle that will lower the amount of weight and vibration placed on the nipple.
This should prevent fatigue cracking of the nipple in the future.
IN CONCLUSION:
On 12 December 2023, the platform operators were able to prevent the incident from
escalating into a more serious incident by responding to the gas alarm that sounded on
the Compressor, caused by the 3/4 inch nipple breaking on the Compressor #1 Suction
Scrubber and allowing gas to escape. The facility safety systems functioned as
designed. The gas detectors detected the gas release and alarmed personnel who were
then able to shut in the platform. As a result of the incident, Anadarko will be
submitting a MOC to add additional support to the suction scrubber sight glass level
bridle in efforts to reduce the weight placed on the replacement 3/4 inch nipple and
limit the amount of vibration on the nipple from the compressor #1 unit. By
implementing these changes, Anadarko is taking measures to prevent similar incidents
from occurring again in the future."
NS-6D49C0270E,,,2023-12-20,08:00,2023-12-22,GC,158,A-Brutus TLP,,Maintenance,LIFTING,Loss Event,Health & Safety,Injury TLI,,SYN-787d4a,Production Foreman,SYN-ed52cb,Facility Engineer,SYN-6098f2,HSE Advisor,2024-02-04,SYN-c6ad6e,Maintenance Supervisor,2024-02-13,"At approximately 0800 hours on December 20, 2023, an injury occurred that required
evacuation on the Brutus TLP (Tension Leg Platform) at Green Canyon 158-A (GC 158A),
lease number OCS-G 07995. The Operator on record is EnVen Energy Ventures, LLC.
While setting up to pull cable on the Mezzanine Deck of the FCG (Flash Gas Compressor)
package, an I&E fitter injured his lower leg while attempting to step over a piping /
valve run that was not identified as a trip hazard to access cable in a cable tray.
The employee's pants leg snagged a pipe support bracket causing him to fall forward
striking a flange bolt resulting in an avulsion to his lower right leg. The employee
reported the incident to his supervisor and went to the on-site medic for evaluation.
EnVen transported him via Medivac to Terrebonne General Medical Center in Houma, La.
70363
BSEE arrived on location January 11, 2024 to begin the incident investigation. BSEE took
pictures and witness statements, reviewed documents and surveyed the incident site.",The incident resulted in a lost-time accident with more than 3 days lost. The facility was evacuated.,,,,,,,,,,,,,,,
NS-28BF8829E8,,Serious Incident,2023-12-25,10:15,2023-12-28,EI,330,C,,Maintenance,LIFTING DEVICE,Loss Event,,,,SYN-3845f4,Marine Coordinator,SYN-09dcb2,Production Foreman,SYN-1a8843,Marine Coordinator,2024-01-28,SYN-83e7dd,Production Foreman,2024-04-22,"Fifteen (15) pieces of 1 / 4 "" X 12 "" X 20 ' flat iron was lost overboard adjacent
to the EI 330, C platform on December 25, 2023. The flat iron lift was being made
from the M/V Ms. Jessica to the platform with nylon slings. As the lift approached
the platform top deck level, the center of gravity of the load shifted causing the
load to be un-level and off balance. Once the load became un-level and off balance,
the inner plates of flat iron began sliding through the nylon slings. The sliding
inner plates of the flat iron acted as a knife that sliced through the nylon slings.","Reported as a crane incident. Estimated property damage $3,720.",Serious Incident,,Serious Incident,20,D,5,,,,,,,A,,
NS-A5F4968976,,Serious Incident,2024-01-04,08:25,2024-01-08,ST,21,116,,Maintenance,,Loss Event,,,Combustion,SYN-f4c5d2,HSE Advisor,SYN-c9ff08,Maintenance Supervisor,SYN-1de844,Marine Coordinator,2024-01-19,SYN-5aeb7d,Marine Coordinator,2024-02-26,"On December 15, 2023, work was being performed on Platform #116. A pre job safety
meeting was held, JSA completed, the Hot-work permit was issued, and a gas detector
was used, finding no traces of gas at flanges. The well had been shut in since the
storm and the crew began there assigned task. Certain individuals were assigned to
break the nuts and remove a 2 inch ball valve for the gas lift line that penetrated
the cellar deck. The crew understood that the platform had been shut in since the
storm and confirmed that the check valve and block valve behind the 2 inch valve were
closed. The bolts had been broken and prior to having removed the valve, the crew
was stopped so that they could allow for the welder to cut the damage grating on the
production deck. This was above the two inch valve. A fire watch and a man with
the gas detector were posted on the cellar deck. As the grating was being cut,
escaping gas from the 2 inch valve ignited and was immediately extinguished with no
injury or damage.","As the grating was being cut, escaping gas from the 2 inch valve ignited and was immediately extinguished with no injury or damage.",Serious Incident,,Serious Incident,12,D,3,,,,,,,,,
NS-C42E981F87,,,2024-02-14,02:23,2024-02-15,GC,859,,ROWAN RESOLUTE,Maintenance,LIFTING DEVICE,Near Hit,,,,SYN-4de818,Facility Engineer,SYN-11b726,Maintenance Supervisor,SYN-744a43,Marine Coordinator,2024-03-14,SYN-e46003,HSE Advisor,2024-04-21,"On February 14, 2024 a Rowan Floorhand was evacuated from the drillship Rowan
Resolute while working for Anadarko Petroleum Corp in Green Canyon Block 859. The
Floorhand was injured while assisting on the rig floor with pulling the 5-7/8 inch
work string out of the hole (tripping out of the hole). Several stands into the
tripping operation, a rope holding the manual tongs out of the way broke and allowed
the tongs to swing forward and struck the Floorhand in the back. The Floorhand was
sent in on a medevac flight for evaluation.
While the drill floor crew was tripping pipe out of the hole, a hydraulic hose on the
hydra-tong ruptured and the drill floor crew opted to use manual tongs in order to
finish pulling out of the hole. After the manual tongs were suspended by a hoist
line, they were secured away from the rotary table by a half inch tie back rope. At
approximately 0223 hours the Driller was lowering the top drive to latch onto a stand
of pipe, but as the top drive was lowered, a clamp on the kelly hose caught the hoist
line and the manual tongs were hoisted higher into the air. When the Driller finally
stopped the top drive, the tie back rope broke and the tongs swung toward the rotary
table. At this time the Floorhand was standing in the permanent Red Zone between the
tongs and the rotary table, and was struck in his back by the tongs. The Injured
Person (IP) was loaded into a stokes litter and transported to the rig medics office.
He was medevac'd to be evaluated by a land based medical center where it was
determined that he had sustained a bruise, but did not have broken bones or internal
injuries.
Bureau of Safety and Environmental Enforcement (BSEE) Inspectors conducted an
inspection / investigation on February 14, 2024 and collected documentation for the
incident. It was determined based on incident statements that a Rig Specific
Operating Procedure (RSOP) was initiated prior to the pipe tripping operation, and it
was revised and updated once the rig floor crew swapped to the manual tongs.
However, this RSOP did not identify the possibility of the kelly hose clamp catching
the hoist cable and breaking the rope, and allowing the manual tongs to swing across
the rig floor. Also, the IP was standing in a permanent Red Zone facing away from a
suspended load on the drill floor while waiting for the top drive to descend. This
was poor body placement in relationship to the possible moving equipment, and put the
IP at risk of injury if/when the hold back rope broke. No other rig floor crew
member identified this poor body placement at the time of the incident, and when the
hold back rope broke, the IP was standing with his back to the suspended load and was
struck as the tongs traveled across the rig floor. Rowan has addressed these issues
thru discussing with crew members about stopping the job when there are changes to a
planned job to determine all risks involved and to discuss the hazards of the Red
Zones.","He was medevac'd to be evaluated by a land based medical center where it was determined that he had sustained a bruise, but did not have broken bones or internal injuries.",,,,,,,,,,,,,,,
NS-B5445D723F,,,2024-03-09,20:40,2024-03-10,GC,743,,T.O. DEVELOPMENT,Marine & Logistics,LIFTING DEVICE,Loss Event,Health & Safety,Injury TLI,,SYN-f406a8,Facility Engineer,SYN-755e1b,HSE Advisor,SYN-731fcc,Operations Superintendent,2024-04-25,SYN-159a34,Maintenance Supervisor,2024-04-19,"-
On March 9, 2024, a Floorhand was injured when his left leg was caught between the
ZBack Guide Arm (ZGA) and a handrail, while transporting drill pipe on the rig floor.
At the time of the incident, the rig was performing completion operations on BP's DC-
321 well, located in Green Canyon block 743. The Drill Crew had just finished
pressure testing the Blow Out Preventers (BOP) and was in the process of pulling
drill pipe out of the hole and storing them in the aft side fingerboards. Although
a written risk assessment was done prior to performing the job, crew members failed
to address the hazard associated with body positioning in relation to moving
equipment. The Floorhand, the Injured Party (IP), was in charge of running the Iron
Roughneck and the Assistant Driller (AD) was in charge of running the ZGA. The Iron
Roughneck is a piece of equipment used on the drill floor to screw or unscrew the
stands of drill pipe as it is being run into or pulled out of the hole. Once the
pipe has been disconnected, the ZGA is used to transport the drill pipe from well
center to the pipe racks to be stored.
After pulling 12 stands of drill pipe from the well, the aft pipe rack became full
and the crew had to reposition themselves to begin transfering pipe to the forward
side pipe rack. The IP positioned himself between the aft side pipe rack and the
ZGA. This position allowed the IP to stay out of the ZGA's way as it moved back and
forth, while maintaining good visuals of the Iron Roughneck and fingerboards of the
forward pipe rack.
The 13th stand of drill pipe was pulled from the well and transported to the forward
side pipe rack via the ZGA. As the AD placed the pipe into the pipe rack, the IP was
unscrewing stand 14 and ensuring the fingerboard latches were lowering into position
properly. While looking up at the fingerboards, the IP inadvertently placed his left
foot on the bottom rung of the handrail that guarded the ZGA. The handrail installed
around the ZGA was put into place to protect personnel from walking into the skid pan
located along the tracks of the ZGA. Although this served as a proper barricade for
the open hole, it failed to provide a sufficient barrier to prevent employees from
coming in contact with the moving equipment. As the ZGA was skidded back to well
center, the roller adjustment bolt located on the bottom of the ZGA came into contact
with the IP's boot and pulled his left foot and leg in between the ZGA and the
handrail.
The job was immediately stopped and the crew members assisted in removing the IP's
leg from in between the ZGA and the handrail. The work area was cleared for further
investigation and the IP was carried to the Medic's clinic on board the vessel for
evaluation. After consulting with onshore medical support, the decision was made to
dispatch a MEDEVAC helicopter to transport the IP onshore for further medical
treatment. It was later determined that the IP had sustained a laceration and
fracture to his lower left leg. He is expected to be out of work for approximately
eight weeks.",It was later determined that the IP had sustained a laceration and fracture to his lower left leg.,,,,,,,,,,,,,,,
NS-E04FE21029,,Very Serious Incident,2024-03-09,20:45,2024-03-12,DC,4,,T.O. DEEPWATER ASGARD,Marine & Logistics,LIFTING Rope socket,Loss Event,,,,SYN-f53fab,Marine Coordinator,SYN-bf3208,HSE Advisor,SYN-f5bce6,Production Foreman,2024-03-31,SYN-22e9db,Maintenance Supervisor,2024-04-06,"On March 9, 2024, Murphy E&P Company USA had a dropped object incident onboard
Transocean’s Deepwater Asgard Drillship while conducting well completion operations at
Desoto Canyon Block 4 Well No. 2. The incident involved a packer setting tool
detaching from the wireline rope socket causing the 162 lb packer-setting tool to free
fall approximately 40 ft to the rig floor below. There were no injuries; however,
there was damage to the drill floor. At
20:45 hours, Murphy reported the incident to the Bureau of Safety and Environmental
Enforcement (BSEE) New Orleans District.
Transocean’s Deepwater Asgard Drillship successfully landed out the tubing hanger in
the production tree on “Dalmatian” Desoto Canyon Block 4 Well No. 2. The crew then
rigged up for slickline operations and performed three successful runs.
The next step in the well program was to set a production packer using slickline to
isolate the well. The slickline crew made many unsuccessful attempts over the next two
days to set the production packer.
Based on BSEE onsite interviews and the Transocean lessons learned report, Murphy
decided to run a different style tubing packer to isolate the well. The new style plug
had to be run on Electric Line (E-line) which required the rig up and lubricator type
to be changed from slickline operations. The wireline crew isolated the well and
rigged down the slickline equipment. The wireline crew made all runs up to this point
using a slickline unit.
At 20:45 hours, the new style packer (E-line packer) and packer setting tool were
picked up and run downhole successfully. During this time, a crew change occurred. The
new crew successfully installed the packer in the hole. After setting the packer, the
E-line crew pulled the packer setting tool. The packer setting tool was pulled back to
surface and the tool was positioned inside the lubricator in preparation to layout the
tool.
Due to the change in the wireline rig up, the process to lay down the wireline tools
and equipment (i.e. lubricator) becomes more complicated. In the new operational rig
up, the travel block supported both the E-line (top) sheave and the winch. The Winch
operator controls the tension supporting/lifting the lubricator. The E-line (hoist)
operator controls the tension/ lifting force of the wireline (E-line) run through the
top sheave and connected to the packer setting tool. If the Winch operator slacks off
before the E-line operator, the lubricator weight will be set down on top of the tool
string. The new crew coming on tour did not recognize this hazard. Furthermore, the
crew did not discuss this hazard during the toolbox talk.
Prior to the incident, two floor hands went up in a workbasket to bleed off the well
pressure and detach the lubricator. The crew lifted the lubricator off the wireline
valves and positioned it for lowering to the floor. The plan was to lower the packer
setting tool and the lubricator to the floor at the same time.
The floor hands, drill shack personnel, the E-line operator, and the Winch operator
were in radio communication. During the rigging down operations and before the
incident, a breakdown in communication occurred. The Winch operator started slacking
off before the E-line operator. This caused the weight of the lubricator to set down on
the top of the packer setting tool which allowed the electric line to pull free from
the rope socket. The broken rope socket allowed the 162 lb packer setting tool (the
spear) to free fall 40 ft to the rig floor. There were no injuries and no major
structural damage; however, there was an indentation in the drill floor. The closest
person to the incident was 18 ft away.","There were no injuries and no major structural damage; however, there was an indentation in the drill floor.",Very Serious Incident,,Very Serious Incident,25,E,5,,,,,,,A,,
NS-2922813ADD,,Very Serious Incident,2024-03-13,22:25,2024-03-14,GC,640,,T.O. DISCOVERER,Drilling,LIFTING DEVICE,Loss Event,Health & Safety,Injury TLI,,SYN-f9a402,Marine Coordinator,SYN-32ef3f,Marine Coordinator,SYN-dfb44b,Operations Superintendent,2024-03-25,SYN-01c5ff,Maintenance Supervisor,2024-05-08,"On March 13, 2024, while running casing on Chevron’s PN010 well in Green Canyon 640,
an incident occurred onboard the Transocean Discoverer Inspiration in which an
employee was struck with a joint of 16“ casing. The incident occurred while the rig
crew was positioning a double joint of casing on the rig's forward conveyor system in
preparation for it to be trolleyed to the rig floor. The Injured Person (IP) was sent
onshore for further evaluation.
On the day of the incident, the rig was in the process of running roughly 5,000 feet
of 16” casing. The involved crew, consisting of two Roustabouts, a Banksman and a
Crane Operator, were lifting casing joints from the starboard side pipe deck onto the
rigs forward pipe conveyer system. The joints were placed onto a dunnage (casing
spacer), located on the conveyer systems belt, to elevate the casing in order to
release the rigging slings used for the lift. At around 22:30, after placing the
tenth (10th) double joint of casing onto the conveyer belt system, the top piece of
dunnage was knocked off by the casing joint being set down. The Banksman signaled
the Crane Operator to pick up on the load in order to reposition the dunnage. The
Crane Operator proceeded to lift the casing from the conveyer belt as directed from
the Banksman. Once Roustabout #1 correctly repositioned the dunnage, the load was
again lowered onto the conveyer belt. When the casing joint contacted the aft
dunnage, the casing joint began to shift. This caused the load to swing into the
direction of both Roustabout #1 and the Banksman. Roustabout #2, standing forward of
the conveyer track, noticed the load shifting and proceeded to duck. The Banksman
also recognized the casing’s movement and also ducked down. Roustabout #1 was struck
in the torso by the casing and forced over a 42” handrail, finally landing on the
rig’s riser yoke spreader bar stored directly beside the forward conveyer walkway.
The Banksman immediately pulled Roustabout #1 (IP) back to safety onto the conveyer
walkway. All rig crane operations were stopped and a rig wide safety stand down was
performed. The IP was evaluated by the rig medic and later sent onshore to a hospital
for further evaluation.
A Bureau of Safety and Environmental Enforcement (BSEE) onsite visit was performed on
March 21, 2024. Onsite interviews were conducted with the employee’s involved in the
incident including the Tool Pusher, the Crane Operator, and the Banksman. Roustabout
#1 and # 2 were not available when the interviews were conducted. While on location,
BSEE inspectors collected paperwork provided by Transocean and took pictures of the
area where the incident occurred.
An investigation by Transocean Offshore was conducted in the days following the
incident. It was determined that the crew preforming the task failed to recognize the
hazards involved when repositioning the dunnage’s in such close proximity to a
suspended load. Normally, rig personnel are not allowed within the area that the
incident took place once lifting operations have begun. It was also noted that the
Work Risk Assessment (WRA) performed by the crew prior to the casing lifting
operation failed to cover the repositioning of the dunnage on the conveyer system.
Since the incident, Transocean has redesigned the dunnage used on their conveyer belt
system for casing lifting operations. The new dunnage design consists of four pieces
of conveyer belt bolted together which prevents them from separating. Chevron and
Transocean have begun the process of reviewing all WRA’s involving tubular handling
operations. Transocean has also implemented new lifting requirements as stated in
their new Health and Safety Manual requiring additional control measures for tubular
lifting operations. With these changes, Transocean hopes to prevent further incidents
like this from occurring in the future.",The incident resulted in a lost-time accident with 1-3 days lost. Reported as a crane incident. The facility was evacuated.,Very Serious Incident,,Very Serious Incident,25,E,5,,,,,,,,,
NS-C161BF5798,,,2024-03-16,19:00,2024-03-17,BA,,B,,Maintenance,LIFTING DEVICE,Loss Event,Health & Safety,Injury TLI,,SYN-0d34de,HSE Advisor,SYN-1575c6,Production Foreman,SYN-70115f,Maintenance Supervisor,2024-04-04,SYN-c9b163,Marine Coordinator,2024-05-31,"On 16-MAR-2024 the Field Foreman at BA A133 platform 'B' attempted to move a
swiveling 1"" drain line below the surge separator. The Field Foreman's right bicep
detached, balling up toward his right shoulder. The Injured Pary (IP) was evacuated
and saw a doctor on 20-MAR-2024, diagnosed with a torn ligament. IP had surgery 28-
Feb-2014, and will be unable to work until 30-JUN-2024.
The investigation determined that injury was not due to unsafe practices or
equipment, and that moving the 1"" drain line was within the regular scope of work.",The incident resulted in a lost-time accident with more than 3 days lost. The facility was evacuated.,,,,,,,,,,,,,,,
NS-62754CBCB2,,,2024-04-30,17:30,2024-05-06,SM,130,A,,Marine & Logistics,LIFTING DEVICE,Near Hit,,,,SYN-85fc40,Maintenance Supervisor,SYN-3ce3e4,Production Foreman,SYN-d6dc49,Production Foreman,2024-05-26,SYN-50e2fb,Production Foreman,2024-06-20,"On April 30, 2024, at approximately 1730 hrs, a Lead Operator (LO) sustained a
break to his right arm just above his wrist during a pipeline pigging operation. All
valves leading to the pig launcher were closed/isolated, and the pig launcher was
depressurized in preparation for the pig's insertion. Subsequent to loading the pig
into the launcher/receiver, the pig prematurely ejected backwards striking the LO on
his right arm before he could remove his arm and securely close the trap door cover.
The LO was evacuated by helicopter and flown to the Houma Terrebonne General Hospital
for treatment. The LO was released to restricted work duty until May 18, 2024.","On April 30, 2024, at approximately 1730 hrs, a Lead Operator (LO) sustained a break to his right arm just above his wrist during a pipeline pigging operation.",,,,,,,,,,,,,,,
NS-7533986930,,,2024-05-07,08:30,2024-05-09,MC,809,A (Ursa),,Production Operations,LIFTING,Loss Event,Health & Safety,Injury Minor,,SYN-d239fe,Maintenance Supervisor,SYN-71135b,Facility Engineer,SYN-07d20e,Production Foreman,2024-05-23,SYN-f2111f,HSE Advisor,2024-06-14,"On 7 May 2024, an incident occurred at Mississippi Canyon (MC) 809, platform A
(Ursa). Ursa is a Tension Leg Platform that is owned and operated by Shell Offshore
Inc (Shell). At the time of the incident, the Injured Person (IP) lost his footing and
slipped while he was in the process of securing felt to cover sheet metal flooring and
cleaning inside of the Pressurized Welding Enclosure (PWE).When the IP slipped
backwards, his right leg contacted a jagged edge of an I-beam, resulting in a 3-to-4-
inch laceration on his right leg. The IP was Medically Evacuated (Medevac’d) by
helicopter from MC 809 A and received medical treatment at the Medical Center.","While slipping , the IP’s leg contacted a jagged edge of an I-beam, which resulted in a laceration to the IP’s right leg.",,,,,,,,,,,,,,,"SEQUENCE OF EVENTS:
On 7 May 2024, at approximately 0830 hours, a SafeZone worker, referred to as the
IP, was securing Panther felt and cleaning inside a PWE. The IP took a step back from
an elevated working surface, lost his footing and slipped backwards. While slipping ,
the IP’s leg contacted a jagged edge of an I-beam, which resulted in a laceration to
the IP’s right leg. At 0845 hours, the incident was reported to the platform medic, who
completed an assessment of the IP’s injuries. A decision was made to send the IP to a
medical facility for further evaluation onshore. The IP then left MC 809 A on a Medevac
helicopter at 1010 hours and landed at Bristow heliport in Houma, Louisiana at 1136
hours. The IP was then transported to the Medical Center at 1150 hours. At 1203 hours,
a company representative for SafeZone, the IP’s employer, arrived at the the Medical
Center to accompany the IP.
When the IP arrived at the Medical Center , he had X-rays performed, which were
completed at 1412 hours. In addition to receiving X-rays, the IP received 11 staples
and 4 stitches for the lacerations at 1438 hours. Upon receiving stitches and staples
on the lacerated area, the IP was then released from the Medical Center at 1506 hours
and placed on light duty status. The IP returned to work on 8 May 2024 at the
SafeZone office on light duty. The IP did not return offshore to MC 809 A, Ursa
platform.
BSEE INVESTIGATIONS :
On 7 May 2024, Shell notified the Bureau of Safety and Environmental Enforcement
(BSEE) afterhours engineer via phone call and follow up email, of a leg injury that
occurred offshore while an IP was working in a PWE. On 11 May 2024, Shell followed
up the original notification by submitting a formal incident report. The incident
report included the following: photographs of the injury, description of incident
location, the Job Safety Analysis (JSA) used identify the hazards of the work being
performed, a witness statement, a work permit, and a medical release form identifying
the IP’s light duty status when released from the hospital.
The BSEE Accident Investigator (AI) began an in-office investigation of the incident on
12 May 2024. During the office investigation, the AI requested additional
photographs of the incident area, further details concerning the incident and the
medical treatment report from the Medical Center.
During the BSEE investigation, the AI found that the initial JSA hazard identification
for the work being performed did not mention jagged edges inside the work area or
uneven surfaces creating hazards for personnel. The lack of supervision and these items
having not been identified during the initial hazard identification allowed existing
hazards to remain unaddressed throughout the operation. The IP was working at heights,
which required him to wear fall protection personal protective equipment
(PPE), consisting of self-retracting lifeline (SRL) at the time of the incident. Even
though the IP was wearing the required fall protection, the uneven surface that the IP
was working on had a 12-18 inch drop down to the next working level. When the IP
slipped and lost his footing, he fell 12-18 inches from the upper level to the lower
level. This slight difference in elevation was not a great enough drop to deploy the
IP’s fall protection, which contributed to the lacerations he received on his leg.
Upon further review of the information provided by Shell, it was noted that Stop Work
Authority (SWA) was utilized by the on-site personnel immediately following the
incident. In addition, a safety standdown was conducted with the rest of the crew to
address any safety concerns. The crew was able to identify the potential exposures of
sharp pieces of metal that were present and mitigate the hazard by wrapping any
protruding pieces of metals that were found. The JSA was then revised and added the
potential for jagged edges and uneven surfaces as hazards and determined how to safely
mitigate those hazards.
IN CONCLUSION:
On 7 May 2024, during the initial hazard assessment of the working area, the
unidentified hazards contributed to the IP injuring his leg. Had the jagged edges and
uneven surfaces been identified on the JSA and discussed with the workers prior to
commencing work, the injury could have been prevented by taking the proper steps to
mitigate these hazards. BSEE’s investigation found that the probable causes of the
incident were the lack of supervision and human error due to the inadequacy of the
pre-job assessment. By not identifying all hazards, the workers in the area were
exposed to additional risk that could have resulted in more serious injuries than
those sustained by the IP. In the future, the work area should have a more thorough
hazard assessment performed, and all personnel should be made aware of these hazards
before starting work. Hazards identified at the time off the assessment should be
mitigated to reduce or eliminate the threat to personnel before starting work."
NS-C19DA180E4,,,2024-05-09,15:30,2024-05-10,GI,47,AP,,Production Operations,LIFTING DEVICE,Loss Event,Health & Safety,Injury TLI,,SYN-5ad47a,Operations Superintendent,SYN-527fa8,Production Foreman,SYN-147466,Marine Coordinator,2024-06-09,SYN-9662fe,Maintenance Supervisor,2024-06-06,"On 15-January-2016 at GOM Shelf LLC's Grand Isle (GI) 47-AP Platform, an incident
with injury occurred during a crane lifting operation while moving three Marine
Portable Tanks (MPT) from one area of the production deck to another. This operation
was being performed to empty hydrocarbons into the platform's production system.
At approximately 1530 hrs, the field paramedic was called to attend an injury of a
Production Operator (PO) who was assigned as the Certified Crane Rigger (CCR) at the
time of the incident. During this operation, the CCR used improper hand signals to
signal the Certified Crane Operator (CCO) to lift the load. During the lift, the MPT
shifted towards the permanent chemical tote tank a few feet away. The CCR grabbed the
MPT trying to control it when the CCR’s left pinky finger was caught between the MPT
and the chemical tote tank. The CCO stopped the job and attended to the injured CCR
and notified the Person In Charge (PIC) of the facility to report the incident.
The Paramedic was contacted by the PIC at approximately 1530 hrs to attend to the
injured employee. The Paramedic described the injury of the CCR to investigators that
the left pinky fingernail was detached from the nail bed. The left pinky was cut from
the nail bed to the inside of the lower knuckle. The paramedic cleaned the injury
with sterile water and dressed it. As the paramedic of the Injured Person (IP), he
made the decision to have the injured CCR flown in for treatment. The glove the IP
was wearing showed no signs of tears or punctures. The paramedic also noted that the
gloves worn by the CCR were Mechanic type gloves but not impact type gloves.
BSEE Investigators arrived on 20-January 2016 to conduct an Investigation of this
incident. Statements, Job Safety Analysis (JSA), pictures of the crane at the scene
of incident and initial reports obtained.
1. Based on interviews conducted and documents reviewed of the incident
investigation, it was discovered that during a lifting operation, the CCO and CCR
failed to incorporate familiarization with rigging hardware, taglines, slings, and
safety issues associated with rigging and lifting loads. The safety factors and lift
planning resulted in unsafe crane and rigging procedures. This type of operation
caused an injury to working personnel. The CCR used improper positioning, inattention
to footing, and improper hand signals to the CCO. The CCO also failed to follow
procedures written in the JSA at the time of the incident.
2. Lessee failed to perform crane operating practices for attaching and moving the
load being utilized in accordance with API RP 2D, paragraphs 3.2.1, 3.2.2 and 3.2.3
3. The Qualified Crane Operator and the designated signal person directing the lift,
if utilized, should determine that:
A. The load is secured and properly balanced in the appropriate sling or lifting
device before it is lifted.
B. The lift and swing paths are clear of obstructions and personnel.
C. The hook is brought over the load in such a manner as to minimize swinging.
4. During lifting operations, the designated tag lines were not utilized to control
the load of approximately 6 Tons posing immediate danger to the equipment and the
facility.
5. The probable cause of this incident was the lessee and the personnel engaged in
this lifting operation failed to follow and adhere to all safe rigging practices.
Also, the personnel failed to recognize all hazards which could have prevented this
from occurring.",The incident resulted in a lost-time accident with more than 3 days lost. The facility was evacuated.,,,,,,,,,,,,,,,
NS-C60DFEB8F2,,Serious Incident,2024-05-26,10:11,2024-05-27,ST,26,A,,Production Operations,LIFTING,Loss Event,Business Interruption & Cost,Equipment Damage,Combustion,SYN-ccb8a0,Facility Engineer,SYN-561c0a,Maintenance Supervisor,SYN-54842e,Marine Coordinator,2024-06-12,SYN-ea63f2,Marine Coordinator,2024-06-25,"During the morning hours of Wednesday, May 26, 2024, a fire incident occurred on a
fixed, unmanned, out-of-service, double structure located at South Timbalier Block 26
Platform A and A-Quarters (ST-26 ""A""/""A-QTR""), Lease OCS-G 01361. The operator of
record is Cox Operating, L.L.C (Cox). During the morning of the incident, there were
severe thunderstorms in the vicinity and the Lead Operator on the nearby ST-26 “D”
structure observed smoke coming from the ST-26 “A” Facility. The Lead Operator
immediately contacted the Field Foreman to dispatch their field motor vessel and
others to the scene to assist in putting the fire out. The motor vessels involved in
extinguishing the fire were the M/V Kobe Chouest, M/V Loop Responder, M/V Seacor
Brave, and the M/V Miss Jessica Faye. No injuries were reported and an investigation
was initiated.
Shortly after 10:00 hrs on May 26, 2024, the Lead Operator at the ST-26 ""D"" facility
observed smoke coming from the ST-26 ""A"" facility. He noted that ""conditions were
poor, with thunderstorms in the area which made visibility poor"". He immediately
contacted the Senior Lead Operator at the ST-27 ""E"" facility. The Senior Lead
Operator reported to the Field Foreman that ST-26 “A” was on fire after bad weather
passed through the field. The Field Foreman dispatched their field boat M/V Miss
Jessica Faye from ST-54 ""G"" to ST-26 ""A"" which was one hour away. The Field Foreman
in turn called to inform his Superintendent and got another phone call from the Senior
Lead who reported that the fire was getting worse. They went to the Vessel Finder
website to find the nearby M/V Kobe Chouest and contacted them via marine radio to see
if they could assist in putting the fire out. While on the marine radio, the United
States Coast Guard (USCG) called the Senior Lead Operator for information about ST-26
“A”. As a result, the USCG called all marine boats in the area to come and assist.
The M/V Loop Responder went to assist the M/V Kobe Chouest who arrived on the scene
and commenced spraying water cannons on the fire on the “A” structure. The
Superintendent and Production HSE reported that response flights were initially
delayed due to weather, but eventually they, along with Field Foreman, were able to
depart for ST-26 ""A-QTR"" around noon. They reported that upon circling the ST-26
""A""/""A-QTR"" Facility, no visible flames could be seen and they noticed a sheen
emitting from the facility into offshore waters. They reported that the M/V Loop
Responder had water cannons spraying on the Production Deck of ST-26 ""A"" for several
hours. Senior Lead Operator reported that he, an Operator, and Field Electrician
traveled by boat to the ST-26 “A""/""A-QTR"" Facility via M/V Miss Jessica Faye and
waited for the helicopter to land at the ST-26 ""A-QTR"" facility before boarding the
facility around 12:40 hrs. All individuals met at the ST-26 ""A-QTR"" facility and
walked across the bridge to ""A"" facility to shut off the main breaker in the MCC and
diesel generator that powered the Communications Building. At approximately 14:00
hrs, they reportedly walked across the bridge to ""A"" Facility and saw a small flame
coming from the Dry Oil Tank and Communications Building area. They retreated back to
safety at the “A-QTR” facility and had the water cannon deluge begin again. At
approximately 15:30 hrs, seeing no flames, the group had the water cannons shut down
and were able to safely assess the damage more closely. They went to the lower level
where they saw the deck boards smoldering from below. Again, they retreated back to
“A-QTR” and had the water cannon deluge cut back on for 3-4 more hours. Then, they
“rigged-up” a 2” hose from the M/V Miss Jessica Faye to pump water from the boat to
extinguish the smoldering deckboards from below the deck. The group continued this
effort until departure and had another boat, the M/V Seacor Brave, continue water
spray after their departure. Despite continued water deluge throughout the night,
deck boards continued to smoke until the next day. The fire was completely
extinguished by the next morning, Monday, May 27, 2024.
The Bureau of Safety and Environmental Enforcement (BSEE) Inspectors conducted an
onsite incident investigation on May 27, 2024, and collected documentation including
pictures and witness statements. Through physical inspection of the site of the
incident, review of witness statements, and validation of information, it was
determined that the cause of the fire was lightning striking the Communications Tower
and Communications Building. The investigation revealed that the Communications
Building was destroyed and fire damage decreased in severity extending away from that
point in all directions. Damage to the Communications Tower, including charring and
discoloration to the supporting structure in multiple areas were indicative of
lightning damage. BSEE verified weather reports and confirmed witness statements
reporting severe lightning and thunderstorms. In fact, multiple thunderstorms passed
through the area prior to and the morning of the fire incident. It should also be
noted that fire damage was most likely intensified by the presence of a hydrocarbon
bearing Dry Oil Tank nearby. The scene indicated the Dry Oil Tank was damaged
initially by intense heat to the point that process piping separated at the welds in
multiple areas as the Dry Oil Tank ballooned, swelling from heat. Due to the height
of the piping that was found separated at the welds (closer to the bottom of the
tank), the presence of some residual oil on the sides of the tank, in the containment
skid, on the top wooden deck and spanning down to the deck below and underneath, and
ultimately evidenced by NRC report #1304048, it can be determined that hydrocarbons
escaped from the Dry Oil Tank. The release and ignition of these hydrocarbons
contributed to the severity of the damage. There is no evidence of an additional
possible source of ignition.",No injuries were reported and an investigation was initiated.,Serious Incident,,Serious Incident,12,D,3,,,,,,,D,,
NS-BAAC8CAC32,,Serious Incident,2024-05-27,10:45,2024-05-30,SS,224,E,,Well Services,LIFTING,Loss Event,Business Interruption & Cost,Equipment Damage,,SYN-0b47d3,Production Foreman,SYN-179070,Marine Coordinator,SYN-70585f,Production Foreman,2024-06-26,SYN-43bb59,Marine Coordinator,2024-07-29,"On May 27, 2024, a wireline incident occurred during operations for the operator,
Talos Energy, located at Ship Shoal 224 “E” OCS-G-01023. Personnel were in the process
of temporarily abandoning (T&A) the E-4 well, using electric line (E-line) with a
casing cutter. During the procedure, a release of energy occurred, causing the tool
string to be ejected out of the well, damaging some grating. No injuries reported, and
an onsite investigation was initiated.
On the morning of May 27, 2024, the crew held a pre-job safety meeting to discuss
the safety of using E-line for the T&A procedure of the E-4 well on the platform. The
crew proceeded to erect barricades on the cellar and wellbay decks before installing
the work plate on the top deck. A pipe rack was then set up to lay out and measure the
2-3/8” work string before going into the well. The well has a subsea wellhead tieback
system (subsea wellhead) near the mudline with all casing cut off 12 feet above the
water line. The crew made up a 7-5/8” casing scraper assembly and went in the well to
30 feet below the water line before rigging up a pump line to circulate 8.6-pound
seawater. After circulating, the assembly was pulled out of the hole (POOH) and a
6.35” gauge ring and junk basket was run in the well and tagged the cement plug at 123
feet below mud line (BML). The crew POOH with the gauge ring and junk basket to rig up
an E-line cutter to cut the 7-5/8” casing at 120 feet BML. Once in place, the E-line
operator fired the casing cutter and the fluid and tool string were ejected from the
well, damaging the grating on the cellar and well bay decks. A safety stand down was
called and an onsite investigation was initiated.
Investigation:
The Bureau of Safety and Environmental Enforcement (BSEE) inspectors conducted an
onsite investigation on May 30, 2024. The","No injuries reported, and an onsite investigation was initiated.",Serious Incident,,Serious Incident,12,D,3,,,,,,,A,,
NS-4EB1629BB9,,,2024-05-28,09:20,2024-05-29,HI,,A,,Production Operations,LIFTING DEVICE,Loss Event,Health & Safety,Injury TLI,,SYN-1b598c,Operations Superintendent,SYN-a2cd57,Maintenance Supervisor,SYN-042b08,Marine Coordinator,2024-06-30,SYN-92e8ba,Production Foreman,2024-08-16,"The Island Operator's employee was attempting to close the line heater choke. The
choke had the proper wheel to close, but the employee used a pipe wrench on the wheel
to help him close it. The pipe wrench slipped, causing the employee to fall to the
grating. The employee broke his left wrist and cut his right knee. The employee was
working alone on an unmanned platform at the time of the accident.",The incident resulted in a lost-time accident with more than 3 days lost.,,,,,,,,,,,,,,,
NS-6ED0604192,,Incident,2024-06-17,01:40,2024-06-19,AT,574,,GSF DEVELOPMENT,Marine & Logistics,LIFTING DEVICE,Loss Event,Environment & Reputation,Loss of Containment,,SYN-030176,HSE Advisor,SYN-b56dda,Facility Engineer,SYN-022828,Operations Superintendent,2024-07-05,SYN-efb708,HSE Advisor,2024-07-13,"Main Side drill floor was running in hole with 13 5/8"" casing on drill pipe.
Mud was reported to be coming from around the bottom of diverter and dripping onto
slip joint and into sea. Investigations revealed that the mud was leaking between the
diverter and diverter housing. Area between housings was packed with manila rope to
reduce flow until well could be secured and operations allowed diverter removal for
repairs. Spill Team responded and immediately started clean-up and source
containment. Trash can was placed in cherry picker [man rider] and positioned to
capture main drip path to prevent entry into sea.
Remedial Actions: Secure well - pull diverter, troubleshoot, repair and reinstall.
Continue to clean residual SBM Mud from around moon-pool area.
Discharge of SBM into the water Discharge volume
21%
water and 61% synthetic base fluid or 1.83 bbls.",Reported as a pollution release.,Incident,,Incident,8,D,2,,,C,,,,,,
NS-11EE5991F7,,,2024-06-28,12:25,2024-06-30,MP,261,A,,Maintenance,LIFTING DEVICE,Loss Event,Health & Safety,Injury TLI,,SYN-7b3c6b,Production Foreman,SYN-92714f,Production Foreman,SYN-cac3ad,Facility Engineer,2024-07-08,SYN-f16cd3,HSE Advisor,2024-10-28,"The C operator was walking toward the Lead Operator on the lower production deck when
he tripped over a well can cover and fell forward landing on his right side. The well
can cover protruded about 2 to 3 inches above the grating due to cut casing that was
put down too hard during P&A Operations. The operator was in the process of
barricading off the area when he tripped. It was not painted at the time of the
incident. The injured complained about pain in his back. He was transported to the
hospital for a medical evaluation. He was diagnosed with an inflamed sciatic nerve
and taken off work duty. He was given a full release on 2-8-07 and returned to work.
The incident resulted in 4 days away from work",He was diagnosed with an inflamed sciatic nerve and taken off work duty.,,,,,,,,,,,,,,,
NS-D54017DA3A,,,2024-07-05,13:35,2024-07-07,WR,29,,NABORS MODS 400,Production Operations,LIFTING,Loss Event,Health & Safety,Injury TLI,,SYN-451e71,Operations Superintendent,SYN-cfe234,Operations Superintendent,SYN-3028fa,Maintenance Supervisor,2024-08-10,SYN-2da12c,Production Foreman,2024-08-11,"On July 5, 2024, an incident occurred on the Nabors platform rig MODS 400, which
was working under contract for Chevron USA Inc (Chevron). Drilling operations were
being conducted at Walker Ridge Block 29, OCS-G16942, Well A002. During daylight
crane operations, 16” casing was being offloaded from a supply vessel to the pipe
deck. The deck foreman (IP) was supervising the work and verifying the casing tally
while a load of casing was in the process of being set down. The IP turned his back
to the load before the casing was set down and wasn’t aware that the casing started to
move in his direction. The casing struck the IP in the waist area as he stood next to
the sub-rack basket, which resulted in a caught between incident. The crane operator
safely landed the bundle of casing and the IP was attended to by the rig medic. The
decision was made to evacuate the IP for transport to the nearest hospital.
Offloading of the 16” casing began at 07:00 hours on July 5, 2024. Weather
conditions was 1-2’ seas with 5-10 mph winds and sunny. Conditions remained the same
throughout the day. A blind lift Job Safety Analysis (JSA) was in use with General
Permit to Work (PTW) and Start-Work Checklist (SWC). At 13:27 hours, the crane
operator picks up bundle #16 consisting of 2 joints of 16” casing weighing
approximately 11,500 lbs. At 13:28 hours, the crane operator swings the bundle of
casing over the flare boom towards the lay down area. A designated flagger and six
riggers handle the load with taglines and push-pull sticks. At 13:29, the crane
operator has bundle in position and lowers it down to waist height. The measured
extension of the crane boom was 135-140’ putting the boom angle at 31 degrees.
Riggers use shepherd hooks to grab tag lines. IP has his back turned to the load
while verifying the casing tally. The bundle swings West Northwest and is in line
with the joints that were previously laid out. A rigger yells at the IP to move out
of the way. The IP glanced at the load before turning his back to the load. He did
not realize he was in between the bundle of casing and the sub-rack. The bundle then
swings to the Southeast in the direction of the IP. All riggers yell at the IP to
move from his position. The IP turns to his right then the bundle of casing strikes
him on the right hip forcing his left hip into the sub-rack basket.
The crane operator lands the load safely and the IP is attended to. The on-site medic
tends to the IP and the decision is made to medivac the IP directly to a hospital in
the greater New Orleans area with an ETA of 16:30 hours. The IP arrives at the
hospital and patient care was transferred to the UMC medical staff. At 12:45 hours,
on July 9, 2024, the IP was discharged with three fractures in the pelvic region.
The Bureau of Safety and Environmental Enforcement (BSEE) Houma District office was
notified orally and a written report was submitted in eWell within 15 days. The BSEE
Houma District inspectors (inspectors) were able to collect some documents, pictures
and a video related to the incident from the operator prior to the onsite
investigation. A BSEE onsite investigation was conducted on July 25, 2024, and
additional documents were gathered. The IP did not follow the JSA that was utilized
for the operation. The JSA identified the caught between hazard and recommended not
to walk under or between loads while they are suspended. The JSA advised workers to
stay 8’ from the load while the load is in transit. The IP failed to heed the warning
shout from the first rigger that yelled for him to get out of the way. The IP also
turned his back to a suspended load. It was also discovered that the IP was not only
the supervisor of the operation, but he was also responsible for the casing tally.
The IP and riggers failed to recognize the hazard presented by the change of the
impact zone (area between the casing and sub-rack). Finally, the crane operator and
riggers failed to use stop work authority (SWA).
Upon reviewing pictures, documents, Nabors and Chevron’s investigation reports, BSEE
concluded that failure to open the impact zone by adjusting the sub rack was the
probable cause of the incident. Failure to recognize this hazard by the IP, crane
operator, and riggers lead the IP to think he was continuing to work in a safe area.
It was 6.5 hours from the start of the job until the incident. If the changing work
area would have been recognized as a hazard, mitigations would have been put in place.",The incident resulted in a lost-time accident with more than 3 days lost. The facility was evacuated.,,,,,,,,,,,,,,,
NS-5BD7868F21,,,2024-07-23,06:55,2024-07-25,KC,292,,SEADRILL WEST SIRIUS,Production Operations,LIFTING DEVICE,Loss Event,Health & Safety,Injury TLI,,SYN-521ada,Facility Engineer,SYN-740ca4,Facility Engineer,SYN-54bf61,Maintenance Supervisor,2024-08-16,SYN-136f70,HSE Advisor,2024-08-15,"­
At approximately 0700 hours on 23 July 2024, a Seadrill Americas Inc. (Seadrill)
Lead Roughneck sustained a finger injury on board the Seadrill West Sirius semi-
submersible rig while conducting drilling operations for BP Exploration & Production
Inc. (BP) at Keathley Canyon Block 292.
On 23 July 2024, a Seadrill Lead Roughneck inspected the Well Center Iron Roughneck
(WC-IR) and decided that the dies needed to be replaced. Prior to removing the dies,
the power to the WC-IR was isolated by pushing in the E-Stop button. The Lead
Roughneck assisted by another Roughneck, began removing the dies from the die
carriers; however, a problem was encountered when attempting to remove the off-
driller side due a stripped carrier bottom bolt. The job was stopped and a 4-Point
Check was performed by the Roughnecks. It was decided that the dies would be removed
from the carriers with a hammer and chisel which required the Driller to place the
WC-IR in the closed position.
The Driller energized and closed the WC-IR and then isolated it again by pushing the
E-Stop button. The Lead Roughneck removed the die retainer bolts and tapped the dies
out of the carriers. When the Lead Roughneck was removing the #5 back die, it
contacted the pipe position sensor and could not be removed. Therefore, the Driller
re-energized the WC-IR in order to change the position of the #5 back die away from
the pipe position sensor. As the WC-IR was opening and the #5 back die cleared the
pipe position sensor, the Lead Roughneck's right index finger became trapped between
the die and frame of the WC-IR. His finger was released when enough torque was
applied to the #5 back die forcing it out of its carrier. The Lead Roughneck
informed the Driller that he had pinched his index finger and was going to see the
Rig Medic for medical treatment. However, the Lead Roughneck passed out on the Main
Deck breezeway when he was met by the BP Well Site Leader (WSL). The BP WSL caught
the Lead Roughneck as he was passing out and summoned for help over the public
address system.
The Safety Officer and Medic responded to the scene, loaded the Lead Roughneck onto a
backboard, and transported him to the rig hospital for medical treatment. A doctor
was contacted using the Telemedicine system for evaluation and treated for the Lead
Roughneck's finger injury. Following medical treatment at the rig, the Lead Roughneck
was evacuated to University of Texas Medical Branch (UTMB) at Galveston, Texas for
further medical evaluation and treatment. The UTMB doctor diagnosed the Lead
Roughneck to have sustained a fractured finger; therefore, he was released for
specialist care treatment.
On 23 July 2024, Seadrill issued a Flash Alert - Finger Injury While Changing Iron
Roughneck Dies to all its rigs as part of their continuous improvement monitoring
system.
As stated in the Seadrill Top-Set report, the probable cause of the accident was
attributed to the Lead Roughneck deciding to remove the #5 back die from the WC-IR
while it was energized and moving into the open position.
According to the Seadrill Top-Set report, the contributing causes of the accident are
as follows: 1) Driller did not complete the energy isolation process; 2) safety
training for hands off moving equipment was not adhered to; 3) the 4-Point Check
rules were not complete; 4) all the hazards for this type of operation were not
identified;
5) the Lead Roughneck and the Driller did not communicate on the job status; 6) the
Roughnecks changed the routine job process of replacing IR dies; 7) routine IR
maintenance task did not have written procedures; and 8) inadequate supervision by
drill floor Supervisors.","The UTMB doctor diagnosed the Lead Roughneck to have sustained a fractured finger; therefore, he was released for specialist care treatment.",,,,,,,,,,,,,,,
NS-898DA04286,,Serious Incident,2024-07-24,01:20,2024-07-27,GC,338,A-Front Runner,,Construction,LIFTING DEVICE,Loss Event,,,Combustion,SYN-bc6034,HSE Advisor,SYN-ad3007,Facility Engineer,SYN-a9c539,Marine Coordinator,2024-08-17,SYN-82b57e,Maintenance Supervisor,2024-09-23,"On 22-April-2010 at 0120 hours, a small fire occurred on the 1100 crane. Initially,
two hydraulic pumps were changed out on the 1100 crane. After 8 hours of crane
operation, one of the hydraulic boom pump's seals failed which caused the gear box to
fill up with hydraulic fluid. The gear box holds a gear oil level of 6 inches, but
once the level was reached the oil started spraying out of the gear box vent and
released oil onto the Turbo Charger exhaust system. The oil ignited once it reached
the Turbo Charger, and the fire was extinguished using the 20 pound extinguisher unit
on the crane. After the fire was extinguished, it was observed that the vent was the
source of the overflow of oil sprayed directly onto the Turbo Charger exhaust.
There was no damage to the crane, however; the fire blankets around the exhaust were
replaced due to being covered in oil. After all repairs were made, the crane was
placed back into service.",Reported as a fire. Estimated property damage $500.,Serious Incident,,Serious Incident,12,D,3,,,,,,,A,,
NS-7668CFB452,,Serious Incident,2024-08-28,06:00,2024-08-30,EC,64,A,,Well Services,LIFTING DEVICE,Loss Event,Business Interruption & Cost,Equipment Damage,Combustion,SYN-db06b8,HSE Advisor,SYN-b94543,Production Foreman,SYN-7ff4ff,HSE Advisor,2024-09-10,SYN-94d944,Production Foreman,2025-05-25,"On the morning of August 28, 2024, at approximately 0400 hours the production crew at
EC-46-A platform was awakened by the SCADA system alarm. The SCADA system indicated
that the emergency shutdown device (ESD) had been activated at EC-64-A (unmanned
satellite platform) for unknown reasons. Believing that there was no cause for alarm,
the lead operator decided to wait until later (approximately 0600 hours) to call for
the field boat to transport production operators over to EC-64-A to assess the cause
of the ESD activation. While en route to EC-46-A, the boat crew contacted the
operators and informed them of smoke emanating from EC-64-A platform. The field boat
picked up two operators and traveled approximately 20 minutes to EC-64-A. Upon
arrival, the field boat utilized its fire monitors to extinguish the fire in the
rental booster gas compressor skid. Subsequent to extinguishing the major flames,
the operators boarded the platform and utilized hand held fire extinguishers to
extinguish the remaining incipient fires. The fire damage was confined to the
compressor (i.e. Worthington ""SUPERCUB"") skid and there was no report of any
pollution associated with this incident.
On August 28, 2024, BSEE conducted an initial onsite investigation and learned that
operators performed an inspection of the compressor the day preceding the incident
and did not report any unusual anomalies with respect to the compressor's
performance. The","Reported as a fire and damage over $25,000. Estimated property damage $600,000.",Serious Incident,,Serious Incident,12,D,3,,,,,,,C,,"sequence of events that transpired on
the early morning of July 28th, but as a result of interviews with personnel
experienced with similar compressor incidents and the extensive review of the
compressor components involved in the incident; the following chain of events are
believed to have occurred:
1. The studs that secured the number 2 cylinder to the distance piece failed
catastrophically (Vibration became extremely violent) which caused the number 2
cylinder to shift resulting in a change in the number 2 piston rod clearance inside
the cylinder, thus allowing the piston rod to damage (scar) the rod packing and then
strike the crank end of the cylinder wall. The compressor crankcase vibration switch
activated.
2. As the number 2 cylinder separated approximately ½ inch from the distance piece,
gas escaped into the atmosphere as a result of damage to the rod packing.
3. Natural gas was ignited by one, a combination of, or all of the following factors:
a) The extremely hot turbo charger. b) A significant influx of gas into the engine
air breather. c) Metal to metal contact in the area of the number 2 cylinder when the
unit made its final revolutions during the shutdown process.
4. The flash fire ignited used lube oil and possibly oil saturated absorbent pads in
the compressor skid.
5. The fire spread to the nearby poly tank which melted and leaked lube oil into the
compressor skid causing the fire to spread throughout the skid.
6. The fire melted the malleable compressor crankcase lube oil filter housing causing
lube oil to leak into the compressor skid and spread the fire."
NS-27A9EA7484,,Very Serious Incident,2024-10-04,10:00,2024-10-05,EW,826,A,H&P 100,Well Services,LIFTING DEVICE,Loss Event,Business Interruption & Cost,Equipment Damage,,SYN-6897b2,Production Foreman,SYN-b4364e,Operations Superintendent,SYN-111d43,Marine Coordinator,2024-11-12,SYN-e7753b,Operations Superintendent,2024-12-19,"On 04-OCT-2024 at 1000 hours, the crane crew was utilizing a Unit 10,000 fixed
pedestal crane to backload 10 joints of 4-inch drillpipe from the Helmerich & Payne
(H&P) 100 rig's pipe rack to the Ada B Callais supply vessel. When the load reached
the outboard west side of the platform, the crane operator initiated the hoist down
control. Upon hearing a noise, he he immediately released the controls. The load
began to free fall, resulting from failure of the crane's Braden CH150A auxiliary
winch on the fast line. When the wire rope on the winch completely unspooled and
reached the drum, the rope parted approximately 1-foot from the wedge that connects
the wire rope to the drum. Both the bundle of drill pipe and wire rope contacted the
rear of the vessel before falling into the water.
Subsequent to the incident, H&P sent the failed winch to National Oilwell VACRO (NOV)
in Covington, Louisiana. On 12-OCT-2024, H&P witnessed the physical breakdown of the
winch by NOV. NOV inspected the ring gear for fatigue cracks in the roots of the
teeth and verified the gear's thickness. The investigation showed that the thickness
was within specifications and there were no cracks in the ring gear teeth roots other
than in the locations that failed. From this investigation, NOV concluded that the
ring gear was not faulty; however, the ring gear was deemed previously overloaded and
cracked in the location of failure. It was concluded that the initial cracks
eventually led to the ring gear failure on the auxiliary winch; however, Apache has
not been able to determine when/if the crane had ever been overloaded. Although the","Reported as damage over $25,000 and a crane incident. Estimated property damage $26,300.",Very Serious Incident,,Very Serious Incident,25,E,5,,,,,,,B,,
NS-BD8359FBC3,,Incident,2024-10-21,19:25,2024-10-30,MC,778,A(Thunder Horse,,Maintenance,LIFTING,Loss Event,,,Gas/Vapour Release,SYN-582dc8,Maintenance Supervisor,SYN-848532,Facility Engineer,SYN-c8a65e,Operations Superintendent,2024-11-17,SYN-59a85e,Operations Superintendent,2024-12-27,"On 21 October 2024, the BP production operators prepared a Job Safety Analysis (JSA) to
load a pigging device into the oil export pig launcher KAH- 4190, Department of
Transportation Segment # 13633. The operators gathered tools and handheld portable gas
detectors for the job task. The operators started cracking the door open, the hand-
held portable gas detectors that were used did not alarm. The operators then looked up
at the top of the launcher and noticed a gas cloud coming out. The operators
immediately shut the door to the launcher. The gas released set off the combustible
gas detector ASH 962-102, located 3 feet above the launcher. The detector reached 88%
of the Low Explosive Limits (LEL). The data from the computer indicated that the cloud
dissipated back to 0% LEL within 2 minutes. When ASH 962-102 activated, 227 personnel
onboard reported to their muster stations and waited for further instructions. The
operators began the investigation on how the incident occurred and the Offshore
Installation Manager reported the incident to BP management.",Reported as a shutdown following a gas release. Personnel were mustered.,Incident,,Incident,8,D,2,,,,,,,,,
NS-09D838266E,,,2024-10-23,03:30,2024-10-24,,,CA,* LIFT BOAT,Drilling,LIFTING,,,,,SYN-828948,HSE Advisor,SYN-21fe1a,HSE Advisor,SYN-a21cb5,Marine Coordinator,2024-11-24,SYN-7c0bd4,Maintenance Supervisor,2024-11-29,"On 23 October 2024 at approximately 1900 hrs, an injury occurred at MP 41-CA, an
unmanned production platform owned and operated by Cantium, LLC (Cantium). The Injured
Person (IP) was employed by Alliance Energy Services, LLC (AES) who was contracted by
Cantium to perform removal of the Dry Hole Tree (DHT) on Well CA-30. The Liftboat
‘Charleston’, owned and operated by Alliance Offshore, was on location for the removal
of the DHT. The Liftboat crane’s load line was attached to a sling on the casing head
of the well with a 30 ft, 3/4 in cable rated for 4.1 tons, to begin pulling pipe from
the well. Due to the sea state rising, the Liftboat needed to be raised to avoid the
seas hitting the bottom of the boat. A “Toolbox Talk” which is an informal group
discussion that focuses on a safety issue, was held with all personnel on deck to
discuss raising the Liftboat. While the Liftboat was being adjusted, the sling
attached to the DHT failed and parted, striking the IP slightly above his right elbow.
The IP was flown to Terrebonne General Medical Center in Houma, Louisiana for further
evaluation and treatment beyond first aid.",The AI received information that the IP’s injuries resulted in a Lost Time Accident (LTA) > 3 days.,,,,,,,,,,,,,A,,"SEQUENCE OF EVENTS:
On 23 October 2024 at around 1900 hours, the crane from the Liftboat Charleston was
attached to the DHT of Well CA-30 on the MP 41-CA platform. Due to sea state rising,
the Crane Operator notified the AES Supervisor that they needed to let slack out of
the load line and jack up the Liftboat due to seas hitting the bottom of the boat.
After a Toolbox Talk with all personnel on deck, the IP and an AES helper stayed on
the platform to disconnect the chains that were securing the walkway to the platform.
The Crane Operator then slacked off an estimated 4 ft of the load line attached to the
sling which was still connected to the DHT. Next, the Crane Operator got out of the
crane and assisted the AES Supervisor with disconnecting the chains attached to the
walkway of the Liftboat to the platform. Once completed, the Crane Operator notified
the Liftboat’s Mate to begin jacking up the boat to the Crane Operator’s desired
height. While trying to secure the walkway from the Liftboat to the platform they
noticed that the Liftboat needed to jack up a couple more inches. At this time the IP
removed the chain securing the walkway to the platform and stood next to the CA-30
wellhead. The crane operator then notified the Liftboat’s Mate to jack up the boat. As
the Liftboat lifted, the slings that were attached to the crane and the DHT gave way
striking the IP in the arm leaving an approximate 3 in laceration above his right
elbow and triceps. The incident was reported to the Bureau of Safety and Environmental
Enforcement (BSEE) New Orleans District (NOD) on 25 October 2024 at 0801 hrs.
BSEE INVESTIGATION:
On 25 October 2024 at 0801 hours, an AI with the BSEE NOD received notification of an
injury that required evacuation from Cantium’s MP 41-CA facility. The AI contacted two
BSEE Inspectors that were already in transit to MP 41-CA for an annual inspection so
they can gather information and documents related to the incident. Inspectors gathered
Job Safety Analysis (JSA), witness statements, photos, incident report, crane
credentials, annual crane inspection, and crane pre-use inspection. The damaged sling
was not available for inspection when the Inspectors arrived so they could determine
if the tag was expired or if the condition was unsatisfactory.
On 5 November 2024, the BSEE AI contacted the Quality, Health, Safety and Environment
(QHSE) Manager for AES to gather more details on the status of the IP. The AI received
information that the IP’s injuries resulted in a Lost Time Accident (LTA) > 3 days.
The Root Cause Analysis (RCA), photographs, and JSA’s were received by the BSEE AI
from both AES and Cantium. It was discovered from the photographs and information
provided that the sling got caught on one of the hanger pins located on the DHT when
the boat was being raised.
CONCLUSIONS:
The slings used were still attached to the DHT while the change in elevation took
place with no one watching the live end of the load. When the liftboat was being
raised, one of the slings got caught on a tubing hanger pin causing the sling to
exceed its capacity and break."
NS-3DF1711ACE,,,2024-10-24,09:00,2024-10-25,KC,875,A (Lucius),,Production Operations,LIFTING,Loss Event,Health & Safety,Injury TLI,,SYN-de4f99,Facility Engineer,SYN-b23f94,Marine Coordinator,SYN-9d1d8a,Marine Coordinator,2024-11-30,SYN-7d82fd,Production Foreman,2024-12-16,"Report, the MRI determined the CE suffered a fracture in his labrum.","As per the Lessee’s Incident Summary Report, the MRI determined the CE suffered a fracture in his labrum.",,,,,,,,,,,,,,,
NS-F48E3D17B3,,Serious Incident,2024-11-07,09:30,2024-11-09,WC,96,B,,Production Operations,LIFTING,Loss Event,,,Combustion,SYN-ca0552,Production Foreman,SYN-0aee7f,Facility Engineer,SYN-57293a,Marine Coordinator,2024-12-10,SYN-a0fb7e,Production Foreman,2024-12-11,"On November 7, 2024, at approximately 09:30am, a flash fire occurred while removing
skid pads with a torch on the top deck at West Cameron (WC) Block 96 platform B,
operated by Talos Third Coast LLC (Talos). The flash fire occurred at the 24-inch
manway cover of the water skimmer (MBM-0500). Talos hired Performance Energy Services
(PES) as the construction crew, Tiger Rentals as the Health and Safety Advisor (HSE)
and had a Talos company representative on board at the time of the incident.
On the morning of the incident at the 06:00am safety meeting, the Person in Charge
(PIC) and the HSE held a daily safety meeting to review the job tasks and potential
hazards. During the meeting, the PES supervisor, the PIC, the Talos company
representative, and the HSE created the Job Safety Environmental Analysis (JSEA) and
the Hot Work Permit (HWP) needed for the day’s job tasks. All forms were approved
during the 06:00am meeting without visiting the jobsite to verify all hazards were
remediated. At approximately 09:30am the fire watch noticed slag falling from hot work
operations on the deck above onto the water skimmer manway cover. The fire watch
secured a fire extinguisher and stepped back when the flash fire occurred on the
manway cover. The fire self-extinguished immediately. The fire watch notified the PES
supervisor. The PES supervisor notified the Talos company representative and the HSE
who responded to the site and Stop Work Authority was initiated. All personnel
mustered on the Lift Boat New Orleans where all personnel were accounted for.
On November 9, 2024, The Bureau of Safety and Environmental Enforcement (BSEE)
conducted an on-site incident follow-up. During the incident follow-up, BSEE
investigators collected all available documents and made a request for all unavailable
documents associated with the incident. BSEE investigators noted Trussco Inc
(Trussco), a vessel cleaning crew arrived on October 31, 2024, cleaned the water
skimmer on November 3, 2024, and departed before PES began hot work. A detailed
cleaning procedure for the water skimmer was not developed by Talos for Trussco or
available to BSEE investigators or PES during hot work activities. The BSEE
investigators took pictures of the water skimmer and the area where hot work was being
performed during the flash fire. BSEE Investigators discovered all the tarps used for
hot work activities before and during the fire had been removed from the platform and
sent to shore prior to the investigators arrival.
BSEE investigators interviewed personnel onboard the platform on the events leading up
to the flash fire. After reviewing documents, statements, personnel comments, and a
physical inspection of the work area, BSEE investigators found that the Talos company
representative believed the water skimmer was rendered an inert vessel by the Trussco
cleaning crew. BSEE investigators determined the vessel had only been cleaned of sand
and sludge, leaving an undetermined amount of condensate in the oil bucket of the
vessel thus not rendering it inert. Because the construction crew had additional work
to do inside the water skimmer, the Talos company representative allowed the 24-inch
manway cover to be loosely secured to the vessel with only 4 bolts. This allowed gas
vapors from the condensate remaining in the water skimmer to escape through the
unsealed manway. The manway cover of the water skimmer was not surveyed with the gas
detector prior to the hot work beginning on the deck above. During the cutting of the
skid pads, though the cutting area moved, the PES construction crew did not move the
fire-retardant tarps from the previous work area. This allowed slag and sparks to fall
directly onto the water skimmer manway cover igniting the combustible gas.
Through the interviews and documents collected, BSEE determined there was a lack of
site-specific procedures for the vessel clean-out combined with a failure to follow
through with a detailed description of work performed by the third-party Trussco
cleaning crew led to a critical uninformed decision to leave the water skimmer manway
hatch loose on the vessel.
BSEE investigators also noticed the JSEA and HWP were signed each day at 6:00am,
during the interview one of the personnel was asked if the work area was inspected
before permits were signed, he stated, “no, because nothing changed from day to day”.
Jobsite walkthroughs each morning to identify hazards and discuss mitigations were not
being performed. BSEE investigators did not get a clear response from the HSE, Talos
company representative, or onsite production contract operator regarding where tarps
were installed during the hot work. However, BSEE investigators did find totes with
flammable contents and a flammable storage locker that were not shielded or moved 35
feet away from the hot work area.",Reported as a fire.,Serious Incident,,Serious Incident,12,D,3,,,,,,,,,
NS-8DFE5707ED,,,2024-11-13,16:20,2024-11-16,GC,18,,H&P 100,Production Operations,LIFTING,Loss Event,Health & Safety,Injury TLI,,SYN-bd666d,HSE Advisor,SYN-2e07cd,Production Foreman,SYN-f50a95,Maintenance Supervisor,2024-11-29,SYN-c6d375,Operations Superintendent,2025-01-14,"On November 13, 2024, an incident occurred on the Helmerich & Payne (H&P) 100 platform
rig while under contract for Talos Oil and Gas LLC. The H&P 100, operating on Talos’
production facility, was located in Green Canyon Block 18, OCS–G04940, at the time of
the incident. A Floorhand was working out of a riding belt above the rig floor,
guiding wireline out of the hole when the wireline pulled out of the rope socket.
This caused the tool string and pack off box to impact the top of the lubricator and
amputated three fingers on the Floorhand’s left hand. The Floorhand was treated by
the medic on-scene and sent in on a Medivac flight for further medical treatment.
On Thursday, November 13, 2024, after completing the setting of a liner hanger with
wireline, the H&P day crew was in the process of assisting the C&D Wireline crew
retrieve wireline/Electric line (E-Line) out of the wellbore. Prior to commencing
work, the Rig Manager led the day crew through a pre-tour Job Safety Analysis (JSA)
for the day’s operation, which included wireline/E-line operations. All documents
were reviewed and signed by the H&P day crew and work commenced. The H&P day crew
consisted of 1 Toolpusher, 1 Driller, 1 Derrickman, and 3 Floorhands. The C&D
Supervisor printed a Job Safety & Environmental Analysis (JSEA). The supervisor, his
employee, and tool technician reviewed and signed the document. This crew consisted
of 2 C&D Wireline supervisors and 1 Supreme Services tool technician. The wireline
unit was positioned and secured at the end of the catwalk, facing the rig floor.
There were two wireline sheaves set in position, one secured on the rig floor and the
other in the derrick. The wireline/E-line operation had been ongoing since the night
before without any issues.
As the wireline/E-line was brought back to surface, the H&P day crew paused to review
a JSA on Personnel Hoisting with Manrider winch, along with a H&P Pre-Job Checklist
for Personnel Hoisting. All documents were signed by the day crew and work proceeded.
The designated Floorhand was hoisted overhead in a riding belt using the Manrider
winch to remove the hydraulic lines from the 3.1 foot long dual pack-off that sat on
top of the 27.9 foot tall lubricator. Once the hydraulic lines were removed, the
Floorhand was lowered back to the drill floor. The Iron Roughneck was used to break
the connection between the drill pipe stump and the lubricator. Again, the Floorhand
was hoisted in the air with the Manrider winch to secure a wire sling around the
lubricator. Once the sling was attached, he was lowered to the drill floor. With the
lubricator left hanging on the sling attached to the air tugger, the Floorhand was
hoisted and began to loosen the connection between the dual pack-off and the
lubricator. Once the connection was loose, the wireline operator engaged the unit
with the dual pack-off resting on top of the wireline tool. As the wireline tool was
pulled from the lubricator, the Floorhand extended his left hand to guide the tool.
The wireline suddenly pulled free from the rope socket, causing the wireline and the
65 pound dual pack off to fall back on top of the lubricator and amputate the thumb
and two fingers on the Floorhand’s left hand. A Stop Work Authority (SWA) was
initiated and the Floorhand was lowered to the rig floor and escorted to the medic’s
office. He was later sent in on a medivac flight for further medical treatment.
Due to the COVID -19 pandemic, the Bureau of Safety and Environmental Enforcement
(BSEE) investigation team was unable to conduct an initial onsite investigation for
this incident. However, all witnesses were interviewed by telephone and pictures
along with rig documentation were furnished by the operator at the team’s request.
The investigation team reviewed all the documentation and established that the
standard two-man wireline crew had rigged up the wireline equipment the day prior to
the incident with no issues. The wireline unit was secured on the end of the catwalk,
facing the rig floor in preparation for running wireline down the wellbore. The
wireline crew made up the tools and wireline head and proceeded into the wellbore with
a 3.25” skirted magnet to a total depth (TD) of 14,840 feet. After reaching the total
depth, the wireline was retrieved back to surface where the tools and wireline head
were rigged down. The wireline crew commenced to rigging up the E-line equipment and
sheaves on the rig floor to run a casing collar locator (CCL), Gamma Ray and a 2.125”
swedge assembly to TD. After this run was complete, the swedge assembly was removed
and another E-Line run was made with the CCL, Gamma Ray and the 3.25” skirted magnet
back to TD. Once back to surface, the 3.25” skirted magnet was removed from the tool
string and a ball latch, along with the 3” retrievable ball with an E-Line pack-off
head was added back to the tool string. Using the pump on the cement unit, the 3”
retrievable ball was used in succession with the 2.125” ball seat to successfully set
the liner hanger. Once this run was completed to TD, the wireline operator proceeded
to pull the tool string to surface.
According to the wireline operator’s phone interview, he could clearly see the rig
floor from inside the cab of the wireline unit and hand signals were used for the
operation. He stated that he placed the unit in first gear and proceeded to pull the
tool string out of the hole after setting the casing liner hanger. There were no
problems with the unit involved and the crew was not rushed to retrieve the tool
string. As the tool string exited the lubricator, the dual pack-off remained resting
on top of the lubricator. He was watching the hand signals as well as the tool
string, when the dual pack-off is believed to have gotten snagged on the shackle
located on the rig hoist line which suspended the lubricator in the derrick. This
allowed the wireline to pull out of the rope socket with the wireline falling to the
rig floor and someone shouted an all stop. The investigation revealed that the
Floorhand that was in the riding belt was using his left hand to guide the tool string
out of the lubricator when the 65 pound pack-off fell and amputated his fingers. The
investigation also revealed that H&P has an Offshore Hands-Free Work Objective which
prohibits workers from placing their hands or fingers on any hoisted loads and that
all crew members were trained on this objective. The Driller and other crew members
witnessed the Floorhand reach out to guide the tool string out but did not stop the
job in accordance with the Offshore Hands-Free Objective. Furthermore, the drill crew
involved in the rig down did not sign the C&D wireline JSEA or discuss H&P’s Hands-
Free Work Objective in the pre-tour meeting.
Since the incident, H&P updated the Offshore Division JSA to outline H&P’s
responsibilities during the rigging up or down of 3rd party’s wireline equipment to
include the Hands Free policy, No Go Zones Permitted Operations and the no lifting of
additional tools such as pack-off assemblies with the wireline tool itself. Also, H&P
created a pre-job planning checklist to be completed before 3rd party activities
commence and will re-issue the Hands-Free training and personnel hoisting process for
all their Offshore Division rigs.",The incident resulted in a lost-time accident with more than 3 days lost. The facility was evacuated.,,,,,,,,,,,,,,,
NS-F767B2A133,,,2024-11-17,05:30,2024-11-18,GB,426,A-Auger TLP,H&P 406,Production Operations,LIFTING,Loss Event,Health & Safety,Injury TLI,,SYN-18aad8,Operations Superintendent,SYN-f75bdf,Maintenance Supervisor,SYN-c83307,Operations Superintendent,2024-12-05,SYN-2067f8,Marine Coordinator,2025-02-06,"At approximately 0030 hours on 17 November 2024, a Helmerich & Payne, Inc. (H&P) Driller
sustained a back injury during Well A017 operations on the H&P 406 rig on Shell
Offshore Inc.’s (Shell) Auger Tension Leg Platform (TLP) located at Garden Banks Block
426A. The H&P Driller required evacuation from the rig for a medical evaluation.",(H&P) Driller sustained a back injury during Well A017 operations on the H&P 406 rig on Shell Offshore Inc.’s (Shell) Auger Tension Leg Platform (TLP) located at Garden Banks Block 426A.,,,,,,,,,,,,,,,"Sequence of Events:
On 17 November 2024, an H&P crew was installing the lower and upper working platforms
around the H&P 406 rig’s 18.75-inch blowout preventer (BOP) on Well A017. A H&P
Driller was preparing to secure washers and nuts onto the bolts to the upper platform
leg while standing at an opening to the lower platform floor. The H&P Driller
relocated himself and was looking up while installing the washers and nuts onto the
bolts on the upper platform leg when he accidently stepped off the unprotected side of
the lower platform and began falling backwards. The H&P Driller turned and attempted
to grab a nearby beam to prevent himself from falling but was unsuccessful. The H&P
Driller fell backwards approximately 3 feet 3 inches and his left upper back landed
first on the BOP skid plate and his left lower back struck the edge of the BOP skid
plate that was approximately 2 feet 3 inches in height from the deck. A nearby H&P
employee that observed the H&P Driller’s fall responded, rendered aid, and escorted
him to the Auger TLP medic for medical attention. An onshore physician was consulted
about the H&P Driller’s injury, and it was recommended that he should be sent in for a
medical evaluation. Shell and H&P held a safety stand down with all crews. At 0836
hours, the H&P Driller was evacuated by a medevac helicopter to a Hospital located in
Houma, Louisiana where an onshore physician diagnosed that he had sustained fractures
to his back. On 20 December 2024, Shell classified the H&P Driller’s back injury as a Lost
Time Accident greater than 3 days (LTA > 3 days).
BSEE Investigation:
On 17 November 2024, a Bureau of Safety and Environmental Enforcement (BSEE) Lafayette
District Inspector conducted an onsite Incident Follow-up Investigation at the H&P406
rig. The BSEE Lafayette District Inspector conducted written and photographic
documentation while onsite and gathered documents that included the Shell Auger 18.75-
inch BOP Assembly Procedure, H&P’s Fall Protection Plan, the Job Safety Analysis
(JSA), Alleged Incident Reports, and a photographic presentation by both Shell and H&P
that documented the incident scene where the H&P Driller was injured. BSEE reviewed
and compared H&P’s Fall Protect Plan to H&P’s JSA for Installing Working Platforms
onto BOPs. H&P’s JSA specified that “Always remain 100% tied off while working at
heights” and “Always use 100% fall protection”. However, H&P’s Fall Protection Plan
stated that a properly fitting body harness with a shock absorbing double-leg lanyard
shall be worn while working at heights greater than 4-feet above the working surface
measured from the worker’s feet level to the floor that was not mentioned in the JSA.
BSEE learned that at the time of the incident, the H&P Driller was standing on the
lower working platform floor that was approximately 3 feet 3 inches above the deck and
that he was not wearing any fall protection gear as recommended in the JSA. Moreover,
no guardrails were installed to prevent falls at the access point opening to the lower
working platform where the H&P Driller was installing washers and nuts onto bolts on
the upper working platform leg. BSEE reviewed the Rig 406 Surface BOP Work Platform
General Arrangement and Assembly drawings and discovered that a lower working platform
guardrail or swing gate at the access area where the H&P Driller fell was not included
in the drawings for that stage of the operation. According to H&P’s Investigation
Report, “The BOP work platform being assembled was not equipped with protective
handrails at the time of event in this stage of the operation. Folding handrails are
present, but only after assembly is complete.” BSEE noted that a swing gate was
installed and secured with tie offs at the access opening to the lower working
platform where the H&P Driller fell as a corrective action to avoid any future
incidents of this nature.
The BSEE Incident Investigation Team determined that the incident was the result of
the lower working platform access opening not having a swing gate secured with tie
offs or guardrails installed to prevent falls when standing on the lower working
platform while installing washers and nuts onto the bolts on the upper platform leg.
Contributing causes for this incident included the H&P Driller was not wearing any
fall protection gear as recommended in the JSA and the H&P Driller’s lack of
situational awareness when repositioning himself and looking up to secure the upper
platform leg caused him to step off and fall backwards from the lower platform’s
unprotected side on and against the edge of the BOP skid plate injuring his back. A
contributing factor for this incident was that H&P’s JSA for Installing Work Platforms
onto BOPs that recommended as a safe practice to “Always use 100% fall protection”;
however, it did not address the requirements in H&P’s Fall Protection Plan stating
that a properly fitting body harness with a shock absorbing double-leg lanyard shall
be worn while working at heights greater than 4-feet above the working surface to the
deck."
NS-980EDAB662,,,2024-11-20,14:00,2024-11-22,,31,B,,Construction,LIFTING DEVICE,Near Hit,,,,SYN-648ec7,Marine Coordinator,SYN-70978b,Facility Engineer,SYN-f9b55d,Maintenance Supervisor,2025-01-06,SYN-4a5bb3,Operations Superintendent,2024-12-22,"­
On November 20, 2024 at 1300 hours, Construction Workers on the Main deck of the platform
were preparing to resume hot work when they heard an unusual noise from the deck
below (Cellar Deck). Stop Work Authority (SWA) was initiated and the Lead Operator
and Contract Safety Representative went to the source of the noise which was the well
bay area on the Cellar Deck. Natural Gas was observed to be leaking from the upstream
flange of the Flow Safety Valve (FSV) on the FA-2 flow line segment on the B-001 well
upstream of the production header. The construction crew was instructed to muster at
the boat landing (+10) and board the stand-by boat. The Lead Operator and Contract
Safety Representative remained on the facility to attempt to isolate the B-001 well
which was unsuccessful. The Lead Operator bled pressure off the FA-2 flow line
segment every two hours to mitigate natural gas leakage from the upstream flange of
the FSV. It was determined that the Manual Master Valve and Surface Safety Valve on
the Wellhead were leaking due to the B-001 well having a history of making traces of
sand. Additionally, the Wing Valve on the FA-1 flow line segment was leaking
therefore allowing the Shut in Tubing Pressure (SITP) of 3200 Pounds per Square Inch
Gauge (PSIG) to be present up to the Out of Service production header causing a
gasket failure on the upstream flange of the FSV. During the Investigation it was
identified that the Management of Black Elk Energy failed to mitigate valve
deficiencies that were previously identified on January 3, 2024. The FA-2 flow line
segment was removed and blind flanges were installed on November 21, 2024.",Personnel were mustered.,,,,,,,,,,,,,,,
NS-C7B72D1191,,Serious Incident,2024-12-02,08:00,2024-12-04,MC,243,A(Matterhorn Se,,Production Operations,LIFTING,Loss Event,Business Interruption & Cost,Equipment Damage,,SYN-f08eb9,Operations Superintendent,SYN-6cae3e,Production Foreman,SYN-854039,HSE Advisor,2024-12-16,SYN-6db0c4,Operations Superintendent,2025-02-13,"On Thursday December 2, 2024 a Riser Guard (RG) failure occurred at Lease G19931
Mississippi Canyon (MC) 243 A (Matterhorn)Tension Leg Platform (TLP), which is
operated by W&T Energy VI, LLC (W&T). There were no injuries to personnel, and no
pollution or environmental impacts associated with this incident.","There were no injuries to personnel, and no pollution or environmental impacts associated with this incident.",Serious Incident,,Serious Incident,12,D,3,,,,,,,D,,"SEQUENCE OF EVENTS:
On Thursday, December 2, 2024, at 0800 hours, while making morning rounds, W&T production
operators noticed that the RG had become dislocated from its standoffs on the
northeast quadrant of the platform. On Thursday December 2, 2024 at 1235 hours, the
incident was reported to Bureau of Safety and Environmental Enforcement (BSEE). W&T
immediately initiated efforts to identify and secure topsides construction and crane
vessel resources to support recovery operations of the RG. As a precautionary measure,
the risers that were protected by the RG were shut in, and all personnel were
demobilized from the facility that evening.
On Friday, December 3, 2024, W&T remobilized a team of essential personnel via
helicopter to Matterhorn to assess the situation. The team conducted an above-water
assessment and began developing a plan to secure the RG using topsides tuggers and
rigging equipment. The helicopter remained on standby to support the essential
personnel while on the platform.
On Saturday. December 4, 2024, the Motor Vessel (M/V) Holiday departed Port Fourchon for
the MC 108 Subsea (SS) Pipeline End Termination (PLET) for the gas sales pipeline to
the facility. Additionally, the M/V C-Truc 10 mobilized to Matterhorn with topsides
construction rigging equipment. Personnel utilized temporary straps to secure the RG
to padeye’s located on top of the hull.
On Sunday, December 5, 2024, the M/V Holiday utilized Remote Operated Vehicle (ROV) to
confirm closure and isolation of the subsea gas pipeline valves at the PLET. The M/V
then transitioned to Matterhorn, where the ROV performed an initial underwater
inspection of the riser guard, risers, and hull.
On Monday, December 6, 2024, the topsides construction team continued installing tuggers
and rigging systems to further secure the RG.
On Tuesday, December 7, 2024, installation of the topside tuggers and rigging system was
completed.
On Wednesday, December 8, 2024, The M/V Holiday successfully removed the RG from
Matterhorn and relocated it outside the 500-meter zone and lowered it to the seafloor
in a safe location to not impact SS infrastructure. The vessel then returned to MC 108
to reopen the gas pipeline at the PLET.
On Thursday, December 9, 2024, the M/V Holliday rerigged the RG into a horizontal
orientation on the seafloor. The RG was subsequently lifted from the seafloor and
transferred onto the back deck of the M/V Robin. Following the transfer, the M/V
Holiday conducted a subsea General Visual Inspection (GVI) of the hull column,
pontoon, and pipeline risers. Concurrently, the topsides construction team began de-
rigging the tugger system. The M/V Robin secured the RG and transported it to Inter-
Marine Dock in Fourchon.
W&T developed and implemented a Marine Traffic and Avoidance Plan to protect the
unguarded risers from damage, until a new riser guard can be fabricated and installed.
BSEE INVESTIGATIONS:
On Wednesday, December 15, 2024, the BSEE Accident Investigator (AI) Specialist arrived
on location to perform an incident investigation. The AI requested and received
documentation about the incident. The AI reviewed email correspondence between W&T
management and BSEE management, Job Safety Analysis (JSA) for construction, crane, and
boat operations, Production and downtime reports, and Personnel On Board (POB) list.
The AI also reviewed W&T’s Marine Traffic and Avoidance Plan that was developed to
protect the unguarded risers until a new riser guard can be installed. Additionally,
a platform walkthrough and observation of the incident location was performed.
Interviews were conducted, and witness statements and photos were also provided to the
AI.
The BSEE investigation revealed that the operator had classified the RG as a secondary
structural appurtenance and was not included as a targeted inspection location under
the American Bureau of Shipping (ABS) approved In-Service Inspection Plan (ISIP),
which is primarily focused on primary structural members. As a result, degradation at
these connection points was not identified prior to failure.
IN CONCLUSION:
After performing the investigation, the BSEE AI agrees with the findings provided by
W&T that the cause of the RG failure was due to fatigue within the riser guard metal
support hangers. The RG failure was due to fatigue cracking at all 3-riser guard-to-
hull connection points on the east side of the hull column, resulting in loss of
structural integrity over time. BSEE concluded that over twenty years of rough weather
and being in a highly corrosive marine environment degraded and fatigued the riser
guards and supports. Additionally, it was determined that W&T classified the RG as a
secondary structural appurtenance to the platform in their ABS approved ISIP, which
focuses on primary structural members on the facility. Because of this, W&T did not
include the RG as a targeted inspection item on the facility, which allowed the loss
of structural integrity to be overlooked by W&T."
NS-811642131F,,,2024-12-05,21:40,2024-12-07,GB,426,A-Auger TLP,,Drilling,LIFTING DEVICE,Loss Event,Health & Safety,Injury TLI,,SYN-605141,Facility Engineer,SYN-04d7f4,Production Foreman,SYN-359729,HSE Advisor,2024-12-24,SYN-b97cb4,Marine Coordinator,2025-01-13,"-
On 5 December 2024 at approximately 2140 hours, a Contract Employee (CE) was injured
while attempting to tighten flanges on a closed cooler water deck.
The CE was involved in construction operations installing piping on the closed cooler
water deck. Prior to construction operations, the employees involved prepared a Job
Safety Analysis (JSA). The CE and another employee were utilizing box-in wrenches to
tighten the flanges. While the CE was tightening the bolts, the other employee
walked away from the area to get additional bolts.
As the CE pulled the wrench to tighten a bolt, the wrench slipped causing the CE to
stumble backwards approximately a foot or more. As per the JSA, ""Push wrenches away
from you, don't pull toward you and use the boxed end wrenches"". Also, the CE should
have repositioned himself if he was unable to access the bolts in a safe manner. As
the CE stumbled back, the CE's foot struck a slightly uneven space on the grating
causing the left ankle to roll sideways while attempting to catch his balance. The CE
stated he felt he may have broken his leg or ankle.
The crew immediately notified the Supervisor and the Medic to assist in transporting
the CE to the Medic's office. The Medic contacted a Physician through the Web M.D.
who believed the CE may have fractured or suffered a broken ankle. The CE was
transported to East Jefferson Hospital where it
were fractured in the left ankle. The CE has an
surgeon.
The BSEE Lafayette District conducted an onsite",The CE was transported to East Jefferson Hospital where it were fractured in the left ankle.,,,,,,,,,,,,,,,
NS-A5F93620D1,,Serious Incident,2024-12-09,02:17,2024-12-10,GC,113,,NOBLE DRILLER,Well Services,LIFTING DEVICE,Loss Event,Business Interruption & Cost,Equipment Damage,,SYN-384d00,Facility Engineer,SYN-1e27e4,HSE Advisor,SYN-7f3485,Operations Superintendent,2024-12-23,SYN-b5d597,HSE Advisor,2025-01-20,"-
On December 9, 2024, while in the process of pulling the subsea tree (XT) from
Marubeni's A002 well, the tree inadvertently released from the Tree Retrieving Tool
(TRT) and fell to the seafloor, damaging the Angus A004 well's jumper.
During the time of the incident, the Noble Driller was contracted to Marubeni Oil and
Gas and was scheduled to move to Green Canyon 113 to perform a plugback of the A002
well, followed by a sidetrack operation. As the rig was being moved onto the
location, the FMC crew was tasked with performing a surface test of the TRT to ensure
its functionality before attempting to pull the tree off bottom. The TRT is a tool
designed to be run on drill pipe to the subsea tree. Once the tool has been set on
top of the tree, pressure is applied to the tool which activates a locking mechanism
securing the tool to the tree. The tree can then be unlatched from the wellhead and
pulled to surface. The investigation following the incident showed two areas of
concern with the surface testing procedure. The first area of concern is with step
10 on page 17 of the surface testing procedure. This step calls for the operator to
verify the times and volumes required to make each function of the tool. The
procedure calls to test the following functions: lock, unlock, and secondary unlock.
FMC personnel stated that this step was not done ""due to the way the pressure was
regulated on the low pressure pump"". The second area of concern is with step 14 on
page 18 of the surface testing procedure. This step calls for the ""hump pressure"" to
be recorded during the test. The ""hump pressure"" is a term used to describe a
pressure signature where the pressure will begin to increase on the chart, level out
for a brief time period as the tool functions, and then increase again until the
required 3000psi pressure is reached. FMC noted on the procedure that no ""hump
pressure"" was observed due to the volume of the pump being used at the time of
testing. By capturing the times and volumes required to make each function and the
hump pressure profile, the crew could have better recognized a failed TRT latch and
lock while on the seafloor.
On December 8, 2024, the rig had successfully moved onto location and was prepared to
send the TRT to bottom to retrieve the tree. The Marubeni representative on the rig
was instructed to move the rig to a designated ""safe zone"". The ""safe zone"" is an
area, designated by the operator, to ensure that no equipment on the seafloor is
damaged in the event that something is dropped by the rig. The rig should have been
in a ""safe zone"" while running the TRT to bottom and while bringing the tree back to
surface. After confirming the final rig position, the rig was re-positioned to a
""safe zone"" 100 feet to the Northeast of the wellhead. This was an error due to a
misunderstanding of the instructions that were given to the Marubeni representative
on the rig from the Marubeni supervisor in the Houston office. The actual
instructions that were given were to move the rig a minimum of 100 feet from the
nearest subsea infrastructure. There was no confirmation that the ""safe zone"" that
was chosen met the objective of moving the rig to a safe area to minimize potential
damages should an accident occur.
Once the rig was in the ""safe zone"", the rig began running the TRT to 100 foot off
bottom and re-positioned over the tree. During this time, the Remotely Operated
Underwater Vehicle (ROV) was at the tree, unlocking the flowline and tree connectors
and disconnecting the tree from the wellhead. Marubeni's procedure for the pulling
operations called for the TRT to be locked to the wellhead and an over pull test to
be performed to verify the tool is locked before unlocking the tree from the
wellhead. If an over pull test would have been done, the rig personnel would have
known that a proper latch had not been achieved. The rig continued with operations
and after two failed attempts to latch the TRT to the XT, the rig began
troubleshooting the issue. Locking procedures were done and the first two attempts
to pull the tree were unsuccessful when the TRT pulled free with the tree still on
the subsea wellhead. An inspection of the tree showed that part of the ROV light
frame had broken off into the funnel of the tree and was preventing the TRT from
fully latching. The debris was removed from the tree by the ROV and a third attempt
was initiated.
On the third attempt, the TRT was thought to be successfully latched. The tree was
lifted off of the subsea wellhead and brought up to approximately 31 feet below the
waterline, where it inadvertently unlatched and dropped to the seafloor landing on,
and damaging, a portion of the Angus subsea infrastructure. Video footage of the
operation showed that no ""hump pressure"", or pressure signature, was observed during
the locking sequence. This would have been the operator's first indication that
there was a problem with the operation. Also, video footage showed that the
lock/unlock indicator bar on the TRT was questionable. The indicator bar was not at
a 90 degree angle, as shown in the engineered drawings, which made it hard to
determine whether or not the locking device had fully latched onto the tree or not.
Had the indicator bar functioned correctly, it would have made determining the
lock/unlock position easier to read and less subject to interpretation.
After the incident, the job was shut down and all required parties were notified.
The ROV was sent to the Angus A004 jumper to inspect it for any damages as a result
of the tree strike. It was observed that although some damages had been sustained,
there were no signs of pollution or significant damage. Plans were made to retrieve
the tree from the seafloor. Further inspection on the TRT determined that the
locking mechanisms were all working as designed and no abnormalities could be
observed with the tool.
On Feb. 23, 2014, both the subsea tree and the A004 jumper were successfully
recovered from the seafloor. The A004 hub was secured by installing high pressure cap
and pressure testing it to 7500 psi. The subsea tree was found to be in good
condition with no damages sustained from the incident. The A004 jumper was sent in
to be refurbished as a result of the collison. The rig was approved to latch up the
Blow Out Preventers (BOPs) and continue with
determined safe to do so.","Reported as structural damage and damage over $25,000. Estimated property damage $227,000.",Serious Incident,,Serious Incident,12,D,3,,,,,,,C,,
NS-C80594B698,,,2024-12-10,07:40,2024-12-12,LB,6488,EUREKA,[J,Well Services,LIFTING DEVICE,,,,,SYN-dc1aae,Operations Superintendent,SYN-b8bbe8,Maintenance Supervisor,SYN-eae83b,Operations Superintendent,2024-12-31,SYN-7ea5a2,HSE Advisor,2025-05-10,"Boom Pawl was not engaged. Had the boom Pawl
hoist clutch would not have allowed the boom
live mast.",,,,,,,,,,,,,,C,,
NS-591B13B4C7,,,2024-12-12,21:35,2024-12-14,SM,69,,HERCULES 264,Marine & Logistics,LIFTING DEVICE,Loss Event,Health & Safety,Injury TLI,,SYN-5b7d5f,Facility Engineer,SYN-ea5546,Operations Superintendent,SYN-7d5821,Facility Engineer,2024-12-28,SYN-f14ea9,Production Foreman,2025-02-28,"At approximately 21:30 hours on 12 December 2024, an accident occurred during
drilling operations on the Hercules Offshore (Hercules) Rig 264 under contract to
Apache Corporation (Apache). The Hercules 264 was situated at the surface location of
South Marsh Island (SMI) Block 69; but drilling in subsurface location of SMI Block
58. The accident happened while breaking pipe connections during back reaming
operations when a Hercules Floorhand operating the tongs was thrown approximately 8
feet across the rig floor striking the starboard air hoist. The Injured Person (IP)
suffered a head laceration, skin abrasions and bruising to the back of his legs. The
IP received first-aid care at the rig, but was evacuated for additional medical
treatment to Our Lady of Lourdes Hospital located in Lafayette, Louisiana. The IP's
head laceration was treated by closing up with surgical staples and he was released
from the hospital on 13 December 2024.
Apache and Hercules determined that the primary cause of this incident was slippage
of top drive dies that caused the compensator to pick up, turn the stand in the
opposite direction with the tongs and throwing the Floorhand approximately 8 feet
into the starboard air hoist where he sustained the injures.
An internal investigation conducted by Hercules identified the following contributing
causes: 1) the Driller had assumed that the pipe connection had broken, 2) the
Floorhand was unable to see if the saver sub had broken, and 3) the motion
compensator picking up the stand prematurely due to reduced weight, spinning the pipe
stand two full revolutions, snagging the Floorhand's legs in the snub line, and
throwing him approximately 8 feet into the starboard air hoist.
A Job Safety Analysis (JSA) was completed; however, it did not include all job tasks
for back reaming nor did it specifically address hazards that may occur if the top
drive dies slipped when breaking a pipe connection. Hercules had no written
maintenance program in place for inspecting, maintaining, or replacing the top drive
dies; however, Hercules had a policy that required the top drive dies to be inspected
once per tour. It should be noted that there are no industry standards in place
governing top drive die inspection and maintenance.","The Injured Person (IP) suffered a head laceration, skin abrasions and bruising to the back of his legs.",,,,,,,,,,,,,,,
NS-2988EEAF31,,,2024-12-15,20:20,2024-12-19,DC,398,,NOBLE GLOBETROTTER,Drilling,LIFTING DEVICE,Loss Event,Business Interruption & Cost,Equipment Damage,,SYN-674c45,HSE Advisor,SYN-ef9127,Facility Engineer,SYN-c74140,Facility Engineer,2025-01-09,SYN-5595a7,Maintenance Supervisor,2025-05-24,"-
On December 15, 2024, on the Noble Globetrotter, while preparing to install the
diverter, the crew was scoping out the slip joint when the tensioner ring disengaged
from the slip joint resulting in the riser being unsupported. This resulted in the
Hands Free Goose Neck (HFGN) separating from the tensioner ring, causing extensive
damage. After the investigation, it was discovered that the Sub-sea Engineer failed
to ensure that the locking dogs and secondary lock were fully engaged. There was no
verification that the actuating ring latch assembly was properly engaged to the
tensioner ring. Furthermore, rig personnel were unfamiliar with the proper procedures
for verifying that the locking mechanisms were properly engaged. The Work Instruction
Manual (WIM) was vague on the procedures for ensuring the locking tensioner ring dogs
are engaged to the tensioners and ring latch assembly.","Reported as damage over $25,000.",,,,,,,,,,,,,,,"Sequence of Events:
At 0900 hours the Sub-Sea Engineer attempted to lock in the tensioner ring dogs to
the riser tensioners. The secondary manual lock was then believed to be engaged. The
Sub-sea Engineer then proceeded to line up the riser tensioners to compensate for
proper weight distribution to the traveling block prior to landing out the BOP stack
to the wellhead. Once the BOP stack was landed and latched on the wellhead, a 100K
over pull was applied to verify proper BOP connection to the wellhead. A 1000-psi
connector test was then performed to additionally confirm the BOP was successfully
latched to the well head. While the Sub-Sea Engineer was in the ROV building lining
up for the Deadman Auto-Shear test, the tensioners were supporting 1,273,000 lbs. The
Sub-sea Engineer then took more weight on the tensioners to adjust for sea water
buoyancy. The final load pulling on the tensioner ring by riser tensioners was
1,334,000 lbs. At 2020 hours, while attempting to scope out, the slip joint tensioner
ring parted from the HFGN. This caused extensive damage to the Lower Marine Riser
Package (LMRP), numerous joints of riser, tensioner ring, coflex housing, service
lines, mux reels, hot line and various components on the top-drive."
NS-2EADE30878,,,2024-12-17,04:05,2024-12-17,EW,834,A,H&P 203,Drilling,LIFTING,Loss Event,Health & Safety,Injury Minor,,SYN-fea5b0,Marine Coordinator,SYN-9edffa,Operations Superintendent,SYN-2c80e0,Facility Engineer,2025-01-14,SYN-e9cb1c,Operations Superintendent,2025-06-12,"On November 26th, 2017 at 0405, an incident with injury occurred at a Walter Oil & Gas
Corp. Ewing Banks 834-A OCS-G 27982 Platform. The Helmerich & Payne (H&P)
International Drilling Co. (Rig P-203) platform drilling package was conducting flow
back operations on the Walter Oil & Gas EW 790 Well #A3 Lease OCS-G 33140.
The H&P roustabouts and crane operator were preparing to transfer flow back
materials/fluids through a 3” hose from Well A-3. The roustabouts placed the end of
the hose into an Auxiliary Mud Tank (AMT) with a 3-4’ hatch opening. The Roustabout
closed the hatch to hold down the 3” hose in an attempt to secure the 3” hose. The
Roustabout 1 (R1) asked Roustabout 2 (R2) if he was ready to start receiving fluids
from the Marine Portable Tank (MPT). The R2 responded “yes” to send the fluid. R1
opened the valve and started sending fluids, R2 noticed that he was not receiving
fluids. R2 told R1 that R2 was told by daytime production operators that when the
Marine Portable Tank (MPT) is halfway, the hose will get clogged with an oil ball. R1
asked R2 to give him a minute to hook up an airline from the rig compressor to clear
the hose. R1 hooked the airline up and asked R2 if he was ready to receive flowback
fluids again. The R2 said “yes” at that time. R1 failed to communicate that the air
was still hooked up to the hose to send the fluid.
R2 lifted the hatch up to verify he was receiving fluids. When the fluids came through
the hose, approximately 125 psi discharged of air and fluids caused the hose to come
out of the tank striking R2 (injured person) in the right upper collarbone causing an
injury.
The job was immediately stopped to help the IP with his injury. The Medic on-board
evaluated the IP and noted that the right upper collarbone of the IP was injured. The
IP was evacuated by helicopter to a medical center in Houma, La. to treat his
injuries. The IP did not miss work and was put on restrictive duty in the H&P yard to
finish his hitch. The IP will be released on 2/5/2025 to full duty.
During the",The incident resulted in restricted work or job transfer for more than 3 days. The facility was evacuated.,,,,,,,,,,,,,,,
NS-B7D96898F3,,Serious Incident,2024-12-18,10:07,2024-12-20,MC,809,A-Ursa TLP,,Drilling,LIFTING,Loss Event,,,Combustion,SYN-1eb115,Production Foreman,SYN-12a847,Production Foreman,SYN-5c7ff6,Production Foreman,2025-01-02,SYN-a11be4,Facility Engineer,2025-01-25,"On 18 December 2024, an incident requiring muster occurred on the Mississippi Canyon
(MC) 809 A – “Ursa”. Ursa is a Tension Leg Platform (TLP) owned and operated by Shell
Offshore Inc. (Shell) operating 62 miles offshore in 3970 feet of water. A worker
entered into a Safe Welding Area (SWA) and noticed a small flame emanating from an
unattended oxygen/acetylene cutting torch. The flame was quickly extinguished using a
nearby portable fire extinguisher, and the area was secured. Out of an abundance of
caution, the control room activated the general alarm causing a full muster and a Fire
Team was dispatched to the scene. No flame, smoke or damage was observed by the Fire
Team at the scene. There were no injuries or pollution as a result of this incident.",There were no injuries or pollution as a result of this incident.,Serious Incident,,Serious Incident,12,D,3,,,,,,,,,"SEQUENCE OF EVENTS:
On 18 December 2024 at 1007 hours, a worker entered into the SWA and observed a small
flame emanating from an unattended oxygen/acetylene cutting torch hanging from the
bulkhead. The worker immediately notified the Control Room who then sounded the
General Alarm for full muster and assembly of the Incident Command System (ICS) team.
Simultaneously, the worker grabbed a nearby portable fire extinguisher located inside
the SWA and extinguished the flame, securing the area. The Fire Team was dispatched to
the scene, but did not observe any flame, smoke, or damage. Meanwhile, the remaining
platform workers reported to their assigned muster station. A fire watch was
designated and posted in the SWA to monitor and ensure no reoccurring flames appeared.
All personnel at the muster station were given the “all clear” and returned to their
duties.
BSEE INVESTIGATION:
On 18 December 2024 at approximately 1500 hours, the Bureau of Safety and Environmental
Enforcement (BSEE) received notification on the incident with photos provided.
On 20 January 2025, Shell provided additional documentation and a root cause
analysis to the BSEE New Orleans District office.
According to reports and documentation obtained by a BSEE Accident Investigator (AI),
it was discovered that a construction crew was working in the SWA shortly before 0900
hours. During this time, construction crews were utilizing a cutting torch to cut a
patch plate to size to be installed on a blast wall. Shortly after the cutting
commenced, construction personnel decided to use a plasma cutter in lieu of the
cutting torch. Reports stated that the cutting torch and hoses were then rolled up and
stored on a bracket hung on the wall. Speculations suggest that a spark from the
plasma cutter (while in use) ignited the acetylene side of the cutting torch resulting
in a small flame. The estimated time the flame burned before being discovered by
another worker at 1007 hours was approximately 1 hour. No damage, pollution, or
injuries occurred from this incident.
CONCLUSIONS:
The BSEE New Orleans District office determined that the torch bottle valves were not
closed when finished with use, the torch lines were not depressurized, and the
acetylene valve on the torch itself was not fully closed tight. As a result, sparks
from the plasma cutter came into contact with the torch head, and igniting a small
flame from the acetylene side of the torch.
Shell’s corrective action to prevent future incidents of the same nature include
closing torch bottle valves when NOT in use, depressurizing torch lines after bottle
valves are closed, and checking equipment before work to ensure connections are tight.
In addition, Shell also reiterated that personnel utilizing the SWA should be mindful
of where the sparks are being directed, what is in the area, and how the spark
direction could affect items in the area."
NS-EA4B8760CA,,Incident,2024-12-24,16:00,2024-12-25,SM,281,C,* LIFT BOAT,Production Operations,LIFTING,Loss Event,,,Gas/Vapour Release,SYN-a036e7,Operations Superintendent,SYN-f33f2f,Maintenance Supervisor,SYN-4c91f0,Maintenance Supervisor,2025-01-12,SYN-e8d22f,Marine Coordinator,2025-02-28,"On 24 December 2024, Apache Corporation (Apache) contractors were conducting
abandonment operations of all wells located on the South Marsh Island (SM) Block 281C
platform. Apache contractors were pulling 11.875-inch casing from Well C-28 when the
contractors heard a loud bang. All well operations were stopped, and the well
abandonment contractors evacuated to the Lift Boat New Orleans. The Apache Company
Representative (Co-Rep) and the Safety Representative went onto the SM-281C Platform
and discovered the 13.375-inch casing on Well C-11 had dropped approximately 3 feet,
the valve for the 13.375-inch casing was completely sheared off of the well and the
valve for the 9.625-inch production casing was partially sheared off leaking gas from
the well.",Apache reported that there were no injuries or pollution related to this incident.,Incident,,Incident,8,D,2,,,,,,,,,"Sequence of Events:
On 24 December 2024, Apache contract workers were conducting well abandonment
operations on Well C-28. Using a torch, contractors cut the bolts off the Well C-28
production tree and removed the tree from the wellhead. Contractors cut two holes with
a torch on top of the 11.875-inch casing and placed a shackle in one of the holes. The
Crane Operator then lowered the crane boom, and the contract crew attached the crane
sling to the shackle. At 1630 hours, while the Crane Operator was lifting the Well C-
28 11.875-inch casing through the upper deck, the contract crew felt the production
platform shake and heard a loud noise coming from the well bay area. The contract crew
evacuated from the production platform onto the Lift Boat New Orleans.
The Apache Co-Rep and Safety Representative proceeded to the platform to investigate
the well bay area and heard gas leaking from the casing valve for the Well C-11 9.625-
inch production casing. They observed that Well C-11 well had dropped approximately 3
feet down at a casing collar located approximately 30 feet above the water line. The
metal grating and decking around the Well C-11 was damaged when the well fell. The A-
Annulus casing valve for the 9.625-inch production casing was partially sheared off
from the wellhead and gas lift pressure was released into the atmosphere. It was also
discovered that the B-Annulus casing valve attached to the wellhead for the 13.375-
inch surface casing had been fully sheared off. The Co-Rep called a Stop Work
Authority with all personnel on the lift boat and contacted B&B Wellhead Services
(B&B) to have a technician mobilized to the SM-281C location. Contractors rigged up
casing beams and casing jack on the top deck over Well C-11. The Well C-11 tree was
pulled up 3 inches with the casing jack and the damaged grating inside the barricade
under the wing valves was removed. The B&B Technician installed a 5,000 pounds per
square inch (psi) ball valve on the 9.625-inch production casing. Then a 500-foot
cement balance plug was set from 11,100 feet to 10,600 feet consisting of 189 cubic
feet of cement securing the well. On 13 January 2025, Apache completed permanent
well abandonment operations on Well C-11.
BSEE Investigation:
On 11 and 27 December 2024, the BSEE Lafayette District Office conducted an onsite
Incident Follow-up Investigation for the SM-281C Well C-11 incident. BSEE met with the
Apache Company Representatives and contractors and gathered all available incident-
related documents including Apache Daily Service Reports, Alliance Offshore Job Safety
Analysis (JSA), B&B Oilfield Services, LLC JSA, Apache Hot Work Permits, Witness
Statements, Helix Well Control Plans, and the Apache Well C-11 Casing Diagnostics
Report. BSEE inspected the incident scene and conducted photographic documentation.
BSEE reviewed the last monthly casing report for Well C-11 conducted on 21 August
2023, that stated the A-Annulus current pressure was 0 psi. Also, based on the 21
August 2023 casing report, when the 9.625-inch production casing valve had partially
sheared, 704 psi of gas lift pressure was released into the atmosphere from the 9.625-
inch production casing. Apache reported that there were no injuries or pollution
related to this incident. BSEE monitored Well C-11 activities by reviewing the Well
Activity Reports and the End of Operations Report.
The BSEE Incident Investigation Team concurs with Apache’s investigation findings that
concluded that this incident was a result of equipment failure due to the loss of the
26-inch conductor casing which exposed the 13.375-inch surface casing to the severe
corrosion resulting in the 13.375-inch surface casing collapsing approximately 3 feet
down onto itself. The release of hydrocarbon gas from the A-Annulus 9.625-inch
production casing was the result of the partial shearing of the valve on the 9.625-
inch production casing.
Apache failed to notify BSEE as per 30CFR 250.188 and NTL 2019-NO5 of an incident that
resulted in structural damage to the platform, safety systems, and causing an
uncontrolled release of hydrocarbons into the atmosphere."
NS-BC7702D23C,,Incident,2025-01-19,15:35,2025-01-21,GB,128,A-Enchilada,,Maintenance,LIFTING DEVICE,Loss Event,,,Gas/Vapour Release,SYN-41fe0f,HSE Advisor,SYN-9171fd,HSE Advisor,SYN-330989,Operations Superintendent,2025-02-07,SYN-b48937,Marine Coordinator,2025-02-11,"Field Gas Compressor (FGC) #2 suffered a fracture and ejection of the 3rd stage
cylinder head. The ejected head struck an adjacent gas turbine air inlet housing 35
feet away, with no injuries to personnel sustained. The Pressure Safety Low (PSL) on
the preceding compressor stage activated and shut down the compressor. The
Abandon/Muster alarm sounded at 15:36 hours. Operations personnel shut down the
entire facility at 15:38 hours by activating the manual Emergency Shut Down (ESD).
The muster was complete at 15:40 hours and a fire team investigated the situation at
15:45 hours. The compressor was secured and locked out of service by 17:50 hours.
Dresser-Rand, the compressor manufacturer, issued a Product Safety Warning concerning
this situation on 28 February 2025, and has agreed to replace all compressor cylinder
heads of this type with a new and improved design.","The ejected head struck an adjacent gas turbine air inlet housing 35 feet away, with no injuries to personnel sustained.",Incident,,Incident,8,D,2,,,,,,,C,,
NS-B15E122247,,Incident,2025-01-21,01:30,2025-01-22,HI,,A,NABORS SUPER SUNDOWNER,Drilling,LIFTING DEVICE,Loss Event,Environment & Reputation,Loss of Containment,Gas/Vapour Release,SYN-cb3462,HSE Advisor,SYN-a90542,Production Foreman,SYN-db4e14,Maintenance Supervisor,2025-02-10,SYN-5a4323,Operations Superintendent,2025-04-16,"On 21 January 2025, a well control incident occurred at HI A 443. At the time of
the incident, the Nabors Sundowner platform rig was on location contracted for
recompletion work by Black Elk Energy. As the rig was pulling 2 7/8"" tubing out of
the well, the well started flowing and wellbore fluids spewed out to a height of 30­
40 feet in the air. As the well was flowing, well control procedures called for the
stabbing of the Texas Iron Works (TIW) valve into the 2 7/8"" tubing by using the
hydraulic hoist on the rig floor; however, the hoist was unavailable at the time
because it was being used to lower 2 7/8"" tubing down the V-door. This resulted in an
uncontrollable timed event that subsequently mandated the activation for shearing the
2 7/8"" tubing with the shear rams in order to shut the well in. An estimated 9.34
gallons of oil was determined to have entered the Gulf waters. Three floor hands
sustained injuries and were sent to shore for treatment; all returned to full duty in
less than three days.
Investigation revealed that the probable cause of the incident is that the Lessee
failed to maintain the proper mud weight of 9 ppg to control the well. The Mud
Engineer noticed condensate or oil mixed with the returns in the trip-tank but failed
to stop the operation or re-weigh the mud entering the well as 2 7/8"" tubing was
being pulled.",Reported as a blowout and a pollution release. The facility was evacuated. Estimated property damage $300.,Incident,,Incident,10,E,2,,,C,,,,A,,
NS-A827E94C53,,Serious Incident,2025-02-18,05:20,2025-02-19,SM,130,B,,Well Services,LIFTING,Loss Event,Business Interruption & Cost,Equipment Damage,Combustion,SYN-72868f,Maintenance Supervisor,SYN-9e340e,Facility Engineer,SYN-0102f3,Production Foreman,2025-03-26,SYN-3c09c2,HSE Advisor,2025-03-22,"On February 18, 2025, at approximately 0520 hours, an explosion occurred on the Talos
ERT LLC (Talos) OCS-G02280, South Marsh Island (SM) 130 B Facility. Employees heard a
loud noise which appeared to originate from the northwest side of the facility. As the
operators proceeded around the firewall, a fire was coming from a pipeline below the
+10 level up to the production deck. There was damage to life saving equipment and
other items such as wiring on the northwest side of the facility. Also, minor
structural damage near the +10. There were no injuries to personnel.",There was minor structural damage near the +10 and no injuries due to this incident.,Serious Incident,,Serious Incident,12,D,3,,,,,,,D,,"Sequence of Events:
On February 18, 2025, at approximately 0520 hours, operators heard a loud noise that
seemed to originate from the northwest side of the facility. As the operators on the
quarters side of the firewall walked to the production side, a fire was observed
originating from the 8” bi-directional gas pipeline (Segment 5114) that contained 1220
psi. The pipeline departs from SM 130 B to SM 130 A which is a distance of
approximately 1 mile. The flame traveled from below the +10 level to the bottom of the
production deck which was approximately 80 feet high. The Emergency Shut Down (ESD)
was activated and instructions were given to the remaining platforms in the SM 130
field to shut in. All non-essential personnel mustered across the bridge to the SM 130
D facility. The flame lasted approximately 5 to 7 minutes before the gas pressure bled
down. Operators utilized the fire hose to soak the smoldering boards under the wet oil
tank and four 30 lb. dry chemical fire extinguishers were used to extinguish the
lifesaving equipment and other items in the area that caught on fire or were
smoldering due to the pipeline fire. After the flame had descended, it was discovered
that a 3-foot section of the pipeline from the +4 to the +7 was missing. There was
minor structural damage near the +10 and no injuries due to this incident.
BSEE INVESTIGATION:
On February 18, 2025, the Bureau of Safety & Environmental Enforcement (BSEE)
Lafayette District (LD) Accident Investigator (AI) received a phone call notification
of a fire that occurred on Talos’s SM 130 B Facility. The AI requested additional
information pertaining to the incident such as the pipeline information, statements,
pipeline inspections and other relevant documents from Talos.
The BSEE LD AI, Civil Penalty Enforcement Specialist (CPES), and Office of Incident
Investigation (OII) conducted an onsite investigation at SM 130 B on December 18,
2023. BSEE conducted interviews with the personnel involved with extinguishing the
fire. According to the witnesses, winds were exceeding 28 mph blowing the flame away
from the platform which may have saved the facility from severe damage. The sea
conditions were 11 to 20 feet at the time of the incident.
On May 4, 2025, an analysis was conducted by a laboratory, located in Houston,
Texas, on sections of the flange and piping adjacent to the failed section of the
pipeline. According to the findings, the entire flange and fracture surface suffered
from severe corrosion. The wall thickness of the flange was visibly thinner where the
failure occurred. The wall loss due to corrosion was severe enough near the fracture
surface, that a hole is visible. The cross section of the fracture surface shows the
corrosion was much more significant at the outside diameter (OD) than the internal
diameter (ID).
CONCLUSION:
The results of the metallurgical failure examination completed by the laboratory
indicate that the as-received flange failed due to severe OD corrosion that caused
significant wall loss and material property degradation resulting in a circumferential
brittle failure of the flange. The loads on the flange are unknown, but the external
loads on the flange would have increased as the wall thickness of the flange decreased
(from corrosion) resulting in a circumferential brittle failure.
The OD corrosion was driven by high concentrations of chlorine (12,000 ppm) in an
oxygen containing environment. High concentrations of chlorine are known to
dramatically accelerate the corrosion rates of carbon steels. The flange had been
painted for corrosion protection; however, the coating was not maintained overtime to
prevent corrosion of the underlying steel when exposed.
Due to the results of Level I inspection, a mechanical integrity inspection of Segment
5114 began on September 2, 2024. Rope access was needed to complete the mechanical
integrity inspection near the waterline but
incident."
NS-A3A2CC413A,,,2025-03-02,11:40,2025-03-03,GC,237,,ENSCO 8502,Maintenance,LIFTING DEVICE,Loss Event,Health & Safety,Injury Minor,,SYN-ca82ba,Maintenance Supervisor,SYN-c239c3,Operations Superintendent,SYN-5b7cf6,Production Foreman,2025-05-01,SYN-230b6d,HSE Advisor,2025-06-14,"­
On March 2, 2025, at approximately 1140 hours, an accident occurred onboard the Ensco
8502. The accident left an employee with a fractured and partially amputated finger.
The accident occurred while the Ensco 8502 was drilling a developmental well for
Energy Resource Technology in Green Canyon 237. The Injured Party (IP), a Baker
Hughes employee, was assisting the Crane Operator in transferring chemicals from a
tote tank to a storage tank located in the cement room. A JSA was done before the
crew began operation but failed to include the hazards associated with the weather
conditions. The tote tank was hoisted up by the crane and placed on the outside of
the handrail so that the chemical could be gravity fed into the storage tank. The IP
hooked up a 2 inch camlock hose from the tote tank, which was suspended in air, to
the storage tank connection located on the deck. After hooking the hose to the deck
connection, the IP placed his left hand onto the handrail to raise himself up. Due
to the rough seas, the tank swayed and struck the ring finger of the IP's left hand.
IP was examined by the medic onboard the rig and then sent to an inland medical
facility for further evaluation. IP was sent to Occupational Medical Services in
Houma, Louisiana, where he was diagnosed with a fracture and partial amputation of
finger. Employee was placed on restricted duty the following day and returned to
full unrestricted duty on March 20, 2025.","IP was sent to Occupational Medical Services in Houma, Louisiana, where he was diagnosed with a fracture and partial amputation of finger.",,,,,,,,,,,,,,,
NS-9A16DDBEB8,,Serious Incident,2025-03-03,02:00,2025-03-04,WD,27,AH,,Maintenance,LIFTING DEVICE,Loss Event,Business Interruption & Cost,Equipment Damage,Gas/Vapour Release,SYN-355b23,Marine Coordinator,SYN-0ac49b,HSE Advisor,SYN-ecf687,HSE Advisor,2025-03-22,SYN-42824b,Maintenance Supervisor,2025-06-03,"On March 3, 2025, at 0200 hours, the Motor Vessel (M/V) Quest ran into Anglo-
Suisse's, Lease OCS-G 04473, West Delta Block 27, AH Platform. The M/V was under
contract to McMoran who reported the accident. The M/V returned to Venice base under
its own power. A small gas leak was caused by broken fuel gas scrubber line. Fuel
gas/process pipe was damaged causing a subsequent emergency shut-down from the
Emergency Support System (ESD), causing entire safety system to shut-in: SSV1, SSV2,
SCSSV, along with incoming shut-down valve from
to safety device tripping from ESS initiation.
was greater than $25,000.","Reported as structural damage, a collision with damage over $25,000 and a shutdown following a gas release. Estimated property damage $25,000.",Serious Incident,,Serious Incident,12,D,3,,,,,,,B,,
NS-8D881CE7A3,,Serious Incident,2025-03-16,01:30,2025-03-19,ST,308,A (Tarantula),H&P 105,Marine & Logistics,LIFTING DEVICE,Loss Event,,,Combustion,SYN-bbec00,Maintenance Supervisor,SYN-36a419,Facility Engineer,SYN-b52245,Maintenance Supervisor,2025-03-31,SYN-fe7e21,Marine Coordinator,2025-06-17,"With routine circulating and conditioning operations in progress, the driller's
instrument display indicated flow had stopped from the mud pumps, indicating a loss
of power to the pumps. At the same time, rig personnel noticed smoke coming from the
rig's engine room. As two rig hands approached the engine room, fire was observed
coming from the #3 engine. The rig's fire alarm was sounded and the platform's
Emergency Shut Down (ESD) system was activated to shut-in the production process.
The well was overbalanced with no flow observed after the mud pumps lost power. The
well was secured with the closing of the Blow Out Preventer (BOP). Rig and platform
personnel mustered, but did not evacuate, while the initial response team assembled
and responded to the fire. The fire was contained after approximately one hour by
using hand held extinguishers and light water from the platforms fire water system.
The damage was confined to the engine room. Four of the rig's crew were treated for
minor smoke inhalation with no other injuries and no fatalities or pollution.
The rig's power was able to be restored, in part, with power returning to engine's #1
& #2 in order to reestablish circulation in the well. The well remained in a
circulation and monitoring condition until all repairs were made to the engine room
and the rig's power system was restored in full. All repairs and recommissioning was
completed on 12-Jan-09. All used dry chemical was replenished and drilling
operations resumed.","Reported as a fire. Estimated property damage $200,000.",Serious Incident,,Serious Incident,15,E,3,,,,,,,C,,
NS-42A93CE5CE,,,2025-03-18,00:01,2025-03-19,SM,217,A-PROD,[J,Production Operations,LIFTING DEVICE,Loss Event,Health & Safety,Injury TLI,,SYN-f5da81,Facility Engineer,SYN-4c4c18,Marine Coordinator,SYN-43bfd0,Operations Superintendent,2025-04-21,SYN-48ed29,Operations Superintendent,2025-06-14,"On 18 March 2025, at approximately 0001 hours, an employee was injured while
disconnecting a crow's foot connection from a water outlet of an oil treater.
The injured employee (IE) had just completed manually pumping five gallons of
chemical which contains hydrochloric acid into the discharge of the oil treater. Due
to scale problems in the discharge piping of the oil treater, a temporary piping
connection point for chemical injection had been installed.
As the IE attempted to disconnect the crow's foot to remove the chemical pump
assembly, chemical splashed into the IE's face and eyes. The IE immediately rinsed
his face and flushed his eyes in a sink located in the gaugers shack. The IE departed
the gaugers shack and resumed dismantling the pump assembly.
The IE was transported to a hospital for additional treatment and to an eye
specialist at a later date.
Investigation revealed that the IE had failed to utilize goggles or a face
shield. As per the lessee's Corrosive Chemical Procedure, chemical goggles and a face
shield must be worn if performing activities that make eye and facial exposure to
corrosive chemicals more likely (such as opening lines, equipment adjustments,
transferring chemicals from bulk containers, etc.).
Additionally, there was no Job Safety Analysis or permit to work prepared with this
job task nor was there a Material Safety Data Sheet for the hazardous chemical
located on the platform. The IE failed to depressurize the piping prior to
disconnecting the crow's foot. The lessee had no standard operating procedure for the
temporary pumping of a chemical batch treatment. There was no eye wash stations
located near the temporary chemical pumping area.",The IE was transported to a hospital for additional treatment and to an eye specialist at a later date.,,,,,,,,,,,,,,,
NS-83D90CEBE2,,Very Serious Incident,2025-03-28,05:20,2025-03-30,GC,158,A-Brutus TLP,H&P 202,Production Operations,LIFTING DEVICE,Loss Event,,,,SYN-be0417,Operations Superintendent,SYN-cc6662,Maintenance Supervisor,SYN-940386,Maintenance Supervisor,2025-05-15,SYN-e842c6,Marine Coordinator,2025-05-21,"A minor crane incident occured when the Braden winch on an American Aero Model OM2200
Crane dropped a load of pipe due to the Cam Clutch failure. The crane operator was
picking up 5 joints of 4-l/2"" tubing to place in the bolster when the load slipped
and fell 2-3' to the deck. An employee stated he was struck by the pipe. He was seen
by the Medic who confirms an abrasion to the top of the employee's foot. The medic
recommended an ice pack and over the counter medicine for pain. The employee was not
sent in and returned to work full duty. The crane was taken out of service until the
cause could be determined.",Reported as a crane incident.,Very Serious Incident,,Very Serious Incident,25,E,5,,,,,,,,,
NS-2563BBDAC6,,,2025-04-01,04:30,2025-04-02,,,A,,Production Operations,LIFTING DEVICE,,,,,SYN-2c2914,Maintenance Supervisor,SYN-c38bf0,Production Foreman,SYN-de49f0,Production Foreman,2025-05-07,SYN-0f26c7,HSE Advisor,2025-05-17,"On 1 April 2025 operations personnel at WC-45-A were contacted by personnel at the
onshore tank battery facility and instructed to shut-in all production from the WC-45
field for compressor maintenance. Operations personnel shut in the A-10 gas lift oil
well on board WC-45-A, and then proceeded to shut-in the WC 56 #16 (satellite
platform) high pressure gas well. The latter well was shut-in by manually closing
the incoming boarding Shutdown Valve (SDV) since the well does not have remote shut-
in capabilities. Approximately five minutes after closure of the boarding SDV, the
3-inch incoming riser segment No.13264 parted approximately 8 feet above the water.
The field boat which was standing-by at a nearby satellite platform was contacted and
instructed to evacuate the two operators from WC-45-A. Both operators boarded the
boat as gas escaped from the parted riser and travelled to the satellite platform.
From the deck of the boat the operators observed the Surface Safety Valve (SSV) and
SDV for the satellite platform close as they approached the structure. Due to rough
seas the operators did not board the satellite platform, but did activate the
Emergency Shutdown Device (ESD) on the boat landing before returning to WC-45-A. The
operators stated no pollution was observed at time of the incident. Operations
personnel boarded the satellite platform on 4 April 2025 and found the flowline
Pressure Safety High/Low (PSHL) pilots functioning correctly and within tolerances.
On 8 April 2025 MMS representatives conducted an on-site investigation at WC- 45­
A. An inspection of the 3-inch incoming pipeline riser segment No.13264 revealed
extensive metal loss, heavy corrosion build-up on the exterior of the pipe and
pitting in the area of the failure. Ultrasonic Testing readings confirmed extensive
metal loss due to external corrosion.
The MMS investigation also revealed that pipeline segment No.13264 was placed out-of­
service in June 2008 and reactivated in July 2009. The operator could not produce
records to indicate that required MMS Regional Pipeline Office notification was made
when the pipeline was out of service for more than 60 days, or when the line was
flushed and filled with inhibited seawater after being out of service for more than
one year. Further investigation also revealed the pipeline was not hydrostatically
tested before reactivation, as required when pipelines are out of service for more
than one year.
On 15 April 2025 MMS representatives returned to the WC- 45 field and continued
with the on-site investigation. The MMS representatives performed a mock drill and
estimated it took approximately 10 minutes for the operators to board the field boat
and travel to the satellite platform on the day of the incident. While onboard the
satellite platform results of the inspection revealed the flowline PSHL pilot sensing
point to be located in the vertical run of the flowline, tie-wraps were hanging on
the pull-to-reset relays, bird droppings covered the master panel including the pull­
to-reset relays, and the departing pipeline riser had heavy corrosion build-up on the
exterior of the pipe. A review of Stone's electronic pipeline tracking system
revealed comments dating back to 2005 and 2006 but nothing referencing the pipeline
being placed out of service in June 2008 through July 2009 or the reactivation of the
pipeline. The next set of electronic pipeline tracking system comments included
recent activities since the rupture incident. A review of Stone's level one
inspection comments regarding pipeline riser Segment No.13264 state, ""moderate
surface corrosion throughout"" and ""riser was inaccessible for C.P. readings below the
insulation flange"". Note: C.P. readings referring to cathodic protection.
The affected pipeline (Segment No.13264) is a 3-inch Department of the Interior (DOI)
bulk gas line installed in 2001 to carry produced gas condensate and water from the
satellite platform to the WC-45-A platform, and has a Maximum Allowable Operating
Pressure (MAOP) of 4,000 psi. Additional findings included:
*The satellite platform well has a Shut-In Tubing Pressure (SITP) of 3200 psi and a
Flowing Tubing Pressure (FTP) of 1150 psi on a 19/64 size choke.
*Total production from the satellite platform is 2.429 MMCF per day and 27 bbls of
condensate per day with no water production.
*The satellite platform is utilized to supply well A-10 with gas lift pressure
onboard WC-45-A.
*Total production for Well A-10 is .107 MCF per day, 209 bbls of oil per day with no
water production, and was producing prior to receiving instructions from the
personnel at the onshore tank battery facility to shut-in all production from the WC­
45 field.",,,,,,,,,,,,,,C,,
NS-8270F9EBC0,,Incident,2025-04-03,14:30,2025-04-04,MC,816,,,Well Services,LIFTING,Loss Event,Environment & Reputation,Loss of Containment,,SYN-95cf63,Marine Coordinator,SYN-ed12fb,Marine Coordinator,SYN-55a84e,Maintenance Supervisor,2025-04-17,SYN-228e95,HSE Advisor,2025-04-27,"On April 3, 2025, Seadrill’s West Capricorn Semi-Submersible Drilling Rig encountered a
well control event while drilling the Taggert #3 Well located in Mississippi Cannon
Block 816 operated by LLOG Exploration Offshore LLC (LLOG). The drill crew observed
flow with the subsea Blow-Out Preventer (BOP) Stack upper annular preventer closed. The
team closed the diverter bag and diverted approximately four barrels (bbl) of Synthetic
Oil-Based Mud (SBM) from the marine riser into the Gulf of Mexico (GOM). No one was
injured.
On April 3, 2025 from 0000 hours to 1200 hours, the drill crew proceeded to drill the
17.5” hole section (8,866’ MD to 9,762’ MD) with 9.8 PPG mud weight while pumping 50
bbl sweeps every other stand. Based on International Association of Drilling
Contractors (IADC) reports, the drill crew experienced a max gas of 289 units during
this time. The IADC report indicate the last casing installed was the 20” casing with
the casing shoe depth at 8,690’MD/ TVD.
On April 3, 2025 from 1200 hours to 1430 hours, a 17.5"" diameter hole was drilled from
9762’ MD to 9982’ MD. At approximately 9,920’ MD, the mud weight was increased to 9.9
PPG.
On April 3, 2025 at approximately 14:30 hours, the drill crew observed an increase in
return flow with increased gas at the surface (max gas=1386 units). The driller shut
down the mud pumps and rotary. Next, the team closed the upper annular on the subsea
BOP Stack. The crew observed flow with the BOP upper annular closed. The crew closed
the diverter bag to divert flow overboard. The general alarm sounded and personnel
mustered at stations.
On April 3, 2025 at 15:05 hours, LLOG reported to the National Response Center (NRC
#1247605), BSEE, and USCG that an estimate of 32 blls of SBM was diverted to the GOM
waters with no sheen observed.
After stabilizing the operation, the riser took 39 bbls to fill. The Offshore
Installation Manager (OIM) and onsite LLOG representative estimated the following: (1)
25 of the 39 bbls spilled on the rig floor and main deck (2) 10 of the 39 bbls spilled
in the rotary pan (3) 4 of the 39 barrels spilled in the GOM waters from the diverter
and over the main deck into the moon pool.
After the incident, the ROV (Remote Operated Vehicle) inspected the marine riser and
BOP stack. The ROV video inspection team found no problems with the riser or the BOP
stack and did not observe any mud leaking anywhere. There were no injuries to
personnel. The total shut-in time was 16.5 hours.",There were no injuries to personnel.,Incident,,Incident,8,D,2,,,C,,,,,,
NS-DCE1F6BD18,,Serious Incident,2025-04-20,16:37,2025-04-22,AC,475,,MAERSK VALIANT,Well Services,LIFTING DEVICE,Loss Event,,,Combustion,SYN-7fbb5e,Facility Engineer,SYN-98fa13,Maintenance Supervisor,SYN-e52c9b,Production Foreman,2025-05-06,SYN-caadad,Production Foreman,2025-06-18,"On April 20, 2025, a fire occurred in the B-Deck linen closet during drilling
operations on the drill ship Maersk Valiant, Alaminos Canyon 475, OCS-G-35137, Well
001, API 608054007600, operated by ConocoPhillips Company. As a result of the fire,
well operations were suspended and the crew mustered at their primary and alternate
muster stations. Fire Team 2 was deployed to the B-Deck to extinguish the fire. The
damage cost to the B-Deck linen closet was estimated at $5,000 to $10,000.
At 16:31, the Senior Dynamic Positioning Officer (SDPO) received a pre-warning smoke
alarm on the bridge for the B- Deck. At 16:32, the Dynamic Positioning Officer (DPO)
was sent to investigate the alarm. Upon arrival to the B-Deck, the DPO noted a haze
in the hallway and could smell smoke. The DPO opened the B-Deck linen closet door and
black smoke escaped from the closet. The DPO immediately shut the door and notified
the SDPO via radio. At 16:37, the Offshore Installation Manager (OIM) activated the
rig fire alarm and announced to the rig crew all personnel should muster at their
primary muster stations, except for life boat two personnel who were to report to
their alternate muster station due to a fire on the B-Deck. The HVAC was shutoff,
dampers were closed, electrical isolations were in place, and the fire pumps were
activated. Fire team 2 was deployed to extinguish the fire. Due to the severity of
the fire, fire hoses were utilized. The fire could not be extinguished with a fog
pattern and solid bursts of water were required to extinguish the fire. While
investigating the space for hot spots, the fire reflashed and was extinguished
immediately. At 16:54, an “all clear” was given. The linen closet was inspected by
the Marine Section Leader (MSL) and Safety Officer, drained of fire water, and sealed
for the investigation team.
BSEE investigators arrived on April 21, 2025 to conduct the incident
investigation. Statements, data logs, pictures of the fire, and initial reports were
gathered. The initial report from the crew stated a mattress stored in the B-Deck
linen closet was the suspected source. BSEE investigators conducted a walkthrough
investigation of the B-Deck linen closet. After looking at the space, it appeared the
fire started on a metal shelf on the far right side of the room, near an offshore
travel bag which was stored in the closet. BSEE investigators agreed to open the bag
with the operator’s investigators the following day. All electrical components
appeared in good condition and no further evidence was noted. The following day,
April 22, 2025, BSEE and the operator’s investigators opened the offshore travel
bag identified in the closet, but found no indication the contents started the fire.
The offshore travel bag appeared to be burned from the outside only. BSEE and the
operator’s representatives began a thorough investigation of the linen closet. The
linen closet provided little evidence to confirm a source of the fire. An empty
container of facial cream (Ponds Flawless White Dewey Rose Whitening Soft) was found
without the lid on and noted. The lid of the facial cream jar was later found after
all items were removed from the linen closet. The operator then hired an expert fire
investigator to continue the investigation.
Upon completion of the investigation, the final report stated the cause of the fire
at this time be classified as undetermined. The evidence indicates the fire started
near or on the offshore travel bag stored in the B-Deck linen closet. The bag tested
positive for organic oils which are known to be susceptible to spontaneous heating.
The actual facial cream jar and lid found in the B-Deck linen closet could not be
tested because it did not contain any product. However, the composition of the facial
cream included glycerin, butylene glycol, propylene glycol, triglyceride and other
chemicals. A sample was taken from a similar product provided by rig stewardess. This
sample came back negative for organic oils. No other ignition sources were identified
within the fire debris or from the inspection of the area. The fire expert concluded
the probable ignition scenario of the fire was identified as heat from either
chemical reaction or spontaneous heating involving available combustible materials.",Reported as a fire. Personnel were mustered.,Serious Incident,,Serious Incident,15,E,3,,,,,,,,,
NS-4E37058A71,,Serious Incident,2025-05-13,14:54,2025-05-16,HI,154,­ B,,Production Operations,LIFTING DEVICE,Loss Event,Business Interruption & Cost,Equipment Damage,Other,SYN-342e67,Operations Superintendent,SYN-5c6f89,HSE Advisor,SYN-5db317,Marine Coordinator,2025-06-08,SYN-9015a6,Facility Engineer,2025-10-02,"-
On 13-MAY-2025 at approximately 1454 hours a vessel collision occurred at Energy
XXI's High Island (HI) 154 'B' RUE facility, OCS-G-14159. The incident was initially
reported to the United States Coast Guard (USCG) by the vessel owner, MAERSK Line
Limited. The USCG conducted the initial overflight of the platform on 13-MAY-2025
and no pollution was observed. The Bureau of Safety and Environmental Enforcement
(BSEE) conducted an overflight of HI 154 'B' on 14-MAY-2025 to confirm there was no
pollution.
The United States flagged Motor Vessel (M/V) MAERSK KENTUCKY (container ship)
dropped anchor in the Fairway Anchorage area off Galveston, Texas on 13-MAY-2025
approximately .9 miles northeast of the HI 154 'B' facility. The container ship was
awaiting dock availability to unload cargo at the Port of Houston.
The platform was shut in and unmanned at the time of the collision. The incident
investigation determined that at the time of the collision the wells, surface
equipment, and pipelines were in a condition which prevented a pollution event. The
last annual production complete inspection by the Lake Jackson District was performed
on 17-FEB-2025. The production inspection documented that the B001 well utilized 2
barriers of protection to secure the well. The surface controlled subsurface safety
valve (SCSSV) was verified to be disconnected from supply pressure and closed. The
surface safety valve (SSV) was verified to be closed. The B002 well was documented
to be temporarily abandoned with two barriers of isolation as per 30 CFR 250.1721.
The United States Coast Guard (USCG) has jurisdiction over the M/V MAERSK KENTUCKY
and their investigation is currently ongoing. Preliminary investigation findings by
the USCG indicate that both human and environmental factors played a significant role
in the collision. Supporting evidence indicates that the USCG issued a Broadcast
Notice to Mariners advising that winds were forecast to shift from East to North and
increase to possible gale force Thursday afternoon and into the night. USCG evidence
suggests the Officer of Watch (OOW) failed to plot Latitude, Longitude, Radar, and
Position readings at twenty minute intervals as directed by the Masters Standing
Orders. The OOW failed to identify the container ship was dragging anchor in time to
avoid the collision with HI 154 'B'. A statement by the ships 2nd mate, who was OOW
at the time of the incident, indicates the M/V MAERSK KENTUCKY's anchor failed to
hold. Since the vessel's engines had been shut down approximately 30 minutes after
the vessel anchored, the crew was unable to maneuver the vessel away from Energy
XXI's HI 154 'B' platform prior to the collision . The M/V MAERSK KENTUCKY collided
with HI 154 'B' on the Starboard (left) side of the container ship in the vicinity of
Bay 38. The MAERSK KENTUCKY sustained minor damage to the ship's hull which did not
restrict the vessel from operating. Several containers stowed above deck sustained
damaged.",The MAERSK KENTUCKY sustained minor damage to the ship's hull which did not restrict the vessel from operating.,Serious Incident,,Serious Incident,12,D,3,,,,,,,D,,
NS-452D2E6293,,Serious Incident,2025-05-17,10:50,2025-05-19,ST,26,D-QTRS,,Maintenance,LIFTING,Loss Event,,,,SYN-c7ce91,HSE Advisor,SYN-410dc7,HSE Advisor,SYN-a7fb22,Maintenance Supervisor,2025-05-28,SYN-aa4706,Operations Superintendent,2025-08-25,"On May 17, 2025, at approximately 0800 the crew of ST 26 CDF was attempting to
offload the Motor Vessel “Captain Rod” when high strain of the aux line occurred. The
Crane Operator of the ST 26 D crane latched onto the load which had been manifested
from the boat dock to weigh 4,300 lbs. However, when the lift was made, the crane
reportedly “struggled and bogged down”. After further investigation it was determined
that the actual load weight was 8,500 lbs instead of the labeled weight of 4,300 lbs.
BSEE Houma District investigation found that the cause of this incident is determined
to be poor communication between the dock crane operator and the dispatcher. Normal
operations to manifest the weight of a load at the dock is for the Crane Operator to
call out the weight as indicated on the load indicator while loading the boat to the
Dispatcher who records it on the manifest. According to witness statements, the Crane
Operator called out 8,500 lbs, but the Dispatcher recorded the incorrect weight of
4,300 lbs.
The load chart for the aux line for the crane on ST 26 D shows it is rated for 6,650
lbs at all angles during both dynamic and static lifts. The aux cable certificate for
the crane on ST 26 D reflect a rating of 45,000 lbs. The winch certification reflects
a rating of 12,000 lbs. According to the Sparrow Crane Engineer, it is determined
that the weak point of the crane is the jib bolts that connect the jib to the crane
boom. However, after the incident, an inspection of the crane was conducted, and no
damage was noted to the jib assembly.
BSEE Houma District Office cannot determine the exact cause of the damage found to the
aux line cable. The aux line cable and winch were both rated for more than the weight
of the load. However, it is noted that the last annual inspection was completed on
August 1, 2024, approximately 10 months before the incident occurred in March 2021. The
crane was due for its next annual inspection on August 1, 2025.",Reported as a crane incident.,Serious Incident,,Serious Incident,20,D,5,,,,,,,,,
NS-E6A5889822,,,2025-06-18,02:15,2025-06-19,MC,764,,T.O. DEEPWATER PONTUS,Construction,LIFTING,Loss Event,Business Interruption & Cost,Equipment Damage,,SYN-a1a26a,Operations Superintendent,SYN-3c00a0,Maintenance Supervisor,SYN-14cafc,HSE Advisor,2025-07-14,SYN-786179,Maintenance Supervisor,2025-07-09,"On June 18, 2025, at 02:15 hours, Shell Offshore Inc. (Shell) incurred an incident
onboard the Transocean Deepwater Pontus Drillship while performing well completion
operations on the King Embayment (KE) 002 Well located in Mississippi Canyon Block
764. The incident involved the riser system and subsea blowout preventer (BOP/lower
marine riser package (LMRP) unexpectedly dropping approximately 15 feet contacting the
KE002 Well housing. There was no environmental release or injuries reported. Shell
reported the incident to the Bureau of Safety and Environmental (BSEE) New Orleans
District.","Reported as damage over $25,000. Estimated property damage $28,000,000.",,,,,,,,,,,,,E,,"SEQUENCE OF EVENTS:
On June 18, 2025, Shell had just finished installing the upper completion on the
KE002 well. The planned operations were to unlatch the blowout preventers (BOP),
install the tree and hop (move) to the next well.
The unlatch and hop plan was supported by Transocean’s procedures for “Utilizing BLAT
(BOP Landing Assist Tool) to unlatch/latch BOP.”
The procedures consisted of transferring weight to the traveling block by connecting
the BLAT to the inside of the riser approximately 133 feet below the drill floor. The
operation consisted of making up the Cameron BLAT on drill pipe, then lowering the BLAT
through the riser to inside the BLAT’s riser sub and extending the BLAT’s load dogs
inside the riser sub lifting profile.
The BOP was unlatched from the KE002 well with the aid of the BLAT, the BOP was lifted
15 feet above the wellhead utilizing the drillship’s tensioners and travel block. The
weight of the riser/ BOP/ LMRP string was predetermined to be split 40/60 with the
tensioners carrying 40% and the travel block carrying 60% of the load.
The driller stopped the lift to facilitate the rig move to a safe work location. Then
about 45 seconds after stopping, the BOP descended in an uncontrolled manner and
struck the wellhead. The BOP subsequently bent sideways, parted from the riser string
at the riser adapter and fell onto the seafloor.
According to the Tool Pusher’s written statements on June 18, 2025, at
approximately 0000 hours the BLAT assembly was picked up off the skate. The well
operation crew vertically suspended, function tested, and visually inspected the BLAT
assembly on surface. With the rig oriented in the proper 270-degree un-latch heading,
the BLAT assembly was run in the riser on drill pipe to 133 feet below the drill
floor.
The driller set down 5,000 to 9,000 lbs of weight on the BLAT profile and turned the
assembly 1/4 to 1/2 of a turn in the clockwise (CW) direction using the chain tongs.
Due to rig movement, the pipe handler was used to rotate the tool string
counterclockwise (CCW). The driller rotated the tool string 8.5 turns CCW. The driller
then performed a 150,000 lb overpull on the tool string.
The driller then slacked off to maintain a 30,000 to 50,000 lb overpull on the tool
string. With the travel block maintaining an upward lifting force on the tool string
of 30,000 to 50,000 lbs over the tool string weight. The subsea crew proceeded to
transfer a portion of the riser weight from the tensioners to the travel block and
perform a 60% travel block/40% tensioner split. The subsea engineer then gave the
order for the BOP to unlatch from the high-pressure wellhead housing.
According to the Tool Pusher's statement, the driller needed to chase (pick up) the
weight back and forth while the active heave was in the “on” position. The driller set
the landing weights in landing mode (900k lb min/950k lb max). The remote operating
vehicle (ROV) lock and un-lock functions were then performed. The landing mode was
then turned off and the driller proceeded to hoist the BOP and riser. As soon as the
planned pick-up height (approximately 15 feet) was obtained, the BOP descended
abruptly on top of the wellhead.
BSEE INVESTIGATION:
On June 21, 2025, BSEE personnel performed an onsite investigation. During the
onsite investigation, BSEE received documentation, conducted interviews, and took
pictures of the relevant equipment.
BSEE discovered the following during the investigation:
- According the ROV video provided to BSEE, the hook load just prior to dropping the
BOP was 1,161,610 lbs. The approximate hook load after dropping the BOP was 201,000
lbs. The differential between the two hook load weights (also considered the weight
dropped) is 960,610 lbs.
- According to the BLAT’s original equipment manufacturer documentation supplied by
Shell, the BLAT has an operational rating of 1.5 million lbs. This indicates the BLAT
tool should have held the 960,610 lbs without risk of exceeding the tool's operational
limit.
- BSEE personnel performed an onsite investigation after the BLAT tool string and the
BLAT Riser Joint were recovered and laid on the deck to view.
- BSEE investigators did not observe scratch marks on the BLAT riser joint’s designated
“load dog” profile area or on the key slot area. This would indicate the load dogs were
not fully extended and locked inside the BLAT’s riser joint load dog profile during the
riser/BOP lift.
- BSEE investigators observed scratch marks on the interior portion of the BLAT riser
joint. The scratch marks were spaced and shaped in a way to resemble the BLAT’s load
dogs. The marks were located above the key slot area on the first tapered profile with
a smaller ID above the key slot area. This indicates the load dogs were extended in the
(wrong) upper profile area.
- BSEE investigators observed the BLAT’s load dogs were extended approximately 50% of
the fully extended position. The dog retrieval key’s position also reflected the 50%
extension of the load dogs. This could indicate the dogs were extended to 50% in the
wrong area at the time of the lift.
CONCLUSIONS:
The BSEE's conclusion is based on observations made during the investigation, through
interviews, and documents collected from Shell. When the BLAT was installed inside the
BLAT riser profile, the weather was less than ideal. Due to rig movement caused by
weather, the pipe handler was used to rotate the tool string counterclockwise (CCW).
The procedure required 5,000 lbs to be set down on the BLAT profile while making the 8
CCW turns. However, the tool pusher noted the driller needed to chase the weight back
and forth while the active heave drawworks was in the “on” position. The 5,000 lb set
down weight would be difficult to obtain in these conditions.
On June 30, 2025, Shell started their BOP/LMRP recovery operations to retrieve the
Deepwater Pontus BOP from the seafloor. The BOP was located at the MC 764, KE002
wellhead and it was secured onboard the Transocean Deepwater Pontus.
The BOP had moved approximately 27 feet from the KE002 wellhead. The recovery of the
BOP required simultaneously jetting the soil below the bottom plate of the BOP (to
break the suction effect of the sea floor) and applying 980,000 lbs of vertical pull
utilizing a spear assembly.
The spear and the existing rigging arrangement had the potential to pull a combined
2,000,000 lbs but the breakout value was expected
2021, the BOP/LMRP was recovered to surface."
NS-131EC1A6C3,,,2025-06-25,09:45,2025-06-28,LB,6437,EDITH,[J,Maintenance,LIFTING DEVICE Ensign Rig,,,,,SYN-2b8b6a,HSE Advisor,SYN-3741ef,Production Foreman,SYN-56ea35,Production Foreman,2025-08-03,SYN-a63770,Facility Engineer,2025-07-15,"// Ensign crew was pulling 3 1/2R tubing out of well B-6. A stand of pipe was pulled
& the slips were set, tong operator backed out stand to be stood back. Driller
lowered the stand & floor hands placed the stand on the racking boards. The driller
then came down with the blocks. The derrick man unlatched the stand & pulled the
stand back. The blocks started coming down as the stand started to get away from the
derrick man. The derrick man put his hand on the collar of the pipe as the blocks
struck the derrick mans hand.& pipe causing injury to
The derrick man was lowered out of the derrick & was
County by Mercy Air.",,,,,,,,,,,,,,,,
NS-984CECC249,,Serious Incident,2025-07-01,17:30,2025-07-03,MC,807,A (Mars),,Maintenance,LIFTING,Loss Event,Business Interruption & Cost,Equipment Damage,,SYN-03e2db,Production Foreman,SYN-d4dc84,Operations Superintendent,SYN-77b881,Marine Coordinator,2025-07-17,SYN-1edc56,Marine Coordinator,2026-02-05,"On 1 July 2025, at approximately 1715 hours, a crane incident occurred on the
Mississippi Canyon (MC) 807 A (Mars) platform. Mars is a Shell Offshore Inc (Shell)
operating Tension Leg Platform (TLP) in the Gulf of America. A Helmerich & Payne (H&P)
crane operator was utilizing crane #2 to lift a 22 foot basket weighing about 26,649
pounds (84% of the crane’s Safe Working Load Limit (SWLL) at a 140 degree boom radius)
when a popping sound was heard. The crane then tilted forward, and the load descended
to the deck without the Crane Operator functioning any crane control mechanisms. After
the load settled, the Crane Operator stood up in the crane cab and noticed the crane
was no longer level. Upon exiting the cab, the Crane Operator discovered that the
crane had partially separated from the davit just above the slew gear teeth. The
facility was already shut in and de-inventoried at the time of the incident due to an
ongoing turnaround. However, the operator decided to temporarily de man the facility
due to the severity of the damage and the potential risk to personnel and the
environment if the crane were to further separate from the platform. On 3 July 2025, a
repair team boarded the platform to stabilize the crane and prevent the risk of full
separation or collapse. Once structural stability was restored, personnel were allowed
back on the platform. Most of the crane boom was removed in May 2025, and the
remaining crane structure was removed in November 2025. No injuries or pollution
occurred, but Mars Crane #2 sustained extensive damage from the incident.","No injuries or pollution occurred, but Mars Crane #2 sustained extensive damage from the incident.",Serious Incident,,Serious Incident,20,D,5,,,,,,,E,,"SEQUENCE OF EVENTS:
At approximately 1715 hours, on 1 July 2025, the H&P Crane Operator was conducting a
lift involving a 22 foot basket weighing 26,649 pounds. As the load was raised roughly
one foot off the deck, the Operator heard a distinct popping sound, indicating an
abnormal structural response within the crane assembly. Immediately following the
noise, the load began to descend gradually without any input from the Crane Operator,
this suggested a mechanical failure affecting load bearing components. After the load
contacted the deck, the Operator lowered the main line to disconnect the rigging and
observed that the crane structure was pitched forward. The Operator secured the
controls, exited the cabin, and visually confirmed a partial structural separation at
the davit above the slew gear teeth, prompting an immediate call for area evacuation.
The Shell Offshore Installation Manager (OIM) was summoned to the scene by the H&P
Deck Supervisor. Upon assessment, the OIM determined that the crane’s condition
represented a significant structural hazard with the potential for collapse. All
nonessential personnel were promptly cleared from the upper deck, and the affected
area was isolated using barricade tape at the +40 level to establish a controlled
exclusion zone.
At 2018 hours, on 1 July 2025, Shell formally notified the Bureau of Safety and
Environmental Enforcement (BSEE) of this crane incident. A follow up email with
preliminary incident details was sent at 2036 hours. During this time, Shell evaluated
the evolving structural risk and determined that continued occupancy of the platform
posed unacceptable hazards. As such, the operator mobilized multiple motor vessels to
transfer personnel to MC 807 B (Olympus) or Port Fourchon. By midday on 2 July 2025,
all remaining personnel had been transported offsite.
Following the de-manning, Shell maintained continuous remote surveillance of Crane #2
through the platform’s camera system, monitored from a land based remote-control room
(RCR). On 3 July 2025, Shell’s Damage Assessment Team arrived on the platform to
perform a detailed evaluation and initiate stabilization planning. Structural
reinforcement activities began shortly thereafter. Between May 9 and May 11, a total
of 18 structural clips were welded in place. On 10 July 2025, torsion pieces and
stiffeners were installed, which completed the stabilization phase and reduced the
likelihood of further structural failure.
Once the crane was deemed structurally stable, Shell began a phased removal of the
crane boom assemblies. Six boom sections were removed by 25 July 2025, leaving only the
heel and the two mid sections in place pending complete crane removal. In November
2025, all remaining crane components were detached from the facility and transported
to shore for detailed metallurgical evaluation. On 24 May 2026, Shell provided BSEE
with the metallurgical analysis report along with a supplemental investigative
presentation. Shell’s final report was expected to be completed by May 2026.
BSEE INVESTIGATIONS:
Shell notified BSEE of the incident at 2018 hours on 1 July 2025 and provided a
followup email at 2036 hours with preliminary details of the incident. On 15 May
2025, Shell submitted an electronic report in Ewell containing additional information
about the incident. A BSEE Accident Investigator (AI) was assigned to the incident on
14 July 2025 and requested supporting documentation from the operator to initiate root
cause analysis. BSEE and the United States Coast Guard (USCG) conducted independent,
concurrent investigations pursuant to Memorandum of Agreement (MOA) OCS 05,
maintaining coordinated information exchange throughout the investigation to ensure
alignment of findings and avoid duplication of effort.
On 11 September 2025, the AI and BSEE Senior Incident Investigations Coordinator (SIIC)
conducted an onsite inspection of Mars Crane #2, collected photographic evidence, and
assessed the remaining structural components on the facility. The AI and SIIC learned
that certain maintenance and inspection records were held at Shell’s office in New
Orleans office. On 21 September 2025, they performed a comprehensive review of the crane
files at that location. The documentation provided to BSEE during the investigation
encompassed Crane Communications Monitoring (CCM) data logs, load cell
certifications, static and dynamic load chart information, five year load test
records, annual and monthly inspection reports, witness statements and interview
materials, Shell’s crane operational policies, imagery and records detailing Hurricane
Katrina damage, annual kingpost inspection records, borescope video inspection
results, original equipment manufacturer (OEM) specifications and design
documentation, structural repair packages with photographs, Shell’s internal
investigative presentation, and metallurgical testing results.
Mars Crane #2 was installed in 1995, equipped with a 180-foot boom, and classified as
a medium usage crane. Relative to the facility’s other cranes, it operates less
frequently than Crane #3 and more frequently than Crane #1. All crane operations are
conducted by H&P personnel, and service and maintenance activities are performed by
Seatrax.
The investigation addressed the following four principal causal categories: material
condition, fabrication and installation integrity, operational and maintenance
factors, and historical structural trauma associated with Hurricane Katrina impacts
in2005. Metallurgical testing confirmed that the kingpost material met all API 2H
Grade 50 requirements for tensile strength, yield strength, and chemical composition.
Microscopic evaluation revealed no inclusions, voids, or microstructural anomalies
indicative of inherent material weakness. On this basis, material related causes were
deemed unlikely contributors to the failure.
Fabrication and installation deficiencies were similarly discounted. Measurements
showed the kingpost wall thickness at the failure location to be between 1.503 and
1.525 inches, exceeding the original design specification of 1.375 inches. Weld
examinations identified no evidence of undercutting, incomplete fusion, porosity, or
other discontinuities commonly associated with workmanship defects. These observations
indicate that the fracture mechanism was not attributable to fabrication or
installation non conformance, therefore is unlikely to have contributed to the
kingpost separation.
Operational review focused on CCM overload alarms and the fidelity of input parameters
affecting calculated SWLL. The free-swinging boom radius indicator was found to
intermittently misreport boom radius, thereby reducing the computed SWLL and
generating false overload alarms. Although these anomalies do not, by themselves,
constitute a primary cause, operational context remained relevant: Crane #2 has a 30
year service history, has performed numerous lifts—estimated around 156,000 lifts —and
may have experienced occasional shock loading or undocumented lifts exceeding SWLL. In
combination with pre existing damage, these conditions likely accelerated fatigue
progression over time but were unlikely to be the cause of the crack initiation.
Historical structural trauma associated with damage from Hurricane Katrina was
identified as the most probable initiator of the failure. Metallurgical analysis
concluded that the 2005 Hurricane Katrina event, during which a 700 ton derrick
collapsed onto Crane #2’s boom, imparted high strain rate dynamic loads capable of
producing microscopic tears at the toe of the upper bull gear fillet weld. These
microtears would act as stress risers, promoting long term fatigue crack propagation
under normal operational loading. Direct visual evidence of the initial tears may
have been obscured by post fracture mechanical damage; however, fracture morphology,
stress distribution, crack geometry, and load path analysis are consistent with a
Katrina related initiation mechanism. Considering all evidence, the 1 July 2025,
kingpost failure was most likely the culmination of progressive fatigue cracking
initiated by storm related impact and compounded by subsequent operational service.
IN CONCLUSION:
On 1 July 2025, the crane failure on the Mars platform was determined to be the
likely result of progressive fatigue cracking initiated by structural damage
sustained during Hurricane Katrina in 2005. Material quality and fabrication integrity
were confirmed to be in full compliance with applicable standards, eliminating these
as causal factors. Although operational anomalies were observed, they were secondary
in nature and did not independently account for the failure mechanism.
The forensic evidence strongly indicates that the dynamic impact forces imparted
during the 2005 hurricane event produced micro tears in critical load bearing
components of the kingpost assembly. Over the subsequent two decades, normal
operational loading—including heavy lifts, potential shock loading, and general
wear—contributed to the gradual propagation of these cracks until structural
separation became imminent.
Shell’s mitigation actions were prompt and appropriate. Immediate hazard recognition,
platform de-manning, controlled stabilization of the crane structure, and eventual
removal of all compromised components prevented further deterioration and eliminated
the risk of injury to personnel or environmental impacts. Although the incident
resulted in significant equipment damage, Shell’s response effectively minimized
operational impact and ensured the protection of personnel and the surrounding
environment."
NS-BE81998EF7,,,2025-07-04,15:00,2025-07-05,GC,243,,SEADRILL SEVAN LOUISIANA,Marine & Logistics,LIFTING,Loss Event,Business Interruption & Cost,Equipment Damage,,SYN-af067d,Maintenance Supervisor,SYN-b560b2,Maintenance Supervisor,SYN-66c2c3,Production Foreman,2025-08-16,SYN-b68011,HSE Advisor,2025-08-09,"On July 4, 2025, an incident occurred on the ultra-deep water rig Seadrill Sevan
Louisiana working under contract for Walter Oil and Gas Corporation (WOG). The Sevan
Louisiana was located at Green Canyon Block 243 OCS - G – 20051 at the time of the
incident, and it had just completed a temporary abandonment of well SS002. While
functioning the primary wellhead connector unlatch with the ROV, the riser adapter
failed and ultimately allowed the blow out preventers (BOP’s) to fall off the wellhead
and lay partially buried in the mud on the seafloor. The well was secured via
multiple plugs prior to the BOP’s falling and no pollution was attributed to this
incident.
On the morning of July 4, 2025, Walter Oil and Gas completed the temporary
abandonment (TA) operation of the SS002 well. The surface bridge plug was set at
3,330 feet with cement placed on top and pressure tested as permitted by BSEE. After
completing the pressure test against the Lower Blind Shear Rams and performing a full
BOP function test, the drill crew displaced the riser’s 11.0 pounds per gallon (PPG)
Calcium Chloride with 8.6 PPG seawater. WOG had approval from BSEE to hop the BOP
stack to the next well, and part of the stack hop procedure was functioning the
wellhead connector open with the ROV by supplying pressure/fluid through the hot stab
for the wellhead primary unlatch port. Step one of the procedure was to set a pre-
determined weight down on the BOP stack by slacking off the riser tensioner system.
The ROV placed the flying lead hot stab into the wellhead primary unlatch port and
applied 2100 psi to the unlatch function. Moments after the function was complete,
the BOP stack started to tilt. The ROV backed away from the stack and inspected the
BOP stack and riser. The ROV observed the BOP stack was off the wellhead, barely
resting on top of the connection and found the riser adapter partially ruptured.
Seventeen hours later, the riser adapter fully parted and the BOP stack fell off the
wellhead and came to rest on the sea floor.
The Bureau of Safety and Environmental Enforcement (BSEE) investigation team conducted
the initial onsite investigation on July 4, 2025. The team collected evidence,
videos, interviewed personnel, and wrote down statements from all involved. The
investigation team noted that the procedure stated to apply a predetermined weight
down on the BOP stack by slacking off the riser tensioners, but did not provide a
specific weight. Through interviews, it was learned that 150,000 thousand pounds (150
KIPS) was the predetermined weight that was to be applied by slacking off the riser
tensioners. The Subsea Supervisor, the Drilling Section Leader (DSL) and the Company
Representative all agreed that 150 KIPS was the weight needed to hold down the BOP
stack when opening the primary connector unlatch. The Subsea Supervisor, who was
responsible for adjusting the riser tensioners, adjusted the tensioners from the
electrical technician’s office located on the drill floor. The controls in the drill
floor electrical technician's office has the functionality to display the tensioner
weight information. According to the digital graphs that were acquired by the
investigation team, the initial weight was approximately 805 KIPs before the Subsea
Supervisor slacked off of the riser tensioners thereby increasing the weight pushing
down on the BOP stack. The top tension was reduced to approximately 440 KIPS instead
of 650 KIPS as had been agreed. The ROV operator positioned the ROV in front of the
BOP's and inserted the flying lead into the hydraulic stab on the BOP ROV panel and
proceeded to unlock the primary connector from the wellhead. Once completed, the ROV
flew around to the opposite side for verification of the function, when unexpectedly
the BOPs tilted approximately 45 degrees, putting significant stress on the beveled
area of the riser adapter, causing it to rupture. The BOP stack rested in this
precarious position on the wellhead for approximately 17 hours before the riser
adapter fully failed and the BOP stack fell to the seafloor. During this time, Walter
Oil and Gas contacted BSEE Houma District and started working on plans to recover the
BOP stack while it was still on the wellhead. Unfortunately, the BOP stack fell to
the seafloor before it could be recovered.
On July 23, 2025, qualified personnel recovered the BOP stack and transported the
stack to Cameron (the equipment manufacturer) to be thoroughly cleaned, inspected, and
repaired as necessary. Qualified personnel sent the riser adapter to Stress
Engineering Services (SES) for further analysis. SES visually inspected the riser
adapter and determined it was mechanically sound and did not have any pre-existing
degradation that would have led to this incident. Utilizing finite element (FE)
analysis modeling, SES determined that the riser adapter failed due to reduced top
tension while unlatching the wellhead connector. The FE analysis took into account
the actual weights that were used at the time of the incident (as well as the
environmental conditions). With the top tension reduced to 440 KIPS, the FE models
documented that tilting of the BOP stack was the likely outcome if the wellhead
connector were to be functioned open at that reduced tension. The tilting of the BOP
stack caused the lower flex joint to kink and the riser adapter and bottom slick joint
of riser to experience significant bending loads. It was determined through modeling
that the bending load on the riser adapter was sufficiently high such that failure of
the riser adapter was likely to be the outcome. The SES report documents that the
actual failure of the riser adapter was consistent with their FE analysis and the
failure was the likely outcome at the reduced top tension of 440 KIPS.
The","Reported as damage over $25,000 and a damaged or disabled safety system. Estimated property damage $13,000,000.",,,,,C,,,,,,,,E,,
NS-BEE8652DCA,,,2025-07-15,09:30,2025-07-17,AC,25,A-Hoover Spar,,Production Operations,LIFTING,Loss Event,Business Interruption & Cost,Equipment Damage,,SYN-2afb65,Facility Engineer,SYN-55b709,Marine Coordinator,SYN-d78045,Marine Coordinator,2025-07-28,SYN-c63b67,HSE Advisor,2025-08-03,"On July 15, 2025, Exxon Mobil Corporation (ExxonMobil) reported an incident on the
Diana Hoover Spar (Facility) located at Alaminos Canyon (AC) block 25. The incident
involved the loss of 1 of the 12 mooring lines due to a mooring line chain link
failure. The incident occurred while conducting normal production operations. The
estimated cost of repair is between 10 and 15 million US dollars. The United States
Coast Guard (USCG) and the Bureau of Safety and Environmental Enforcement (BSEE) each
performed an independent investigation of the incident.
According to ExxonMobil’s report, while conducting normal production operations on the
Spar Facility, the Operators heard a loud rumble noise and felt the Facility shake
slightly. The Operators surveyed the Facility and discovered the number four mooring
line parted. On July 24, 2025 a remotely operated vehicle (ROV) surveyed the 11
remaining mooring lines and reported no anomalies identified during the survey.
According to documentation supplied by ExxonMobil, a Facility Model (performed in
2010) contained updated information on moorings, risers and Metocean Criteria
following Hurricanes Ivan, Katrina, and Rita in the Gulf of Mexico consistent with API
RP 2MET. The model analysis also investigated multi-line failure scenarios which
include mooring system performance (offsets and tensions) analysis for one and two
lines failed, in various return period storms. Based on the 2010 Facility Model, the
Lessee determined the Facility was stable with the remaining eleven mooring lines and
within safety standards to continue production operations.
ExxonMobil recovered the broken link from the chain on the seafloor and sent the chain
link to Stress Engineering Services, Inc. (SES) for evaluation. The 160 mm size, R4
material grade chain link had been in service approximately 20 years prior to failure.
The failed chain link exhibited two fractures: one at a crown and one at the flash
weld. SES performed several tests on the chain link, including visual examination, wet
fluorescent magnetic particle testing, dimensional measurements, fractography,
metallography, hardness testing, and other material characterization tests.
SES investigation report found that both the crown fracture and the weld fracture were
associated with hydrogen embrittlement. Each fracture had evidence of surface pitting
at the fracture origin and adjacent intergranular fracture features. Both fractures
also exhibited brittle final fractures and low ductility overall.
According to SES investigation report, the Material Characterization Tests found that
the chain link properties did not satisfy ABS requirement for Grade R4 mooring chain,
nor any other grade of mooring chain. Tensile ductility and impact toughness were both
found to be low. The prior austenite grain size was large, particularly around the
flash weld, and the link hardness was high, particularly in the crown. The poor link
properties are most likely the result of improper heat treatment during manufacturing,
which resulted in low inherent toughness and increased susceptibility to hydrogen
embrittlement.
According to the SES report, based on a review of the fracture origins and deformation
in the link following fracture, the most likely","Reported as damage over $25,000. Estimated property damage $10,000,000.",,,,,,,,,,,,,E,,"sequence of events was that the crown
fractured first, which subsequently led to the weld fracture. The location of the
crown fracture origin at the extrados of the crown and the transverse orientation of
fracture propagation indicated that tensile stresses dominated crack growth. According
to the SES report there was no evidence that stress from out-of-plane bending or
twisting contributed to the fractures. There was also no evidence of a weld repair
associated with either fracture. Other than the two fractures, SES test results
detected no additional cracks in the chain link.
ExxonMobil conducted visual inspection and hardness testing on all accessible links
from the AC25 SPAR deck to the waterline on the remaining 11 top chains which
accounted for approximately 20 links per line. The resulting test results indicated
zero out of tolerance readings according to ABS Grade 4 requirements. Hardness testing
is an indicator of the required properties making the chain susceptible to hydrogen
embrittlement and brittle fracture. Additionally, chain locker #4 entry was performed,
and hardness testing was conducted on the links adjacent to the failed link (up to 15
links away from failure) and each tested link exhibited high hardness.
ExxonMobil anticipates the replacement of the mooring line chains to take
approximately six to nine months due to the lead time required to manufacture the
replacement chains.
USCG is completing their independent review of the incident. BSEE Office of Structural
and Technical Support is aware of the incident and the investigation findings."
NS-0F1E2D6799,,Incident,2025-07-16,20:15,2025-07-18,GC,338,A-Front Runner,,Production Operations,LIFTING DEVICE,Loss Event,Environment & Reputation,Loss of Containment,Gas/Vapour Release,SYN-1367bf,Operations Superintendent,SYN-eea6de,Production Foreman,SYN-530d29,Production Foreman,2025-09-01,SYN-6ca70d,Marine Coordinator,2026-02-04,"At approximately 2015 hours on July 16, 2025, an incident occurred on the Front
Runner spar at Green Canyon Block 338-A (GC 338A), Lease Number OCS-G 21790. The
operator on record is Murphy Exploration and Production Company USA. After a two-day
planned shut-in for repairs on vapor recovery unit (VRU) compressor CBA-5010, the
operator began the process of ramping up the platform. Just prior to the incident,
three subsea wells and two surface wells were flowing. The operator was attempting to
bring surface well A-4 online when the 18-inch pipe leading from the Low Pressure
(LP) Header GAY-610 to the LP Separator MBD-1040 ruptured, spraying approximately 25
barrels of oil and an undetermined amount of gas throughout the production, cellar
and mezzanine decks, as well as on the top and side of the hull. The escaping gas and
oil activated the analyzer safety high (ASH) gas detectors in the area, resulting in
a total structure shutdown--including the platform generator. All personnel were
accounted for (44 total). Operators assigned to the response team were deployed
throughout the structure for firewatch and damage assesment. The remaining non-
essential personnel were transported to shore via helicopters throughout the night,
along with one injured Woodgroup employee (operator). The injured employee was
treated and released from a shore-based medical clinic the following morning, thereby
approved to return to work.
Investigation reveals that internal corrosion of the 18-inch LP piping was the likely
cause of this accident. Contributing causes include: (1) failure to efficiently
distribute acidic chemicals midstream through the use of quills and (2) reliance on
improper injection point testing that could not effectively identify metal loss.
These causes are discussed at full length in the sections that follow.","The remaining non- essential personnel were transported to shore via helicopters throughout the night, along with one injured Woodgroup employee (operator).",Incident,,Incident,8,D,2,,,C,,,,,,
NS-BC99657275,,Incident,2025-07-30,08:30,2025-08-01,VK,989,A,,Marine & Logistics,LIFTING,Loss Event,Business Interruption & Cost,Equipment Damage,Gas/Vapour Release,SYN-1f0d65,Facility Engineer,SYN-17d86f,Marine Coordinator,SYN-ed8e2c,HSE Advisor,2025-09-24,SYN-8e5436,Operations Superintendent,2025-08-21,"On 30 July 2025, an incident occurred at Viosca Knoll (VK) 989, platform A. VK 989
A is a fixed leg platform that is owned and operated by Talos Petroleum LLC (Talos).
The incident occurred when a gas release was detected during the pressurization of the
subsea flowline pipeline segment 10688 (flowline). The flowline was being pressurized
for testing and commissioning of a Subsea Control Module (SCM) pod which was recently
replaced.","Reported as damage over $25,000 and a shutdown following a gas release. Estimated property damage $5,000,000.",Incident,,Incident,8,D,2,,,,,,,D,,"SEQUENCE OF EVENTS:
On 30 July 2025, at approximately 0830 hours, a gas release was discovered by a
Remote Operated Vehicle (ROV) on the flowline after operators suspected a possible
leak in the flowline during pressure testing of a newly replaced SCM pod. The week
prior to the gas leak being discovered, template wells TB-04, TB-05 and Mt. Providence
subsea wells had lost communication with the control room. Due to the wells losing
communications with the control room, the SCM pod was replaced to reestablish
communications with these wells. Once the control pod was replaced, the new control
pod was tested.
During testing of the control pod, the control room operators received data that
indicated there was a possible gas release coming from the flowline. The suspected gas
release resulted in the use of a ROV that was currently on-site to investigate the
location and source of the suspected gas release. The ROV was deployed while gas from
VK-989 A was used to pressurize the flowline. While the flowline was pressured, the
ROV was able to identify gas bubbles coming from the flowline at a 90-degree bend
segment in the flowline. Once the source of the release was identified by the ROV, VK-
989 A suspended all pressure testing and the ROV returned to surface.
BSEE INVESTIGATIONS:
On 2 August 2025, an incident report was submitted to the Bureau of Safety and
Environmental Enforcement (BSEE) and assigned to a BSEE Accident Investigator (AI).
The report consisted of a brief description of the incident, the flowline information
and a field layout map identifying the flowline’s location. The AI began collecting
additional information from Talos concerning the incident.
Based on the information that was reviewed by the AI, when the gas leak was discovered
on 30 July 2025, VK-989 A operators were able to isolate the pipeline segment to
mitigate the possibility of further gas leaks occurring from the subsea pipeline
segment. Talos engineers and project managers have been in contact with third party
vendors to evaluate their options to repair the flowline segment. Once Talos has a
plan in place for the repairs or replacement of the flowline segment, Talos will
submit the plan to the Bureau of Safety and Environmental Enforcement (BSEE) pipeline
division for approval. There is currently no definitive timeframe for the completion
of the engineering evaluations to submit to BSEE pipeline division.
Per Talos internal conversations, the repairs to the flowline could consist of
installing an engineered clamp on the damaged section or installing an engineered
flexible pipe to replace the damaged section of flowline. The options will not be
solidified until additional subsea investigation and engineering are completed and
BSEE pipeline division has reviewed and approved the repair plan. Further subsea
investigations will determine the proper repair for the affected pipeline segment.
Without knowing the exact cause of the gas release, Talos provided casual factors that
could have caused the gas release. Talos believes that there might have been a repair
in the flowline at some point in the past and the field weld that would have been made
to repair the flowline could have possibly had imperfections leading to corrosion in
the repaired area. The corrosion could have led to the weakening of the flowline,
allowing the flowline to crack and release the gas inside the flowline.
IN CONCLUSION:
When the possibility of a gas release was discovered on 30 July 2025, while
testing a newly installed (SCM) pod, Talos took action to confirm there was a gas
release by deploying a ROV to investigate. Once the gas release was confirmed by the
ROV, Talos then shut down the testing operations and isolated the pipeline segment to
prevent any further releases from occurring. Talos communicated with their engineering
team and project managers to implement a plan of action to repair the leaking pipeline
segment. Once Talos can perform their engineering evaluations of the affected pipeline
segment, they will be submitting their plan to the BSEE pipeline division for
approval. Once approved, Talos will be able to perform the repairs needed on the
leaking pipeline segment, with the intent to return to service once repaired.
Talos suspects that the gas release was due to a previous field repair that may have
been completed on the affected section of flowline piping. When Talos visually
inspected the area where the gas release occurred, they noticed that the insulation
looked slightly different than the rest of the insulation on the remaining jumper
section of the flowline. Talos believes this could indicate that a field repair was
performed in the past and the repaired area was re-dressed in a newer or different
insulation than the original insulation on the jumper. Talos believes that if the
field repair was made on-site, corrosion could have negatively affected the repaired
area due to field welds being more susceptible to imperfections. The exact cause will
not be able to be determined until the faulty flowline section can be fully inspected
and tested for specific indications of imperfections"
NS-902934F9C9,,,2025-08-20,20:00,2025-08-21,EI,11,H,,Construction,LIFTING,Loss Event,Health & Safety,Injury TLI,,SYN-da242d,Maintenance Supervisor,SYN-ae893d,Marine Coordinator,SYN-dc3d94,Operations Superintendent,2025-10-04,SYN-72bf6b,Marine Coordinator,2025-10-31,"On August 20, 2025 at approximately 1911 hours, a construction employee (CE) severely
injured his left foot while attempting to remove a manway hatch from a skimmer.
While attempting to clean the MBM-7110 Water Skimmer, the 24” manway hatch was being
opened utilizing the davit pole to access the skimmer. The manway hatch was initially
moved approximately one quarter of the way open to allow the skimmer to vent.
The crew took a break and returned to reposition the manway hatch to allow additional
access to the inside of the skimmer. As the CE was pulling the manway hatch, the
piping supporting the rod failed causing the manway hatch to drop. The manway hatch
struck a dump valve before coming in contact with the CEs left foot.
The CE suffered a laceration to the top and bottom of the foot. The CE was transported
to a medical facility for additional treatment where it was discovered the CE had
suffered multiple fractures as well.
The manway cover is normally held in place by a rod assembly; a threaded rod passing
through a hole in a davit pole where a washer and bolt are placed on the rod above the
davit. After further investigation it was revealed that the washer that supports the
rod assembly was either placed below the davit, or detached due to severe corrosion.
Also, severe corrosion around the davit hole increased the size of the hole compared
to its size when installed.",The CE was transported to a medical facility for additional treatment where it was discovered the CE had suffered multiple fractures as well.,,,,,,,,,,,,,,,
NS-E957DD093F,,Incident,2025-09-09,11:15,2025-09-10,MC,726,,STENA FORTH,Drilling,LIFTING DEVICE,Loss Event,Environment & Reputation,Loss of Containment,,SYN-293f4c,Production Foreman,SYN-72e16e,Maintenance Supervisor,SYN-1fc55f,Facility Engineer,2025-09-20,SYN-625adf,Maintenance Supervisor,2025-11-02,"-
On 9 September 2025, an incident occurred at MC 762 on the Stena Forth under contract
with Hess Corporation. The operation at the time of the incident involved the
Derrickman and the Operations Engineer Trainee (OET), dumping wash water overboard,
after cleaning active mud pit #2 and active mud pit #4. The 260 barrel discharge of
15 pound per gallon (ppg) Synthetic Oil Based Mud (SOBM) into offshore waters
occurred when the Derrickman thought he was transferring salt water from acive pit #2
pit to active #4 pit. The Derrickman was unaware that SOBM, from equalized active
pits #1 and #3 had flowed into active pit #2 when the air actuator for active pit #2
and the suction valve for active pit #3 failed. This allowed the valve to partially
open and SOBM to flow from active pit #3 into active pit #2. Active pit #4 was the
only pit lined up to the master dump valve. In order to dump the active pit #2 its
contents had to be transferred to active pit #4.
The Derrickman gathered all permits and risk assessments needed to clean the pits and
operate the master dump valve. The Derrickman notified the Driller of the operations
and asked for assistance in order to open the master dump valve. According to the
Derrickman's statement, he also informed the Mud Loggers. Tank washing and fluid
transfers took place from 0740 hours to 1025 hours. At approximately 1025 hours
active pit #2 was lined up to circulate seawater. At this time only active pit #4 is
lined up to the master dump valve. The Derrickman and the OET then left the Mud
Control Room (MCR) and went to the shakers to see the Mechanic. At approximately 1050
hours the Derrickman returned to the MCR and began transferring fluid, what he
thought was sea water, from active pit #2 to active pit #4. At approximately 1057
hours, the Derrickman observed a low limit alarm in active pit #3 containing 15 ppg
SOBM, and stopped the transfer from active pit #2 to active pit #4. The Derrickman
then called the OET to close all dump valves. All dump valves were closed at 1105
hours.
On 14 September 2025, the BSEE Inspectors arrived on location to investigate the
incident. It was discovered that poor communication and equipment failure lead to the
unauthorized discharge. The logs from the Pit Volume Totalizer (PVT) indicated that
active pit #1 and active pit #3 containing SOBM, were equalized and that an air
actuated valve for #3 pit failed, allowing the valve to partially open at 1037 hours.
This allowed the SOBM, in active pits #1 and #3 to flow into active pit #2. (Note: At
this time the SOBM was still contained on the rig in active pit #2). Upon review of
the Mud Loggers statement, it was discovered that the Mud Logger on duty noticed
active pits #1 and #3 were losing mud at 1038 hours. The Mud Logger called the MCR
two or three times with no answer. He assumed the Derrickman was moving mud to
storage as he noticed no other pit going up or down and he was not informed of any
dumping operations. He then called the Driller at approximately 1048 hours to inform
him that he was going to lunch. At this time no personnel were monitoring pit
volumes. After reviewing the Derrickman's statement he was not informed or aware that
active pits #1 and #3 were losing mud. Upon review of the Permit to Work and the Risk
Assessment, both documents clearly state continuous monitoring of pits or volumes.",Reported as a pollution release.,Incident,,Incident,8,D,2,,,C,,,,,,
NS-02F1D120A1,,,2025-09-24,02:00,2025-09-26,ST,21,GA,HERCULES 11,Drilling,LIFTING DEVICE,Loss Event,Health & Safety,,,SYN-15d5c4,Maintenance Supervisor,SYN-9f0b97,Operations Superintendent,SYN-063249,Operations Superintendent,2025-10-27,SYN-05bbb6,HSE Advisor,2025-11-07,"On 24 September 2025, at approximately 0200 hrs, rig personnel were retrieving an RTTS
(Retrievable, Testing, Treating and Squeeze Tool) Packer. Unbeknownst to them a gas
bubble had formed below the packer, which was set at 500ft measured depth. When the
packer was retrieved (released) the trapped gas was released, pushing the 9.1ppg
Calcium Chloride (CaCl) workover fluid above it through the rotary. The fluid pushed
the two rotary bushings out of the rotary. One of the rotary bushings fell into the
water and the other rotary bushing landed on the drill floor which tipped over onto
the Floorman's steel toed boot. Additionally two service personnel were splashed with
the 9.1ppg CaCl workover fluid. The Hydril was closed and the SICP was measured at
100psi. The drill pipe and casing were circulated with 9.1 CaC1 workover fluids to
kill the well. No pollution resulted from this incident.
The RTTS, also known as a storm packer, was set at 500ft with approximately 4000ft of
drill pipe hanging below the packer to provide weight to set the packer. Prior to
setting the packer the well was losing fluid at approximately 2 to 3 bbls per hour.
The storm packer was set and tested to 1000psi. The existing tubing head was then
changed out for a new tubing head and the BOP stack was tested to 250psi low and
5000psi high. The storm packer retrieving tool was run to 500' MD and engaged the
packer with a closed TIW valve at the surface. The TIW valve was then opened and the
drill pipe was observed to be on a vacuum indicating there was no pressure below the
packer. The packer was released with straight pickup on the drill string and the 9.1
CaC1 workover fluids immediately came up through the rotary resulting in the incident
described above.
The service personnel which were splashed with the 9.1ppg CaC1 took showers and
suffered no injuries. The Floorman which had the rotary bushing tip over on his steel
toed boot suffered minor swelling and bruising to his foot.",The Floorman which had the rotary bushing tip over on his steel toed boot suffered minor swelling and bruising to his foot.,,,,,,,,,,,,,,,
NS-7B812BCFFF,,Serious Incident,2025-09-25,10:12,2025-09-27,ST,300,A,,Construction,LIFTING DEVICE,Loss Event,,,Gas/Vapour Release,SYN-a7657a,Facility Engineer,SYN-118743,Production Foreman,SYN-37e5ce,Maintenance Supervisor,2025-10-27,SYN-5060ac,Production Foreman,2025-11-10,"Shell initially reported that, while lowering a capsule winch (further referenced as
load), the load appeared to have struck an external level control column on the
Popeye subsea separator. When the load struck the level column, a bull plug was
dislodged from the top of the level control column resulting in gas venting from the
top of the column (approximately 1.532 SCF). While the gas was venting, the internal
level control float appears to have risen and stopped the gas venting from the top of
the level control column by plugging off the hole at the top of the control column.
Upon hearing the escaping gas, the operations team activated the ESD and mustered. No
actual witnesses saw the load strike and there were no injuries. After further
investigation, Shell believes that the tagline wrapped around the bull plug assembly
rather than the load striking the bull plug, as was initially reported. The
investigation has revealed that the crane and the load were idle at the time of the
incident. There was tension on Tagline #1 while Tagline #2 potentially wrapped around
the bull plug assembly.",No actual witnesses saw the load strike and there were no injuries.,Serious Incident,,Serious Incident,20,D,5,,,,,,,,,
NS-95631D807D,,Very Serious Incident,2025-10-23,16:38,2025-10-26,WR,29,,T.O. DISCOVERER INDIA,Maintenance,LIFTING DEVICE,Loss Event,,,,SYN-81a14e,Production Foreman,SYN-c402b8,Facility Engineer,SYN-c6bbd7,Maintenance Supervisor,2025-11-30,SYN-2df1be,Marine Coordinator,2026-01-06,"While running casing on the Transocean Discoverer India, a 42 foot long joint of 16
inch casing (which weighed 4600 pounds) fell across the rig floor. The joint involved
was being held upright with the centralizing arm of the Pipe Laydown System (PLS).
The operation was put on hold while function testing of the Pipe Racking System (PRS)
was performed after having repair work done to it. At this time the PLS Operator
decided to further secure the casing by engaging the upper and lower gripping jaws in
addition to the centralizing arm. When he attempted to perform this function, he
inadvertently pushed the button on the Cyber chair key pad to open the centralizer
arm rather than close the gripper jaws. The centralizer was the only means for
securing the joint of casing at the time, and this action allowed the casing to be
released and it fell across the rig floor.",Reported as a lifting-device incident.,Very Serious Incident,,Very Serious Incident,25,E,5,,,,,,,,,
NS-8FFCB3592A,,,2025-11-28,10:00,2025-11-29,MC,194,A-Cognac,,Production Operations,,,,,,SYN-4b1f3b,Maintenance Supervisor,SYN-ddfcb6,HSE Advisor,SYN-4d6b48,Marine Coordinator,2025-12-17,SYN-3d54c5,HSE Advisor,2025-12-24,"On November 28, 2025, during a dewatering operation H2S was detected at concentrations
above 20 ppm. Prior to construction activity as part of the recovery from Hurricane
Katrina, the vessels at Cognac were de-inventoried of oil by displacing the oil with
saltwater. The saltwater was treated with biocide. The H2S was detected by sampling
on the CETCO temporary water treating equipment. The H2S was detected while pumping
out the CPI's. The CPI's were being pumped from the top of the vessel. The gas space
in the CPI's were checked for H2S content prior to starting and as the operation
progressed. The H2S content was 0 ppm. Near the end of the pumping out the CPI's the
H2S was detected on the CETCO equipment. The job was shut down. The highest internal
H2S reading was 100 ppm.
It appears that the biocide treatment was not sufficient and the bacterium growth
over the months may have contaminated the saltwater contained in the vessels and
generated.
Findings:
It appears that the biocide treatment was not sufficient and the bacterium growth
over the months may have contaminated the saltwater contained in the vessels and
generated.
The dewatering operations were shut down and the MMS New Orleans District was
notified of the H2S release.
The operator submitted a new dewatering plan for approval by the MMS District Office.
This H2S Contingency Plan will be enacted to address this temporary solution while
the dewatering operation takes place.
Several analyses techniques were used to confirm that the H2S gas experienced at the
CETCO treating equipment was due to bacteria activity under loose sand and scale
deposits in the Bulk Oil Treater (BOT V-300).
Deposit analyses revealed that 57% by weight of the deposit (oil coated scale and
sand with iron sulfide) analyzed was oil coated and the remaining 43% consisted of
calcium carbonate scale, iron oxide deposits, sand, salt and iron sulfide.
Water analyses indicated 50 PPM of H2S dissolved in the water. H2S gas constantly
escapes out of the water and reacts with the air once the sample is taken, hence the
possible reason for the lower values PPM's than originally reported.
Bacteria culture indicated positive.
In summary, the chemical treatment (Scale lnbititor/Biocide/02 Scavenger) employed
was deemed ineffective to treat the oil-coated, scale/sand deposits with bacteria
growth underneath. The chemical employed did not contact the growth underneath the
scale/sand deposits. Draining the water from the BOT disturbed the bottom. H2S gas
became free, once the oil-coated scale/sand deposits, providing a ""safe-harbor""
coating for the bacteria, was disturbed. Thus, H2S containing gas became present in
the CETCO equipment being used to treat the water.",,,,,,,,,,,,,,,,
NS-B7A62CF973,,Serious Incident,2025-12-14,20:00,2025-12-16,GI,32,,,Maintenance,LIFTING DEVICE,Loss Event,Health & Safety,Injury Minor,,SYN-53a898,Operations Superintendent,SYN-d63ded,Marine Coordinator,SYN-e30dbe,Marine Coordinator,2026-01-07,SYN-83d5b2,HSE Advisor,2026-03-13,"On December 14, 2025, on the Liftboat-Juan, conducting P&A operations, at GOM Shelf
LLC, Lease OCS-G 01580, Grand Isle Block 32, Well No. 3, a Tetra employee received
laceration requiring eight staples to his head when he was struck by a falling
lubricator. The Injured Person (IP) was wearing a hard hat at the time of the
incident. IP has been placed on restricted office duty.",The injured employee was in the area when he suffered a glancing blow to the hard hat from the falling lubricator.,Serious Incident,,Serious Incident,20,D,5,,,,,,,,,"Sequence of Events:
During P&A operations on the Liftboat Juan, owned and operated by Montco Offshore, a
Tetra employee was injured. The Montco crane operator was attempting to install the
lubricator on the well, as he scoped out the anti-two blocking system failed. When
the system failed the ball was brought into the sheaves causing the auxiliary line to
part. As the line parted the lubricator and the ball fell to the deck of the
Liftboat. The injured employee was in the area when he suffered a glancing blow to
the hard hat from the falling lubricator. Injuries to the employee consisted of a
laceration to the head which required 8 staples. The employee is working restricted
duty in the Tetra office due to him not being"
