Incident Number,incident Title,Incident Classificatioin,Date of Incident,Time of Incident,Date of Report,Site,Area,Unit,Detail,Work Group,Description,Incident Type A,Incident Type B,Incident Type C,Incident Type D,Investigation leader - Name,Investigation leader - Position,Incident Classified by - Name,Incident Classified by - Position,Investigation Acceptor/Approver (Owner) - Name,Investigation Acceptor/Approver (Owner)- Position,Approval Date,Close out Approval - Name,Close out Approval - Position,Close out Date,What happened?  ,What was the outcome?,Incident Classification,What was the worst outcome that could reasonably be expected to have happened?,Health & Safety Incident - Classification,Health & Safety - Risk Score,Health & Safety  - Consequence,Health & Safety - Likelihood,Environment & Reputation - Incident Classification,Environment & Reputation - Risk Score,Environment & Reputation  - Consequence,Environment & Reputation - Likelihood,Financial Cost & Business - Incident Classification,Financial Cost & Business Interruption - Risk Score,Financial Cost & Business Interruption  - Consequence,Financial Cost & Business Interruption - Likelihood,How did the incident occur
MR-972CB4703F,,,2021-02-05,08:00,2021-02-08,MC,204,DIAMOND OCEAN QUEST,,Drilling,,Loss Event,Health & Safety,,,SYN-1c44bb,Marine Coordinator,SYN-6311a4,HSE Advisor,SYN-13213e,Marine Coordinator,2021-02-20,SYN-a89763,Production Foreman,2021-06-06,"At 7:45 a.m. a contract employee was removing shale build up on sides of shaker auger
using a paint scraper to remove the build up so that the auger could disperse the
cuttings. His supervisor went to get a high pressure hose to clean all the remaining
residue, during which time the victim put the scraper down and noticed a large piece
of shale was still on the side, he then used his right hand to knock the piece of
shale into the trough where the auger dispense it over the side. He stated that when
the shale gave way he lost his balance and which caused him to fall foreword and into
the trough where his hand came into contact with auger. This resulted in the loss of
his right hand's ring finger fingernail being pulled off along with skin on his
second finger exposing the flesh and knuckle joint.
During normal operations there is a front cover to prevent mud from being
thrown onto walkway.
The auger at time of accident had the front cover removed to gain access
to area where shale had built up due to caking.
During drilling operations a high pressure hose is used to wash the built up material
into the auger and then send it overboard. The hose was on a lower deck, and shaker
personnel were using paint scrapers to clean away the shale build up.
The JSA for the shale shaker does not address the proper methods that
personnel should adhere to when removing build up drill cuttings during drilling
operations.
The auger is approximately 1'-1½' below the bottom of the drum and is
spinning during operations. A cover plate prevents personnel from coming in contact
with moving parts. Victim was scraping material directly into the auger without the
cover in place, and was working directly above the spinning auger when accident
occurred. He was treated by the onboard medic and medivaced to Terrebonne General
Hospital in Houma.
Findings:
1) The JSA for operation of this piece of equipment did not contain information on
the safe methods of cleaning the auger and related equipment, nor is there any record
on board the drilling rig indicating that personnel working with this equipment were
briefed in the daily operations and maintenance during drilling operations.
2) Auger system was not locked out while attempt was made to clean dryer frame.
3) The clean up operation was not performed with the supervisor present or in the
presence of another employee. The other employee stepped away to check on other
equipment at the time of the accident.",The incident resulted in an injury recorded without a severity code.,,,,,,,,,,,,,,,
MR-C22ED726E5,,Incident,2021-03-01,16:10,2021-03-13,GC,389,,NOBLE STANLEY LAFOSSE (FKA,Maintenance,LIFTING,Loss Event,Environment & Reputation,Loss of Containment,,SYN-701a0f,Marine Coordinator,SYN-0367fa,HSE Advisor,SYN-bf1702,Production Foreman,2021-06-15,SYN-eb109c,Maintenance Supervisor,2021-08-25,"On March 1, 2021, an incident occurred on the drillship Noble Stanley Lafosse which
was working under contract for Murphy Exploration and Production Company. Completion
operations were being conducted at Green Canyon Block 389, OCS–G35864 Well SS01.
There was a reported discharge of approximately of 558 barrels of Zinc Bromide (ZnBr2)
into the Gulf of Mexico due to the activation of the Emergency Disconnect Sequence
(EDS) on the Lower Marine Riser Package (LMRP) due to inclement weather.
On February 28, 2021, the operator had just finished fracking the well and tested the
Gravel Pack Assembly and the Mechanical Closing Sleeves (MCS) to 1,000 psi for 10
minutes resulting in a good test. The drill crew proceeded to pull out of the hole
(POOH) with the drill string while monitoring the trip tank for proper displacement.
On March 1, 2021, at 00:07 hours, the operator received verbal approval from the
BSEE Houma District to prepare the wellbore as requested for a weather event. After
holding a Pre-Job Safety Meeting, the lower blind shear rams (LBSR) were closed to
test the LBSR, Gravel Pack Assembly and the closed MCS with 15.1 pounds per gallon
(PPG) ZnBr2 which resulted in a failed pressure test. An attempt was made to test
again closing the Upper Blind Shear Rams (UBSR) resulting in another failed pressure
test. The operator decided to have the drill crew make up a weighted bottom hole
assembly (BHA) to hang below the storm packer and trip in the hole (TIH). On January
15, 2022, at 14:21 hours, the operator received verbal approval to proceed with
running the storm packer as requested and retest the blind shear rams. At 15:00
hours, the drill crew was instructed by the operator to stop TIH in the hole, and at
15:30 hours, to start POOH after a discussion with their management in town. At
approximately 16:10 hours, the weather event occurred which compromised the rig's
Dynamic Position (DP) into a red alert status. The EDS sequence was initiated from
the drill floor panel and the LMRP was unlatched from the Blow Out Preventers (BOP).
All the BOP fail safe valves, UBSR, and LBSR were confirmed closed and the rig
transited 30 meters to the south of the well location, arriving in the safe zone area
at approximately 16:29 hours. Visual deck checks for damage were made with none noted
and a calculated volume of 15.1 PPG ZnBr2 lost in the Gulf of Mexico was estimated to
be 558 barrels.
Due to Covid-19 pandemic protocols, the Bureau of Safety and Environmental Enforcement
(BSEE) team was unable to conduct an initial onsite investigation at the time of this
incident. However, an investigation team was able to collect documentation and photos
furnished by the operator at the team’s request. The investigation team reviewed the
documentation and noted that the operator had set the gravel pack assembly and pumped
the frac pack. The frac sleeves were closed and a successful 1000-pound pressure test
was performed on the gravel pack assembly and the sliding sleeves before POOH. Due to
inclement weather approaching, the operator submitted a procedure to the BSEE Houma
District in preparation if an EDS sequence was initiated to disconnect the LMRP from
the BOP. The kill line was displaced with seawater and then closed. The LBSR were
then closed, a 250 PSI low pressure test was initiated and successful, immediately
followed by a high-pressure test of 1,000 psi. This test failed and the operator
began to troubleshoot by investigating for leaks on the surface BOP equipment but to
no success. The UBSR were then closed, and a similar 1,000 psi test was performed,
resulting in a failed test. With the leak suspected to be below the BSRs due to no
gains in the trip tank while pressure testing, the operator was granted approval from
the BSEE Houma District to set a storm packer below the BSRs. At 12:00 hours on
March 1, 2021, a storm packer assembly was made up and ran in the hole, but with
the weather conditions worsening, the operator decided to stop TIH. At 15:30 hours,
the drill crew started POOH to displace the riser with seawater. At approximately
16:10 hours on March 1, 2021, the drillship’s DP position was compromised into a
red alert status due to high winds and a misaligned thruster. The EDS sequence was
initiated from the drill floor panel, successfully disconnecting the LMRP from the BOP
stack. All BOP fail safe valves, UBSR, and LBSR were confirmed closed and the LBSR
moved to the block position as per EDS sequence initiation. The drillship proceeded
to the safe zone and waited on the weather conditions to subside.
The team determined that on March 1, 2021, the operator failed to complete the
submitted Well Suspension Procedure in a safe and timely manner knowing inclement
weather was approaching. This resulted in an EDS instead of a planned and safe
disconnect of the LMRP. At the time of the EDS, Noble estimated that 558 barrels of
ZnBr2 from the riser was discharged into the Gulf of Mexico, but revised the amount to
approximately 420 barrels based on calculations from recovered volumes.
The investigation team also noted in reviewing the operator’s investigation report
that there was an issue with Thruster-2 when it was enabled in the DP system.
Thruster-2 is located on the port bow and was found to be 180 degrees out of
alignment. As the DP system detected an increase in wind speed, the thrust commands
were increased towards the wind to maintain the drillship’s position. When the DP
system increased the thrust on Thruster-2, it increased but in the opposite direction,
thus going in the same direction as the wind. Due to sudden changes in the wind
direction and speed triggered significant forces from Thruster-2 causing the drillship
to not maintain its position.
Since this incident, the operator has corrected the misalignment of Thruster-2 and
will perform a DP and Thruster Control System verification by the manufacturer.",Reported as a pollution release.,Incident,,Incident,8,D,2,,,C,,,,,,
MR-BEFD60BE63,,Serious Incident,2021-04-17,05:30,2021-04-20,MP,64,20,,Construction,LIFTING,Loss Event,Business Interruption & Cost,Equipment Damage,,SYN-72dd0f,Operations Superintendent,SYN-fc9135,Facility Engineer,SYN-ea80db,Operations Superintendent,2021-05-06,SYN-25bd73,Maintenance Supervisor,2021-09-17,"Investigation Findings: On 17 April 2021 at 0530, an allision occurred while en
route to the Main Pass 69-E (a W&T Caisson, Lease OCS-G 00372) platform with four
Superior Wireline operators and one W&T Operator onboard. The Motor Vessel (M/V) Sea
Service 1 struck the Medco Energi US LLC Main Pass (MP) 64 #20 (Lease OCS-G 04909)
unmanned caisson single jacket platform. The platform well was shut-in at the time of
the incident. The weather conditions at the time of the incident were 1/8 mile
visibility, seas 1-2 foot light chop, winds at 6.5 ENE. There were no injuries onboard
the M/V or the caisson.
While the M/V Sea Service 1 was en route to the Main Pass 69-E platform, the captain
turned his radar on to see the cluster of caisson platforms in the MP 64-A field. By
the time the captain looked up, he saw a blinking light (Navaid lights) off the port
bow side of the M/V approximately 30 feet from the caisson. The captain then swung the
M/V hard to the starboard side to try avoiding an allision with the caisson platform.
The M/V captain stated that the M/V reacted slowly due to the current pushing the M/V
toward the caisson platform. The port bow of the M/V then allided with the boat
landing on the caisson, severely damaging the M/V, putting a two-foot slice in the #1
fresh water tank approximately 5 foot above the sea water line. The M/V damaged the
boat landing, deck grating, and bracing access ladder from the waterline.
The M/V captain immediately shut down to inspect the damage caused by the allision.
After the captain and crew onboard assessed the damage, they decided to go to a nearby
facility. The crew onboard then traveled to the Medco Energi (MP 64-AQ) main facility
(which was the nearest facility) so that the crew onboard could be safely evacuated
from the M/V and inspect the damages. The crew was then transferred by crane utilizing
the personnel basket onto Medco’s field boat (M/V Jacob C) so they could continue on
to their destination (MP 69-E).
The M/V captain called the base and notified the USCG of the incident that just
occurred. The captain also documented the damage by taking photos of the boat landing
when it occurred; and when reaching the main facility, photos of the M/V were taken as
well. Medco Energi was notified of the damages to the facility, and they sent a team
to obtain an estimated cost of the repairs to be made.",There were no injuries onboard the M/V or the caisson.,Serious Incident,,Serious Incident,12,D,3,,,,,,,B,,
MR-FB054BF312,,,2021-05-10,06:40,2021-05-16,GB,1003,,PACIFIC KHAMSIN,Construction,LIFTING,Loss Event,Health & Safety,Injury Minor,,SYN-c3a9b1,Marine Coordinator,SYN-39ef9d,Marine Coordinator,SYN-b1ca35,Operations Superintendent,2021-10-15,SYN-9358a1,Facility Engineer,2022-01-18,"At 0755 hours on 10 May 2021, the injured party (IP), who is a third party
contracted Floorhand employed by Prime Ocean (PO) sustained an ankle injury onboard
the Pacific Drilling Khamsin drillship while conducting drilling operations for Total
E&P USA, Inc. (Total) at the surface location of Garden Banks Block 1003. The PO
Floorhand received medical attention from the Rig Medic and was evacuated for a
medical evaluation by an onshore physician. Total notified the BSEE Lafayette
District about this incident at 1117 hours on 10 May 2021.
On 10 May 2021, the IP was changing out elevator inserts on the hydraulic drill
pipe elevators. To change the inserts, the elevators were positioned on the rig floor
with the bails extended out so that the Floorhands can remove the metal segments by
manually lifting or dragging the segments out of the elevator body. The IP was
removing the bushings for the 5-inch drill pipe. As he lifted up on an elevator
insert, his right leg moved and his left foot slipped into the 4.5-inch HydraRacker
track gap. As a result, he lost his balance and fell, causing his left ankle to
strike the HydraRacker track, resulting in injury.
The IP was treated by the Rig Medic and at 1012 hours on 10 May 2021 and
evacuated by helicopter from the rig to Terrebonne Medical Center for a medical
evaluation. A doctor diagnosed that the IP had sustained a fractured fibula that
required surgery.",A doctor diagnosed that the IP had sustained a fractured fibula that required surgery.,,,,,,,,,,,,,,,
MR-2792493DB3,,,2021-05-28,09:50,2021-06-09,MI,622,C-PRD,,Maintenance,LIFTING DEVICE,Loss Event,Health & Safety,Injury TLI,,SYN-a183b1,HSE Advisor,SYN-fcc652,Operations Superintendent,SYN-e7e9e1,Maintenance Supervisor,2021-06-29,SYN-2d4061,Operations Superintendent,2021-09-27,"On May 28, 2021 at approximately 0830, an injury occurred at Fieldwood Energy's
Matagorda Island (MI) 622 'C' platform, Lease G-05000.
At approximately 0800, Operators were not receiving a flow rate indication on the
Programmable Logic Controller (PLC) from the gas outlet meter on the #4 Production
Separator, MBD-2000. The MI 622 'C' facility consists of four (4) connected
structures: Quarters, Wells, Production, and Compressor. The #4 Production
Separator is located on the 'C' Production structure. The Contract 'A' Operator /
Injured Party (IP) proceeded to the #4 Production Separator to determine why the PLC
was not receiving a signal or flow rate indication. The IP decided to verify that an
Orifice Plate (OP) was properly installed in the Daniels Senior Orifice Fitting. The
IP manipulated the OP carrier shaft in the body (lower chamber) of the Senior Orifice
Fitting (SOF) and it turned freely indicating the OP carrier was located in the top
(upper chamber) of the SOF. The IP verified the OP and carrier location by turning
the OP carrier shaft in the upper chamber of the SOF, and it did not turn. This also
indicated the slide gate was closed. The IP opened the blow down valve on the upper
chamber of the SOF to remove line pressure. The blow down valve on the upper chamber
of the SOF relieved briefly and the IP assumed there was no pressure remaining. The
IP started by loosening the first clamp bar bolt on the top of the SOF closest to his
body. When the IP began to loosen the second clamp bar bolt, there was a pressure
release of approximately 915 pounds per square inch gauge (PSIG). Natural gas and
debris blew upward striking the IP on the left side of his face and left eye. The IP
immediately went to the eye wash station and began to irrigate his face and left eye.
The Person in Charge (PIC) heard the gas release and immediately reported to the
scene. The PIC activated the Emergency Shut Down (ESD) and observed the IP at the
eye wash station. The PIC assisted the IP to the Medic. The Medic continued face
and eye washing procedures for approximately 40 minutes until the Field Helicopter
arrived. The Field Helicopter arrived at MI622'C' at approximately 0920 and
transported the IP to Christus Spohn Memorial Hospital in Corpus Christi, TX.",The incident resulted in a lost-time accident with more than 3 days lost. The facility was evacuated.,,,,,,,,,,,,,,,
MR-93C6B01EFA,,Incident,2021-06-18,06:00,2021-07-11,GC,237,A-Typhoon TLP,,Production Operations,LIFTING DEVICE,Loss Event,Environment & Reputation,Loss of Containment,,SYN-8697e5,Maintenance Supervisor,SYN-18696c,Operations Superintendent,SYN-0be1f8,Production Foreman,2021-08-02,SYN-92489c,Facility Engineer,2021-11-27,"In preparation for Hurricane Rita, the Typhoon TLP was evacuated on 6/15/2021. All
operations were secured and all wells were shut-in. Following the passage of
Hurricane Rita, the Typhoon TLP was found floating upside down, grounded in Eugene
Island block 271.
The path of Rita was a southeast to northwest direction passing to the south of the
Typhoon TLP. This path placed the TLP at approximately 46 miles from the center of
the eye of Hurricane Rita at the closest point. At 0602 hrs CDT on 09/23/05, the
Emergency Position Indicating Radio Beacon (EPIRB), located inside lifeboat #2 began
broadcasting. At 0627 hrs CDT on 09/23/05, the EPIRB inside lifeboat #1 began
broadcasting. These broadcasts indicated the approximate time of capsizing.
TLP Orientation
The TLP was oriented in the GC 237 block with the #2 pontoon at the 12 o'clock
position (12 o'clock position has a heading of 0 degrees), the #3 pontoon at the 8
o'clock position and the #1 pontoon at the 4 o'clock position. The tendons are
numbered 1-6 starting on pontoon #1 and progressing counterclockwise. Therefore,
tendons 1 & 2 are on pontoon #1, tendons 3 & 4 are on pontoon #2, and tendons 5 & 6
are on pontoon #3. The flare boom and #2 lifeboat are located on the northwest side
of the structure between pontoons 2 & 3. The quarters and heliport are located on
the southeast side of the structure directly over pontoon #1.
Metocean hindcast data indicates the following probable metocean conditions at the
Typhoon TLP location at the time of capsizing:
- 1 Hour Wind = 83 mph towards 266 degrees heading
- Significant Waves = 43.5 feet towards 288 degrees heading
- Peak Wave Period - 14.4 seconds
- Inertial Current - 2.97 knots towards 349 degrees heading
Rig Movement Data indicates:
- GPS data analysis indicates that the Mobile Offshore Drilling Unit (MODU) Diamond
""Ocean Star"" begins drifting at approximately 23:00 hrs CDT on 09/22/05.
- GPS data analysis indicates that the MODU Noble ""Therald Martin"" begins drifting at
approximately 02:30 hrs CDT on 09/23/05.
- GPS data analysis indicates that the MODU Noble ""Max Smith"" begins drifting at
approximately 03:00 hrs CDT on 09/23/05.
- The MODU Transocean ""Marianas begins drifting at an unknown time. There is no GPS
data available for analysis.
- Based on original positions of the rigs and the GPS tracks, none of the rig
contacted the TLP. Also, based on time, speed,and distance analysis of the
Transocean ""Marianas"", the ""Marianas"" was still approximately 25-30 miles to the
southeast of the TLP at the time of capsizing.
An inspection of the TLP hull was conducted along with inspections of the the suspect
MODUs. No impact marks on the TLP pontoons or hull were found. The TLP platform
decks have limited damage. The flare boom side of the TLP shows visible damage,
however, the damage does not match up to any deck or column damage on the MODUs.
High resolution sidescan sonar and ROV surveys were conducted at Green Canyon 237.
All drag marks not associated with the ""Therald Martin"" or ""Max Smith"" were old
features and did not occur during Hurricane Rita. There is no evidence of snagging
of the steel cantenary risers (SCRs), risers, flowlines, or umbilicals.
Inspection of the tendon porches, hull upper structure, pontoons, central shaft, and
ballast tanks revealed the following:
- Major damage on tendon porches 3, 4, 5, and 6.
- Little damage on tendon porches 1 & 2.
Post incident hull and pontoon inspections revealed:
- Pontoons 1A and 1B revealed no water.
- Pontoons 2A and 2B revealed no water.
- Pontoons 3A and 3B revealed no water.
- Only central shaft had evidence of water in TLP prior to capsizing.
ROV surveys of the bottom connectors at the GC 237 location revealed:
- Tendons 3, 4, & 6 bottom connectors were still located inside the piles.
- Tendons 1, 2, & 5 bottom connectors were located outside the piles and buried
approximately 40-80' into the mud.
- Recovered bottom connectors 1, 2, & 5, all had separated bodies; and all lock rings
were missing.
- Recovered shrouds from piles 1 & 5 have identical damage features.
- Shroud from bottom connector 2 (inside pile 2) was not recovered. It appeared to
be relatively undamaged.
3D Photogrammetry was conducted inside the bottom piles. Markings were matched up on
the bottom connectors and inside the piles. The 3D Photogrammetry revealed that the
damage and markings inside drive heads and receptacles of piles 1 & 5 were similar.
The #2 pile drive head and receptacle indicated very little damage & markings. The
3D Photogrammetry also revealed similar damage on the load shoulder locations
(associated with the lock ring ""gap"" and 180 degrees from the lock ring ""gap"") on
piles 1, 2, 4, & 5.
Finite Element Analysis (FEA) of the Lock Ring
FEA of the lock ring indicates non-uniform load transfer associated with the lock
ring ""gap"" when subjected to 100 thousand pounds(kips) of tension and 122 thousand
foot pounds bending force. However, the FEA does not show applied load is sufficient
to cause failure. The FEA was conducted with 3250 kips of tension and no bending.
This analysis also revealed non-uniform load transfer with the lock ring ""gap"".
- Lock ring material by design is stronger than the load shoulder inside the
receptacle.
- Lock rings were not found on the location.
Testing of the flex joint portion of the #1 bottom connector confirmed that the flex
joint had rotational stiffness properties as per the basis of design.
Evidence Summary of Downward Motion or ""Short Stroke""
- Short strokes were observed on all tendons during installation. Some short strokes
were approximately 10"".
- Evidence indicates downward motion in pile 5. Capsizing rotation strokes bottom
connector down. This stroke downward is as much as 8' at 20 degrees list. At this
point tendons 4 and 5 go slack immediately. Tendons 3 and 6 go to peak tension.
- There is little evidence of downward motion
be old. Marine gowth is on top of the marks.
from work boots are easy to make.
- There is little evidence of downward motion
be old. Marine growth is on top of marks.
Tendon Tension
- Model testing of the TLP and tendons
simultaneous minimum tensions on all tendons.
in pile 1. Marks in pile 1 appear to
Identified white marks (footprints)
in pile 2. Marks in pile 2 appear to
indicate that large waves can generate
This phenomenon is called ""ringing"" of
the tendons. (Note: Actual ringing was measured during Hurricane Lili.)
- The model testing indicates that extremely low tensions (<500 kips) is only seen
from wave impact on the production deck.
- No physical evidence of wave impact on the TLP production deck.",Reported as a pollution release.,Incident,,Incident,6,C,2,,,C,,,,,,
MR-70547D084A,,,2021-06-24,21:22,2021-06-27,AC,815,,NOBLE CLYDE BOUDREAUX,Maintenance,LIFTING DEVICE,Loss Event,Business Interruption & Cost,Equipment Damage,,SYN-aecefa,Facility Engineer,SYN-27ee78,Production Foreman,SYN-6d9afc,Production Foreman,2021-07-24,SYN-5ed06c,Marine Coordinator,2021-08-08,"On June 24, 2021 at 21:30 hours the Noble Clyde Boudreaux semi-submersible drilling
rig was engaged in Marine Riser running operations. The riser running operations was
being staged to coincide with the completion of mooring operations. Riser joint
number 107 was landed in the spider gimble, which put the Blowout Preventer Stack
(BOP) at a depth of 8400 feet Rotary Kelly Bushing (RKB). A satisfactory test of the
Choke and Kill lines was conducted to a pressure of 7500 psi. The rigid conduit lines
were left charged to 5000 psi to monitor pressures while waiting for the next stage
of riser running. During this time frame there was a sporadic change in the
pressures at the surface panel. The Remotely Operated Vehicle (ROV) was jumped to
perform a stack supply pressure inspection of the manual gauges on the Lower Marine
Riser Package (LMRP) and the following observations were made. At 21:15 hours, all
pressures were observed to be normal on the LMRP manual gauges. At 21:22 hours the
pressures on the Conduit, Supply Pressure, Pilot Pressure and Manifold Pressure fell
to 0 psi. The ROV also observed a cloud of what was assumed to be BOP fluid
developing around the LMRP. At 21:25 hours, the ROV visually confirmed that the BOP
package had disconnected from the LMRP.
A bottom survey utilizing the ROV confirmed that the BOP had fallen approximately
1400 feet to the seafloor. The BOP was found lying half submerged in the sea floor on
a heading of 250°, approximately 180 feet from the Rig 1 Rotary Center.","Reported as damage over $25,000. Estimated property damage $750,000.",,,,,,,,,,,,,C,,
MR-9EFAB2509E,,Incident,2021-07-01,07:30,2021-07-09,SS,181,B -PRD,,Drilling,LIFTING DEVICE,Loss Event,Environment & Reputation,Loss of Containment,,SYN-98daf2,Production Foreman,SYN-72e282,Facility Engineer,SYN-3aa4c9,Maintenance Supervisor,2021-07-30,SYN-e72a69,Facility Engineer,2022-07-29,"At 0615 hours on 1 July 2021, the facility Operator, employed by Danos and Curole and
operating for Chevron U.S.A., Inc., began experiencing a production system upset that
resulted in pollution of the Gulf waters. At 0845 hours, Bureau of Ocean Energy and
Management, Regulation, and Enforcement (BOEM) inspectors (formerly M.M.S.)
and were flying offshore to another destination when pollution
was spotted coming from Ship Shoal 181 B facility. After landing on the facility,
Inspector went directly downstairs on the B-Production facility to
investigate the pollution incident while Inspector went to facility
office on B-Drill facility to sign in. Inspector , now on production deck,
saw no one and proceeded downstairs to the cellar deck where the Petrolite water
clarifier unit is located and observed pollution coming from the Petrolite's
overboard water discharge pipe. Mr. then went back up to the production deck
where he found the facility Operator at the safety panel. The Operator informed Mr.
that the problem with the production system was that the water dump valve on
the heater treater failed causing an excessive amount of hydrocarbons to dump to the
skimmer. This in turn caused a high level in the skimmer, which then carried over an
excessive amount of hydrocarbons into the Petrolite water clarifier unit. Oil was
then released into the Gulf through the Petrolite overboard water discharge line. The
Operator informed Mr. that he was trying to correct the system upset while the
platform continued to produce. Mr. then informed the Operator that the
pollution needed to be stopped immediately, at which point the Operator shut in the
platform at the panel and then went to the petrolite and closed the manual block
valve on the overboard water discharge line.",Reported as a pollution release.,Incident,,Incident,6,C,2,,,C,,,,,,
MR-6B21CAC6FE,,,2021-07-23,19:25,2021-08-01,GI,78,A,,Production Operations,LIFTING DEVICE,Loss Event,Health & Safety,Injury TLI,,SYN-cf413a,Production Foreman,SYN-03b3d7,Maintenance Supervisor,SYN-7d02b7,Marine Coordinator,2021-09-19,SYN-2da8c6,HSE Advisor,2022-05-05,"On July 23, 2021, at approximately 19:25, at Arena Offshore, LLC's OCS-G 12989,
Grand Isle (GI) 78 A Platform, a rigger was injured when a hydraulic hose struck him
across his safety glasses, scraping his nose and cutting his left eyelid while
changing out two hydraulic hoses on a crane, as a result of human error. Injured
Person (IP) initially received first aid after the incident and then was sent onshore
to seek medical treatment on July 24, 2021. IP was treated by ENT Physician on
July 25, 2021 and August 1, 2021, and was released to return to work.",The incident resulted in a lost-time accident with more than 3 days lost. The facility was evacuated.,,,,,,,,,,,,,,,"Sequence of Events:
While changing out two hydraulic hoses on crane, the mechanic was pulling on one
while rigger was guiding it out. It came out and hit the rigger across his safety
glasses; scraping his nose and left a small cut on left eyelid. Provided first aid
and let him rest for evening. Later he complained of headache and further evaluation
indicated he may have broken his nose. IP was sent onshore for medical treatment.
Injured party was treated by ENT Physician from 09-28-07 and 10-05-07, and released
to return to work."
MR-CF0AC80E08,,Incident,2021-07-23,06:30,2021-08-03,MC,243,A(MATTERHORN SE,,Construction,LIFTING DEVICE,Loss Event,Environment & Reputation,Loss of Containment,,,,SYN-981638,Maintenance Supervisor,,,,,,,"-
The Nabors Super Sundowner XIX Rig was working on the A-5 Well at the time of the
incident. The Rig's two man cleanup crew was washing down the rig floor. The crew was
utilizing a large vacuum unit with cutting boxes to prevent wash water and drilling
mud from migrating to open drains. Note: All drill floor deck drains were plugged.
There was a heavy down pour of rain that lasted about 30 minutes, dumping 1"" of water
on the deck. The crew was unable to vacuum all deck water and drilling mud before
going into the platform's open drainage system, down to the open bottom sump. Once
the mud entered the sump, it passed through a layer of oil, and pulled oil with it
out the bottom of the sump and created a sheen in the
of discharge is 0.000757 gallons.",Reported as a pollution release.,Incident,,Incident,8,D,2,,,C,,,,,,
MR-FD092D519A,,,2021-08-05,22:30,2021-08-20,SM,147,­ A,,Maintenance,LIFTING DEVICE,Loss Event,Health & Safety,Injury TLI,,SYN-e2052f,Facility Engineer,SYN-1fcf0e,Operations Superintendent,SYN-5f9fef,Operations Superintendent,2021-09-05,SYN-a574f5,Marine Coordinator,2021-10-19,"-
At approximately 22:30 hours on 5 August 2021, an employee for Quality
Construction & Production (QCP) suffered an ankle injury during abandonment
operations of Well A002 for McMoRan Oil & Gas LLC (McMoRan) at the South Marsh Island
(SMI) Block 147A platform operated by Fieldwood Energy (Fieldwood).
McMoRan contracted QCP and several other construction companies to remove nine
conductor casings at the SMI-147A platform. The procedures employed for the removal
of the SMI-147A conductor casings were as follows: 1) install support beams for the
conductor casing at the Jacket Level located at +13 feet (ft) above water line;
2) cut a shackle hole in the conductor casing and install a 55-ton shackle at the
Cellar Deck situated +46 ft above the water line; 3) rig up crane and pull tension on
conductor casing; 4) cut conductor casing at the +13 Jacket Level and pull to Main
Deck; 5) burn hole in top of conductor casing at Main Deck and insert flat pin
through side of conductor casing; 6) lower conductor casing to rest on the +13 Jacket
Level support beams and change out long sling for a shorter sling; 7) pull up on
conductor casing between 10 to 20 ft and pin at the +13 Jacket Level; 8) cut
conductor casing at the +13 Jacket Level; and 9) remove 80 foot section of conductor
casing to the material barge.
The injury was sustained by the QCP employee when he was assisting with the
installation of the flat pin into the Well A002 conductor casing as it was being held
by the derrick barge crane with assistance from the platform crane. An unforeseen
wave action caused a shift in tension on the derrick barge crane and the flat pin
slid out striking the left ankle of the QCP employee. The injured QCP employee
walked up to the living quarters for medical attention by placing ice on his left
ankle to reduce swelling. The following day on 6 August 2021, increased swelling
and bruising of the left ankle was observed, therefore, the injured QCP employee was
transported by a crew boat to the shore for medical attention.
On 7 August 2021, the injured QCP employee was treated at a medical clinic but
was referred to an Orthopedist for further evaluation. On 8 August 2021, an
Orthopedist determined that the injured QCP employee sustained a hairline fracture in
his left ankle and was treated by putting a hard splint boot over the injured left
ankle. The Orthopedist released the injured QCP employee to full duty; however, he
did not return to the SMI-147A platform, but was assigned to work at QCP's shop until
his left ankle healed.
According to the McMoRan Incident Investigation Report, the probable cause of the
accident was attributed to the derrick barge crane's balance and tension forces on
the load that shifted due to an unexpected wave action.
The McMoRan Incident Investigation Report and BSEE findings attributed the
contributing cause for the accident to an unforeseen weather-related wave action
event that resulted in the flat pin being dislodged from the conductor casing
striking the IP who was in the area providing assistance.","On 8 August 2021, an Orthopedist determined that the injured QCP employee sustained a hairline fracture in his left ankle and was treated by putting a hard splint boot over the injured left ankle.",,,,,,,,,,,,,,,
MR-B950B374CF,,,2021-08-13,07:25,2021-08-22,EI,63,B,,Drilling,LIFTING DEVICE,Loss Event,Health & Safety,Injury TLI,,SYN-b0625f,Operations Superintendent,SYN-880ecf,Facility Engineer,SYN-8fd0cd,Operations Superintendent,2021-09-01,SYN-d88f0c,Facility Engineer,2021-12-16,"On 13 August 2021 at 0725 hours a Meter Technician (MT), employed by Southern Flow and
contracted to Hunt Oil, was performing service/maintenance work to a high pressure
gas meter. The repair work consisted of changing a damaged gear shaft and pinion
located on the upper section of the meter housing. Platform personnel had
communicated to the MT that the upper section of the meter was bled down and ready
for servicing. For unknown reasons the MT mistakenly unscrewed the wrong gear shaft
and pinion assembly which was located on the lower section of the meter where a
system pressure of 1000 psi remained. High pressure gas was released blowing the gear
shaft and pinion out the side of the meter striking the MT. The MT was blown under an
adjacent production separator breaking a tubing tray and knocking the MT unconscious.
The MT was found by platform personnel unconscious but breathing. Before leaving the
platform to be transported to Terrebonne General, the MT regained consciousness but
could not recall anything related to the incident. The aircraft transporting the
injured arrived in Houma at 0830 hours. This incident also resulted in an undesired
release of high pressure and high volume gas.","The incident resulted in a lost-time accident with more than 3 days lost. The facility was evacuated. Estimated property damage $2,000.",,,,,,,,,,,,,A,,
MR-9A4DE8C7CE,,Serious Incident,2021-09-10,14:40,2021-09-22,MP,73,CF,,Construction,LIFTING,Loss Event,Business Interruption & Cost,Equipment Damage,Combustion,SYN-7bd3c8,Operations Superintendent,SYN-a9f6ac,Operations Superintendent,SYN-f171be,Maintenance Supervisor,2021-10-19,SYN-2ff0a3,Maintenance Supervisor,2022-03-30,"On September 10, 2021 at approximately 14:40, a fire occurred in the vicinity of the
glycol dehydration unit on the Main Pass (MP) Block 73 “CF” platform, owned and
operated by Energy XXI. Energy XXI reported no pollution and no injuries associated
with the incident. Energy XXI estimated the cost of damage to be $49,921.
On the day of the incident, the work team, consisting of three operators, completed a
Job Safety Environmental Analysis (JSEA) for “clean[ing] pin on glycol burner” at
12:00. After securing the glycol unit, the work team and the Person-in-Charge (PIC)
pulled the fire arrestor. The crew cleaned the pin, and the PIC brought the glycol
unit back on line, which included turning on the burner. The PIC monitored the glycol
unit for fifteen minutes, noting the temperature on the reboiler was at 195 degrees F
and the pumps were stroking normally. The PIC placed the glycol panel back in service,
and went to the “Gauger Shack,” where he told Operator 1 to monitor the temperature on
the reboiler.
The PIC then walked across the catwalk to the “A” platform, and was speaking with the
Compliance Foreman and Operator 2. After approximately 2 minutes, the Compliance
Foreman noticed a fire in the vicinity of the glycol unit. The three personnel
proceeded across the catwalk, where they were joined by Operator 1, who was still in
the “Gauger Shack” when the fire alarm sounded. The four personnel then proceeded to
the glycol unit, and they extinguished the fire using two 300-pound wheeled chemical
firefighting units and one 30-pound handheld fire extinguisher. Energy XXI notified
the BSEE New Orleans District at 20:56 that evening, and the",Energy XXI reported no pollution and no injuries associated with the incident.,Serious Incident,,Serious Incident,12,D,3,,,,,,,B,,
MR-6415495ECB,,,2021-09-28,07:50,2021-10-16,,6862,GILDA,,Production Operations,LIFTING DEVICE,,,,,SYN-613517,Marine Coordinator,SYN-5ad095,Production Foreman,SYN-e9a0ba,Facility Engineer,2021-11-15,SYN-982920,Facility Engineer,2022-07-09,"17. INVESTIGATION FINDINGS,
Contrac.t employee ( } removed the hatch cover to well slot 65 * and
fell approximately 23 feet through well slot, landing on a well head, and cormning to
rest on the lower well bay. Employee sustained multiple injuries from the fall to his
chest and multiple lacerations to his face and forehead. He was hospitalized for
several days and released. He is expected to return to",Employee sustained multiple injuries from the fall to his chest and multiple lacerations to his face and forehead.,,,,,,,,,,,,,,,
MR-53D315F7CE,,,2021-10-15,13:00,2021-10-23,EI,208,E,,Maintenance,LIFTING DEVICE,Loss Event,Health & Safety,Injury TLI,,SYN-0adc1c,Marine Coordinator,SYN-7f629e,HSE Advisor,SYN-e01be6,HSE Advisor,2021-11-02,SYN-5565de,Maintenance Supervisor,2022-03-08,"-
On 15 October 2021, a Contract Production Operator (CPO) was performing routine
operations. A safety meeting and JSA had been performed at 0600 for routine
production operations on the facility that day. At approximately 1300 hours, as a
squall line was moving through the area, a process alarm sounded. The CPO proceeded
from the production office to the production safety system panel on the top deck.
There he silenced the horn and saw the air compressor on the second deck had shut in.
He was proceeding from the top deck to the stairwell heading to the second deck to
check the air compressor, when a second alarm sounded. He turned around and returned
to the production safety system panel on the top deck and silenced the alarm due to
the #2 Gas Compressor shutting in. He then left the production safety system panel
towards the stairwell near the Oil Surge Tank on the top deck with his head looking
down towards the deck due to the inclement weather (rain and 20-25MPH winds), at
which time he contacted the clean out assembly (nipple and isolation valve) at the
bottom of the K-Tec control sight gauge level assembly injuring his left collar bone.
The CPO stopped work at this time and proceeded to the Production Office to inform
the Person in Charge (PIC) about the incident. At this time the PIC administered
first aid. The PIC checked the CPO for swelling and noted that there was no bleeding
around that area. The PIC administered an ice pack for swelling and applied a splint
to the CPO left arm to provide him with support of his left arm. Due to the
inclement weather the remainder of that day transportation was not available to the
CPO until the next day. At 1000 A.M. 16 October 2021 he was transported to Ankor's
Patterson base by PHI Helicopter. There he was met by an OCS Representative and
taken to Morgan City Regional Hospital where he was checked by the attending
physician. The CPO was found to have a broken collar bone on his left side.",16 October 2021 he was transported to Ankor's Patterson base by PHI Helicopter.,,,,,,,,,,,,,,,
MR-96FEE8BC48,,Serious Incident,2021-10-22,10:00,2021-11-20,EW,826,A,,Production Operations,LIFTING,Loss Event,,,,SYN-18d927,Facility Engineer,SYN-8b8fba,Production Foreman,SYN-96622f,Facility Engineer,2022-01-14,SYN-dc7532,Facility Engineer,2022-05-27,"At approximately 1140 hours on October 22, 2021, a near miss lifting incident occurred on
Ewing Banks Block 826 Platform A, Lease OCS-G 05800. The operator of record is
Fieldwood Energy LLC and contract company is Triton Dive Services.
While conducting removal of conductor pipe operations, the cable parted from an air
tugger resulting in a near miss incident. The air tugger in question was rented
through Trident Dive services from Axis Rental. The air tugger was certified to
10,000 lbs by Axis Rental on August 30, 2021. The length of conductor pipe that was to
be lifted had an estimated weight of 11,000 lbs. The rigging crew ran cable through a
series of snatch blocks creating a two-part situation that should have made the tugger
able to hoist 20,000 lbs in a vertical lift situation.
After BSEE personnel conducted an incident investigation, it was found that the ½ inch
cable that was spooled on the air tugger was certified to 2.5 tons or 5,000 lbs by
Integricert, LLC. on October 10, 2021. Because of this the air tugger was downgraded to
5,000 lbs and would only be able to handle a 10,000 lb. load in a two-part vertical
lift situation. After reading through witness statements, the rigging crew failed to
verify the cable weight limit, resulting in the cable parting. After 70 ft of
conductor pipe was cut by the diver, the air tugger operator began to lift pipe out of
the bell guides on the platform. The lift rose approximately 3 feet when the cable
parted. The conductor pipe fell back into place because it never cleared the bell
guide.",Reported as a lifting-device incident.,Serious Incident,,Serious Incident,20,D,5,,,,,,,,,
MR-A96204B5AC,,,2021-11-23,11:30,2021-11-25,MC,727,,T.O. DEEPWATER,Maintenance,LIFTING DEVICE,Loss Event,Health & Safety,Injury TLI,,SYN-f4eb38,Operations Superintendent,SYN-9113c5,Maintenance Supervisor,SYN-5603d8,Maintenance Supervisor,2022-05-10,SYN-f98e63,HSE Advisor,2023-07-19,"On November 23, 2021, at approximately 11:30, at BP E&P Inc.'s Lease OCS-G 24102,
Mississippi Canyon (MC) Block 727, an employee was injured during the unloading of
equipment from the Motor Vessel (MV) Fast Bullet to the Transocean Deepwater Horizon.
The MV experienced high seas which caused a rolling motion and the Nu-tec tool rolled
on the Injured Person's (IP's) right leg. The IP was evacuated to East Jefferson
Hospital where he received treatment for a broken leg.",The incident resulted in a lost-time accident with more than 3 days lost. The facility was evacuated.,,,,,,,,,,,,,,,"Sequence of Events:
The crew was unloading the M/V Fast Bullet using the port crane. Drilling operations
were taking place on rig floor. The crane crew was in the process of unloading
equipment from the crew boat to the rig. At the time of the incident, the crane had
been hooked to a small grocery box on the starboard side, the M/V Fast Bullet
experienced a 6-8 foot swell causing a rolling motion and causing the Nu-tec tool to
roll on the IP's right leg. The rig medic was sent to the boat and IP was stabilized
and brought up to the rig via crane. Medivac helicopter arrived at 1310 and departed
at 1340. Injury was not caused by the crane operation at the time. The Nu-tec tool
had already been unshackled in preparation for a later lift and it rolled onto IP's
foot due to boat movement in high seas."
MR-EE19EAE161,,,2022-01-05,01:30,2022-01-09,ST,177,E,,Maintenance,LIFTING DEVICE,Loss Event,Health & Safety,Injury Minor,,SYN-cee9fa,Marine Coordinator,SYN-843c44,Operations Superintendent,SYN-5812d1,Facility Engineer,2022-01-24,SYN-d70289,HSE Advisor,2022-12-21,"On January 5, 2022, the Injured Person (IP) was carrying a fire extinguisher down a
flight of stairs. The IP was using the three point method when walking down the
stairs. This means that the IP had one hand on the hand rail while the other hand was
carrying the fire extinguisher. When reaching the bottom of the stairs, the IP took a
step thinking that the he had one more stair to clear. This resulted in the IP
severely twisting his ankle at the bottom of the stairs. IP reported to the medic and
was flown into a medical facility onshore, he had x-rays taken and the physician
determined the fibula in the left leg was broken. The IP underwent surgery to repair
the broken bone and will be on restricted duty for four weeks. A pre-job safety
meeting occurred prior to the work being performed. All the hazards were addressed in
the JSA. The injured person had used all safety precautions including using the three
point method when walking down the stairs.",The incident resulted in restricted work or job transfer for 1-3 days. The facility was evacuated.,,,,,,,,,,,,,,,
MR-EA823F30EF,,Serious Incident,2022-01-08,11:38,2022-01-13,MP,298,A,,Production Operations,LIFTING,Loss Event,,,Combustion,SYN-89ef68,Operations Superintendent,SYN-7883ae,Production Foreman,SYN-e2e665,Maintenance Supervisor,2022-02-12,SYN-85414e,Operations Superintendent,2022-04-09,"At 1138 hours on 8 January 2022, a fire occurred at Main Pass (MP) 298 A located on Lease
G01315. MP 298 A is a production platform owned and operated by Cantium, LLC
(Cantium). The fire was observed in the vicinity of the Gas Compressor and Glycol
Dehydration System. The fire was extinguished by the production operator with a water
hose. The platform was shut in and remained out of service pending investigation and
verification of the equipment’s condition prior to restart. There were no personnel
injuries or pollution as a result of this incident.",Reported as a fire.,Serious Incident,,Serious Incident,12,D,3,,,,,,,,,"SEQUENCE OF EVENTS:
On 8 January 2022, at approximately 1138 hours, a small flash fire was observed by the
Cantium Production Operator during his morning rounds. The Operator was responding to
a Pressure Alarm Low (PAL) for the glycol pump when the operator observed a fire on
the top deck. The fire was observed near the Glycol Dehydration System and where the
Gas Compressor (located on the lower deck) exhaust piping penetrates through the top
deck. The Operator immediately grabbed a nearby water hose and quickly extinguished
the flame on the top deck. As he continued his inspection of the area, he noticed
another flame on the Gas Compressor exhaust piping, on the lower deck. The Operator
immediately went down to the lower level and used another water hose to extinguish the
flame on the lower deck. Once both fires were extinguished, the Operator shut down
both the Compressor and Glycol Dehydration system. The Operator then notified Cantium
management of the event and then continued to monitor and cool down the area with
water to prevent re-ignition.
Shortly after being notified of the incident, Cantium personnel arrived on location
and initiated evidence preservation and began an incident investigation. Cantium’s
investigation consisted of collecting witness statements, equipment photographs,
safety system information, operational timelines, and affected equipment
documentation.
BSEE INVESTIGATION:
On 13 January 2022, the Bureau of Safety and Environmental Enforcement (BSEE)
investigation team arrived at MP 298 to perform their investigation. The team
consisted of a New Orleans District (NOD) Accident Investigator (AI), a NOD Lead
Inspector (Lead) and an additional Investigator with the Office of Incident
Investigations (OII). The team requested and reviewed documentation of the event,
photos of the incident location, interviewed personnel on the facility, and performed
a walkthrough of the incident area as well as the rest of the facility.
Cantium’s investigation determined that glycol leaked from a failed hose connection on
one of the glycol pumps (PBA 1210/11). The glycol leaked onto solid decking, flowed
across the deck approximately 8 feet until it reached a breach in containment caused
by corrosion (pinholes). The pinholes in the deck allowed the glycol to drip onto the
gas compressor’s hot exhaust piping at the deck penetration. When the glycol contacted
the compressor’s hot exhaust piping, the glycol ignited.
As a result of reviewing the documentation provided to the investigation team, the
BSEE investigation aligned with Cantium’s Root Cause Analysis (RCA), which suggested
that a loose glycol pump hose fitting allowed glycol to leak onto the solid deck below
the pump. The glycol then “flowed” across the solid deck until it leaked through
pinholes in the containment deck and then impacted the compressor hot exhaust piping
where it ignited.
During the investigation, the Platform Operator stated that the glycol pump had been
replaced a week earlier. As such, it’s possible that the hose fittings may not have
been properly secured/ tightened after the pump was replaced. As a result of the
incident, Cantium personnel did a “blitz” inspection of their facilities to look for
similar containment deficiencies across their entire fleet. There is a Hot Work Plan
in place to correct all these containment breeches while the platform is shut in.
IN CONCLUSION:
After performing a walkthrough of the facility, and investigating the incident
location, the BSEE investigation team determined that this incident was caused by poor
containment which allowed glycol to drip through pinholes in the containment deck onto
a hot compressor exhaust on the deck below. Once the glycol came into contact with the
hot exhaust piping, the fire occurred.
BSEE recognizes that leaks from production equipment are common throughout the Gulf of
America and are experienced by all companies involved in the production of oil and
gas. The primary method of minimizing the effects of leaks is through good containment
systems beneath the equipment.
The investigation revealed that Cantium had been operating the facility with multiple
breaches in containment. As a result of this fire, Cantium has allocated additional
resources to address similar containment issues across
facilities across the gulf."
MR-EFEDC6804D,,,2022-01-31,15:30,2022-02-10,KC,918,,DIAMOND OCEAN BLACKHAWK,Maintenance,LIFTING,Loss Event,Health & Safety,,,SYN-dd3048,HSE Advisor,SYN-db6842,Marine Coordinator,SYN-96ebe0,Production Foreman,2022-03-29,SYN-de308b,Production Foreman,2022-11-27,"On 31 January 2022, a Diamond Offshore (DO) hydraulic mechanic sustained a facial
injury while changing out a Hilman roller on the blowout preventer (BOP) carrier frame
on the DO Ocean Blackhawk drillship that was conducting well operations for Anadarko
Petroleum Corporation (Anadarko) at the surface location of Keathley Canyon (KC) Block
918. The severity of the injury to DO hydraulic mechanic’s face required evacuation
from the rig for medical attention.
On 21 January 2022, a DO Toolpusher observed a corrosion-like material on the port aft
Hilman roller bushing on the blowout preventer (BOP) carrier frame track. At 1200
hours on 31 January 2022, DO held a pre-job safety meeting with the hydraulic
mechanic and two rig mechanics and used an existing Job Safety Analysis (JSA) for the
task of replacing Hilman rollers. At 1330 hours, operations to replace the port aft
Hilman roller began by removing the bolts from the Hilman roller. A 60-ton Enerpac
hydraulic jack was used to lift the BOP carrier frame approximately one foot to remove
the Hilman roller; however, the Hilman roller remained stuck to the BOP carrier frame
due to corrosion. A 25-ton Enerpac hydraulic jack was used in an attempt to free the
Hilman roller; however, the bow side of the Hilman roller remained wedged to the BOP
carrier frame. DO discovered that the 25-ton Enerpac hydraulic jack was inadequate
since it was too tall to be placed in the required position for removing the bow side
of the Hillman roller. Therefore, the 25-ton Enerpac hydraulic jack was removed and
positioned with the 60-ton Enerpac hydraulic jack for added support in securing the
BOP carrier frame to keep the BOP carrier frame from falling while the hydraulic
mechanic was working underneath the BOP carrier frame. The hydraulic mechanic then
placed a 30-ton Enerpac hydraulic jack on the bow side of the Hilman roller in order
to free it from the BOP carrier frame. With the 30-ton Enerpac hydraulic jack in
place, the hydraulic mechanic instructed one of the rig mechanics to pressure up on
the 30-ton Enerpac hydraulic jack to free the bow side of the Hilman roller. The
hydraulic mechanic observed a leak on the 30-ton Enerpac hydraulic jack and instructed
to rig mechanic that was pressuring up the hydraulic jack to “hold up”. However, the
rig mechanic misinterpreted the hydraulic mechanic’s request to “hold up” and bled off
the pressure on the 30-ton Enerpac hydraulic jack thatcaused it to fall striking and
shearing the hydraulic line fitting on an adjacent 25-ton Enerpac hydraulic jack. The
hydraulic line then broke loose from the fitting and struck the hydraulic mechanic on
the right side of his face.
The injured hydraulic mechanic reported to the Rig Medic at 1540 hours, but the Rig
Medic determined that he needed medical attention beyond first aid. The injured
hydraulic mechanic was evacuated by a medivac helicopter to the West Jefferson Medical
Center in Marrero, Louisiana where he received sutures to lacerations to the mouth and
chin and was released on the night of 31 January 2022.
BSEE made several attempts to mobilize to the DO Ocean Blackhawk to conduct an
incident investigation; however, due to several days of incident weather as well as
the helicopter having mechanical issues on 11 February 2023, BSEE was unable to
conduct an on-site investigation before the rig departed KC Block 918.","On 31 January 2022, a Diamond Offshore (DO) hydraulic mechanic sustained a facial injury while changing out a Hilman roller on the blowout preventer (BOP) carrier frame on the DO Ocean Blackhawk drillship that was conducting well operations for Anadarko Petroleum Corporation (Anadarko) at the surface location of Keathley Canyon (KC) Block 918.",,,,,,,,,,,,,,,
MR-5D6FDE3142,,Incident,2022-02-06,22:35,2022-02-20,MC,940,,T.O. DEEPWATER POSEIDON,Maintenance,LIFTING,Loss Event,Business Interruption & Cost,Equipment Damage,,SYN-910313,Production Foreman,SYN-98a7a2,Facility Engineer,SYN-eee93a,Maintenance Supervisor,2022-03-08,SYN-5634ea,Maintenance Supervisor,2022-05-18,"On February 6, 2022, Shell Offshore Inc. had an unplanned Lower Marine Riser Package
(LMRP) disconnect incident on Transocean’s Deepwater Poseidon drillship while
conducting Blowout Preventer (BOP) wet verification on the Vito VA001 well located in
Mississippi Cannon block 940, OCS-G 31534. The unplanned LMRP disconnect caused
approximately $500,000 in equipment damage with no recorded spill.
Transocean’s Drillship Deepwater Poseidon performed stack hop operations by moving the
Subsea BOP Stack from the VA002 wellbore to the VA001 wellbore. The VA001 wellbore is
part of a batch set operation with the 22” casing already installed to 8,006’ MD/ TVD.
The drill team successfully landed and latched the Subsea BOP Stack on the VA001
wellbore. The team proceeded with the BOP wet verification (stack hopping) procedure.
The team activated the Remote Operating Vehicle (ROV) Riser Connector Unlock function
and then observed the LMRP lifting off the BOP while the pod receptacles remained
energized. The team seemed to have misunderstood Step No. 21 on the BOP Wet
Verification Procedure (CG1-OPS-CSP-01-59, Rev. 15 attached). When unlocking the Riser
Connector using the ROV flying lead, there was insufficient weight applied to the
Riser Connector resulting in the separation of the LMRP and BOP once the riser
connector was in the unlatched position. The procedure states to adjust tension to
100,000 lbs of LMRP weight on the LMRP connector. Instead, the team applied 100,000
lbs weight to the BOP connector (not the LMRP connector). This step was misinterpreted
and as a result, the weight was incorrect when the LMRP connector was unlatched
allowing the tensioners to lift the LMRP off the BOP.","Reported as a collision with damage over $25,000 and damage over $25,000. Estimated property damage $500,000.",Incident,,Incident,5,E,1,,,,,,,C,,
MR-1FE966451D,,Very Serious Incident,2022-02-08,01:40,2022-03-01,EC,346,A,,Maintenance,LIFTING DEVICE,Loss Event,Business Interruption & Cost,Equipment Damage,Combustion,SYN-cd87d3,HSE Advisor,SYN-c18ba4,Operations Superintendent,SYN-92ac17,Maintenance Supervisor,2022-03-26,SYN-ae2d66,Maintenance Supervisor,2023-07-01,"On 8 February 2022, at approximately 0140 hours the platform experienced a fire alarm
and shut-in from activation of the Temperature Safety Element (TSE) loop. Prior to
the platform shut-in and activation of the fire alarm, the three night tower
Operators heard an explosion ""boom"". Upon responding to the alarm and platform shut-
in, the Operators discovered a fire on the gas driven oil Pipeline Pump #1. One
Operator remained on the production deck level and extinguished the fire that was
falling onto the oil heater treater while the other two Operators responded to the
scene of the fire at the pipeline pump skid. All non-essential personnel proceeded
to the muster station and waited for further instruction while a total of six
Operators extinguished the fire. The fire damage was confined to the #1 pipeline
pump skid and there were no reported injuries associated with this incident.
The Operators utilized eight 30# handheld fire extinguishers, one 150# wheeled unit,
and one 300# wheeled unit to extinguish the fire which lasted approximately 20
minutes. Subsequent to extinguishing the fire, the Operators monitored the area for
30 minutes then assessed the source of the oil. The Operators' assessment revealed
that a ½ inch by 4 inch long nipple on the discharge piping of the gas driven oil
pipeline pump #1 developed a crack and sprayed produced oil in the vicinity of the
engine's exhaust. The parted nipple was equipped with a ball valve and gauge which
increased the overall length of this set-up from approximately 10 to 12 inches. The
weight of the valve and gauge combined with the vibration increased the stress on the
base of the nipple and contributed to the failure.
The MMS investigation team discovered that the ½ inch nipple that failed was schedule
80. API RP 14E recommends that pipe nipples ¾ inches or smaller should be schedule
160 when used in hydrocarbon service and subject to vibration.
In addition, maintenance logs dated 2 December 2021 revealed that the Operator was
aware of the vibration issue with the pipeline pumps. Records indicated that the
Operator performed routine maintenance on both the gas driven and electric driven
pipeline pumps and associated components on an as needed basis.
Field records also indicated that oil production rates were increased from 1,900
bbls/d to 8,000 bbls/d, during the period of February 4-10, 2010 and pipeline pump
vibration increased. The Operator's log book entries indicated three separate leaks
occurred on the gas driven oil pipeline pump #2 during the period of March 7-9, 2010.
The first leak resulted from a failed sensing line, the second leak resulted from a
leaking nipple and the third occurred from a broken pipe. On 6 February 2022 the
Operator's log book states ""see a trend starting with #2"". On 8 February 2022, the day
of the fire, the oil production rate was 8,000 bbls.
Subsequent to the fire incident, the Lessee conducted a vibration study on the oil
pumping system. The study revealed design flaws that caused excessive vibration with
the pumping system. Recommendations to reduce the vibration were presented to the
Operator. The Operator made necessary modifications which reduced the vibration and
the facility was allowed to resume production.","Reported as a fire, an explosion and damage over $25,000. Personnel were mustered. Estimated property damage $440,000.",Very Serious Incident,,Very Serious Incident,25,E,5,,,,,,,C,,
MR-E547FE328C,,,2022-02-26,14:55,2022-03-11,WC,544,­ A,,Production Operations,LIFTING DEVICE,Loss Event,Health & Safety,Injury TLI,,SYN-217b72,Operations Superintendent,SYN-2c04a6,Operations Superintendent,SYN-9def9b,Facility Engineer,2022-04-28,SYN-8c6564,Production Foreman,2022-11-23,"-
On February 26, 2022, during routine sand blast and paint operations, an incident
occurred at approximately 3:00pm on Arena Offshore's West Cameron 544-A facility. At
the time of the incident, witnesses heard a loud pop and were all instructed by the
platform's person in charge (PIC) to assemble under the heliport on the top deck.
During this time, it was apparent the sand hopper had a failure due to the sand and
air escaping from the unit which alerted one of the blast and paint crew members to
respond to the air compressor supplying the sand hopper by closing the ball valve to
the supply line, as well as shutting down the unit. Also, they discovered an injured
person (IP) along the walkway adjacent to the sand hopper. Upon assessing the IP's
condition the PIC immediately made phone calls to initiate an emergency response
which involved an Air Med Helicopter to fly offshore and transport the IP to the
hospital. The Air Med Helicopter arrived on location at 4:20pm and once the
Paramedic checked the IP's condition, the crew members loaded him onto a stokes
litter and lifted him with the platform's crane up onto the heliport. The IP was then
transported to a trauma facility in Galveston, Texas. The initial report from his
employer stated that he was in stable condition but had sustained a significant
amount of injuries including: several cuts on the back of his head, damage to two of
his fingers, breaks on his mandible jaw line, broken teeth along with some missing,
and a small fracture on his pelvic area.
On March 1, 2022, the BSEE Lake Charles District conducted an onsite investigation
into this incident. At this time the inspectors requested to see the company's
required Best Management Practices (BMP) Plan for blast and paint operations and they
were unable to produce the document. Additionally, the platform operator indicated
there was not any sort of formal on-site equipment inspection performed prior to
start-up. Upon BSEE's inspection of the sand hopper it was determined that the top
hatch lid had dislodged from the hopper, was deflected by the upper rack assembly,
and then struck the IP as he was along a nearby walkway. The normal operating
pressure of the hopper is approximately one hundred twenty five pounds per square
inch. The lid is ten inches in diameter and was originally fastened to the hopper via
four bolt/cam-lock type fasteners. It was discovered that the bolt threads
associated with the cam-lock fasteners were in poor condition and numerous flattened
as well as stripped threads were identified. It appeared that, as the threads were
worn down on the bolt, washers would be added in order for the nut to obtain a
gripping surface. Inconsistencies were noted with regards to both the number of
washers (one bolt had a single washer and one had five washers in place) and the type
of nuts used to secure the lid in place. Moreover, two of the four nuts were
completely missing and one of the two remaining nuts was the wrong type for the
application. This was an indication that two of the fastener's nuts slipped off the
threads allowing the lid to blow off the hopper. The BSEE was unable to determine
the number of washers and the type of nuts utilized on the two bolts that the failure
occurred.
On November 12, 2021 a ""Sand Hopper Pre Job Check List"" was completed prior to sending
the equipment offshore; however, this inspection failed to identify the poor
condition of the bolt threads. The third party blast and paint company's pre-
job/start up procedure states the ""crew will make walk thru to check all equipment
associated with blasting operations, to ensure equipment is in good, safe working
condition."" Additionally, their ""Filling Sand Hopper Safe Work Practices"" procedure
states to ""replace top hatch to proper position, check cam locks, and bolts/nuts.""
Furthermore, their written checklist ""Pressurizing Sand Hopper Safe Work
Practices/Checklist"" states to ""Inspect bolts on hatches for tightness and wear
daily. When lid is re-installed, ensure lid is on correctly and cam locks are re-
secured evenly."" These guidelines, if followed, should have identified the poor
condition of the bolts and fastening components, triggered stop work, and thus
eliminated the failure that occurred.
On March 26, 2022, the BSEE Lake Charles District witnessed a third party test
being performed on the original site equipment, and the results concluded
overpressure was not a contributing factor to the top hatch lid failure.","The initial report from his employer stated that he was in stable condition but had sustained a significant amount of injuries including: several cuts on the back of his head, damage to two of his fingers, breaks on his mandible jaw line, broken teeth along with some missing, and a small fracture on his pelvic area.",,,,,,,,,,,,,,,
MR-3F06C24828,,Very Serious Incident,2022-03-01,11:00,2022-03-10,WD,62,A,,Production Operations,,Loss Event,Health & Safety,,Combustion,SYN-90e996,Maintenance Supervisor,SYN-491718,Facility Engineer,SYN-c364c0,Maintenance Supervisor,2022-08-13,SYN-01b3b8,Marine Coordinator,2022-06-30,"On June 24th a third party contractors were performing handrail repair on Stone
Energy's West Delta 62A facility. During this activity the Oxy/Acetylene torch would
not stay lit. A rigger was sent to adjust the amount of oxygen supplied to the
torch. When the rigger began to adjust the flow on the regulator it exploded causing
injury to the rigger's right hand.
Findings:
The oxygen regulator malfunction was a result of oil/grease contamination to the
internal components of the device.
Contamination was due to improper storage and handling of the device.
Further investigation revealed the regulator was a type that is not used by the
contractor and date of manufacture was 1958.",The incident resulted in an injury recorded without a severity code. Reported as an explosion.,Very Serious Incident,,Very Serious Incident,25,E,5,,,,,,,,,
MR-DDB0AD4890,,Incident,2022-03-07,09:00,2022-04-21,HI,582,C,,Maintenance,LIFTING,Loss Event,Environment & Reputation,Loss of Containment,,SYN-f88d74,Maintenance Supervisor,SYN-0ea862,Production Foreman,SYN-92aaec,Operations Superintendent,2022-05-11,SYN-3616ec,Marine Coordinator,2023-03-13,"On March 7, 2022, at 08:10 hours, two (2) Bureau of Safety and Environmental
Enforcement (BSEE) Lake Jackson District Inspectors were flying enroute to EB 165 when
they noticed a sheen approximately 30 yards by 200 yards in the Gulf of Mexico (GOM)
waters coming from Cox Operating (COX), High Island (HI) A 582 C.
The","Reported as a pollution release. The facility was evacuated. Estimated property damage $5,000.",Incident,,Incident,6,C,2,,,C,,,,A,,
MR-49F3A78598,,Serious Incident,2022-03-09,01:30,2022-03-12,WR,29,A-Big Foot,,Well Services,LIFTING,Loss Event,Business Interruption & Cost,Equipment Damage,Combustion,SYN-103d0a,Operations Superintendent,SYN-63a07c,HSE Advisor,SYN-547307,Marine Coordinator,2022-03-20,SYN-694be1,Production Foreman,2022-10-24,"At approximately 0130 hours on March 9, 2022, an incident occurred on the OCS-G 16942,
Walker Ridge 29A facility (Big Foot). The operator of record is Chevron U.S.A. Inc.
The facility is located 120 miles from shore in 5185 feet of water.
In the early morning hours of July 26th, a worker witnessed a fire ignite in the skid
of a rental oil filtration unit on the North side of the production deck. According to
the witness, the fire was approximately 10 feet high by 10 feet wide with heavy black
smoke. The witness alerted everyone in the area of the fire as another employee
announced the fire to the entire platform on the Gai-Tronics system. Another worker
manned a handheld fire extinguisher, simultaneously, two other employees utilized an
Aqueous Film Forming Foam (AFFF) unit and attempted to extinguish the flames.
According to multiple witnesses, ""the fire was put out temporarily"" but ""lit back up""
after a few seconds. The flames were again extinguished by the worker with the AFFF
unit. After the fire was extinguished, a worker continued to spray the area with the
firewater hose for approximately 30 minutes. According to witness statements, the fire
lasted only a few minutes. During the incident, the General Alarm was sounded and all
personnel mustered to their assigned stations until the all clear signal was given. No
injuries to personnel were reported during the incident.
BSEE inspectors arrived at the platform later that morning to begin the incident
investigation. Pictures and witness statements were taken as well as a survey of the
damages at the site of the incident.
Based on the information obtained during the",No injuries to personnel were reported during the incident.,Serious Incident,,Serious Incident,12,D,3,,,,,,,D,,
MR-29A9D9DEE5,,Incident,2022-03-14,10:00,2022-04-15,AC,857,A(Perdido),H&P 205,Maintenance,LIFTING,Loss Event,Environment & Reputation,Loss of Containment,,SYN-e0060f,Production Foreman,SYN-db8e34,Production Foreman,SYN-d8cea7,Facility Engineer,2022-04-25,SYN-8666cc,Production Foreman,2022-11-29,"On 14 March 2022, at approximately 10:00 hours, an unplanned release of 65 barrels
of Synthetic Based Mud (SBM) occurred at Shell Offshore Inc.’s (Shell) Outer
Continental Shelf G-17585, Alaminos Canyon Block 857, Helmerich & Payne (H&P) 205
Platform Rig.
On 14 March 2022, at approximately 09:10 hours, following a discussion between the
Drilling Crew and the Mud Engineer about the need to reconstitute the SBM, the Pit-hand
began preparing to roll the contents of the auxiliary mud tanks (4 total). The Pit-
hand and a Roustabout assigned to assist in completing the task performed a pre job
safety meeting which included reviewing a Job Safety Analysis (JSA) for this specific
task. The Pit-hand was positioned on the main deck at the control panel for the
auxiliary mud tanks, and the Roustabout was positioned on the top level of the
auxiliary mud tanks to confirm mud returns to the selected tank. After completing the
reconditioning of the auxiliary mud tank #1, the Pit-hand lined up the valves, which
should have consisted of opening the suction and discharge valves on auxiliary mud
tank #2 and closing the suction and discharge valves on auxiliary mud tank #1 and
activating the transfer pump. Upon rolling the contents of auxiliary mud tank #1, the
Pit-hand turned off the transfer pump and simultaneously began closing valves on
auxiliary mud tank #1. The transfer pump was then aligned to auxiliary mud tank #2 in
preparation of rolling the contained SBM. During the process of lining up on
auxiliary mud tank #2, the air control for the discharge valve located on the
auxiliary mud tank control panel malfunctioned and did not open the valve. The Pit-
hand went to the top of auxiliary mud tank #2 and manually opened the discharge valve.
The Pit-hand then returned to the auxiliary mud tank control panel and began rolling
auxiliary mud tank #2. The Roustabout confirmed SBM returns coming into the auxiliary
mud tank #2. After approximately three minutes of rolling auxiliary mud tank #2, the
Assistant Driller (AD) was alerted to a high-level alarm and noticed a gain in
auxiliary mud tank #2. The AD called the Pit-hand to “all stop” due to gains
identified in auxiliary mud tank #2. The Pit-hand stopped the transfer pump and began
investigating source of the gains. At approximately the same time, the Production
Control Room Operator for the platform notified the rig floor of a high-level alarm in
the drilling sump oil compartment. The Pit-hand identified the cause of the gain to be
the suction valve on auxiliary mud tank #1, which was accidentally left in the open
position instead of in the closed position. This allowed the fluid to be pumped from
both auxiliary mud tank #1 and auxiliary mud tank #2 back into only the auxiliary mud
tank #2. The excess fluid was approximately 119 barrels which went to the overflow
line and flowed into the drilling sump. The auxiliary mud tanks #1 and #2’s overflow
alarm failed to function. The AD notified the Tool-Pusher (TP) of the tank volumes,
and the current volume was 119 barrels lower than when they started rolling auxiliary
mud tank #2. The TP instructed the AD to measure the fluid levels in the drilling sump
(strap the tanks). After measuring the fluid level in the drilling sump which now
contained 54 barrels of SBM, it was estimated that 65 barrels of SBM was released into
the Gulf of Mexico. The discharge path was through the drilling sump and out the
cuttings chute discharge point located 515 feet below the water surface. Personnel
were dispatched to survey around the platform, but no sheens were observed.
At 13:20 hours, a rig-based investigation was initiated by the Lessee.
The rig-based investigation team consisted of the following rig personnel.
1. H&P Rig Manager
2. Shell Drilling Foreman
3. Shell Production Health, Safety, and Environment
4. H&P Health, Safety, and Environment Specialist
5. Safety Paramedic
The rig-based investigation identified the need to
items.
Specialist
institute the following action
1. Update all fluid transfer JSAs to include
person verification of valve alignment.
2. Update all fluid transfer JSAs to include
job step sequence for performing the two-
in the job step for aligning the valves
to read “Align transfer valves for tank and pit as per the rig specific transfer
procedure.”
3. Identify and update the rig specific transfer book to include procedures for
rolling each specific tank, pit, and pump.
4. Rig leadership will set expectations for Derrickman
alignment verification.
5. Troubleshoot and repair audible alarm system on the
6. Research and install visual level indicators either
the valve control panel.",Reported as a pollution release.,Incident,,Incident,8,D,2,,,C,,,,,,
MR-2FFEB579D1,,Serious Incident,2022-04-05,17:40,2022-04-09,MC,809,,NOBLE GLOBETROTTER II,Maintenance,LIFTING,Loss Event,Health & Safety,Injury TLI,,SYN-b9f39a,Production Foreman,SYN-ab3017,Marine Coordinator,SYN-bfa738,Marine Coordinator,2022-06-09,SYN-fccf28,Marine Coordinator,2022-05-20,"The Noble Globetrotter II Drillship was conducting Temporary Abandonment (TA)
operations in Mississippi Canyon (MC) Block 809. The Drill crew unlatched the Lower
Marine Riser Package (LMRP) from the Blowout Preventer (BOP) connected to the P012
well and tried to “drift and pull riser to evade” Hurricane Ida. The Drillship, with
115 Personnel onboard (POB), was unsuccessful in their evacuation attempt and
sustained over 100 mph Hurricane force winds and high/rough seas for several hours.
The incident resulted in a Pollution event, Loss Time Injury, vessel damage, equipment
damage, and loss of 11 marine riser joints and LMRP.
OPERATOR’S INITIAL “STATUS” REPORT TO BSEE
On Sunday April 5, 2022, a Shell Offshore Inc. (Shell) representative on-board the
Drillship sent an email to the BSEE New Orleans District after hours engineer
reporting “what we currently know” about current conditions;
1. 3 injuries requiring First Aid treatment
2. Well was TA’d as verbally approved and LMRP was unlatched and suspended below the
rotary – the Rig lost electrical communication with the LMRP ~03:00 am.
3. There is marine debris but no inventory available as the conditions remain too high
to assess.
On Monday April 6, 2022, members of the BSEE Lafayette District Well Operations
Section called the same Shell Representative for a status update. The following
summarizes what was reported:
1. The well is currently secured with an RTTS packer
Out Preventer (SSBOP) was left on the well the Blind
locked.
2. Riser was displaced on 8-27-21 at 0630
3. LMRP was unlatched and the NGT II made it to safe
Problems encountered while removing riser bolts.
4. Pulling riser until 8-28-21, decision made to
riser joints and the LMRP.
set and tested. The Sub-Sea Blow
Sheer Rams (BSRs) closed and
zone and began to pull riser.
stop pulling riser and hang off 12
5. Trying to evade Hurricane Ida 0.5 knots, increased speed to 3.0 knots and the NGT
II was losing ground against the winds/waves.
6. On 8-29-21 at 0130 NGT II was being pulled back towards Hurricane Ida and thought
they may have lost the LMRP and riser at that time.
7. Currently cofferdam around moon pool has water and will be checked for damage.
8. Rig is located in a safe area, MC 422 and remain here to access all damage.","The incident resulted in a lost-time accident with more than 3 days lost. Reported as a pollution release, structural damage and damage over $25,000. Estimated property damage $1,000,000.",Serious Incident,,Serious Incident,15,E,3,,,C,,,,D,,
MR-9B1F5677D4,,Incident,2022-04-07,13:32,2022-04-16,GC,787,A (Atlantis),,Production Operations,LIFTING DEVICE,Loss Event,,,Gas/Vapour Release,SYN-20d921,Operations Superintendent,SYN-fdefea,Maintenance Supervisor,SYN-7212c8,Marine Coordinator,2022-05-18,SYN-c02554,Operations Superintendent,2022-09-26,"While performing inspections on the lower level, a Facility Operator (FO) heard what
sounded like gas escaping at 1331 hours. The FO then observed a gas cloud
(approximately 25' wide x 15' high) at the sales gas skid, when two Line of Sight
(LOS) gas detectors activated at 1332 hours. The FO then activated the manual push
button to initiate a facility ESD/blow-down, all personnel mustered accordingly and
the fire team was placed on standby until blow-down (approximately 10 MCF) was
sufficient to evaluate the area. A plan to isolate and complete pressure bleed-off of
the sales gas meter run was established and implemented. The situation was declared
safe and all personnel stood down with the facility secured at 1457 hours.
The investigation revealed that the gas release resulted from a failed Teflon O-ring
seal between the mated flanges of two flange-type instrumentation manifold assemblies
for the riser gas lift buy-back meter.
Facility personnel have limited knowledge of maintenance procedures for this assembly
because the subject equipment is owned and maintained by a third-party gas pipeline
company (Enbridge). There were no written procedures available from the pipeline
representatives for installing and inspecting the flange-type instrumentation
manifold assembly. There is no documented preventive maintenance or routine equipment
inspection by the third-party owner of these assemblies.",Reported as a shutdown following a gas release. Personnel were mustered.,Incident,,Incident,8,D,2,,,,,,,,,
MR-4FB2365ADD,,,2022-04-16,05:30,2022-04-27,GB,216,,T.O. DISCOVERER,Marine & Logistics,LIFTING,Loss Event,Health & Safety,Injury Minor,,SYN-b5d0ea,Marine Coordinator,SYN-1ffce6,Marine Coordinator,SYN-e9cb64,Marine Coordinator,2022-05-22,SYN-59a3b6,Facility Engineer,2022-08-03,"At 2145 hours on 16 April 2022, the Injured Party (IP), a SUBC USA, LLC (SUBC)
technician who was a third-party contractor, sustained an injury to his left-hand.
The IP’s left-hand injury occurred during blowout preventer (BOP) soak testing on-
board the Transocean (TO) Discoverer Inspiration drillship that was conducting well
abandonment operations for Hess Corporation (Hess) at Garden Banks Block 216. The IP
reported to the Rig Medic for an evaluation and treatment. On 17 April 2022, the IP was
evacuated from the drillship for medical treatment and required surgery to his left-
hand to remove debris and injected BOP fluid.","Incident Summary: At 2145 hours on 16 April 2022, the Injured Party (IP), a SUBC USA, LLC (SUBC) technician who was a third-party contractor, sustained an injury to his left-hand.",,,,,,,,,,,,,A,,"Sequence of Events:
On 16 April 2022, TO was conducting BOP No.2 soak testing in the BOP well testing area
located by the lower marine riser package. Earlier in the day, the TO Senior Subsea
Engineer discovered a leak on the BOP No.2 Yellow Pod hot stab line. The IP came on
duty starting at 1800 hours to replace personnel that were in the process of repairing
the BOP No.2 Yellow Pod hot stab line leak. At 2130 hours, the IP met and was
instructed by the TO Subsea Superintendent to conduct a pre-job inspection and to
identify the proper tools to repair the ongoing leaking BOP No.2 Yellow Pod hot stab
line. The IP went up to the BOP soak testing area for the pre-job inspection and
determined that he needed to move a 0.5-inch false hotline hose with BOP fluid
containing 5000 psi of pressure to access the leaking BOP No. 2 Yellow Pod hot stab
line. When the IP moved the 5000 psi pressurized 0.5-inch false hotline hose with his
left-hand, the hose ruptured at the location where he placed his hand on the hose
causing a laceration and injection of BOP fluid into his left-hand thumb and index
finger areas. BOP No.2 soak testing operations were immediately suspended. TO
Supervisors mobilized to the incident scene, collected any evidence, interviewed
witnesses, and held a safety stand down with all personnel. The IP reported to the Rig
Medic for treatment and was evacuated by medevac helicopter at 0104 hours on 20 May
2022, for a medical evaluation by an onshore physician. The physician determined that
the IP would require surgery on his left hand to remove debris and injected BOP fluid.
BSEE Investigation:
On 23 April 2022, a Bureau of Safety and Environmental Enforcement (BSEE) Lafayette
District Investigation Team mobilized to the TO Inspiration drillship and conducted an
onsite Incident Follow-up Investigation. Hess and TO representatives briefed the BSEE
Investigation Team on the incident and the team collected any available information
pertaining to the incident. TO reported to BSEE that they did not observe any visible
signs of wear and tear on the exterior of the 0.5-inch false hotline hose prior to the
hose rupture and that TO had sent the 0.5-inch false hotline hose to the manufacturer
for a failure analysis evaluation. Hess informed BSEE that TO’s incident investigation
is on-going, and that Hess will submit the final investigation report to BSEE when
completed. BSEE gathered all available documentation including: 1) the Hess Initial
Incident Notification Report; 2) the Hess Synergi Life Report (EHS Incident-Accident
Report); 3) the TO Quick Share Report; 4) Photographs provided by Hess and TO; 5) a
diagram that contained photographs that depicted the IP and the 0.5-inch false hotline
hose locations at the time of the incident; 6) the TO General Work Permit in use at
the time of the incident; 7) the IP’s recorded statement; 8) the IP’s training
records; 9) witness statements; 10) the TO BOP Soak Test Procedure; and 11) the
manufacturers Polyflex 2300 Series hose specifications for the type of hose that
ruptured during the incident. BSEE inspected and photo-documented the incident scene
and observed that TO was in the process of installing protective cover sleeves over
the green polyflex hoses and were re-routing the BOP lines as corrective actions to
prevent another incident of this nature.
On 28 May 2022, Hess informed BSEE that a failure analysis evaluation for the 0.5-
false hotline hose was being conducted by the manufacturer, located in Stafford, Texas
(TX). On 8 June 2022, Hess informed BSEE
that the manufacturer's facility located in Stafford, TX was unable to determine the
root cause for the hose rupture; therefore, the 0.5-inch false hotline hose was shipped
to the manufacturer's headquarters located in Ravenna, Ohio. On 7 July 2022, Hess
submitted to BSEE the manufacturer's Hose Engineering Analysis Report which suggested
that the 0.5-inch false hotline hose ruptured due to a combination of factors
including: breaching of the green thermoplastic hose that was most likely due to
internal broken wires; the internal broken wires exhibited signs of excessive corrosion
with pitting and scaling oxidation; blisters/bulges were observed on the green
thermoplastic hose cover; and the layline was unreadable. The layline is the
information printed along the length of the hose and contains important information
about the hose's properties including the trade name, size, working pressure, rating,
and other pertinent information. In addition, the manufacturer reported that they
observed multiple scratches and gouges along the entire length of the green
thermoplastic hose cover. On 22 August 2015, the manufacturer had issued Safety
Bulletin 4400-B.1 that specified in Section 5.0 “Hose and Fitting Maintenance and
Replacement Instructions” that the hose life span may be reduced without a continuing
maintenance program and gave other essential requirements. The manufacturer listed the
following conditions during a visual inspection that requires an immediate shut down
and/or replacement of the hose: 1) damaged, cracked, cut, or abraded hose cover; 2)
blistered, soft, degraded, or loose hose cover; and 3) kinked, crushed, flattened, or
twisted hose. Section 5.4 describes the functional test and avoiding hazardous areas
when testing. Section 5.5 discusses hose replacement intervals. Section 5.6 describes
hose inspection and failure. The manufacturer recommended that the Safety Guide should
be reviewed in the event that the hoses are used in operations similar in nature. TO
did not mentioned to BSEE during the investigation that they were following the
maintenance and replacement recommendations as stated in the manufacturer's Safety
Bulletin 4400-B.1.
On 26 August 2022, BSEE received from Hess TO’s Inspection and Maintenance of
Hydraulic Hoses Procedure (BPR-HOSE-003), but TO reported to BSEE that they do not have
any specific maintenance records for the ruptured 0.5-inch false hotline hose. Hess
also submitted to BSEE: 1) TO’s Hose Standard (HQS-TCS-EST-HOSE-003) that provides
guidance for managing hoses and 2) TO’s Energy Sources Standard (HQS) that ensures
controls are in place to prevent incidents while working around energy sources. Also,
on 26 August 2022, Hess reported to BSEE that the IP was wearing gloves at the time
of the incident, but that the type of gloves that the IP was wearing is unknown.
The BSEE Incident Investigation Team determined that the incident was due to human
error, improper hand placement, since the IP placed his left-hand on a 5000 psi
pressurized 0.5-inch false hotline hose to move in order to access the BOP No.2 Yellow
Pod hot stab line and to equipment failure, ruptured hose. BSEE reviewed the
manufacturer's Hose Engineering Analysis Report and based on their findings, the 0.5-
inch false hotline hose may have ruptured due to a combination of factors that the
manufacturer identified including breaching of the green thermoplastic hose caused by
internal broken wires and excessive corrosion on the broken internal hose wires with
pitting and scaling oxidation. BSEE also determined that the following factors
contributed to this incident including: 1) TO’s General Work Permit and the Hazard
Identification Prompt card failed to address the risks or hazards associated with
moving pressurized BOP fluid lines; 2) the TO BOP Soak Test Procedure did not mention
the risk of having to move pressurized hoses when needed to access leaking BOP Pod hot
stab lines; 3) insufficient hose inspection and maintenance programs; and 4)
insufficient communication since TO failed to notify personnel of the dangers and
hazards or install warning barriers when working around energy sources such as high
pressurized lines."
MR-2049591B8C,,,2022-04-21,19:30,2022-04-27,SS,114,L,,Production Operations,Crane Failure,,,,,,,SYN-f1bbad,Maintenance Supervisor,,,,,,,"A Crane accident occurred on April 21, 2022 on Platform L at 0700 hours while lifting
a small portable pressure washer from the top production deck. The Crane Operator had
the boom at approximately a 45 to 60 degree angle at the start of the lift. After
hoisting the load about one foot off the deck, he began to boom up as part of the
lifting procedure. Almost immediately there was a loud noise and the pressure washer
(load) swung toward the Crane's base. The boom fell backward until it came to rest
horizontally upside down behind the pedestal over the edge of the platform. The
cylinder rod was pulled out of the cylinder and all end plate bolts were severed.
There were no injuries and no pollution as a result of this crane accident.",There were no injuries and no pollution as a result of this crane accident.,,,,,,,,,,,,,C,,
MR-55DCBB976D,,,2022-04-23,19:50,2022-04-29,,,D,,Construction,LIFTING DEVICE,,,,,SYN-2c962e,Facility Engineer,SYN-a556aa,Maintenance Supervisor,SYN-d445fb,Production Foreman,2022-05-30,SYN-fdef46,HSE Advisor,2022-07-01,"At the time of the incident, construction personnel were repairing the platform's
flare boom stairs on the top deck. Prior to the operations to repair the stairs, all
personnel involved attended the job review and signed the Job Safety Analysis (JSA).
Tarps were positioned and wet down on the top deck where hot work procedures were
initiated. During the cutting operations, some of the slag was carried by water to
the second deck below and ignited a small amount of condensate. The deck's water and
condensate mixture covered an area of approximately 4'x 4', with the condensate
originating from a packing leak in the T-103 condensate pump. The condensate pump,
however, was not operating at the time of the incident.
The fire watch personnel observed smoke coming from the second deck, alerted all
personnel, proceeded to the deck below with a 30 pound fire extinguisher and
extinguished the fire within 30 seconds. The total response time of the fire watch
personnel was approximately 5 minutes from when the fire was observed to when the
fire was extinguished. The fire watch remained on location for an additional 1 ½
hours in case of another ignition. The fire resulted in only melting the outer casing
of the CLX electrical cable on the cable raceway to the condensate pump. There were
no injuries or pollution as a result of the incident.",There were no injuries or pollution as a result of the incident.,,,,,,,,,,,,,A,,
MR-493E177265,,,2022-05-02,09:00,2022-05-16,EI,364,A,,Drilling,LIFTING DEVICE,Loss Event,Health & Safety,Injury TLI,,SYN-5e512c,HSE Advisor,SYN-d4d958,Operations Superintendent,SYN-83bb88,Maintenance Supervisor,2022-09-25,SYN-6a2c56,Operations Superintendent,2022-09-29,"On 2 May 2022 at approximately 0830 hours, a contract employee (CE) was injured
while cleaning the level safety high/low sensors inside the Clean/Flush tank on the
water maker. The CE was making his rounds when he noticed that slime had formed on
the level sensors inside of the Clean/Flush tank. After the CE had cleaned the level
safety high from outside the tank, he proceeded to reach inside the tank with a water
hose to clean the level safety low sensor in the lower portion of the tank. As the CE
lowered the water hose into the tank, he received an electrical shock. Prior to any
maintenance performed on the water maker, El Paso's Energy Isolation Policy on lock
out procedures should have been addressed. The 5 amp breaker connected to the water
maker could have prevented the shock but failed to trip due to a malfunction on the
electrical system. The control panel switches should have also been placed in the off
position as per the manufacturer's recommendations. The CE was able to remove his
hand from the tank and distance himself from any further electrical shock. The CE
experienced pain and became disoriented causing him to lie on the grating. The
Person-in-Charge (PIC) stated he witnessed the incident and the CE seemed to be in
pain and or discomfort and seemed to be disoriented. The CE was flown to the ERA base
in Cameron, La and escorted to medical facility in Jennings, La. The CE was examined
by medical personnel and prescribed pain medication before being released to full
duty.","The CE was flown to the ERA base in Cameron, La and escorted to medical facility in Jennings, La.",,,,,,,,,,,,,,,
MR-DB5C761307,,,2022-05-11,08:20,2022-05-15,HI,197,CAIS.#1,,Production Operations,Near Miss,,,,,SYN-12edfa,HSE Advisor,SYN-b61dab,Marine Coordinator,SYN-31e998,Facility Engineer,2022-06-03,SYN-c41c13,HSE Advisor,2023-05-07,"At approximately 0820 hrs on May 11, 2022, a section of the mouse hole fell from the
TODCO 152 Rig onto the platform. A 27 ft. section of 9-5/8"" mouse hole broke off and
fell, first striking the bladder housing of the master pneumatic surface safety valve
which spun the bladder housing 180 degrees. The pipe continued on thru the grating
of the production tree deck striking the casing gauge and the SCSSV tubing. The
production foreman on Spinnaker's HI 197 production platform called the ""THE 152""
drilling rig to inform them that a piece of pipe had fallen from the drilling rig,
hit a well, and shut in the production platform. At this instance no one was working
with any kind of pipe; the drilling rig was changing out their TOP DRIVE and was
unaware that anything had fallen. At around 0800 hrs, the mouse hole was used to
break out a TIW valve, which may have initiated the chain of events leading to the
production platform being shut in.
Subsequently, between 4-5 gals of hydraulic fluid leaked from the control line
draining the reservoir. This ultimately led to all of the down-hole safety valves
closing & shutting in the production at around 0820 hrs.",,,,,,,,,,,,,,,,
MR-97F31270BF,,,2022-05-22,13:01,2022-06-30,EI,361,A,,Construction,LIFTING DEVICE,,,,,SYN-43954a,Marine Coordinator,SYN-733953,Maintenance Supervisor,SYN-6fdbb3,HSE Advisor,2022-07-20,SYN-ee8f0a,Facility Engineer,2022-08-03,"-
At approximately 1300 hours on 3 April 2012, an incident involving two cranes
occurred onboard the Ensco 68 Mobile Offshore Drilling Unit (MODU) jack-up rig
located at Eugene Island Block 361 under contract by Chevron U.S.A. Inc. (Chevron). A
transport basket with a 42,000 pound (lb) load consisting of a PS2 top drive gear box
assembly needed repositioning from the port-side to the center of the main deck. Due
to the location of the load and given that the load was determined to be too heavy
for the boom angle required to re-position the lift with a single crane. It was
decided that both cranes would be needed to simultaneously reposition the load. A
person authorized to ""Act as a Banksman"" was assigned to coordinate and direct crane
operations. When the Starboard-side and Port-side cranes were
attempting to reposition the load, the Port-crane boom line was severed by the
Starboard-side crane boom tip. When the Port Crane line was severed, the load
remained supported by the Starboard Crane with sufficient boom angle to successfully
lower it to the main deck's designated position. The damage was to the 4-part load
line and no personnel were injured during this incident.",,,,,,,,,,,,,,A,,
MR-6B4F28897E,,,2022-06-18,12:00,2022-06-24,PL,12,F,,Well Services,,Loss Event,,,Other,SYN-3b50ae,Operations Superintendent,SYN-d2a697,Maintenance Supervisor,SYN-01fad4,Maintenance Supervisor,2022-08-11,SYN-93d740,Operations Superintendent,2022-12-24,"The Vessel Master stated he had just completed picking up his last anchor near
Platform F (3/4 to 1 mile away) and started to get under way to the next location.
The Pilot then left the controls to turn off the bow lights and upon looking up after
turning off the bow light, he noted that Platform F was approximately 25 feet off of
the vessel's port bow. He went back to the controls and attempted to maneuver the
vessel to clear the F platform. The port side of the vessel impacted the platform.
The lease operator stated that due to storm damage, that the platforms lights were
not working.","Reported as a collision. Estimated property damage $50,000.",,,,,D,,,,,,,,B,,
MR-B4718C00B5,,,2022-06-19,16:15,2022-06-28,MC,736,­ A(Thunder Hawk),,Drilling,LIFTING DEVICE,Loss Event,Business Interruption & Cost,Equipment Damage,,SYN-9c9ef4,Maintenance Supervisor,SYN-2d2509,HSE Advisor,SYN-932d5e,HSE Advisor,2022-07-13,SYN-06337a,Maintenance Supervisor,2023-02-15,"-
1. On June 19, 2022 at 1615 hrs on Murphy Exploration & Production Company's MC 736 A
Platform, an incident occurred that resulted in $50,000+ property damages during the
installation of the West section of the Gas Lift Mezzanine Deck.
2. While the construction crew was in the process of positioning the West Gas Lift
Mezzanine (6,500 pounds) deck into position with the use of temporary overhead chain
falls lifting equipment, beam clamps, slings, and rolling scaffoldings, the lift
shifted (after removing a beam) causing the load to jam between the existing high
pressure (1300 psi) gas lift piping and a 4"" isolation valve.
3. The investigation revealed that the specific placement of the lifting equipment
was not followed as required by engineering designs; this resulted in the hoisting
and traveling of the load to veer from the planned lift path and elevation. Also, the
crew did not utilize a hold back hoist and tag lines as planned to assist in
direction and controlling the load. In addition, the pre-fabricated stabbing guides
for the lift deck legs were not used as planned. Furthermore, the lifting and
positioning of the Gas Lift Mezzanine over high pressure piping using temporary
hoisting and rolling scaffolding was not documented as a critical lift with the
potential to be a major event.
4. Attempts to unjam the lift caused the gas lift piping to bow/bend and create a
5/16"" gouge in the isolation valve body. The crew continued to attempt to unjam the
deck by cold-cutting the u-clamps that secured the high pressure piping in place
without isolating and bleeding down the 1300 psi pressure. During that time, the
platform Offshore Installation Manager (OIM), performing a platform walk through,
observed the operation and then promptly ""Stopped the Job"". The crew did not use
their stop work authority as the incident developed. 3rd Party Risk Assessment
Analysis performed prior to the mezzanine decks installation did not adequately
identify the hazards of making the lift over high pressure gas piping.
5. Platform management and Safety Training Supervisor (STS) were notified. Platform
operators secured the area, shut in the affected gas lift wells (#2, #5, #6), and
bled the pressure to zero inside the 4"" high pressure gas piping. A safety stand
down was called and then a Job Safety Analysis (JSA) was developed for a plan of
action. Then the construction crew cut off the jammed leg of the mezzanine deck
freeing it from the piping, and then moved the deck closer to the designated
position. The deck was then secured and the work shut down for the day. There were
no reported injuries to personnel or hydrocarbon releases to the environment. Prior
to the start of the East and West Mezzanine Deck installations, it was reported that
there was a Hazard Incident Review Analysis (HIRA) Meeting with management to review
and discuss procedures and the concerns of whether to shut in or not shut in the high
pressure gas piping. It was reported to have been
was made not to shut in piping and the 3 affected","Reported as damage over $25,000.",,,,,,,,,,,,,,,
MR-486CEFA1F7,,,2022-07-11,19:00,2022-08-01,MC,782,,ENSCO 8501,Drilling,LIFTING DEVICE,,,,,SYN-fdea2d,Marine Coordinator,SYN-e8c210,Operations Superintendent,SYN-d9c2bc,Maintenance Supervisor,2022-12-21,SYN-add64f,Marine Coordinator,2022-10-16,"-
On October 3, 2013 at 1900 hours, the drill crew was laying down double stands of
pipe from the rig floor to the Cat Walk Machine (CWM). The Injured person (IP) was
operating the Iron Roughneck, positioned at the control box. The CWM Operator stepped -
down from the controls to help assist with rig floor operations. As the Operator
stepped down he unknowingly activated the trolley-forward control. The trolley then
pushed the 6.625"" drill pipe, down the CWM, towards the rotary pinching the IP's arm
between the drill pipe and the Iron Roughneck control box. The CWM Operator shut down -
the trolley-forward control and backed the CWM away from the IP. The IP reported
immediately to the Medic and was sent in via medevac for further evaluation. Medical
evaluation indicated there were no broken bones. -
The investigation revealed: -
1) The trolley on the CWM is not fitted with an alarm to alert personnel that it is
in motion. The CWM has an alarm that sounds when it is in motion but the trolley on
the CWM does not.
2) The trolley controls are set up in a manner that will allow accidental activation. -",,,,,,,,,,,,,,,,
MR-3957ACD21E,,Very Serious Incident,2022-07-28,07:10,2022-09-06,GC,627,,DIAMOND OCEAN,Maintenance,LIFTING DEVICE,Loss Event,,,,SYN-7a7e20,Operations Superintendent,SYN-5065aa,Marine Coordinator,SYN-95cb87,Operations Superintendent,2022-09-14,SYN-575221,Production Foreman,2022-12-30,"On July 28, 2022, while picking up riser to begin Anadarko’s well 003 in Green
Canyon Block 627, an incident occurred on board the Diamond Ocean Blackhornet in
which the riser gantry crane (RGC) dropped a joint of riser approximately 19 feet in
the riser bay. The riser bay had been barricaded to prevent personnel from entering
the work area, and no personnel were injured as a result of this incident.
On the morning of the incident, the deck crew was in the process of securing the 4th
joint of riser in the riser bay with the RGC. The RGC operator lowered the RGC to
the riser joint and commanded the crane hooks to capture it on both ends. The
operator received a ""Green Light"" on his remote console, which indicated that it had
properly secured the riser. When the operator began to lift the riser joint, the
crane stopped moving and began to give a general alarm on the remote console. The
RGC operator attempted to level the crane without success, so the operator stopped
the operation and called for an Electronic Technician (ET) to troubleshoot the issue.
The ET arrived to find the RGC remote console was not responding and proceeded to
place the crane in override mode to level the riser joint. The RGC operator
functioned the remote console, and then leveled the riser joint before switching out
of override mode. Once the remote console was taken out of override mode, the
operator attempted to lift the riser joint again but without success. The ET advised
the operator that the remote console had to be powered down, and then powered back up
to reboot the system. Once powered down, the aft crane hook lost hydraulics and
released the riser joint which allowed it to fall, while the forward end of the riser
joint slid off its hook. The riser joint fell approximately 15 feet, striking
additional riser joints, and then fell an additional 4 feet to the bottom of the
riser bay.
Bureau of Safety and Environmental Enforcement (BSEE) Inspectors conducted an
inspection / investigation on August 4, 2022 and collected documentation for the
incident. It was determined that the riser capture mechanism should not have failed
when the system was powered down. The system was designed so that the hydraulics of
the system are too weak to open when there is a load on the RGC. The over-center
mechanism locks the capture hooks when closed by a link arm which when under a load,
exerts force against a mechanical stop/lock. This mechanical stop/lock prevents the
hooks from opening while under a load, even if hydraulics are lost. The ""Green
Light"" on the control panel indicated that the RGC had properly secured the riser
joint, but in fact it had not. The investigation discovered that the proximity
switch activated the ""Green Light"" without being properly centered and fully secured
to the riser. If the riser had been properly secured by the RGC, the riser joint
could not have been dropped when the RGC console was powered down.
National Oilwell Varco (NOV) has issued a product information bulletin to give
effected rigs guidance on how to inspect and correct the RGC riser capture device.
The rig has since inspected the load holding valves on the forward and aft riser
crane hooks. An adjustment has been made to the position of the hydraulic proximity
switches to indicate when the crane hook locks are fully engaged as well as adding
“Yoke Landed” criteria to the software to ensure that there is full capture of riser
joint with the hooks. The Job Safety Analysis (JSA) and work procedure has been
updated to require visual conformation that the forward and aft hooks are fully
engaged prior to lifting the riser joint.",Reported as a crane incident.,Very Serious Incident,,Very Serious Incident,25,E,5,,,,,,,,,
MR-0FDCA07752,,Serious Incident,2022-09-15,13:30,2022-10-22,VR,131,CF,,Maintenance,LIFTING DEVICE,Loss Event,Business Interruption & Cost,Equipment Damage,,SYN-5c1c45,Operations Superintendent,SYN-105c9c,Production Foreman,SYN-f810e3,Operations Superintendent,2022-11-24,SYN-031e6f,HSE Advisor,2023-01-07,"On September 15, 2022, an incident occurred at VR-131 CF platform which resulted in
damage to the platform crane's boom. On the day of the incident a Job Safety
Analysis (JSA) meeting was conducted to discuss offloading construction materials
from a motor vessel (MV) onto the platform, which involved a third party construction
crew. At ~1300hrs the contract crane operator (CO) was attempting to offload a tool
building from the MV however; he failed to accurately identify the load weight and
use proper hoisting techniques to safely lift loads as per API RP 2D 3.2.1(c) which
stipulates ""The Crane Operator should verify that the hook load is within the crane's
applicable Onboard or Offboard Rated Load at the radius at which the load is to be
lifted"" and as a result this led to the failure of the crane's boom.
On September 16, 2022, the BSEE Lake Charles District began an accident
investigation which included an onsite visitation. During this time it was
discovered that a Crane Pre-Use had not been filled out prior to the days lifting
operations and the parties involved failed to identify the weight of the load. Based
on BSEE's evaluation of the cargo manifest, we discovered the weight of the tool
building was 7,500 pounds and witnesses to the incident stated that the boom angle
during the lift was from ~30 to ~40 degrees. An evaluation of the crane's load chart
indicated that the load rating at these angles were from ~3,610 to ~4,500 pounds.
Witnesses also reported that multiple lift attempts were made however, during these
attempts the crane was unable to hoist the tool building onto the platform, which
resulted in the crane being overloaded by ~3,900 pounds during the first attempt and
~3,000 pounds during the second attempt. These actions by the CO ultimately led to
the boom failure. At no time was Stop Work Authority (SWA) exercised after the
initial unsuccessful attempt to lift the load, which may have prevented the incident.
Based on written and/or verbal statements, the","Reported as damage over $25,000 and a crane incident. Estimated property damage $100,000.",Serious Incident,,Serious Incident,20,D,5,,,,,,,C,,
MR-3CEC7BB462,,Serious Incident,2022-09-17,16:45,2022-10-18,EI,196,C,,Drilling,LIFTING DEVICE,Loss Event,Business Interruption & Cost,Equipment Damage,Combustion,SYN-0da5f2,Production Foreman,SYN-d7e564,Facility Engineer,SYN-2f676b,Operations Superintendent,2022-11-09,SYN-2aaaa3,Facility Engineer,2023-01-10,"On September 17, 2022 at approximately 1530 hours, contract company Knight Well Services
was performing wireline operations on well C-5 at Eugene Island 196. At the time of
the incident the crown valve was shut, and the lubricator was bled to zero when the
wireline operator and other contract crew members began to smell smoke indicating
something was burning. Their attention was directed to the deck below, where an old
abandoned living quarters was located. Upon further investigation of the area they
noticed smoke coming from the northwest corner of the building. Attempts to
extinguish the flames were unsuccessful. A mustering notification for all non­
essential personnel was ordered by the person-in-charge (PIC). All facility personnel
responded with the exception of three crew members who were in the process of
isolating the C-5 well. Once the fire became uncontrollable all remaining personnel
on board mustered to safety and evacuated the facility by means of a stand-by boat
located adjacent to the platform. Fire monitors onboard the M/V Miss Mia were used to
cool and extinguish the fire.","Reported as a fire and damage over $25,000. Personnel were mustered. Estimated property damage $50,000.",Serious Incident,,Serious Incident,12,D,3,,,,,,,B,,
MR-88E308042C,,,2022-10-23,08:00,2022-11-16,EI,314,A,,Construction,LIFTING,Loss Event,Health & Safety,Injury TLI,,SYN-77d539,Facility Engineer,SYN-f9727a,Marine Coordinator,SYN-74bbab,Facility Engineer,2022-12-19,SYN-a42cee,Production Foreman,2022-12-28,"On October 23, 2022 at approximately 0800 hours, a construction employee (CE)
injured his left hand while attempting to cut a board with a hand saw.
A construction crew was in the process of building scaffolding below a float cell. The
CE grabbed a 2” x 4” to use as a toe board for the scaffolding. The CE utilized a hand
saw to make the cuts needed. As he began to cut, the saw bounced off the board coming
in contact with the CE’s knuckle on his left hand. The CE was wearing leather gloves
at the time of the incident. The construction operations were stopped as personnel
administered first aid to the CE. The CE was transported to a medical facility for
additional treatment.
The employee was referred to an orthopedic specialist where it was determined that
tendons were damaged and would require surgery.
The BSEE Lafayette District conducted an onsite investigation October 30, 2022.",The CE was transported to a medical facility for additional treatment.,,,,,,,,,,,,,,,
MR-E4906BC988,,Serious Incident,2022-10-29,07:40,2022-11-13,MI,656,3,PRIDE MISSISSIPPI,Drilling,LIFTING DEVICE,Loss Event,,,Combustion,SYN-ce2ddf,HSE Advisor,SYN-dfb71a,Maintenance Supervisor,SYN-90cd8c,Facility Engineer,2022-12-14,SYN-e3d19b,Facility Engineer,2023-01-30,"The driller noticed the fire and notified the tool pusher. The alarm was sounded.
The The maintenence crew shut down electrical power while the assistant driller and a
floor hand extinguished the fire with two thirty pound ABC class extinguishers. A
fire hose was also used to the cool the equipment. There were no injuries or
pollution.",There were no injuries or pollution.,Serious Incident,,Serious Incident,15,E,3,,,,,,,A,,
MR-2CD6192D2A,,,2022-11-18,18:30,2022-11-25,MO,1002,,THE 201,Drilling,LIFTING DEVICE,Loss Event,Health & Safety,Injury TLI,,SYN-aef96c,Facility Engineer,SYN-bc2685,Facility Engineer,SYN-bc06af,Operations Superintendent,2023-05-04,SYN-c90abc,Maintenance Supervisor,2023-12-08,"On November 18, 2022, at 18:30 hours, at Royal Production Company's OCS-G 26183 Mobile
(MO) 1003, an employee was injured when he mashed his index and middle finger on his
right hand between the tongs and the drill collar. Injured Person (IP) required ten
stitches on his index and middle finger. The stiches were removed on June 14,2007. IP
was released to full unrestricted duty effective",The incident resulted in a lost-time accident with more than 3 days lost.,,,,,,,,,,,,,,,
MR-040E29E564,,Incident,2022-12-06,18:20,2022-12-15,ST,254,A,,Maintenance,LIFTING DEVICE,Loss Event,Environment & Reputation,Loss of Containment,,SYN-012f3f,Maintenance Supervisor,SYN-4ec161,HSE Advisor,SYN-83e680,Operations Superintendent,2023-01-08,SYN-b42f5a,Production Foreman,2023-10-07,"On 6 December 2022 at 1820 hours, a pollution event occurred at the unmanned South
Timbalier Block 254 Platform A. Well A2 on this structure produces a tight emulsion
that requires heat in order for the oil and water to separate. The line heater on
the facility had gone out and the emulsion was dumped to the flotation cell.
Approximately 150 gallons of hydrocarbons were released from the flotation cell,
facilitated by a malfunctioning Level Safety High (LSH). This resulted in an
approximately 8 mile by 1/4 mile sheen. This sheen was discovered just before
helicopter downtime on 6 December 2022. The next morning, platform operators flew
approximately 20 miles in the last known direction of
of the sheen remaining. Operations were initiated to
ensuring this event does not happen again.",Reported as a pollution release.,Incident,,Incident,6,C,2,,,C,,,,,,
MR-6AB5133277,,,2022-12-12,18:00,2022-12-30,ST,77,C,,Construction,Crane Incident,,,,,SYN-c39939,HSE Advisor,SYN-b97c84,Production Foreman,SYN-f45c7b,Production Foreman,2023-02-18,SYN-77ac05,Operations Superintendent,2023-03-11,"During the removal of the exhaust box weighing 21000 pounds, the four-part sling,
rated for 22000 pounds, that was being used failed when the load was put on the boat.
The load was lowered to the boat and was sitting on the boat. Before the riggers
could unhook the load from the crane's main hoist, a ground swell caused the boat to
drop. This created a shock load to the sling and crane. One leg of the four-part
sling failed. Minimal damage was done to the vessel and cargo on the boat. There
was no pollution or injuries to personal on boat. The crane was inspected and put
back into service without any restrictions.
No one on the platform was aware of the weight of the equipment to be removed,
causing a risk to everyone associated with the job. Due to the weight being unknown,
the larger slings which were located on the facility should have been utilized. The
crane operator was qualified to make the lift and had adequate experience as well as
the rigger foreman. The crane and slings on board were certified and the crane was
due for annual inspection in May 2005. The crane operator and boat skipper were
qualified and confident that the process could be done safely. If there are any
unknowns during crane operations, the largest safety factor should always be
utilized.",,,,,,,,,,,,,,A,,
MR-FC4B92E167,,,2022-12-18,12:20,2023-01-04,,,,T.O. DISCOVERER,Marine & Logistics,LIFTING DEVICE,,,,,SYN-f2f6a7,Facility Engineer,SYN-3d5c71,Production Foreman,SYN-c9ca08,HSE Advisor,2023-01-19,SYN-5b3e06,HSE Advisor,2023-11-08,"On 18 December 2022 while running casing, U-tubing occurred on casing joint #14. A slug
was pumped, and after running casing joint #8, casing joint #7 was lifted from the
conveyor. Joint #7 was stabbed into the stump, the connection made and the Driller
proceeded to lower the block and elevators. Mud started flowing from the top of the
joint before the single joint elevators were removed. Mud U-tubing from the pipe
pushed the flow back assembly off center of the casing elevators and caused an
assembly hang-up.The Rigger, acting as a Spotter from the Pal-finger basket, flagged
the Driller to lower the block after the flow back hose went into casing. The Driller
proceeded to lower the block when the casing elevators were positioned over the
casing. The U-tubing from the pipe caused an estimated 21 bbls of Synthetic Oil
Based Mud (SOBM) to be released into the Gulf waters of which 13 bbls were base oil.
The Driller raised and retracted the block, and then lowered the block to straighten
the drill line. The single joint of casing was replaced by the 11 3/4"" casing swedge
and a TIW valve.",,,,,,,,,,,,,,A,,
MR-F26AC01DB9,,Very Serious Incident,2022-12-26,15:20,2022-12-29,MP,42,D,,Construction,LIFTING,Loss Event,,,Combustion,SYN-f85846,Facility Engineer,SYN-846d0f,HSE Advisor,SYN-25c2f9,Production Foreman,2023-02-03,SYN-db60b4,Maintenance Supervisor,2023-11-05,"On 26 December 2022, at 1520 hours, Main Pass (MP) 42 Delta (D) platform, operated by
Cantium LLC (Cantium). experienced Nitrogen bottles explode. The nitrogen bottles were
stored on a 12-bottle rack, with each of the Nitrogen bottles containing 300 cubic
feet of Nitrogen. The bottles were stored in an aluminum cage rack, located on the top
deck of the platform. When the explosion occurred, the rack became compromised and the
explosion sent the nitrogen bottles flying in multiple directions across the platform.
There were personnel on the top deck in the general vicinity at the time of the
explosion, however, no one was injured. Damage occurred to the bottles and the
aluminum bottle rack, that held the 12 nitrogen bottles. Several nitrogen bottles
were found to be missing and/or damaged. In addition, there was damage found to a
welding machine door and a section of the solid decking on the top deck of the
platform.","There were personnel on the top deck in the general vicinity at the time of the explosion, however, no one was injured.",Very Serious Incident,,Very Serious Incident,25,E,5,,,,,,,A,,"SEQUENCE OF EVENTS:
On 26 December 2022, at approximately 1522 hours, Cantium Personnel had just gotten off
the personnel basket, after being lifted from the field boat, and the Cantium Crane
Operator had lowered the boom into the cradle and walked 35 feet from the crane
towards the bridge leading to the “M” platform when a loud boom was heard. Witnesses
reported hearing items hitting the storage boxes and buildings nearby. These witnesses
were shielded by several large container toolboxes and Connex storage buildings on the
top deck. Shortly after the explosion, witnesses looked over the handrail near the
crane base and observed bubbles (from the N2 bottles that were lost overboard) in the
Gulf below. Cantium notified the Bureau of Safety and Environmental Enforcement (BSEE)
by phone call and email to the afterhours engineer at 1611 hours on the same day, and
submitted an incident report in the BSEE eWell Incident Reporting System on 06 May
2025.
BSEE INVESTIGATIONS:
The BSEE Accident Investigator (AI) and BSEE Inspector arrived to MP 42 D on 20 May
2025 and met with Cantium’s HSE Coordinator, HSE Specialist, and interviewed several
witnesses, who were present at the time of the incident. The witnesses consisted of
the Crane Operator and one Crew Boat Employee who were present at the time of the
incident. The AI requested, received, and reviewed documentation from the incident,
performed a walkthrough of the area where the incident occurred was performed, and
took photographs of the incident location.
The 12-bottle nitrogen rack was initially located approximately 15 feet from the base
of the crane, behind a 10 foot tall storage container and next to several connex boxes
and toolboxes. At the time of the on-site investigation, there was only one (1)
nitrogen bottle, which was severely damaged (blown apart) that was still in the
aluminum rack. The bottle showed signs of being blown apart from within. The other 11
nitrogen bottles were not present on the facility at the time of the on-site
investigation. Four (4) of the bottles went overboard into the Gulf of America waters,
Cantium personnel located the seven (7) remaining bottles scattered across the top
deck. The 7 bottles that were on the top deck had been shipped to shore, prior to the
arrival of the BSEE Investigators. The bottle that was still in the damaged rack
showed signs of rust at the base (bottom) of the exploded bottle. Statements taken
from personnel involved in the clean-up of the affected area suggests that one (1)
nitrogen bottle ruptured originally. This then caused, the valves to be knocked off of
several of the other nitrogen bottles, which then were launched outward, in several
directions across the platform. The large container/storage boxes near the bottle rack
likely prevented the exploding bottles from causing additional damage to the platform
and/or injury to personnel. No significant damage was reported on the
container/storage boxes, although slight cosmetic damage to the container/storage
boxes may have occurred. Air Gas is the provider of the nitrogen bottles for Cantium.
The BSEE investigation revealed that the bottles were “daisy chained” together,
meaning that the bottles were all connected with 1/4 inch stainless steel tubing,
connecting the isolation valves located on top of each bottle. The tubing then formed
a manifold that is connected to a pressure regulator. This setup is commonly used when
operators are performing API RP 14 C safety device testing. Due to the bottles being
“daisy chained,” once one nitrogen bottle ruptured, the force of the rupture ripped
the “daisy chained” tubing and isolation valves from the remaining bottles, causing
them to explode as well, scattering across the platform.
IN CONCLUSION:
Due to the 12-nitrogen bottle rack’s configuration, with the bottles being “daisy-
chained” together. Once the first corroded nitrogen bottle ruptured, the force of the
explosion ripped the “daisy chained” tubing and some of the isolation valves off the
top of the bottles, causing them to take flight once the aluminum bottle rack had been
compromised. In an Annual Performance Review meeting between BSEE and Cantium,
Cantium personnel stated that the 12 nitrogen bottles involved the incident were at
least 1 year overdue for inspection. As a result of this incident, Cantium required
all nitrogen cylinders on their platforms across the Gulf to be inspected to attempt
to identify similar deficiencies and prevent similar issues from occurring in the
future."
MR-0998CD05CC,,Incident,2022-12-27,07:15,2022-12-29,EI,349,A,,Maintenance,LIFTING DEVICE,Loss Event,Environment & Reputation,Loss of Containment,,SYN-07ed76,Production Foreman,SYN-a34f23,Maintenance Supervisor,SYN-875abf,Production Foreman,2023-01-13,SYN-881cda,HSE Advisor,2023-08-23,"On December 26, 2022, the Black Warrior P&A Crew was preparing well A-17 for
permanent well abandonment (P&A). Initially the crew was attempting to bleed
pressure off a small section of piping connected to the A-17 well production casing
valve. The P&A crew could not determine whether the casing valve was open or
closed.Attempts to turn the frozen casing valve stem with a pipe wrench were
unsuccessful. The P&A crew then tried to grease the casing valve by removing the cap
on one of the grease fittings located on the body of the valve. However, due to
heavy rust and corrosion the entire grease fitting turned causing a small gas leak
around the grease fitting threads. The grease fitting was tightened and the gas leak
stopped. A decision was made to replace the grease fitting at a later time when the
P&A crew returned to the well to pump seawater through the production casing valve.
At some unknown time after the platform was unmanned for the day, the grease fitting
began to leak again. The P&A crew returned to the A platform the next day, November
25th, to discover the leaking grease fitting and an oil sheen on the water around the
platform. Action was taken immediately to contain and control the leak. The grease
fitting was removed and replaced by a new grease fitting. The 200 gallon spill is an
estimated volume based on calculations that were taken while using a five gallon
bucket to contain and recover the oil that was leaking. The oil recovered by the P&A
crew was stored in plastic drums and transported to the adjacent Eugene Island 349 B
platform for proper disposal. By the end of the day the spill had dissipated to a
very light sheen.",Reported as a pollution release.,Incident,,Incident,6,C,2,,,C,,,,,,
MR-59AB335D36,,Incident,2023-01-12,10:43,2023-01-20,EI,261,A,,Construction,,Loss Event,Environment & Reputation,Loss of Containment,,SYN-eded27,Facility Engineer,SYN-68572d,Operations Superintendent,SYN-04ae48,Production Foreman,2023-03-30,SYN-fbaae9,Operations Superintendent,2023-07-25,"The Houston Exploration Company (THEC) experienced a fire onboard the Eugene Island
261, A platform at approximately 10:00 hours on January 12, 2023. There were no
injuries to personnel. THEC reported one minor (.02 gallons) pollution incident to
the National Response Center on January 12, 2023. Damage was moderate and
restricted to the compressor and generator located in the southwest corner of the top
deck of the platform. The fire was extinguished within minutes with portable and
wheel unit chemical extinguishers.
The following documents the",There were no injuries to personnel.,Incident,,Incident,6,C,2,,,C,,,,C,,"sequence of events just prior to the carry over of
liquids from the high pressure vent system:
Snubbing unit re-completion operations on Well A-13 had just been completed and the
snubbing unit moved off location. Well A-13 was loaded up with completion fluids and
unable to flow on its own. The A-13 well was lined up to flow for clean up to the
test separator. Leaking threads on a ½ inch weld-a-let for a ½ inch valve on the
intermediate pressure (IP) header were detected and operations were shut down to
repair the leak. The weld-a-let leak was thought to have been corrected by replacing
the existing 1/2 inch needle valve with a 1/2 inch needle valve that had a longer
threaded stem. Once the leak was corrected, the IP system was recharged and
operations were again initiated to unload the A-13 well. Platform operators lined up
the test separator to flare with the back pressure valve set at 0 psi. The pressure
safety high and low (PSH/L) sensors and level safety high (LSH) were bypassed,
flagged and monitored at the master panel by the ""B"" production operator. The Lead
operator pressured up on Well A-13 with 1000 psi from the gas lift supply. The Lead
operator lined up the header system from the well to the test header and placed the
A-13 well in bypass. The A-13 well was being monitored by The Houston Exploration
Company (THEC) consultant. The THEC consultant began opening Well A-13 to the test
separator and from the test separator to the high pressure vent scrubber. The initial
leaking ½ inch weld-a-let and needle valve on the IP separator began leaking gas a
second time at a high volume. Wells A-6 and A-11 producing into the IP system were
shut in by the Lead operator.
The following documents the sequence of events that resulted in the carry over of
fluids from the high pressure vent system:
""A high fluid level was experienced in the high pressure vent scrubber and a level
safety high (LSH) shut in sounded an alarm. The source of the accumulated high fluid
level in the high pressure vent scrubber was a carry over of completion fluids from
the test separator that were being generated by unloading Well A-13. Total platform
shut in began to occur.
""The THEC consultant was instructed and initiated the manual shut in of Well A-13
since it was locked open.
""Once the THEC consultant shut in Well A-13, He elected to open up the IP header to
the high pressure vent system to relieve the pressure off the leaking ½ inch weld-a­
let connection on the IP header.
""At or about the same time the THEC consultant opened up the IP header to the high
pressure vent system, the gas compressor shut down and the compressor blow down valve
(BDV) opened up sending all the compressed gas from the compressor to the high
pressure vent system.
""Produced fluids and gas flooded the high pressure vent system.
The following documents the sequence of events that resulted in the fire:
""High pressure blow down gas from the compressor and liquid hydrocarbons collected in
the high pressure vent system are discharged to atmosphere via the flare boom located
on the northwest corner of the platform.
""Prevailing winds carried the liquid hydrocarbons from the tip of the flare boom back
onto the platform top deck and onto the generator and compressor.
""High temperature from either the compressor exhaust systems or the generator exhaust
systems ignited the liquid hydrocarbons.The resulting fire was immediate."
MR-C2945460C7,,,2023-01-21,14:10,2023-02-16,MO,914,,,Production Operations,LIFTING DEVICE,Loss Event,Health & Safety,Injury TLI,,SYN-638ec8,Production Foreman,SYN-36623b,Operations Superintendent,SYN-64f24b,Facility Engineer,2023-03-15,SYN-f2734c,Facility Engineer,2023-04-05,"On January 21, 2023 at approximately 14:10, at Royal Production Company Inc.'s Lease
OCS-G 07849, Mobile (MO) Block 914, an employee received 2nd degree burns, from hot
water, on his arm, chest, abdomen and legs. The Injured Person (IP) was conducting
repairs on a pump by the output pipe, when the expansion boot blew out causing hot
water to engulf him. Pipeline Segment No. 17196. IP had 7 days of lost time and 36
days of modified duty. On March 5, 2023 IP was cleared to return to work without
restrictions.",The incident resulted in a lost-time accident with more than 3 days lost.,,,,,,,,,,,,,,,"Sequence of Events:
The injured party was tightening packing where the shaft goes through the pump by the
output pipe when the expansion boot blew out causing severe hot liquid (water) to
engulf the injured on arms, chest, abdomen and legs. The injured party then went back
to the mechanic shop and sent a diver to retrieve the medic. Medic assessed burns to
be 2nd degree burns. Injured is being put on the M/V Lafayette to be transported to
Theodore, AL Martin Midstream Dock to be taken"
MR-60AA0395CC,,,2023-01-23,14:00,2023-02-01,MC,243,A(MATTERHORN SE,NABORS SUPER S.D. XIX,Construction,LIFTING DEVICE,Loss Event,Health & Safety,Injury TLI,,SYN-51bf93,Maintenance Supervisor,SYN-f6988e,Production Foreman,SYN-99e8e3,Maintenance Supervisor,2023-03-30,SYN-440895,Facility Engineer,2023-05-03,"On 23 January 2023, while unplugging and plugging an electrical cord plug-in of a
transfer pump, from a 20 amp receptacle to a 30 amp receptacle, with the breaker on,
an Injured Person (IP) was struck by an electrical flash and suffered 2nd and 3rd
degree burns to his face, neck, hands, and arms when the plug and cord explode. The
IP also received burns to his lower back when a fall against a metal handrail behind
him resulted in a positive connection. There was a main breaker but it was not turned
off. There was no Job Safety Analysis (JSA) issued to make certain that the employees
were properly informed of the dangers and the steps needed to insure that all
electrical current was off. Nabors Offshore's glove and FRC (fire resistant clothing)
policy was not followed. The IP did not don proper personal protective equipment
(PPE). He was wearing two T-shirts and pants instead of fire retardant clothing and
was not wearing gloves. The IP was transported to West Jefferson Medical Center by
helicopter.",The IP was transported to West Jefferson Medical Center by helicopter.,,,,,,,,,,,,,,,"Sequence of Events
At the time of the incident, the Rig Manager was assisting the Derrick Hand (IP) with
this task. An electric cord for transfer pump 20 hp motor was being moved from a 20
amp plug-in to a 30 amp plug-in. The Electrician was busy on the rig floor and unable
to come down and perform the task himself so, he verbally instructed the Rig Manager
how to proceed. The Rig Manager and Derrick Hand made certain that the switch on the
transfer pump motor was off. The panel board for the 30 amp plug-in has a push button
on/off switch which lights up when the cord and plug in are connected; since the cord
was not connected, the light did not function. The Derrick Hand repeatedly pushed the
on/off button, but he was unable to determine if the current was on or off. The Rig
Manager pressed the safety lock on the receptacle and the Derrick Hand attempted to
place the plug-in into the receptacle; since the current was on, the receptacle arced
toward the cord and both the receptacle and plug exploded injuring the Derrick Hand."
MR-C9CC4F5743,,,2023-01-24,16:00,2023-02-01,EI,333,B,,Production Operations,LIFTING,Loss Event,Health & Safety,Injury TLI,,SYN-3deda9,Facility Engineer,SYN-547d64,Operations Superintendent,SYN-1d609f,Operations Superintendent,2023-03-26,SYN-730c4b,Maintenance Supervisor,2023-07-17,"On January 24, 2023 at approximately 1600 hours, a contract employee (CE) was injured
while attempting to carry a section of handrail to the +10 level.
A construction crew was in the process of changing several handrails on the +10 due to
corrosion. A CE was attempting to carry a handrail to the +10 level. As the CE was
walking down the southeast stairwell, the handrail he was carrying connected with a
handrail on the stairwell. The CE lost his footing when he attempted to free the
handrail and began falling down the remaining stairwell. As the CE was falling, his
face and head struck a low clearance support beam.
The CE was transported to Lafayette General for treatment. The CE suffered a broken
nose and broken facial bones.
The lessee was waiting on engineering and construction to clear the low beam from the
escape route without compromising the structural integrity.
The BSEE Lafayette District Inspector conducted an onsite investigation February 8, 2023.",The CE suffered a broken nose and broken facial bones.,,,,,,,,,,,,,,,
MR-1701320A55,,Incident,2023-01-31,00:20,2023-02-09,SS,114,,* LIFT BOAT,Drilling,LIFTING,Loss Event,Environment & Reputation,Loss of Containment,,SYN-120765,Marine Coordinator,SYN-e64ad1,Maintenance Supervisor,SYN-7333cc,Operations Superintendent,2023-03-19,SYN-a7d7c1,Maintenance Supervisor,2024-03-08,"On January 31, 2023, an incident occurred during plug and abandon (P&A) operations for
the operator, Stone Energy Corporation. The P&A operations being conducted was
located at Ship Shoal Block 114 well # 44. Stone Energy Corporation was following the
approved procedure in the application permit to modify which consisted of up-righting
the existing bent over well. While performing the up-right procedure, the bent casing
ruptured causing an estimated 56 gallons of hydrocarbons to be released into the Gulf
of Mexico (GOM).
Stone Energy contracted Epic Companies to assist in the P&A process of well # 44,
which was knocked over and damaged during Hurricane Elena in 1985. Well # 44 is a
surface well in approximately 52 feet of water and was previously abandoned in January
1989. The multiphase P&A operations are still on going. This first phase required
excavation activities so they could reach the 45 degree bend of the well. Stone
Energy estimated the bend to be at 65 feet below the original mudline. The excavation
resulted in getting 20 feet away from the bend, expanded the well location mud line by
120 feet in diameter, and cleared 180,000 cubic feet of sediment away from the well
location area. The second phase of the P&A operation required two liftboats to be on
location, Liftboats Ram 18 and Ram 19. The procedure called for a 105 foot long by 60
inch diameter casing weighing approximately 93,500 pounds to be slipped over the
damaged wellhead below the mudline by using the two cranes positioned on the two
liftboats. Once the 60 inch casing was stabbed over the existing casings, (which
consisted of 9.625 inch wellhead, 13.375 inch, 20 inch, 36 inch and 48 inch casings)
the 60 inch casing would act as a lever arm and be used to pull the well upright into
its original vertical position. A hydraulic Vibro Hammer weighing approximately
45,000 pounds would then be used to drive the casing past the bend in the wellbore to
keep the well vertical for further P&A operations.
At approximately 00:30 hours on January 31, 2023, the night Company Representative was in
his office on the 3rd level on the Ram 18 updating his paperwork when he heard a loud
boom and felt the liftboat shake. He immediately went out to the port side of the
liftboat and observed oil and water spouting above the deck, 25 to 30 feet in the air
above the 15 foot deck. The Company Representative recalled the oil and water spout
to last approximately 30 seconds. He walked back into his office to get his Personal
Protective Equipment (PPE) and called for a muster of all personnel on the liftboat.
Once a muster was called, he proceeded down the stairs to the starboard side of the
liftboat so that he could have a better view of the well area. Oil and water were no
longer spouting into the air, but there was oil on the water surrounding the liftboat
and gas bubbles surfacing near the Vibro Hammer. All personnel remained mustered for
approximately 30 minutes before being released to go back inside the cabin of the
liftboat. The night clerk notified the Clean Gulf Vessel JL O’Brien and informed them
of the situation, and it proceeded to their location. Both Day and Night Company
Representatives began to notify management of the situation.
The Bureau of Safety and Environmental Enforcement (BSEE) investigation team conducted
the initial onsite investigation on January 31, 2023. The team collected evidence, took
photographs and interviewed personnel that were involved. While flying over the well
site, the team witnessed a sheen approximately 2.5 miles long and .5 mile wide, moving
in a westerly direction. The documentation disclosed that a Pre Job Safety Meeting
(PJSM) and a Job Safety and Environmental Analysis (JSEA) were performed with all
personnel involved prior to up-righting the well to a vertical position. The day
Company Representative stated that on January 29, 2023, the 60 inch casing was slid over
the wellhead and sank approximately 30 to 45 feet on its own until meeting some
resistance. The Vibro Hammer was attached to the casing via hydraulic grippers and
suspended with the Ram 18 crane. The well was then up-righted to a vertical position
with no issues. The Vibro Hammer was engaged and the weight indicator on the crane
was monitored for weight gain or loss with no progress noted. An All Stop was
initiated and all operations were shut down for the night. On January 30, 2023, another
PJSM and a JSEA were held at 05:30 hours with all personnel involved, and hammering
operations commenced again, this time pulling and slacking off on the casing while
hammering at 5 degrees, 10 degrees, and 15 degrees, still with no success. The Vibro
Hammer developed a maintenance issue and shut down. While the crew began to
troubleshoot the issue, the Ram 18 Crane Operator pulled 100,000 pounds on the hammer
and casing to hold it in place and to monitor the casing weight. All operations were
shut down for the night.
In the interviews with the two Company Representatives, both stated that on July 25,
2018, at 00:30 hours, the liftboat Ram 18 shook violently and the Night Company
Representative initiated a muster of all personnel on board. He stepped outside on
the port side and saw oil and water shooting approximately 20 to 30 feet into the air.
This lasted approximately 30 seconds until the well calmed. There was oil all around
the Ram 18 but gas was not detected with the portable gas detector. After 30 minutes,
a stand down from the muster was called. The Night Company Representative proceeded
to the starboard bow to get a better view of the well area. He noticed that the Vibro
Hammer was still attached to the casing and it had rotated approximately 30 to 40
degrees after the incident. The Crane Operated checked the weight indicator and
noticed the load weight was now fluctuating from 152,000 to 158,000 pounds. Once the
well stabilized, the Ram 19 was repositioned away from the well area.
The well was steadied in a vertical position after 3 piles were driven and tension
cables were installed to support the 60 inch. It was determined after further
excavation that the 9.625 inch casing had parted where it was bent and rose
approximately 37 inches. On February 2, 2023, the well sheen reduced to an occasional
Fish-Eye effect that would dissipate within 15 feet of the well. A pollution dome was
installed over the top of the 60 inch in the event there was another release. The P&A
process is still ongoing without any further incidents.",Reported as a pollution release. Personnel were mustered.,Incident,,Incident,6,C,2,,,C,,,,,,
MR-CD886E8526,,Serious Incident,2023-02-02,14:30,2023-02-07,WD,73,D,,Maintenance,LIFTING,Loss Event,Business Interruption & Cost,Equipment Damage,,SYN-3a234f,Facility Engineer,SYN-3d9a7f,Operations Superintendent,SYN-c42f7a,Operations Superintendent,2023-03-27,SYN-273ff8,Production Foreman,2023-06-17,"On February 2, 2023, a crane incident occurred on Cox Operating, L.L.C.’s (Cox) WD 73 D
platform, Lease OCS-G 01083. A third-party Crane Operator caused damage to a crane
boom during lifting operations. While picking up a small basket with tools for the
FabCon construction Crew, the Crane Operator raised the boom while lowering the load
to get the basket to the platform. During the process, the Crane Operator pressed the
boom override, which allowed the boom to contact the boom stops. As a result, greater
than $25,000 of damage occurred. No injuries or pollution occurred.","He received statements from the Crane Mechanic and the Cox Production Manager, who stated the damages were estimated between $35,000 and $80,000.",Serious Incident,,Serious Incident,20,D,5,,,,,,,,,"SEQUENCE OF EVENTS:
On Crew change day, February 2, 2023, around 2:30 pm, the FabCon Crew prepared for Crew
change by cleaning up and removing tools from the platform’s +10 level. While the Crew
worked on replacing horizontal grating near the stairway landing, the Crane Operator
lowered a small wire basket using the single part, fast line (auxiliary line).
In order to bring the small wire basket closer to the west boat landing, the Crane
Operator activated the high angle boom override until the boom made contact with the
boom stops. The Crew then used tag lines to pull the basket onto the landing. The
cargo basket was approximately 4’ outward from the landing area. Next, the Crew loaded
the basket with the tools. Then, the FabCon Signalman signaled the Crane Operator to
swing out the basket. However, the Crane Operator noticed that the fast line cable
was against an I-beam, so he boomed up more before swinging out. As the Crane
Operator swung out the load, the Boat Captain on location announced on the radio that
he saw something fall from the crane.
In addition, the rigger on the top deck stated he heard a noise, looked up, and saw
something fall from the crane. The FabCon Supervisor identified the fallen object as a
boom stop pad. The Crane Operator swung out, hoisted the basket up, and placed the
basket on the top deck. Next, the Crane Operator stopped the operation and left the
crane to inform his supervisor. The Crane Mechanic on location observed the damages to
the boom heel, stopped the job, and took the crane out of service. He then returned
the crane to the boom cradle.
Next, Cox function tested the crane's safety devices including the anti-two-block
switches for the auxiliary and load line and the high angle boom kick out override.
Cox found the devices in working condition.
Later, Cox performed a Root Cause Analysis (RCA) and submitted an Incident Analysis
Report in eWell. As a corrective action, Cox instructed all their facilities not to
use the override during normal operations. In addition, Cox initiated the development
of a plan to remove overrides from their cranes.
BSEE INVESTIGATION:
Bureau of Safety and Environmental Enforcement (BSEE) Inspectors arrived on location
on February 2, 2023 and began the investigation. The Inspectors took photos and reviewed
documentation including Job Safety Analysis (JSAs), permits, Personnel On Board (POB),
licenses, and reports.
On February 5, 2023, a BSEE Investigator arrived on location to continue the
investigation. He received statements from the Crane Mechanic and the Cox Production
Manager, who stated the damages were estimated between $35,000 and $80,000.
The primary high angle boom override allows the boom to continue to operate in spite
of the safety design. The safety design causes the boom hydraulic lifting fluid to
recirculate and halt movement. The secondary protection is the boom stops. The boom
kick out or override angle is 78 degrees, approximately 8 inches from the boom stops.
Continuing to boom up once the boom contacts the boom stops bends the boom.
The BSEE Investigator determined that the Crane Operator did not operate in a safe and
workmanlike manner. The Crane Operator’s inattention to the boom angle before booming
up contributed to the incident. The Crane Operator and Crew may have been in a hurry
due to it being Crew change day. In addition, the Crane Operator was a short service
employee to the construction Crew. The Crane Operator disregarded the sign posted
inside the crane cab that states overriding the boom kick out safety device while
booming up or raising the load requires a prior supervisory approval. The Crane
Operator did not request supervisory approval prior to overriding the high angle boom
kick out safety device. Moreover, the FabCon Supervisor, Construction Consultant,
Person In Charge (PIC), nor Field Foreman gave the Crane Operator permission to
override the high angle kick out at any time during the operations. The Investigator
also found that the JSA did not specify the details of the lift, such as lift starting
point, lift path, boom angles, or the designated Signalman.
In conclusion, the crane incident occurred due to the override of the high angle boom
kick out safety device. Additionally, the BSEE’s investigation determined that the
Crew’s disregard for policy and inattention to the task caused the incident."
MR-99C053DF01,,,2023-02-07,17:00,2023-02-13,MO,830,2,ENSCO 86,Production Operations,LIFTING DEVICE,Loss Event,Business Interruption & Cost,Equipment Damage,,SYN-962b74,Maintenance Supervisor,SYN-2d2c12,Facility Engineer,SYN-d773fe,Maintenance Supervisor,2023-02-23,SYN-68392a,Operations Superintendent,2023-08-28,"On 7 February 2023 at approximately 1700 hours, the Assistant Driller was on the
brake while the Driller was standing next to him adjusting the rotary speed. The
operation at that time was hoisting the drill string after drilling from 15,517 ft to
15,550 ft. As the Assistant Driller was coming off bottom to take a slow pump rate,
the clutch disengaged. This allowed the travelling block assembly to fall
approximately 10 feet striking the rotary table and allowed the bit to hit bottom.
There was approximately 360,000 pounds on bit with a total string weight of 450,000
pounds, resulting in the 350 ton links to bend. The links were replaced with spare
500 ton links and the elevators were replaced as a precautionary measure; though no
visual damage was noted. A visual inspection was completed on the top drive, derrick,
and sub base with no further damage found. Twenty two (22) joints of drill pipe were
found to be bent and 1 joint of heavyweight drill pipe was found to be bent at the
box; all were removed from service. National Oil Well Varco (NOV) inspected the top
drive system on 9 February 2023 and no damage was found. It is unknown and not
reported how the clutch was disengaged. During the time of the incident, the
floorhands were working elsewhere. There were no injuries or pollution associated
with this incident.
Ensco had recently initiated an Assistant Driller program and the training
requirements and qualifications to become an Assistant Driller are unknown. The
Assistant Driller had recently been promoted and this was his first hitch on Ensco 86
and first hitch as an Assistant Driller. Apache and Ensco conducted separate internal
investigations. Apache requested that the Assistant Driller submit to a drug and
alcohol screen (10 point test), which he tested negative for both according to the
Apache Company Representative. After an internal investigation was completed on 3
March 2012, it was determined that the root cause of the incident was human error due
to lack of experience. It is also unknown at this time if the OIM was aware that the
Assistant Driller was on the brake.",There were no injuries or pollution associated with this incident.,,,,,,,,,,,,,A,,
MR-CFF0292C6B,,Very Serious Incident,2023-02-08,09:00,2023-02-12,SS,229,­ A,* COIL TUBING UNIT,Production Operations,LIFTING DEVICE nylon sling,Loss Event,,,,SYN-d28e34,HSE Advisor,SYN-715f04,Operations Superintendent,SYN-c2ab93,Operations Superintendent,2023-03-21,SYN-b7223f,Production Foreman,2023-04-27,"-
On February 8, 2023, a CETCO Plug and Abandon (PA) crew was rigging up Coiled Tubing
(CTU) equipment on Ankor's Ship Shoal (SS) 229 A facility. The PA crew members were
using the lift boats crane to lift the riser section of the equipment in order to
drain water out of the bottom of the riser. Nylon slings were held in place by two
studded bolts threaded to a flange at the top of the riser in order to complete the
lift, in place of a proper lifting device. Two PA employees held the slings in place
in order to keep the slack out as they radioed the crane operator to begin lifting
the riser. When all slack had be removed from the slings they gave the ""all stop""
command to the crane operator, and at this time one of the eyes on the nylon sling
parted and struck one of the PA crew members who had been holding the sling in place
on the right wrist. The PA crew called an ""all stop"" at this point and the Injured
Person (IP) was evaluated at the facility by Ankor's contract safety representative.
The IP's hand had already began to swell from the knuckles to his wrist, and he was
sent by helicopter to Ankor's shore base in Patterson, Louisiana where he was met by
CETCO's safety representative, and he was taken to Occupational Medicine Clinic (OMC)
in New Iberia, Louisiana for further evaluation. The OMC doctor diagnosed the IP with
a broken wrist, and CETCO placed him on restricted duty.
Multiple issues allowed this incident to occur. The CETCO PA supervisor was not
overseeing the rigging up of the equipment and the post incident evaluation noted
that the IP was inadequately trained in lifting and rigging. A pre-use inspection of
the lifting equipment was not conducted, the slings that were used appeared old and
dirty, and no certifications for the slings were on board the facility. It was noted
that these were the wrong slings for this type of lift and they were incorrectly
rigged to the riser. The JSA for the job was inadequately filled out and was missing
job steps and failed to identify all hazards. CETCO procedures for correct rigging to
the riser flange were also missing from the job site.",Reported as a lifting-device incident. The facility was evacuated.,Very Serious Incident,,Very Serious Incident,25,E,5,,,,,,,,,
MR-40DBFD9877,,,2023-02-22,11:15,2023-03-04,WR,508,,NOBLE JIM DAY,Well Services,LIFTING DEVICE,Loss Event,Business Interruption & Cost,Equipment Damage,,SYN-ef60a2,Production Foreman,SYN-98f0e1,Facility Engineer,SYN-8a7742,Production Foreman,2023-04-07,SYN-2c2fdd,HSE Advisor,2023-06-21,"On February 22, 2023, while performing completion operations for Shell Offshore Inc.,
the Noble Jim Day experienced an incident in which one of the rig's riser tensioning
bottles failed and was ejected into the Gulf of Mexico.
The Noble Jim Day had been performing completion operations on Shell Offshore’s 006
well located in Walker Ridge Block 508, Lease G17001. The rig had just finished
fracking the HU-5 zone of the well and was monitoring weather conditions to determine
a plan forward. Based on the high winds, sea state, and currents at the time, the
decision was made to put all well operations on hold and wait for weather conditions
to improve before proceeding with fracking operations.
At approximately 11:15 hours, a loud noise was heard and a heavy vibration was felt
throughout the rig. Alarms sounded that notified the crew of the source of the
problem and personnel were sent out to investigate the issue. Upon arriving at the
ship’s Air Pressure Vessel (APV) Deck, it was observed that extensive damage had been
sustained to the surrounding piping, supply lines, and electrical equipment located
on that deck. It was also found that APV bottle ‘5B’ was missing and had been the
cause of the damage. Riser Tensioners #5 and #8 where rendered inoperable due to the
extent of the damages, and an investigation into the cause of the incident was
started.
The APV Deck for the Noble Jim Day is located on the aft side of the rig, just off of
the main deck. The purpose of this deck is solely to house the APV bottles for the
rig’s riser tensioning system. Each of the rig’s 66 APV bottles measure 18 feet long
with a 22 inch diameter. Each bottle contains a mixture of approximately 95% nitrogen
and 5% air and has a system rated working pressure of 2,200 psi. At the time of the
incident, the internal working pressure of the bottle system was set to 1900 psi.
The initial investigation confirmed that the cause of the incident had originated
from a failure of the ‘5B’ APV bottle. Two pieces of the ruptured bottle remained on
the deck, while the rest of the bottle was ejected off of the rig into the Gulf of
Mexico. Operations onboard the rig remained shut down so that the damages could be
assessed and repaired, while the remaining pieces of the APV bottle were sent in for
further analysis.
Although an in depth examination of the bottle fragments failed to identify a
specific failure point, all test results seem to point toward ‘stress corrosion
cracking’. Stress corrosion cracking is a process where fatigue stress in a metal is
accelerated by the introduction of a contaminate, in this case it is chlorides.
Traces of chlorides were found in samples that were taken from the cracks of both
bottle fragments and are known to contribute to 'stress corrosion cracking'.
Chlorides are present in all offshore environments and are believed to have
contributed to the bottle’s failure. It was also stated in the operator’s report that
the initial stress points of the bottle are believed to have originated from the bolt
holes in the flange on the neck of the bottle, although chlorides were also present
in the head-to-shell welds of the bottle. The chlorides are believed to have been
deposited into the bolt holes and exposed welds of the bottle due to the splash and
spray of seawater onto these surfaces. Possible sources of the stress points that
were identified at the bolt holes and welds could have been caused by vibration,
pressure fluctuations, bolt torque, or a combination of any of these. The APV bottles
are exposed to all of these conditions throughout the course of normal operations.
Additional tests were performed on the remaining APV bottles onboard the facility. Of
the 65 bottles that remained, 9 were removed from service due to similar defects that
were found during the test performed on the ruptured bottle. All of the defects were
located on the necks of the bottles and all on their inside surfaces. The other
bottles in the system were determined to be in good condition and each met or
exceeded the manufacturer’s specifications. More frequent inspections and an improved
inspection procedure, utilizing ultrasonic testing, was put into place in an attempt
to prevent a reoccurrence. In addition, Noble issued a safety alert to all rigs
utilizing similar equipment which prevented any personnel from accessing the APV
bottle area and required that ultrasonic testing be performed on all bottles in
service.","Reported as damage over $25,000. Estimated property damage $355,000.",,,,,,,,,,,,,C,,
MR-9F5336814F,,,2023-03-10,14:30,2023-03-15,,,EB,,Production Operations,LIFTING,,,,,SYN-9d1521,Facility Engineer,SYN-f86216,Facility Engineer,SYN-bd8efe,HSE Advisor,2023-04-20,SYN-5e1a45,Marine Coordinator,2023-05-22,"On 10 March 2023, at 0730 hrs, Breton Sound (BS) 55 EB Platform, was struck by the
shrimp boat Master Paul. The fishing vessel contacted the upper deck of the platform
with its outrigging (external trawl nets supports). There were no witnesses to the
allision aside from the personnel on the boat. BS 55 EB is an unmanned, fixed leg,
satellite platform operated by Cantium, LLC. There were no injuries or pollution
associated with this allision. However, there was extensive damage to the platform
totaling $125,000.",There were no injuries or pollution associated with this allision.,,,,,,,,,,,,,C,,"SEQUENCE OF EVENTS:
On 10 March 2023, during the morning hours at Main Pass (MP) 41 M, another Cantium
operated facility, the production foreman looked out the window at the MP 41 field and
noticed a trawling vessel next to BS 55 EB structure. With the use of binoculars, he
noticed the vessel was listing towards the structure. At that point, he instructed the
Motor Vessel (M/V) Ms Dee, standing by the MP 42 C structure, to travel to BS 55 EB to
observe the situation. Once the Ms Dee arrived on location, they relayed over the
radio “a shrimp boat has collided into the BS 55 EB Platform and there were some
damages to the structure.” Immediately, the production foreman instructed the Ms Dee
to come back to pick up personnel and take them to that location. At 0800 hrs, the
production foreman and 4 other personnel were picked up and taken to the incident
sight. Upon arrival, it was observed that the starboard boom was broken and wrapped
around the east leg of the structure with the block for the boom hung up in the west
side of the upper structure. Based on the assessment of the damages to the upper
structure, it was relayed to the lead operator at MP 42 M to remotely shut in and
secure the only flowing well: EB-12 well. Due to the damages seen, they did not board
the platform. The production foreman witnessed the SSV (Surface Safety Valve) shut on
the well and the well remotely secured.
A few personnel were observed walking around the deck of the shrimp boat Master Paul
and one person was observed out on the boom securing a rope to remove themselves from
the structure. Cantium notified their office personnel and then notified the USCG of
the situation via phone on the Ms Dee. The Cantium investigation team then departed
for MP 42 D to download pictures and make phone calls. At 13:27 hrs, the production
foreman, looking out the window from MP 42 M, observed that the shrimp boat Master
Paul had freed the front starboard side of the vessel from the west side of the
structure, but was still hung up on the east side. Later that afternoon, the shrimp
boat Master Paul was no longer visible in the MP 41 Field. BSEE New Orleans District
was notified and photos were forwarded via email.
BSEE INVESTIGATION:
The incident was assigned to the BSEE New Orleans District Accident Investigator on 14
October 2020. Review of the incident report in eWell required additional information
to be requested concerning the shrimp boat, its crew, witness statements, and
estimated damages. The Cantium investigative team provided photos, statements, and a
damage assessment of the facility. There were damages to the extended walkway,
foghorn, one (1) Aids to Navigation (Nav-aid) light, and a davit support for the
emergency swing rope. Cantium reported the assessed damage cost of $125,000. The HSE
Manager acknowledged that the Nav-aids were fully operational prior to the allision
per the results from a previous inspection. BSEE requested and reviewed the prior Nav-
aid inspection report. As a result of damages received to the affected Nav-aid light
and foghorn, BSEE approved a variance for the installation of temporary Nav-aids. The
shrimp boat was 86’ long and owned by Mid Night Catcher LLC. The platform was returned
to production on 12 March 2023 at 1800 hrs as soon as construction was able to board
the structure.
CONCLUSIONS:
According to Cantium personnel, the shrimp boat Master Paul is suspected of trawling
near the location of BS 55 EB when the incident occurred. Cantium took the necessary
safety precautions to not board the platform and remotely shut in all production on
the platform."
MR-C9CAEDB977,,,2023-04-02,04:30,2023-05-13,EI,107,B-1,HERCULES 214,Well Services,LIFTING DEVICE,,,,,SYN-f618a1,Production Foreman,SYN-912f64,HSE Advisor,SYN-f7b300,Facility Engineer,2023-06-05,SYN-9c9a94,Facility Engineer,2024-09-08,"-
At approximately 04:30 on 17 April 2012, an accident occurred during plug and
abandonment operations on the Hercules Offshore (Hercules) Rig 214 while working for
Apache Corporation (Apache) at Eugene Island Block 107. The accident involved picking
up a bottom-hole assembly (BHA) while performing abandonment operations on Well B001.
As rig personnel were stabbing the assembly into the stabilizer, a spinner hawk was
placed onto the stabilizer to tighten it up when the Hercules employee engaged the
spinner hawk's trigger that resulted in the tongs biting and swinging the tool around
striking him in the hip. The employee was flown to Terrebonne General Medical Center
located in Houma, Louisiana (LA) and was diagnosed with a fractured hip. Hercules
employee witness interviews were provided by Apache Corporation.
The accident occurred due to the Hercules employee's misjudgment to recognize that
the snubbing line for the spinner hawk needed to be secured to the appropriate
stanchion prior to use. Since the spinner hawk was not properly secured, upon
actuation, it swung and struck the employee.
The completed Job Safety Analysis (JSA) did not mention as a Hazard Reduction
Measure, the need to secure the spinner hawk's
stanchion prior to engaging the spinner hawk.","The employee was flown to Terrebonne General Medical Center located in Houma, Louisiana (LA) and was diagnosed with a fractured hip.",,,,,,,,,,,,,,,
MR-7AC255EE59,,Incident,2023-04-20,08:30,2023-04-26,SP,49,A,,Maintenance,LIFTING DEVICE,Loss Event,Environment & Reputation,Loss of Containment,,SYN-9223a0,HSE Advisor,SYN-67297c,Marine Coordinator,SYN-3afea4,HSE Advisor,2023-05-11,SYN-64af86,HSE Advisor,2023-07-08,"A. On the morning of 11-18-2006, the Operator was making a round on the SP 49-A
platform about 07:00, a slick was discovered coming of the platform 150 ft wide and
2600 ft long by operations. Dull in color. An upset in the chem electric carried over
to the Wemco Unit overflowing to the Gulf. The operator shut in the platform and
proceeded to clean up the systems.
B. 4/12/2023 - There was an upset in the LPS causing a pollution incident off the
Wemco Unit. On the evening of the incident the operators were trying to pig the
Stone Energy, MC 109A pipeline. They had a manual valve cracked open to the vent
system off the pig trap. When the Wemco Unit high leveled, the operators went to it
and left the manual valve on the pig trap open and unattended. It was at this time a
slug of oil from the MC 109 Pipeline hit the pig trap and flooded the vent system
with oil causing oil to blow out the flare boom. Oil covered the entire platform and
was left that way until
4/20/2023.
C. 4/20/2023 - There was a third pollution event discovered by New Orleans District
during a routine inspection flight offshore. An inspector discovered a slick 1/4 of a
mile wide by 16 miles long trailing off SP 49A platform. When the inspector landed
and found the Lead Operator, they were still on line and trying to pump the oil out
of the Wemco Unit straight to the Production Sump. At this point the inspector
instructed the Lead to shut in the facility by ESD and was going to time the shut
down. After activation of the ESD system the platform did not shut in. It was
discovered that the ESD system was in by pass along with all pipelines and most of
the components on the platform. They took the ESD system out of by pass and the
facility did shut in at that point. By passed devices and systems were not flagged
nor were they being monitored. The best answer the inspector could get at the time
from the lead operator was he did not know when or who had put the devices in by
passed.
D. 12-10-2006 - There was a fourth pollution event. As the operators were trying to
bring the platform back on line, the vent scrubber
boom up with oil then it was release out the flare",Reported as a pollution release.,Incident,,Incident,6,C,2,,,C,,,,,,
MR-EF86599EEB,,Incident,2023-04-24,15:00,2023-05-06,EB,690,,NOBLE BOB DOUGLAS,Production Operations,LIFTING,Loss Event,Environment & Reputation,Loss of Containment,,SYN-a9d774,Facility Engineer,SYN-d28905,Operations Superintendent,SYN-b3bb15,HSE Advisor,2023-05-31,SYN-60b974,Maintenance Supervisor,2023-09-17,"On April 24, 2023, the Sr. Subsea Engineer was lining up the choke manifold for
offline testing of the Blow Out Preventer (BOP) from the Tool Pusher panel. While
performing this task he noticed the Pilot Operated Control Valve (POCV) pressure for
the Riser Connector was higher than recommended showing approximately 1850 psi. He
lifted the protective cover which protects the Riser Connector functions and instead
of functioning the POCV Override button, he inadvertently functioned the Riser
Connector unlock button. At that point the yellow pod pilot pressure low pressure
alarm sounded along with observed pilot pressure readbacks dropping and both Hydraulic
Power Unit (HPU) pumps running. Video captured from onboard cameras show all riser
tensioners upstroking and riser tensioner ring in the moonpool upstroking. Remotely
Operated Vehicle (ROV) video verified LMRP disconnect from the BOP's. When the LMRP
disconnected 350 barrels of Calcium Chloride was released into the Gulf of Mexico.","Reported as a pollution release and damage over $25,000. Estimated property damage $47,500.",Incident,,Incident,6,C,2,,,C,,,,B,,
MR-6F927ADA24,,Incident,2023-05-22,17:00,2023-08-03,EB,602,,ENSCO 8500,Construction,LIFTING DEVICE,Loss Event,Environment & Reputation,Loss of Containment,,SYN-6b53ed,HSE Advisor,SYN-570b89,HSE Advisor,SYN-5c99e8,HSE Advisor,2023-08-24,SYN-82a3a3,Maintenance Supervisor,2024-04-09,"The EB 602 SS Well 014 BP01 was completed to the approved depth, cased, and displaced
with 9.0 CaCl2 completion fluids. Wireline was across the subsea BOP stack with
logging tools in the well. An unintentional auto shear/EDS (Emergency Disconnect
Sequence) activated, cutting wireline with the casing shears, the blind shear rams
closed, the LMRP disconnected, and the boost line valves actuated to the open
position. The logging tools and severed wireline dropped to the bottom of the well.
The riser disconnect caused the discharge of 849 barrels of completion fluid to sea.
The rig re-latched the LMRP to the BOP stack 7 hours after the EDS event. The blind
shear rams were opened to verify that the well was still static and then the blind
shear rams were closed. (Negative pressure test was successfully performed on 12 Feb
2012.)
Over a period of days prior to the EDS event, the driller's BOP control panel was
experiencing an increasing amount of intermittent abnormalities with network
connectivity. Rig personnel opened the panel to troubleshoot the network problems.
While the panel was live, and well operations were ongoing, personnel were pushing
and pulling on wires, cables, and connections. The troubleshooting techniques on the
panel's wiring caused a voltage drop in the solid state relay. A voltage drop in the
solid state relay activates the EDS.
Prior to rig personnel entering and accessing inside the driller's BOP control panel;
the OIM was not notified nor his approval given, a proper JSA and risk assessment was
not conducted, and a permit to work was not issued. In December GE/Hydril released
Engineering Bulletin (EB) 11-011 addressing the issue of ribbon cables and Molex
connectors causing an EDS when physically disturbed inside the panel while the system
is online. Anadarko/ENSCO received the bulletin in early December and did not
properly communicate the information with the rig and follow its safety
recommendations during the troubleshooting the panel. A permit to work was not
issued and there was no procedure utilized for entering the panel.","Reported as a pollution release. Estimated property damage $13,400.",Incident,,Incident,8,D,2,,,C,,,,A,,
MR-5455537EDE,,,2023-05-28,14:30,2023-06-04,HI,165,,,Construction,LIFTING DEVICE,Loss Event,Health & Safety,Injury TLI,,SYN-543579,Maintenance Supervisor,SYN-be6dc0,HSE Advisor,SYN-5cd9ff,Facility Engineer,2023-06-30,SYN-07d01f,Marine Coordinator,2024-09-12,"On 02/27/09, four contract employees working for Mariner Gulf of Mexico landed at
Mariner's High Island (HI) 165 # 1 platform. The contract employees were performing a
pre-job site survey and bringing additional equipment to the platform for the
following days work. The scope of work was to perform minor grating repair to the
platform which was a result of Hurricane Ike. The four employees descended down the
stairway to the main deck to survey the area. The welder's helper then returned to
the heli-deck to begin offloading equipment. The remaining contract employees
discussed the work to be performed. It was at that time that they spotted a 3"" X 3""
section of grating that was partially hanging downward from the well access deck.
They made the decision to pick this section up by hand and place it correctly back in
place to eliminate a fall hazard. The three contract employees accessed the well deck
by climbing a fixed ladder connecting the two decks. The employees began to shore up
the grating when one of them decided he could get a better hold of the piece of
grating by accessing the area behind the open section. This area had grating and it
appeared to be secure with grating clips (witness statement). When he repositioned
his body to move the piece of hanging grating, the piece of grating on which he was
standing shifted due to loose grating clamps. This caused the grating to tilt. The
employee lost his balance and fell through the hole created by the tilted piece of
grating. The employee fell from the well deck to the main deck striking his left
chest and torso on a handrail. The injured employee was transported by helicopter to
Brazoria County Hospital. Once he was evaluated and stabilized he was transported by
ground to Herman Hospital in Houston. The diagnosis was three fractured ribs to his
left ribcage and a bruised liver. On 3/2/09, the injured operator was released from
the hospital with restricted work activity.",The incident resulted in a lost-time accident with more than 3 days lost.,,,,,,,,,,,,,,,
MR-78B0D91D15,,,2023-05-29,22:05,2023-06-13,,,A (MTLP Shenzi),,Production Operations,LIFTING DEVICE,,,,,SYN-303d61,Production Foreman,SYN-b2bc68,HSE Advisor,SYN-f4d7c4,Operations Superintendent,2023-08-24,SYN-feee63,Production Foreman,2023-08-03,"On 29-MAY-2023 at 1730 hours, a BHP Billiton Petroleum (BHPB) electrician was
investigating the cause for the loss of electrical power to the Quarters building. As
the electrician was investigating inside the Motor Control Center (MCC) building, an
arc flash occurred from a 480 volt breaker panel to result in first degree burns on
the left side of the electrician's face and neck. The fire alarm bell automatically
activated when the MCC building sensors detected smoke, and a total platform shut-in
was initiated with all personnel mustered to their designated duty stations.
BHPB's incident investigation determined that a cable gland, mated to a Hub
connector, was loose. This Hub connector seals to the Quarters building 480 volt
power cable junction box located outside the Quarters building. The loose Hawke cable
gland connection allowed rain and salt water spray to enter into the junction box.
The water build-up inside the junction box eventually migrated by gravity feed
approximately 185 feet through a conduit void from the power breakers to the Topside
Control Center breaker enclosure.
BHPB's investigation of the breaker internals showed evidence of water entrance and
corrosion which suggests that small amounts of water entered the Quarters building
power breaker over a long period of time. The water build-up inside the breaker broke
down the insulation between phase A and phase B, and the arc flash was caused by a
short between phase A and phase B.
Following the investigation, the Myer hub connector and glands were tightened at the
Quarters building junction box to prevent water from entering into the junction box.
Also, the power cable that was delivering the power from the breaker to the junction
box was dried and then successfully tested according to manufacturer recommendation
and industry practice.",,,,,,,,,,,,,,A,,
MR-AFEB2154F1,,,2023-05-30,08:30,2023-06-10,MU,762,A,,Maintenance,,Loss Event,Health & Safety,,,SYN-de6ab8,Production Foreman,SYN-a29877,Production Foreman,SYN-c089ad,Facility Engineer,2023-07-10,SYN-362dc8,Maintenance Supervisor,2023-09-23,"The lead operator was using the crane to move some equipment around for the
construction crew. The lead operator had lowered the fast line to the welding
machine that was to be moved. The construction supervisor was hooking up the welding
machine to the fast line, and a floodlight that was attached to the boom fell and hit
the top part of the welding machine skid, glanced off, and then hit the construction
supervisor on the back of his head. He was taken care of by the field personnel and
then transported to the hospital. The MMS inspector was informed that the injured
personnel was at home, but has not returned to work.","The incident resulted in an injury recorded without a severity code. Estimated property damage $1,000.",,,,,,,,,,,,,A,,
MR-BF5907AF73,,,2023-06-10,15:05,2023-06-15,SP,83,A,,Drilling,LIFTING,Loss Event,Health & Safety,,,SYN-149e01,Facility Engineer,SYN-d94982,Maintenance Supervisor,SYN-5ae396,Operations Superintendent,2023-07-12,SYN-527ebb,Operations Superintendent,2023-12-02,"On 10 June 2023, an incident occurred on South Pass (SP) block 83, Platform “A”.
SP 83 A is an unmanned and shut-in production platform owned and operated by Arena
Offshore, LP (Arena). The incident occurred when the Injured Person (IP) was assisting
two other operators who were reinstalling a Pipeline Intervention Gadget (PIG)
launcher cap back onto the gas pipeline PIG launcher (KZZ-602). During this process,
the three-person crew rotated the cap onto the PIG launcher and mistakenly thought the
cap was securely threaded. As they lessened their hold on the cap, it began to fall
and the sharp edge of the lever arm shaft penetrated the IP’s cut-resistant gloves.
This caused a laceration to the IP’s right hand. The IP was transported to an onshore
medical facility where the injury was assessed and treated.",The report stated that an individual suffered an inter laceration injury to their right index finger while manually reapplying the cap of a PIG launcher.,,,,,,,,,,,,,,,"SEQUENCE OF EVENTS:
On 10 June 2023, at approximately 1505 hours, a three-person crew removed the 12
in PIG launcher cap from KZZ-602, which was located on the cellar deck of the platform
for pipeline flushing operations. During the removal of the cap, the lever arm
assembly that assists in positioning the cap on and off the launcher became damaged.
This forced the crew to have to manually lift the cap back into place for
reinstallation. According to the report provided by Arena, when the three-person crew
made their initial attempt to position the cap back onto the PIG launcher, they
rotated the cap and mistakenly believed that a few threads had connected, which would
have secured the cap onto the PIG launcher. At this time, they lessened their hold on
the cap which caused it to fall. The IP was holding onto the lever arm shaft from the
center of the cap which contained sharp edges. As the IP moved his hand away to let
the cap fall, the sharp edge of the lever arm shaft penetrated his cut-resistant
gloves and caused a laceration to the
IP’s right hand.
At approximately 1510 hours, the IP reported the injury to the Health Safety and
Environment (HSE) Technician on location. The IP and HSE Technician removed the IP’s
glove and evaluated the injury. They then boarded the marine vessel Sea Service 1 and
reported the injury to the Project Consultant who then initiated Arena’s reporting
requirements. The IP’s wound was cleaned and bandaged, and arrangements were made to
transport the IP from the facility to an onshore medical facility for further
evaluation.
At approximately 1657 hours, the IP departed SP 83 A via helicopter enroute to Houma-
Terrebonne airport (KHUM). The IP arrived at KHUM at approximately 1730 hours, was met
by a River Rental Tools, Inc (RRT) HSE manager, and transported to Occupation Medical
Services in Houma, LA. The
IP’s injury was assessed and treated with eleven sutures. The IP was released to
return to work without any restrictions.
BSEE INVESTIGATION:
On 10 June 2023 at 1640 hours, BSEE received an initial report of an injury at SP
83 A, requiring evacuation. The report stated that an individual suffered an inter
laceration injury to their right index finger while manually reapplying the cap of a
PIG launcher. The person was evacuated by helicopter to receive medical attention at
an onshore medical facility.
On 21 June 2023, the BSEE Accident Investigator (AI) received the final report from
Arena regarding the incident that occurred on 10 June 2023. According to the
report, the Job Safety Analysis (JSA) did not include sequential steps or guidance on
how to prevent corrosion from seizing the cap onto the PIG launcher. This made the cap
difficult to remove and resulted in the injury. The JSA also lacked guidance on how to
eliminate or establish safety measures to prevent personnel from coming into contact
with sharp edges. While the JSA recognized the hazard of ""falling tools or objects""
and provided recommendations to reduce the hazard, the guidance to ""secure to prevent
dropping and causing injury or damage"" was not followed. The contractor's tool house
did not have equipment such as a chain hoist available, and the need for one was not
identified before the project mobilization. Additionally, personnel and leadership
involved in the task failed to use the Stop Work Authority (SWA) when they recognized
that equipment was not available. They did not halt the task until equipment or
repairs could be afforded to secure the cap from becoming a dropped object. The JSA
was not updated once the davit/swing arm was broken, which increased the challenges of
the task and risk to personnel. The JSA was also missing a revision to identify a
manual handling approach for lifting, holding, and threading the cap onto the PIG
launcher.
CONCLUSIONS:
According to the investigation conducted by the BSEE AI, they agree with the findings
provided by Arena. The investigation revealed that the JSA should have included steps
or guidance for corrosion seizing the cap, which would have helped to elevate the
difficulty of removal and eliminate or establish control measures to prevent contact
or shield personnel from sharp edges. It was also found that SWA should have been
utilized once personnel recognized that the equipment to secure the cap from becoming
a dropped object was not available on site. Furthermore, the JSA should have been
updated once the davit/swing arm was identified to be broken, which would have helped
to elevate the risk to personnel and impose additional challenges."
MR-F088ECE308,,,2023-06-23,11:00,2023-06-28,GB,128,­ A-Enchilada,,Drilling,LIFTING DEVICE,Loss Event,Health & Safety,Injury TLI,,SYN-ac9130,Maintenance Supervisor,SYN-78f33d,Facility Engineer,SYN-930715,Marine Coordinator,2023-09-03,SYN-64cb9d,HSE Advisor,2023-11-26,"-
On June 23, 2023 at approximately 1100 hours, an employee injured his left hand
while attempting to activate the suction and discharge valves on a booster pump.
The injured employee (IE) was setting up equipment to pressure test a pipeline
booster pump, valves and piping associated with the booster pump. The IE began
closing the Booster Pump Station suction and discharge valves as part of the pressure
testing.
During the activation of the valves, a piece of half inch tubing came loose on the
top connection of the actuator causing the tubing to rotate. The IE failed to
properly secure the fitting before applying pressure. The tubing contained
approximately 100 psi.
As the tubing rotated, it came in contact with the IE's left hand. The testing was
immediately stopped as the IE was brought to the medic located on board the facility.
The IE was transported to a medical facility where it was discovered his left hand
was fractured.
The BSEE Lafayette District conducted an onsite investigation on June 24, 2023.",The IE was transported to a medical facility where it was discovered his left hand was fractured.,,,,,,,,,,,,,,,
MR-9A62364182,,Serious Incident,2023-07-03,12:30,2023-07-22,EW,921,A-Morpeth East,,Well Services,LIFTING,Loss Event,Business Interruption & Cost,Equipment Damage,,SYN-d47677,Marine Coordinator,SYN-baacf4,Facility Engineer,SYN-7ee4ea,Production Foreman,2023-08-26,SYN-f3dab9,Marine Coordinator,2023-10-05,"On 3 July 2023, at 1230 hours, an allision occurred during decommissioning of
pipeline riser segment # 11458 at ENI US Operating Co. Inc. Ewing Banks (EW) 921 A,
OCS-G 12142 tension leg platform (TLP). The TLP had reached a 20-year design life and
ceased all production as of 16 January 2022. The facility is currently out of service
with no plans to return to service. All subsea wells were permanently abandoned as of
11 November 2022.","Reported as structural damage, a collision with damage over $25,000, damage over $25,000 and a crane incident. Estimated property damage $161.",Serious Incident,,Serious Incident,20,D,5,,,,,,,A,,"SEQUENCE OF EVENTS:
The crew onboard at the time consisted of ENI engineers, consultants, construction crew
members, platform operators, and Motor Vessel (M/V) marine crew members. A job safety
analysis (JSA) meeting was conducted before rigging up a 12-inch pipeline. The crew
noted weather in favorable conditions with clear skies, 5-7-foot seas and 15 knot
winds. The M/V was positioned on the southeast corner of the TLP at approximately 70-80
feet away.
The crew connected all associated rigging from the TLP to the stern of the M/V using
the M/V crane. The crew began following the written procedures. Operations were
proceeding fine according to the crews. Suddenly, the weight of the pipeline
overwhelmed the power of the M/V crane. The main 300-ton winch located on the M/V was
paying out unexpectedly. The shackle attached to the main line became wedged into the
sheave on the TLP. The M/V had taken the full payload of the pipeline at this time.
With the momentum the pipeline descending, the M/V was pulling toward the TLP despite
the using 100% power and could not be stopped in time. After several attempts to free
the shackle, the M/V was unsuccessful in freeing the wedged shackle. The M/V
encountered the TLP topside resulting in significant damage to TLP top deck and the M/V
crane. After the M/V was unsuccessful in removing the pipeline, ENI hired the Q4000
semisubmersible to complete the job. When the Q4000 arrived on location, the M/V cut
the 300-ton deck winch wire to release the M/V from EW 921-A facility. The M/W moved
out 500 meters, making room for the Q4000 semi-submersible to come in to remove the
pipeline.
BSEE INVESTIGATION:
On 15 July 2023, the Bureau of Safety and Environmental Enforcement (BSEE) New
Orleans District Accident Investigator performed an onsite investigation. The
Investigator obtained witness statements, photographed the incident site, requested
JSAs and interviewed key witnesses that were on the facility at the time of the
incident. The facility is no longer producing and decommissioning operations are
currently underway. In an effort to make the damaged area safe, hard handrails have
been installed to prevent any future access.
CONCLUSION:
Before the lift, the engineering and installation contractor reported to ENI that the
vessel they chartered to conduct the work on ENI’s behalf had sufficient capacity
(bollard pull) to hold position while the pipeline was being disconnected and
abandoned. It was discovered this was incorrect while trying to remove the disconnected
riser.
Vessel thrusters were performing as designed according to the vessel owner. However,
the vessel was not designed for the required bollard pull. The engineering and
installation contractor performed extensive calculations for all stages of the lift,
but they did not confirm the vessel’s bollard pull against these calculations."
MR-D987632624,,Serious Incident,2023-07-03,23:05,2023-08-01,AC,815,,HELIX Q-4000,Maintenance,LIFTING,Loss Event,,,,SYN-0d2e5b,Production Foreman,SYN-b41f58,Maintenance Supervisor,SYN-4b01be,Operations Superintendent,2023-11-05,SYN-22e994,HSE Advisor,2025-07-09,"Summary
On 3 July 2023, Shell Offshore, Inc. (Shell) reported an incident concerning the
disconnection of Heavy Weight Drill Pipe (HWDP) and Bottom Hole Assembly (BHA)
dropping to the sea floor. The incident occurred on Shell’s G-19409 Lease located in
Alaminos Canyon (AC) 815, well SA001, while conducting well abandonment operations
from the Helix Q-4000.","Reported as a lifting-device incident. Estimated property damage $2,300,000.",Serious Incident,,Serious Incident,20,D,5,,,,,,,D,,"Sequence of events
On 3 July 2023, during well abandonment operations, the Helix Q-4000 semi-submersible
rig was conducting wireline logging operations over the side of the of the Q-4000 in
well SA001, while simultaneously making up drill pipe in open water. At 08:20 it was
identified via the Q-4000 remote operated vehicle (ROV) monitor, the Bottom Hole
Assembly (BHA) was no longer attached to the drill string. The HWDP and attached BHA
weighed 6000 pounds and was 123 feet long. Shell Drilling Supervisor ceased drilling
operations aboard the Q-4000 and notified the Perdido Spar of the incident. Following
notification of the incident to Perdido Spar, the Senior Production Operator shut-in
the Silvertip subsea infrastructure. At 13:30 the MV ROV began a 14-element survey
inspection of the subsea infrastructure. The survey inspection was completed and sent
to BSEE on 3 July 2023 at 20:55. The Helix Q-4000 crew estimated three sections of
5-7/8” HWDP and the mule shoe were no longer attached to the bottom of the drill
string. After the MV ROV completed the site survey and found no infrastructure damage,
the ROV was began to search the sea floor for the lost drill string section. The MV
found the disconnected HWDP and BHA, 92 meters from well center, and 377 meters from
the center of the safe operating zone. The MV confirmed that four sections of HWDP and
the BHA had disconnected from the drill string.
Investigation
On 3 July 2023, the BSEE Accident Investigator (AI) was onsite conducting a follow up
inspection for a previous incident. Investigator arrived 40 minutes after the lost BHA
was identified at 08:20. The crew did not mention the incident to the onboard BSEE
investigator. BSEE was notified of the incident at 13:50 via phone by the Shell Duty
Engineer 4 hours after the BSEE AI departed the facility. Due to the pandemic,
scheduling and the departure of the Q-4000 the district was unable to complete an
onsite investigation.
BSEE requested statements, procedure in use, job safety analysis, data log of drill
string weight indicator, maintenance, and calibration logs for the Iron Roughneck.
Maintenance and calibration of the Iron Roughneck was found to be acceptable. Review of
the drill string weight indicator data log identified a loss of five thousand pounds on
2 July 2023 at 15:42. This indicates the (4) sections of HWDP with the bottom hole
assembly mule shoe separated from the drill string at that time, while the rig was 92
meters south of well center. While pulling the remaining drill string to surface, all
connections were checked and found to be properly torqued using the Iron Roughneck.
Photographic documentation of the threaded end (pin) connection, where the drill string
separated, showed no visual evidence of damage or excessive wear. After recovery of the
dropped sections of pipe, photographic documentation of the threaded end (box)
connection, showed no visual evidence of damage or excessive wear. An in-depth DS-1 Cat
5 inspection (measurements and ultrasonic testing) of the threaded box connection was
conducted in Houma Louisiana. All measurements were within limits and no defects were
found during ultrasonic testing. These findings indicate the HWDP was suitable for use."
MR-46EED0583D,,,2023-07-18,10:30,2023-07-30,HI,A 596 E,­ E,BLAKE 1505,Maintenance,LIFTING DEVICE,Loss Event,Health & Safety,Injury Minor,,SYN-1b39e3,Marine Coordinator,SYN-509714,Production Foreman,SYN-6ac7a6,Maintenance Supervisor,2023-09-24,SYN-654da1,Marine Coordinator,2023-11-28,"­
While rigging down casing equipment on rig floor, the elevators were unbolted from
the bails. A Frank's Casing Floor Man placed his right hand on the screen carrier
that was attached to one of the bails. As the block was being raised, the Frank's
Casing Floor Man's right middle finger was caught between the screen carrier and top
drive torque tube. Injured Person (IP) was transported to shore for evaluation and
treatment.",Injured Person (IP) was transported to shore for evaluation and treatment.,,,,,,,,,,,,,,,
MR-5FCC8AB79F,,Serious Incident,2023-08-02,08:44,2023-08-09,SS,118,R,,Production Operations,LIFTING DEVICE,Loss Event,Business Interruption & Cost,Equipment Damage,Combustion,SYN-be20d0,Production Foreman,SYN-cd2b5a,HSE Advisor,SYN-f4ea43,Marine Coordinator,2023-08-25,SYN-8d65c2,Operations Superintendent,2026-03-21,"On 2 August 2023 at approximately 0845 hours, a fire occurred on the SS 118-R,
while two operators were repairing a leak on the test separator oil meter. The two
operators went to launch a pig and take a dew point, while another operator was
investigating why the oil production was coming up short. At 0830 hours, two
operators were returning from launching a pig and noticed the third operator working
on the test separator. The two operators stopped and asked him what he was doing,
while the third operator explained that he was two phasing the test separator since
oil production was coming up short. During this time a leak from the test separator
oil meter was observed.
The two operators began to isolate the oil dump line and bled the pressure off, while
the third operator went to retrieve additional tools. Within a minute the operator
returned with additional tools and exited to the living quarters, leaving the other
two operators repairing leak at the oil meter. The two operators closed off the
first block valve on the test separator oil line, closed the gate valve next to the
dump valve and closed the valve downstream from the choke. The two operators then
proceeded to bleed off the pressure on the oil dump line, and loosened the hammer
unions connecting the oil meter. One operator then began to tighten the union on the
upstream side of the oil meter while the other operator held backup on the nipple
side. The two operators then tightened the downstream side of the oil meter to make
sure both sides were tight so that it would not leak. The operators closed the bleed
off valve, opened the gate valve next to the dump valve, opened the block valve
downstream of the choke and opened the first block valve upstream the oil meter that
was repressuring the line. Both operators indicated that there were no apparent
leaks at that time and there were no audible or visual indications of a leak
detected.
The operators then proceeded to manually lower the oil level in the test separator to
make the dump valve dump (operate). At that time a slight leak was observed coming
from the same area on the oil meter that was leaking minutes earlier. Within seconds
the line parted at the downstream side of the oil meter between the nipple and the
union allowing a large amount of gas and condensate to be discharged into the
atmosphere. Within seconds the released gas migrated into the vicinity of the heater
treater and was ignited by the heater treater burner.
Seconds later there were two loud booms that shook the living quarters. An operator
activated the ESD system and started the fire water pump. The fire pump ran for 30
seconds and stopped due to being damaged by the fire. All personnel were then
ordered to evacuate the platform. The helicopter pilot and helicopter mechanic
evacuated the platform by helicopter. The other personnel went to the boat landing
to evacuate by boat. At the boat landing all personnel were accounted for and plans
were discussed to reboard the platform and fight the fire. However, there was a
third loud explosion and the plans for fighting the fire at this time were cancelled.
The M\V Captain Cody then took the crew to the field central complex located at Ship
Shoal 114-A. When the crew arrived at Ship Shoal 114-A plans were then made to
reboard the platform and fight the fire. A total of 5 personnel went back to Ship
Shoal 118-R to fight the fire. The platform was reboarded and it took about 30
minutes to extinguish the fire. At 0944 hours, the fire was extinguished with dry
chemical.
There were no injuries or pollution as a result of this accident.",There were no injuries or pollution as a result of this accident.,Serious Incident,,Serious Incident,12,D,3,,,,,,,C,,
MR-1267817FB1,,Very Serious Incident,2023-08-09,22:00,2023-08-16,GB,783,A (Magnolia),,Maintenance,LIFTING,Loss Event,Health & Safety,Injury TLI,,SYN-d144dd,Facility Engineer,SYN-bc16ac,Marine Coordinator,SYN-e59704,Marine Coordinator,2023-09-15,SYN-1b922c,Production Foreman,2023-09-16,"On 9 August 2023, an Accu-Line Well Services (Accu-Line) employee sustained a head
injury while conducting workover operations on Well A008 on the W&T Offshore, Inc.
(W&T) Magnolia platform, located at Garden Banks Block 783A. The Accu-Line employee’s
injury required evacuation from the platform for medical treatment.","He was diagnosed with laceration of scalp without foreign body, subarachnoid bleed, and open occipital bone fracture.",Very Serious Incident,,Very Serious Incident,25,E,5,,,,,,,,,"Sequence of Events:
On 9 August 2023, an Accu-Line wireline crew was removing a wireline ram preventor valve
from the top of the coil tubing unit (CTU) blow out preventor (BOP). A connection lift
cap was installed on top of the wireline ram preventor above the tool trap, and the
crane hook was attached to the shackle on the lift cap. The crane lifted the wireline
ram preventor valve off the CTU BOP and placed it on the deck near several pipe flanges
protruding approximately twelve inches above the deck.
An Accu-Line Supervisor, the Injured Party (IP), climbed onto the frame of the
wireline ram preventor valve, which was approximately three feet two inches high, to
disconnect the crane hook from shackle on the lift cap. As the IP stepped down from
the wireline ram preventor onto a protruding pipe flange, he lost his footing and
fell, wedging his head between two of the pipe flanges. The incident was witnessed by
another crew member, who provided immediate assistance. The IP lost consciousness for
around two or three minutes and upon regaining consciousness, he appeared confused and
lethargic. The IP sustained a six-inch and a two-inch laceration on the back and top
of his head, a quarter-inch laceration near his left eye, and an abrasion on his left
cheek. According to the operator, there are no videos of the incident. The medic was
contacted, and the IP was transported to the medic’s station using a stair chair
litter where he was able to transfer from the litter to the cot without assistance.
At 2300 hours on 9 August 2023, an on-call physician was consulted, and the wounds were
cleaned and dressed. At this time the IP was able to get up and use the restroom
without assistance. A decision was made not to medivac the injured person, and the IP
was monitored by the medic overnight. At 0600 hours on 10 August 2023, the IP got
dressed and ate breakfast, and the medic continued to monitor the IP until he departed
the facility at 1050 hours on 10 August 2023. The IP’s supervisor met him at the heliport
and escorted him to the Hospital. He was diagnosed with laceration of scalp without
foreign body, subarachnoid bleed, and open occipital bone fracture. The IP was treated
and released on 19 August 2023 with no restrictions.
BSEE Investigation:
On 19 August 2023, the Bureau of Safety and Environmental Enforcement (BSEE) Lafayette
District conducted an onsite Incident Follow-up (IF)Investigation. BSEE met with W&T
and Accu-Line representatives and collected all available incident-related
documentation. At the time of the IF Investigation, BSEE verified the area had been
secured with caution tape and was no longer in use for crane operations. BSEE also
interviewed an onsite witness. The crane operator and medic were no longer on location
at the time of the investigation and were unable to be interviewed. BSEE reviewed Accu-
Line’s job safety and environmental analysis (JSEA) and found that a designated flagman
was not assigned during the crane operation as required.
The BSEE Incident Investigation Team also determined that the incident resulted from
the IP failing to identify hazards, either visually or within the JSEA, including the
need for a step ladder or equivalent tool to safely access and remove the D-ring from
the lift cap during the crane operation."
MR-40D9CE105E,,,2023-08-26,09:00,2023-08-30,HI,A 379,B,,Maintenance,LIFTING,Loss Event,Health & Safety,Injury TLI,,SYN-8047df,Facility Engineer,SYN-ce3cb6,HSE Advisor,SYN-24f0c1,HSE Advisor,2023-09-27,SYN-569f6b,Facility Engineer,2024-03-19,"On August 26, 2023, at 12:15 hours, W&T Offshore (W&T) reported an injury incident
occurred at approximately 09:15 hours on High Island (HI) A 379 B platform Lease G
13808. The W&T Safety Manager reported, “the Injured Person (IP) was found, in the
NBK-1070 Heater Treater Vessel, unconscious, with shallow breathing, weak pulse, and
currently was breathing normal and talking, waiting evacuation to shore base for
medical evaluation.”
On August 29, 2023, at approximately 17:30 hours the Bureau of Safety and
Environmental Enforcement (BSEE) Lake Jackson District Production Operations
Supervisory Inspector, received a call from the Lead Operator at HIA 379 B platform.
During the conversation, the Operator stated, “the IP was found in the Heater Treater
submersed face down not breathing and no pulse. The Operator stated the Crews
performed CPR on IP for approximately 20 minutes before he was revived.”
On August 30, 2023, BSEE Inspectors conducted an on-site investigation at HIA 379
B. The investigation revealed that on August 26, 2023, while pumping fluids from the
NBK-1070 Heater Treater vessel, the IP entered the vessel without a Supplied Air
Respirator (SAR), and only wearing an Air Purifying Respirator (APR). He was overcome
by the fumes in the vessel and passed out face down in the fluids and sludge.
The Pump Operator stated prior to the incident, he noticed the IP with approximately
60 percent of his body inside the hatch opening of the vessel. He looked away to
observe the pump. When he looked back in the direction of the vessel, he could not see
the IP. After a few minutes of not seeing the IP, the Pump Operator went to vessel and
could not locate the IP. He then went to find a flashlight to look inside the dark
vessel. The Pump Operator informed the vessel cleaning Crew Supervisor in the
Operators office, of the situation, he obtained a flashlight, and they went to the
Heater Treater vessel. The cleaning Crew Supervisor looked for the IP inside the
vessel after not observing him. He then entered the vessel without a respirator and
found the IP face down in the fluid/sludge. While attempting to move the IP toward the
hatch opening, the cleaning Crew Supervisor, was overcome by the fumes and had to exit
vessel. The Construction Supervisor arrived at the vessel as the Cleaning Crew
Supervisor was exiting. The Construction Supervisor made entry without respirator,
moved the IP to the hatch opening and attached a rope to him for extraction. When the
IP was removed from the vessel, the crew members found the IP not breathing, with no
pulse, and began cardiopulmonary resuscitation (CPR) on the IP. After approximately 20
minutes of CPR, the IP began to breath on his own. The IP was flown to the hospital in
Galveston, Texas by Medivac helicopter for treatment.
The Investigation revealed the Lessee and their subcontractor Zealous Energy Services,
failed to follow their confined space entry plan. No Tri-gas survey was conducted when
the Heater Treater vessel hatch was initially opened, and to continuous monitoring for
Tri-gas readings. Additionally, the Lessee failed to designate an individual for Hole
Watch at hatch opening, have rescue equipment set up at the location of the vessel
before and during the cleaning operation. The IP made the vessel entry without the
proper permit, and without proper respiratory protection. The two Supervisors made
entry to rescue the IP without proper respiratory equipment, because of the equipment
not being set up prior to the beginning of vessel cleaning operation as per Lessee’s
plan.
Further investigation revealed the Lessee’s initial reporting at 12:15 hours on
August 26, 2023, was misleading as to the seriousness of this incident. The Lessee
initially reported the IP was found unconscious, with shallow breathing, and a weak
pulse. It was relayed that the IP was currently breathing normal, talking, and is
awaiting medivac aircraft to take him in for medical evaluation. It was discovered that
the Lessee was informed at approximately 10:10 hours that the IP was found in the
vessel face down in the fluid/sludge with no pulse, not breathing, and CPR was
administered for approximately 20 minutes to revive the IP. On August 26, 2023, the
lake Jackson District Accident Investigator contacted the Lessee at 19:00 hours for an
update and was told the IP is fine and is being released to full duty. The Lessee never
stated the seriousness of the IP’s condition, and failed to mention the IP was
in the Intensive Care Unit for a period of three (3) days. It wasn’t until 17:30 hours
on August 29, 2023, after Lake Jackson Accident Investigator contacted the Lessee,
that he learned the IP was in Intense Care Unit for three (3) days before being
released.","The IP was flown to the hospital in Galveston, Texas by Medivac helicopter for treatment.",,,,,,,,,,,,,,,
MR-0D7DD27DF5,,,2023-09-02,11:05,2023-09-11,,,A,,Maintenance,LIFTING DEVICE,,,,,SYN-ddbdb5,Facility Engineer,SYN-4e3cfb,Operations Superintendent,SYN-242233,Facility Engineer,2023-12-12,SYN-ce431b,Facility Engineer,2024-01-20,"While performing Air Arc Gouging (AAG) to remove an old crane gearbox, third party
Crane Mechanics inadvertently rigged up a gas line instead of an air line to the AAG.
The fuel gas line was not marked, properly isolated and rendered inert before
performing the hot work operation. As a result, sparks ignited the fuel gas causing a
flash fire that burned one Crane Mechanic's face and neck. The fire was extinguished
by the Fire Watch utilizing a 30 lb fire extinguisher. Improper Job Safety Analysis
(JSA) and Hot Work planning contributed to the incident. The Injured Person (IP) was
evacuated for medical treatment and released.",,,,,,,,,,,,,,,,
MR-622212BDDA,,,2023-09-11,04:00,2023-09-14,SP,62,B,,Maintenance,Fast line on crane,,,,,SYN-cdfe94,Production Foreman,SYN-12e754,Maintenance Supervisor,SYN-8fdc93,Production Foreman,2023-09-30,SYN-9999ab,Marine Coordinator,2024-01-24,"The crane operator was in the process of relocating two joint of drain lines, PVC
pipes measuring 20' x 8"", from the top deck to a lower deck on the platform. The
crane operator was paying close attention to the load itself preventing it form
striking the exhaust on the compressor and other equipment on the platform. He
failed to watch the ball position relation to the boom tip. In the process of
lowering the boom, the crane operator, focusing on the load, failed to see the ball
approaching the tip of the boom. The anti-two block system failed to stop the crane
allowing the ball to hit the tip of the boom. The impact broke the fast line
dropping the load and the ball which hit the tool house and fell into the Gulf
waters. The recoil of the fast line caused the line to come into the cab of the
crane striking the operator on the wrist. The crane operator did not require any
medical attention and the platform did not sustain any damage.
The flagman was in the process of repositioning himself and was not watching the
operation.
The bull frog crane was successfully load tested to 50,000 lbs. on July 26, 2023.
The annual pre-load and post-load test was successfully inspected on January 29,
2005.
The daily crane use inspection was performed on the date of the incident March 17,
2005 and the anti-two block tested ok.
Note: On the daily crane use inspection forms the bull frog crane from February 21
through August 31, 2023 the following discrepancy was detected:
The crane operator marked on the form that the anti-two block failed but did not
indicate which anti-two block failed the fast line or the load line. Also under
remarks it was not clearly documented as to what failed on the anti-two block and
which one failed.",,,,,,,,,,,,,,A,,
MR-8A9C41C03E,,Incident,2023-09-26,18:15,2023-10-19,MP,61,A,,Maintenance,LIFTING DEVICE,Loss Event,Environment & Reputation,Loss of Containment,,SYN-85c551,Maintenance Supervisor,SYN-2e848e,HSE Advisor,SYN-3df721,Production Foreman,2023-11-30,SYN-74bb29,Operations Superintendent,2023-12-12,"On September 26, 2023 at 1815 hours, OCS-G 16493, Main Pass (MP) 61 A, operators were
notified by Energy XXI GOM, LLC personnel that the U.S.C.G. had observed a sheen
which appeared to originate at Platform A. There were no system upsets to lead to
the discharge of oil. Operators had an issue with the float cell and discharged rusty
water from the facility. Spill volume .41 bbls. NRC # 844151
On September 28, 2023, New Orleans District Inspectors conducted an investigation at the
MP 61 A Platform on the above mentioned pollution incident. On December 12, 2023, the
New Orleans District Manager spoke with Wood Group's Supervisor on the events that
lead to this incident. It was determined through statements from the operator, Energy
XXI GOM, LLC's final report and conversations as outlined above that the events
leading up to the pollution incident are as follows:
The operators on the facility were in the process of returning the facility to
production. Part of the procedures was to drain the water leg of the Unicel to the
sump. This is required due to the iron sulfate build up that occurs during extended
shut-ins. Shortly after returning to production, the sump experienced increased input
due to heavy rainfall. Liquid hydrocarbons within the sump were attached to the iron
sulfate particles and were carried over into the Gulf of Mexico through the water leg
of the sump.",Reported as a pollution release.,Incident,,Incident,6,C,2,,,C,,,,,,
MR-095AD5D787,,,2023-10-21,21:00,2023-10-25,GC,743,,SEADRILL WEST AURIGA,Maintenance,LIFTING DEVICE,Loss Event,Health & Safety,Injury TLI,,SYN-38c609,Maintenance Supervisor,SYN-6d00de,Facility Engineer,SYN-7bbc41,Marine Coordinator,2024-01-28,SYN-6d939b,Maintenance Supervisor,2024-05-30,"On October 21, 2023, while troubleshooting an alarm on the Marine Sanitation Device
(MSD), an Engine Room Operator (IP) sustained first and second degree burns due to
hot fluids being released from a ruptured sight glass on one of the MSD’s vacuum
pumps.
At the time of the incident, the Seadrill West Auriga was in the process of
performing drilling operations on BP Exploration and Production’s DC133 well. The
drillship was located in Green Canyon Block 743, Lease OCS-G15607.
After receiving an alarm from the ship’s MSD system, the Engine Room Operator (IP)
proceeded to the ship’s hull to investigate the issue. Upon arrival, the IP noticed
that the ‘Long Run Alarm’ indication light was illuminated on the MSD’s control
panel. The IP noted that the system seemed to be running hot and proceeded to reset
the alarm. The operator's report stated that it was common practice to reset the
system and pumps in order to start troubleshooting the cause of the alarms on the MSD
unit. Once the alarm was cleared and the pumps were turned back on, the IP walked
over to the inspection glass to confirm whether or not the fluid in the system was
flowing.
The IP arrived at the inspection glass and kneeled down next to the pump in order to
gain a clear view of the inside of the pump. It was at this moment that the
inspection glass failed, ejecting pieces of fractured glass and hot fluids from the
side of the pump and onto the IP. The IP immediately shut down the system and closed
the suction valve to the pump before leaving the area. The IP proceeded to the
nearest emergency wash station because he was covered in sewage and his skin was
burning. He undressed and stood under the flowing water for several minutes in an
attempt to wash his skin free of contaminants and help to slow down the burning
process.
After washing off all the contaminants, the IP notified the rig's OIM and Medic about
what had occured. IP was examined by the rig’s Medic and the decision was made to
send the IP to an inland facility for further treatment. At approximately 21:37 hours
the Medevac Helicopter was notified of the emergency and efforts to transport the IP
were made. Due to the weather conditions at the time, the Medevac Helicopter was
delayed for several hours until finally being able to make it to the rig around 08:31
the following morning.
No injuries were sustained by the IP due to the shattered glass, but the discharge of
hot fluids left the IP with first and second degree burns on approximately 40% of his
body. The investigation that followed showed the direct cause of the incident to be
due to the discharge lines of the pump being clogged with scale. A pressure build up
occurred inside of the pump because the lines became clogged and there was no safety
device in place to prevent overpressuring; such as, a Pressure Relief Valve or a
Rupture Disk, causing the inspection glass to rupture.","No injuries were sustained by the IP due to the shattered glass, but the discharge of hot fluids left the IP with first and second degree burns on approximately 40% of his body.",,,,,,,,,,,,,,,
MR-77D5A5EDC1,,Serious Incident,2023-10-22,15:45,2023-10-31,ST,26,D-QTRS,,Maintenance,LIFTING DEVICE,Loss Event,Health & Safety,Injury Minor,,SYN-dd00e3,Facility Engineer,SYN-d01a9d,Production Foreman,SYN-c31be0,Maintenance Supervisor,2023-11-05,SYN-6d0427,Maintenance Supervisor,2024-03-09,"-
On October 22, 2023, while in the process of performing abandonment operations on
EPL's ST. 26-D platform, an employee had his left index finger smashed while
attempting to install the Blowout Preventers (BOPs) to the top of the wellhead.
The crew had just moved onto location and was in the process of rigging up coiled
tubing equipment in order to perform abandonment operations. The Injured Person (IP)
was located on an elevated platform near the wellhead and was calling up instructions
to the Flagger on the deck above. The Flagger would then signal the Crane Operator
using hand signals to guide the BOP into place. The IP had inserted all twelve bolts
into the bottom flange of the BOP and was trying to guide all of them into the flange
on top of the wellhead. Although all of the proper Personal Protective Equipment
(PPE) was being used, the operators Incident Report stated that the IP's gloves had
been exposed to grease which had caused his hands to become slippery. As the Crane
Operator lowered the BOP into place, the IP was trying to align the bolts and flanges
with the use of his hands. As the bolts came into contact with the flange below, the
bolts were slowly being forced upward as a result of not being aligned properly. The
IP's left hand slipped causing his left index finger to slide near the top end of the
bolt. The bolt continued to move upward jamming his finger between the bolt and the
flange attached to the BOP.
After the accident occurred the facility held a safety stand down. On site first aid
was provided to the IP and the decision was made to transport the IP onshore for
further evaluation. Further medical evaluation revealed that the IP had sustained a
fracture to his left index finger. IP was placed on restrictive duty for five days
and then cleared to return to regular duties.",Further medical evaluation revealed that the IP had sustained a fracture to his left index finger.,Serious Incident,,Serious Incident,20,D,5,,,,,,,,,
MR-D2E4CB8647,,Serious Incident,2023-10-25,09:45,2023-11-13,SS,253,E,,Production Operations,LIFTING DEVICE,Loss Event,,,Combustion,,,SYN-cfa90a,Facility Engineer,,,,,,,"The platform personnel arrived on the platform and were conducting their walk-around
of the platform when they heard a large boom. One of the operators heard the boom
while in the well bay sub-cellar deck. He pulled the ESD station in the well bay and
headed up the stairs. He noticed a fire in the area of the compressor. He went back
down the stairs to go start the fire water pump. Two other operators were on the top
deck when they heard the boom. One of these operators walked over to see where the
noise was coming from. He tried to close the valve on the compressor but the area
was too noisy. He went to get some ear protection. When he returned, the gas had
ignited. The other operator felt a mist falling down from above and he pulled the
ESD station behind the fire wall of the compressor top deck. All of the operators
fought the fire using dry chemical as well as the fire water system. The fire was
extinguished in about ten minutes. The compressor was secured by closing valves and
was locked shut.
After the fire was put out, the crew found that a one inch double wire braided hose
failed. This allowed high pressure gas to vent and flow onto the hot metal of the
gas compressor. A misty spray followed the venting and consequently ignited and
burned the escaping gas. The flow was configured to flow from the third stage of the
compressor, through an adjustable choke, through a flow safety valve, and then
through the high pressure wire braided hose. Downstream of the hose, the hot gas was
sent in a one inch pipe that carried the gas to the sub-cellar deck. This high
pressure gas was used to unthaw gas lift lines during cold weather.","Reported as a fire. Estimated property damage $22,310.",Serious Incident,,Serious Incident,12,D,3,,,,,,,A,,
MR-84EA3B76B2,,Serious Incident,2023-11-09,15:15,2023-11-25,SS,177,A,,Maintenance,LIFTING DEVICE,Loss Event,,,Combustion,SYN-ef58d9,HSE Advisor,SYN-5d7d66,Operations Superintendent,SYN-96c702,Production Foreman,2023-12-26,SYN-bed2fc,Maintenance Supervisor,2024-01-28,"On November 9, 2023, a fire occurred on Ship Shoal (SS) 177 A platform during
decommissioning operations of well A4. The fire was extinguished immediately and
there was no harm to personnel, the environment, or equipment.
SS 177 A consists of five wells; one well is flowing (A5), three (A1, A2, A3) are
Temporarily Abandoned (TA’d), and A4 was being decommissioned at the time of the
incident. The cutting crew, which consisted of a Welder and Fire Watch, were tasked
with removing the casing valve from well A4’s conductor casing so that the casing
could be removed. In order to remove the casing valve, a cutting torch would be used
to cut the valve from the casing. Well A5 was located within the same well bay as A4
and needed to shut-in prior to hot work starting, so a Production Operator was
assigned to the job to ensure that well A5 was shut-in prior to hot work commencing.
A Job Safety Environmental Analysis (JSEA) and a Hot Work Permit were created to
identify the job steps, potential hazards, and hazard mitigations. Once the JSEA and
Hot Work Permit were reviewed and signed, the cutting crew started removing the
casing valve from well A4. Shortly after they started cutting the casing valve on
A4, a fire ignited at a weep hole on A5’s Surface Safety Valve (SSV). The Fire Watch
immediately extinguished the fire with a portable fire extinguisher, and the duration
of the fire was approximately 3 seconds. There was no damage identified, paint in
the area of the weep hole was not scorched or discolored, and the Temperature Safety
Element (TSE) fusible loop was not activated.
On November 14, 2023, Bureau of Safety and Environmental Enforcement (BSEE) Inspectors
conducted an investigation and collected documentation for this incident. It was
discovered that the SSV for well A5 had a leaking diaphragm, which allowed gas to be
ignited by the slag from the cutting torch. The Fire Watch had a gas detector and
was taking samples in the area of the hot work, but the SSV was a few feet higher
than where the cutting was taking place. The gas that was leaking past the diaphragm
was a very small amount and was not reading on the Fire Watch’s gas detector.
The JSEA identified that well A5 was flowing and needed to be shut-in prior to hot
work commencing, and was signed by the Welder, Fire Watch, Production Operator, and
Company Representative. However, the Hot Work Permit had Not Applicable (N/A)
checked off next to the requirements to shut-in flowing wells, redirect flowing
wells, and/or protect flowing wells from hot work operations. The Hot Work Permit
was signed by all personnel except the Production Operator. The Welder and Fire
Watch both stated that they were informed by the Company Representative and others
that well A5 was already shut-in so they did not think they needed to talk to the
Production Operator. The Production Operator confirmed that the cutting crew never
requested him to shut-in A5.
The primary cause of this incident was the failure to shut-in well A5 prior to
commencing hot work. Well A5 had a leaking diaphragm in its SSV, but if the well had
been shut-in the hazard would not have existed. There was confusion among the crew
as to if the well was already shut-in, which included the Company Representative who
was the Ultimate Work Authority for the job. The Production Operator was the only
personnel on the facility with the knowledge to ensure the well was shut-in, and he
was not present when the hot work started nor was he consulted with to ensure the
well was shut-in.",Reported as a fire.,Serious Incident,,Serious Incident,12,D,3,,,,,,,,,
MR-E78F775ED4,,Incident,2023-11-12,13:20,2023-12-02,MC,778,A(Thunder Horse,,Maintenance,LIFTING,Loss Event,Environment & Reputation,Loss of Containment,,SYN-03bca5,HSE Advisor,SYN-30ef36,Maintenance Supervisor,SYN-5e8292,Facility Engineer,2023-12-29,SYN-358901,Facility Engineer,2026-01-08,"On 12 November 2023, at 13:59, Mississippi Canyon (MC) 778 A (Thunder Horse)
experienced a Process Shut Down (PSD) of the air compressor system which then
initiated an Emergency Platform Shut Down (ESD). Upon restart of the facility and
troubleshooting the event, indications of loss of hydraulic fluid was discovered at
Subsea Well MC 776 TG002. It is estimated that 3 to 50 barrels of Transaqua Hydraulic
Control fluid and/or hydrocarbon entered the Gulf of Mexico. MC 778 A is owned and
operated by BP Production and Exploration. Notification was made to the Bureau of
Safety and Environmental Enforcement New Orleans District (BSEE NOD), the United
States Coast Guard (USCG), and the National Response Center (NRC #1291012).",Reported as a pollution release.,Incident,,Incident,6,C,2,,,C,,,,,,"SEQUENCE OF EVENTS:
Per BP’s report, on Wednesday, 12 November 2023, at 13:59, the line-of-sight gas
detectors near the air compressor header activated the Control Room (CR) alarm and a
PSD occurred.
At 14:20, CR operators could not find the fault before the automatic activation of the
ESD. This signal also shut down the main generators. The platform shut down and
personnel mustered.
Next, the auxiliary generator was brought on-line and the safety system was restored.
The platform safety system was back in-service by 14:25.
Upon the restart of the facility and troubleshooting the event, indication of loss of
hydraulic fluid was detected at Well MC 776 TG002. This was shown by a lower amount of
hydraulic fluid in the reservoir. Further troubleshooting indicated a leaking SCSSV
(Surface Control Subsurface Safety Valve) rod piston seals. The SCSSV was re-opened
and hydraulic control lines were re-pressurized from 13 November 2023 to 25 October
2020 preventing any further loss of containment.
At 21:30 the main generators were put back on-line.
Personnel evacuated for Hurricane Zeta the week of October 24th. The facility re-
manning began on 20 November 2023 following Hurricane Zeta. At approximately 17:55 on
21 November 2023 after communications were established with the well, the pressure was
bled off in the tubing above the SCSSV. During the pressure bleed off, the pressure at
the wellhead reduced to sub-ambient, which BP believes would have prevented any
further potential release.
In addition, a vessel was deployed to the field on 22 November 2023 for ROV inspection
of the well. The ROV video footage showed no fluid was flowing from the SCSSV vent.
The ROV was used to close the SV1 tree isolation valve, which provides isolation of
the wellbore to the A side of the SCSSV. Pressure integrity testing of the closed SV1
isolation valve resulted in an increase in the return pressure in the vent line when
pressure was bled but fluids were not observed exiting the vent. A pressure cycle was
then conducted on the B side and pressure in the return line again increased when
pressure was bled followed by venting of fluid from the vent. Samples were taken from
the SCSSV control line vent on the tree during functioning of the SCSSV on 5 November
2020. An inverted sample bottle with a funnel attached was placed above the vent to
capture any vented fluids during SCSSV function test. The sample bottle was then
shipped to ISOTECH laboratory and the gas in the sample bottle was separated from the
liquids and sent for analysis (27 November 2023). Results showed the gas to be a mixture
of air and hydrocarbons, however no conclusions could be drawn from the analysis
regarding source or quantity.
A function test on 12 December 2023 confirmed that the SCSSV failed to function open.
The SCSSV is a tubing retrievable type, size 5 1/2"". The SCSSV is currently in the
closed position with the well secure with the subsea tree valves (production master
valve, production wing valve, and production isolation valve) in the closed position. A
leak rate test was conducted on the SCSSV on 22 December 2023 which resulted in a 0 cc/
minute recorded leak rate. Notification of the failure has been submitted to the Chief,
Office of Offshore Regulatory Programs as required by 30 CFR 250.803. Diagnostics to
date have not determined the cause of the failure of the SCSSV to function open. The
plan forward is to retrieve the SCSSV during a workover; the workover has not been
scheduled at this time. When the SCSSV is recovered, it will be returned to CHPC for
analysis.
BSEE INVESTIGATION:
BSEE received notification of the platform shut down and subsequent SCSSV leak on 22
October 2020. The BSEE Accident Investigator (AI) reviewed and acknowledged the
incident in eWell. The AI communicated with the BP Regulatory Advisor on 23 October
2020. BP reports indicated that a line-of-sight gas detector for the Instrument Air
Header activated a High Alarm (AXT40601) shutting down the air compressors. The
Pressure Safety Low (PSL) on the air supply resulted in an ESD and personnel muster.
The event is categorized as an unplanned power outage and not a total loss of power or
blackout. Personnel evacuation was not required. The line-of-sight gas detectors were
suspected of failing. There were no leaking gases detected at that location. The
affected detectors were removed and replaced and sent it for testing.
BP suspects the rod pistons seals on the SCSSV failed, allowing the release. Based on
BP testing procedure and results, BSEE agrees that the rod piston seals on the SCSSV
could have allowed well fluid to release through the hydraulic vent line.
BSEE verified the sample analysis which indicated an amount of methane that would not
be expected if only Transaqua fluid had leaked from the vent.
According to BP, during the period 26 October to 31 October, it is possible that
additional leaking of Transaqua or oil (or some mixture of the two fluids) could have
occurred. If leaking occurred during that time period, BP estimates that the volume of
fluid leaked would have been no greater than 10 bbl/24-hour period. It is also possible
that the volume of fluid leaked would have been much less than 10 bbl/24-hour period.
CONCLUSIONS:
As a result of the unplanned power outage at MC 778 A, a PSD, ESD, and the discovery of
a leaking SCSSV rod piston occurred. The leaking rod piston allowed well fluids to
enter the SCSSV hydraulic control line and vent subsea when hydraulic pressure was lost
as a result of the ESD. An estimate of 3-50 bbls of hydrocarbon and/or hydraulic oil
entered gulf waters.
The probable cause of the incident is equipment failure of the SCSSV rod piston."
MR-F985404F38,,Incident,2023-11-17,06:05,2023-11-22,VR,279,A,,Construction,LIFTING DEVICE,Loss Event,Environment & Reputation,Loss of Containment,,SYN-6f41f6,Production Foreman,SYN-b3fa6d,Operations Superintendent,SYN-b274e9,Facility Engineer,2023-12-14,SYN-ed3557,Marine Coordinator,2024-05-29,"On 19-June-2015, W&T Offshore reported a casing failure on Vermilion 279 (VR-279)
well A3/A3D. A production operator was making his morning rounds and found gas and
oil leaking from the A3/A3D well. The gas and oil was leaking through a hole in the
20 inch drive pipe at the +10 bell guide and from the 20 inch x 10 3/4 inch annulus
from below the well head base plate. W&T reported an estimated .67 gallons of oil
leaked into the waters of the Gulf of Mexico.
An Application to Modify (APM) was approved on 29-Aug 2014, to set pump through plugs
in the short string (SS) and long string (LS) tubing to eliminate sustained casing
pressure. On 29-JAN-2023 and 30-JAN-2023, pump through plugs were set at 12,802ft
wire-line measured depth (WLM) and 13,202ft WLM in the SS and LS tubing respectively.
Casing pressure was bled to zero and monitored.
An APM was approved on 08-FEB-2023, to pull the pump through plug from the SS tubing
since W&T felt that there were holes in the LS tubing and the SS tubing had
integrity. On 11-FEB-2023, the pump through plug was pulled, casing pressure
returned and the plug was reset at 12,802 ft. WLM. Casing pressure was again bled to
zero psi and monitored.
Shut-In Casing Pressure (SICP) was recorded at 1,160psi in October and an APM was
approved on 09-MAY-2023, to permanently abandon the 11,000ft sand in the LS. Leak
diagnostic test were performed to locate the leak in the SS tubing and repair it with
a pack-off isolation assembly. On 31-MAY-2023, a Sondex Memory Leak Detection tool
was run and holes were located in the SS tubing at 8,009ft, 11,960ft, and 11,974ft.
Approval was obtained on 01-JUN-2023, to set pack-off isolation assemblies across the
holes in the SS tubing. The holes were isolated by pack-off isolation assemblies and
the casing pressure was bled to zero psi on 07-JUN-2023.
Casing pressure diagnostics were performed on 27-Jan- 2015. The pressure at the
beginning of the bleed off was 1,250psi and could not be bled to zero psi. On 27­
Feb-2015, an APM was approved to diagnose the leak source and reinstall the pack-off
isolation assemblies. In March of 2015, attempts to isolate the leaks in the SS
tubing with pack-off isolation assembly failed. On 22-AUG-2023, a pump through plug
was set in the X nipple profile at 12,821ft. Pack-offs with a pump through plug was
set in the SS tubing immediately above at 12,820ft on 23-AUG-2023.
W&T abandoned efforts to produce the 10,800ft sand up the SS and obtained approval on
25-AUG-2023, to produce the sand up the long string (which still had integrity) by
perforating the LS tubing below the dual packer. This was performed on 03-SEP-2023.
The monthly casing pressure recordings remained at or below 100psi.
On the 17-NOV-2023 and 01-JAN-2024 APMs were approved for zonal isolation and to
temporary abandon the well and perform diagnostics to find the cause of the casing
failures in well A3/A3D. After reviewing weekly activity reports (WARs), W&T root
cause report, W&T VR-279 production reports the following was determined.
On the 14-NOV-2023 the gas compressor on VR-279 started experiencing mechanical
issues leading to significant down time. During this down time the A3D well had
little to no production. This down time of production allowed the reservoir sand at
10,800ft shut-in pressure to build. The reservoir shut-in pressure caused the plugs
set at 12,820ft WLM and 12,821ft WLM in SS to fail allowing reservoir shut-in
pressure/gas and oil to enter the deteriorated SS. The deteriorated SS allowed
reservoir shut-in pressure/gas and oil to enter the production 7 5/8 inch casing. W&T
engineers concluded there was a leak in the 7 5/8 inch production casing between
500ft WLM and 3500ft WLM allowing reservoir shut-in pressure/gas and oil to build in
the 7 5/8 inch and 10 3/4 inch annulus. W&T engineers concluded there was a leak in
the 10 3/4 inch surface casing +-10ft below the well head allowing reservoir shut-in
pressure/gas and oil to enter the non-pressure containing 20 inch drive pipe finding
open paths to the atmosphere.",Reported as a pollution release.,Incident,,Incident,6,C,2,,,C,,,,,,
MR-1377723F20,,,2023-11-19,14:30,2023-12-05,VR,245,G,,Maintenance,LIFTING DEVICE,,,,,SYN-03034e,HSE Advisor,SYN-023ccf,Operations Superintendent,SYN-f4be8d,Operations Superintendent,2024-02-02,SYN-84db22,Marine Coordinator,2024-08-11,"Subsequent to conducting Hurricane Ike platform repairs, the Operator was in the
process of returning the G platform to production. Upon opening the SCSSVs, gas leaks
were detected from Wells G-1, G-3 and G-4, occurring from two locations on the
wellheads:the flange connection located immediately above the tubing head and the
flange connection just above the wellhead spacer piece. The Operator attempted to
close all SCSSVs to control the gas leaks, resulting controlling the leaks from Wells
G-1 and G-3. However, Well G-4's SCSSV would not fully close /seal, resulting in an
uncontrolled gas leak from Well G-4's tree flange connection located immediately
above the tubing head bonnet. Gas escaped through the loose mating surfaces of the
ring gaskets and grooves, requiring Well G-4 be opened to the flare to minimize gas
leakage from the wellhead. This afforded the routing of most of the gas to a safe
location. Well G-4's tubing pressure was estimated to be 0 psi before opening its
SCSSV. After opening its SCSSV, G-4's tubing pressure built to approximately 100 psi
and gradually decreased to about 50 psi. After several hours of flowing the G-4 well
to the flare, the SCSSV fully closed/sealed. On the following day, successful repair
procedures were initiated on the wellheads. All leaks were repaired by changing out
the studs, nuts, and ring gaskets on wells G-1, G-3, and G-4. Subsequent to the
repair, the trees were tested to their rated capacities.",,,,,,,,,,,,,,B,,
MR-F374C50220,,,2023-12-06,19:00,2023-12-08,WD,30,P,,Drilling,LIFTING,,,,,,,SYN-914456,HSE Advisor,,,,,,,"On 6 December 2023, at 1900 hrs, an incident of a dropped object into the Gulf of
Mexico occurred at Cox Operating LLC West Delta 30-P OCS 00026 platform.
On 19 November 2023, two Bureau of Safety and Environmental Enforcement (BSEE)
inspectors conducted an annual inspection on the WD 30-P platform. During the
Inspectors’ safety walkthrough, there were areas of concern observed on the platform.
The Inspectors instructed that the operators barricade off the well bay area and the
concrete stairway from the cellar deck, due to heavily corroded cross members.
Inspectors conveyed to the operators that the concrete stairway must be repaired or
replaced. Those areas were considered unsafe due the potential of falling debris. The
inspectors issued two Incidents of Noncompliance to Cox Operating LLC to have the
areas of concern addressed.
On 25 November 2023, the construction crew consisting of two Fugro employees, two-GSSI
employees, eight Burner Control employees and five- Alliance employees boarded the lift
boat traveling to the Cox Operating WD-30P platform. Cox Operating hired the 3rd party
companies to repair the corroded areas written up by BSEE inspectors on 07 January
2020. Once the lift boat arrived at the platform, it set-up in position and the crew
members started offloading equipment and materials needed for the job. The crew members
surveyed the job site and documented the production equipment layout before completing
a Job Safety Analysis (JSA).
From 26 November 2023 to 10 December 2023, the crews held a daily safety meeting every
morning at 6:00 am, discussing the job task for that day. Cox Operating had one
production operator onboard as the person in charge (PIC). The construction crew
members staged equipment and erected scaffolds and barricades to start the job task of
replacing corroded handrails, stairways and deck grating in the well bay.
On 6 December 2023, the construction crew members started removing the cement stairway
located on the northeast side of the cellar deck. As the crew members prepared the
rigging for the stairway, the supervisor instructed them not to rig up all of the nylon
straps until the last cut. The supervisor felt that the nylon straps would burn during
the cutting process. As the crew members were making the third cut, the steps broke
loose. A section of the stairwell 5 ft 6 in X 4 ft 9 in fell 30 ft down into water on
the side of the platform. The crew members reported the incident to the Cox Operating
PIC onboard at the time of the incident.
On 13 December 2023, Cox Operating LLC reported materials lost overboard during
construction work on the WD 30-P platform to the New Orleans District office.",,,,,,,,,,,,,,,,
MR-FA0E84A6A5,,,2023-12-10,19:40,2023-12-13,,,A-AUX,,Construction,LIFTING DEVICE,,,,,SYN-a36e15,Production Foreman,SYN-d16c0a,Production Foreman,SYN-5e349e,Operations Superintendent,2024-01-07,SYN-86f66a,Marine Coordinator,2024-07-10,"On 10 July 2023 at approximately 0500 hours, an operator noticed a leak coming from
the top of the heater treater fire tube. Flow was then shut-in and although a skid
pan was placed under the leak to contain the spill, approximately 4.71 barrels of oil
traveled down the side of the vessel and overboard. The oil produced a three miles
by two miles sheen that was 40 percent brightly colored and 60 percent silvery
colored. The spill was contained at approximately 0515 hours. Once the spill was
contained, an 8"" crack in the fire tube at the 12 O'clock position was observed
directly against the sealed weld at the face plate penetration. There were no
reported injuries or platform evacuations with this incident.",,,,,,,,,,,,,,A,,
MR-A5FC5FCE5E,,Very Serious Incident,2023-12-18,09:15,2023-12-22,ST,168,,ROWAN GORILLA IV,Drilling,LIFTING DEVICE,Loss Event,Health & Safety,Injury Fatality,,SYN-34fd91,Production Foreman,SYN-3f5577,HSE Advisor,SYN-1106d0,Facility Engineer,2024-01-08,SYN-623e78,Marine Coordinator,2024-07-21,"On December 18, 2023, at approximately 0915 hours, the port bow crane on the U.S.
flagged jack-up rig Rowan Gorilla IV collapsed while crews were installing a boat
tie-up rope on the port side of the forward leg. Two (2) fatalities occurred because
of this incident. As the port bow crane was being used to install the boat tie-up
rope, the hook load on the auxiliary hoist or ""fast line"" had one roustabout over the
side of the rig harnessed into a ""Billy Pugh"" workbasket and the inboard main hoist
line was unloaded. The procedure for installing the tie-up rope on the forward leg
placed the port bow crane in the maximum vertical position.
The crane was being operated with a remote control panel which was located forward of
the crane pedestal at the main deck level near the rig handrail and closer to the
work operation. After the workbasket was positioned adjacent to the bowleg, the crane
operator stepped away from the control panel to observe the crewmember working over
the side. Before the crane operator stepped away, the boom in/out hoist control lever
was returned to center, this would normally set the boom hoist brake for the main
boom arm.
With the boom lever in the center position, the boom arm continued to be pulled in a
vertical motion and against the travel stops. With the enormous stress load caused by
this exceeded vertical motion, it caused the head assembly to brake apart, and this
caused the tip section of the boom arm, the harnessed roustabout and workbasket to
plunge into the Gulf of Mexico. Commercial divers in approximately 70 foot of water
discovered the individual's body the next day. When the tip of the boom arm broke
off, the bridle section did not sustain the rest of the boom armload, so this made
the boom arm nose-dive. When the boom arm reached the deck below it sheered off at
the hinge plate, and the bail assembly fell and crushed a second roustabout killing
him instantly.","The incident resulted in a fatality. Reported as a crane incident. Estimated property damage $750,000.",Very Serious Incident,,Very Serious Incident,25,E,5,,,,,,,C,,
MR-7185C38ED6,,,2023-12-22,16:00,2024-01-17,MC,736,A(Thunder Hawk),,Marine & Logistics,LIFTING DEVICE,Loss Event,Business Interruption & Cost,Equipment Damage,,SYN-159d57,Production Foreman,SYN-d4f8de,Marine Coordinator,SYN-2c8ec8,Operations Superintendent,2024-02-11,SYN-c8226f,Operations Superintendent,2025-01-07,"Murphy's Thunder Hawk (FPU) is a four column, semi-submersible production platform
and is moored in position by means of a mooring system anchored to the ocean floor
and held in place by driven anchor piles. The mooring arrangement comprises twelve
lines arranged as groups of three on each of the four FPU columns. Each mooring line
consists primarily of polyester line with an anchor chain section and a vessel chain
section. The anchors consist of driven anchor piles. A fairlead for each line is
located on the FPU column. Each mooring line is tensioned via Rolls Royce
electric/hydraulic mooring winches (windlass), located at the top of the four hull
columns. Each Rolls Royce winch consists of three winch drums, connected to a single
drive unit. Each windlass is capable of applying the necessary maximum pretension to
its mooring line and each has an integral chain stopper that ratchets during
retrieve. During pay out of the mooring line, the stopper is open and the tension is
retained by the winch. A turndown sheave integral into the windlasses directs the
chain into a chain locker.
On 22 December 2023 Murphy's Thunder Hawk FPU was on location undergoing final stages of
installation with all 12 mooring lines attached and in place. During construction
stretch removal (CSR) of mooring line #10, while in the process of relieving the
tension on the #10 windlass, the windlass frame failed causing the sprocket to
misalign and the chain to pay out, dropping the #10 mooring line and chain to the
seafloor. Due to the fact that mooring line number 10 was paying out at the time of
the incident, the chain stop was disengaged and unable to arrest the chain's
deployment. The collapse resulted in the loss of mooring line number 10 to the
seabed and the windlass units for lines 11 and 12 being damaged and inoperable. The
frame failure happened under a 410-430 ton load, with a design load of 544 tons.","Reported as damage over $25,000. Estimated property damage $1,000,000.",,,,,,,,,,,,,D,,
MR-CCA4644FC7,,Serious Incident,2023-12-22,15:30,2023-12-31,SS,358,,,Well Services,LIFTING,Loss Event,,,,SYN-5079a7,HSE Advisor,SYN-d580b6,Operations Superintendent,SYN-2c6c94,Facility Engineer,2024-01-20,SYN-52da16,HSE Advisor,2024-04-10,"On December 22, 2023, a crane incident occurred during operations for the operator,
Magnum Hunter Production, Inc, located at Ship Shoal Block 358 “A” OCS–G19822. The
Crane Operator was lowering a Conex box from the platform to a supply vessel when a
pendent line caught the boom connector section and caused significant damage to the
heel section of the boom. There were no injuries reported at the time of the
incident.
On the afternoon of December 22, 2023, at approximately 15:30 hours, the Seatrax Crane
Operator was transferring a 6-by-6-by-6-foot Conex box from the supply vessel, John
Harville, to the platform. The Conex box contained cases of drinking water and
weighed approximately 3,000 pounds. Prior to commencing work, the crew which
consisted of a crane operator and the rigger / signal person completed a Job Safety
Analysis on the lift that was to be performed. All documents were reviewed and signed
by the crew. A Seatrax S100P temporary crane was used to lift the Conex box from the
supply vessel to the platform. During the lift, the Crane Operator boomed up to a
high angle in order to place the Conex box close to the galley door. The Crane
Operator and Rigger / Signal Person were unaware that the pendant line on the right
side of the boom fell to the side of the boom frame. Once the Conex box was emptied,
the Crane Operator proceeded to hoist and swing the container to load back onto the
supply vessel. While the Crane Operator was booming down, the pendant line snagged on
a bolt in the flange connecting the heel and mid-section of the boom. The more the
Crane Operator boomed down, the tighter the pendant line became until it finally
twisted the boom. The Crane Operator set the Conex box on the deck of the supply
vessel then proceeded to boom up when he noticed the boom was twisted. He stopped the
operation, then exited the crane cab to inspect the damage. No other equipment was
damaged, and the crane was tagged out of service until a replacement boom could be
delivered.
The Bureau of Safety and Environmental Enforcement (BSEE) investigation team conducted
the initial onsite investigation on December 28, 2023. The team took photographs,
interviewed personnel and collected documentation. The investigation team learned
that the Seatrax S100 temporary crane was installed on September 23, 2023. All
documents and certifications were on the facility once the initial install and rig up
was complete. The Crane Operator stated in an interview that he was has been employed
with Seatrax since July 2019 and is a certified crane operator with numerous years of
experience operating various types of cranes. The Crane Operator also stated that he
lifted the Conex box from the supply vessel onto the platform positioning it next to
the galley using the fast line. Once unloaded, the Crane Operator hoisted up and
swung the container over the handrail to place it back onto the supply vessel. After
clearing the handrail, the Crane Operator proceeded to lower the container with the
fast line and boom down simultaneously, unaware that the right pendant line had fallen
to the side of the boom frame. He landed the container on the deck of the supply
vessel safely and proceeded to boom up when he noticed the boom was bent. He stopped
and shut down the crane and exited the cab to inspect the damage.
According to the Seatrax erection procedure for the S100P portable crane, the pendant
lines were connected to the boom and crane gantry at the time of the crane
installation. There are two sets of pendant lines consisting of 1-3/8” cables. The
first set is approximately 44.5 feet long and connected to the second set which is
approximately 38.5 feet long. The Seatrax erection procedure states that the pendant
lines are to remain attached after rig-up to serve as a secondary retention when there
is no boom rest. There are no safety devices in place to keep both pendant lines from
falling on the outside of the boom perimeter while it is in use. This crane was in
operation approximately 2 months making numerous lifts, without having any issues.
Since this incident, Seatrax has revised their S100P Portable Crane erection procedure
by eliminating the step of leaving the pendant lines attached after the installation
is complete.",There were no injuries reported at the time of the incident.,Serious Incident,,Serious Incident,20,D,5,,,,,,,B,,
MR-C350609AFC,,Incident,2023-12-27,19:45,2024-01-13,AC,857,A(Perdido),H&P 205,Maintenance,LIFTING DEVICE,Loss Event,Environment & Reputation,Loss of Containment,,SYN-2f3c69,Production Foreman,SYN-04fd4f,Facility Engineer,SYN-b5fac5,Marine Coordinator,2024-01-25,SYN-b95869,Marine Coordinator,2025-05-03,"-
Incident occurred on 27 December 2023 at AC 857 operated by Shell. Estimated spill
was 144BBLS. The JSA dated December 28, 2023, titled Transferring mud from reserve
pit to active pits utilized for the mud transferring operation during the time of
incident occurring on December 27, 2023, does not make any mention for a procedure
assuring the proper alignment of all dump valves on the mud pits after they were
cleaned and before they were refilled.
Not all persons responsible for opening and closing the mud pit valves had signed
the JSA for the mud transferring operation.
The JSA was not properly completed or executed due to incorrect date when the
document was generated. Date Generated indicates 2-12-2014; the incident occurred 2-
11-2014 during the JSA applicable operation.
The JSA was not properly completed or executed due to all personnel performing the
job tasks during the time of incident failed to review the proper Lock Out/ Tag Out
safety steps to be taken in order to properly identify the #3 Dump Valve was still in
the open position as also documented in the H&P LO/TO/TRY Record Sheet.
The Lessee failed to properly gather a sample for the Static Sheen Test at the
correct sample location prior to releasing pit fluids to gulf waters during the pit
cleaning operation. Samples were gathered from the #4 Auxiliary Tank and the Trip
Tank, but not the #3 Active Pit. The Dump Valve on the #3 Active Pit was utilized to
discharge the pit fluids into the gulf waters. The #4 Auxiliary Tank was utilized in
order to pre-stage the washing fluid for cleaning purposes.",Reported as a pollution release.,Incident,,Incident,6,C,2,,,C,,,,,,
MR-7902EAA81E,,,2024-01-13,12:40,2024-02-02,HI,A 442,A,,Well Services,LIFTING DEVICE,Loss Event,Health & Safety,Injury TLI,,SYN-e3a63d,Production Foreman,SYN-6b61cd,HSE Advisor,SYN-ac2029,Operations Superintendent,2024-02-17,SYN-1c8e18,HSE Advisor,2024-05-01,"On January 13, 2024 at approximately 1240 hours, a contract employee sustained a
minor injury at Black Elk Energy's High Island A442 A facility. The Injured Party
(IP) had finished applying silicone caulk around a newly installed window air
conditioning unit and was descending a 4' step ladder when he lost his footing
(slipped). When the IP fell, he landed on a lifting pad eye on the potable water
skid which was adjacent to the 4' step ladder. The IP struck the left side of his
ribs on the lifting pad eye. The IP was working without assistance and no witnesses
were present. The IP stated he felt fine with no pain or discomfort and did not need
to go in for medical evaluation.
On January 17, 2024 the IP reported that he sneezed hard twice, which caused
discomfort and a grinding sensation in his left ribcage.
On January 18, 2024 the IP was flown in for medical evaluation at Cameron Memorial
Hospital. X-rays determined the IP's ribs were bruised but not broken. The IP's
work schedule is 14 days on and 14 days off. The IP went home to recuperate and did
not return to work for the remainder of his 14 day work schedule, resulting in a lost
time accident (LTA) of 8 days.","The IP went home to recuperate and did not return to work for the remainder of his 14 day work schedule, resulting in a lost time accident (LTA) of 8 days.",,,,,,,,,,,,,,,
MR-41B9B8EF34,,,2024-01-26,08:55,2024-01-31,SS,114,,* LIFT BOAT,Maintenance,LIFTING,Loss Event,Health & Safety,Injury TLI,,SYN-6964c2,Facility Engineer,SYN-f0312a,Marine Coordinator,SYN-0ebb98,Facility Engineer,2024-02-27,SYN-fc2e57,HSE Advisor,2024-05-10,"On January 26, 2024, an incident occurred while Stone Energy Corporation was attempting
to plug and abandon (P&A) well # 44 in Ship Shoal 114 field using a dive operation. A
diver suffered significant injuries to the fingers on his right hand, while attempting
to maneuver a casing over a wellhead underwater. The diver was transported to the
dock via crew boat, then to the hospital for further evaluation and treatment.
Stone Energy contracted Epic Companies to assist in the P&A process of well # 44.
This well was knocked over and damaged during Hurricane Elena in 1985. Well # 44 is a
surface well in approximately 52 feet of water and was previously abandoned in January
1989. The multiphase P&A operations are still on going. This first phase required
excavation activities so they could reach the 45 degree bend of the well. Stone
Energy estimated the bend to be at 65 feet below the original mudline. The excavation
resulted in the removal of 180,000 cubic feet of sediment, resulting in a hole
approximately 120 feet in diameter by 20 foot deep. The second phase of the P&A
operation required two liftboats to be on location. Liftboats, Ram 18 and Ram 19 were
on location to assist in the second phase of the operation, which required their
cranes and deck space for equipment. The approved second phase of the procedure
called for a 105 foot long by 60 inch diameter casing to be placed over the damaged
well head below the mudline using the two cranes from both liftboats. Once the 60
inch casing was stabbed over the existing 9.625 inch wellhead, 13.375 inch, 20 inch,
36 inch and 48 inch casings, the goal was to bend back the well upright in its
original vertical position.
On the morning of January 26, 2024, the weather conditions were clear and the Gulf of
Mexico was calm. The wind was blowing from the West at 12 miles per hour and the sea
state was consistently at two feet. Prior to commencing work, a Job Safety and
Environmental Analysis (JSEA) was reviewed and signed by the crew. The crew consisted
of a Dive Supervisor, two Divers, one Lead Dive Tender, three Dive Tenders, two Crane
Operators and a Health Safety and Environmental (HSE) representative. The morning
operations first began by lowering the 105 foot by 60 inch casing into the water with
the two cranes. At approximately 07:28 a.m., one diver positioned himself in the
diving bell while the other diver stood by waiting on the deck. The diver was lowered
into the water by the diving bell which was located near the bow of the liftboat Ram
18. He was being lowered into the water to help position the 60 inch casing over the
wellhead. The diver was able to help position the casing over the wellhead by
straddling the casing, visually inspecting, and communicating the casing positioning
to the Lead Dive Tender through his dive helmet intercom. The Lead Dive Tender would
then relay the positioning of the casing to the Crane Operator so that he could make
adjustments as needed.
An hour and twenty minutes into the crane and dive operations, the 60 inch casing was
guided over the 9.625 inch wellhead, 13.375 inch, and 20 inch pipe without any issues.
When the casing swallowed the 36 inch pipe, the diver began to slip to one side and
he reacted by reaching forward with his gloved right hand. As he reached forward, he
grabbed the lip of the 60 inch casing. At the same time, the casing shifted
unexpectedly causing his fingers to be mashed between the 36 inch and 60 inch casing.
He immediately notified his Dive Supervisor through the intercom that his fingers were
mashed and blood was coming from his glove. The Dive Supervisor notified the standby
diver to prepare for a rescue dive and he then asked the injured diver if he could
return to the diving bell without assistance. The injured diver responded by saying
yes and then entered the diving bell so that he could be hoisted up. Before he could
be hoisted up to the surface, a two minute water stop was required so that his body
could decompress. After completing the stop, the bell was hoisted to surface and a
Stop Work Authority (SWA) was issued. The diver’s equipment was removed, bandages
were applied and he was placed in a Hyperbaric Chamber to finish the surface
decompression. The diver suffered an amputation of the right index finger and the
finger was kept on ice until he arrived at the hospital. Upon exiting the chamber,
the right hand was re-dressed with fresh bandages and medication was administered.
Since the diver could not be airlifted due to his recent decompression, he was placed
on a crew boat and sent to shore for further medical treatment. The crew boat ride
lasted 2 hours and 40 minutes.
The Bureau of Safety and Environment Enforcement (BSEE) investigation team conducted
the initial onsite investigation on January 31, 2024. The team collected evidence, and
interviewed all personnel that were involved. Documentation showed that there was
only one diver in the water while this operation was taking place. At the time of the
incident, the 105 foot by 60 inch casing was suspended from the crane by two welded
padeyes approximately 10 foot from each end of the casing. According to
documentation, the diver straddled the casing near its end so he could see and relay
information back to the Lead Dive Tender. The Lead Dive Tender would then relay to
the Crane Operator how to move the casing. While attempting to visually guide the
casing into place, the diver slipped and when he put his hand down to catch himself,
he grabbed the lip of the 60 inch casing. At this time a sea swell caused the casing
to shift and smashed the diver’s fingers on his right hand.
Since the incident, the operator has developed a Safe Work Plan and has discussed this
plan with their crew. Plan one discusses an option of using a Remotely Operated
Vehicle (ROV) which would eliminate the use of a diver to be present. A second plan
discusses if a diver is needed, a type of hand hold would be fabricated on the casing
and reinforce the importance of hand and body placement in the Safety Meetings and
JSEA.",The diver suffered an amputation of the right index finger and the finger was kept on ice until he arrived at the hospital.,,,,,,,,,,,,,,,
MR-B3AD0B3EFA,,Incident,2024-02-15,12:48,2024-03-01,SS,204,A,,Marine & Logistics,LIFTING DEVICE,Loss Event,Environment & Reputation,Loss of Containment,Gas/Vapour Release,SYN-99d6ab,Maintenance Supervisor,SYN-c02646,Maintenance Supervisor,SYN-ec56c8,Maintenance Supervisor,2024-04-27,SYN-711d7d,HSE Advisor,2024-03-28,"While conducting P/A operations on well SS 204 A-13, Apache's contractor Tetra was
using CTS to wash a sand bridge from the wellbore. During these operations, Tetra
personnel observed a casing patch on the 13.375"" x 26"" DP was leaking oil. At 1030
hrs, CTS rigged down CT injector head and wash assembly. At 1045 hrs, the casing
patch began blowing gas. Non-essential personnel were evacuated to SS 207A.",Reported as a pollution release and a shutdown following a gas release.,Incident,,Incident,8,D,2,,,C,,,,,,
MR-DC4BC2DE35,,Serious Incident,2024-02-27,21:18,2024-03-06,VR,408,A,,Drilling,LIFTING DEVICE,Loss Event,Health & Safety,Injury Minor,Combustion,SYN-31fdbd,Operations Superintendent,SYN-834fb4,Facility Engineer,SYN-d34fd2,HSE Advisor,2024-04-18,SYN-1b441a,HSE Advisor,2025-10-01,"At approximately 9:18 pm, platform personnel heard a popping noise. Operator opened
the living quarters door and saw flames shooting up from the production deck
downstairs. Personnel sounded the alarm and activated ESD system. (Platform was
already shutting in on TSE). Personnel started down the stairway, having to use fire
extinguisher along the way. Once downstairs, personnel noticed that fire was
originating from pipeline pump skid. Lead operator started fighting fire in skid with
chemical extinguishers. Other personnel were gathering extra extinguishers at the
same time and started helping lead operator. Once fire was under control, platform
personnel contacted VR 369 to send the boat. Upon arrival of the boat, all
unessential personnel were instructed to board the vessel and stand by. Platform
personnel pulled fire hose from boat to the pipeline pump skid and sprayed pumps with
firewater until equipment was satisfactorily cooled down. Personnel then secured
platform, boarded the boat and traveled to VR 369 for the remainder of the night.","The incident resulted in restricted work or job transfer for more than 3 days. Reported as a fire and a pollution release. The facility was evacuated. Estimated property damage $350,000.",Serious Incident,,Serious Incident,12,D,3,,,C,,,,C,,
MR-541F35DCD3,,Serious Incident,2024-03-17,08:00,2024-03-23,WD,40,B,,Maintenance,LIFTING DEVICE,Loss Event,Business Interruption & Cost,Equipment Damage,Combustion,SYN-12300c,HSE Advisor,SYN-bcf0b6,Operations Superintendent,SYN-781b93,Production Foreman,2024-04-04,SYN-23ecce,Facility Engineer,2026-02-04,"On March 17, 2024, at approximately 0900 hours, on Apache Corporation's (Apache's)
Lease OCS-G 01072, West Delta Block 40, B Platform, a fire occurred on a Nitrogen
(N2) Unit during the hot refueling process of a diesel fuel tank. Hot fueling meant
that the diesel fuel tank was filled while the engine was running. A third party
contract company was contracted to inject (N2) through a pipeline. This operation
required the use of an Electronic Injection Diesel-Caterpillar C15 400 HP (2000 RPM)
engine, which ran the hydraulic pumps that in turn drove the entire Unit. The
contract employee stated he finished filling diesel into the main diesel tank, closed
all valves to the main diesel tank and walked inside for a short period of time when
he heard the unit making unusual noises. He proceeded outside where he observed the
engine on fire and he activated the Emergency Shutdown Devise (ESD). Five (5) 30 lb
fire extinguishers and one (1) 125 lb wheel unit were dispensed to fight the fire.
All attempts to extinguish the fire were unsuccessful, and the three personnel
evacuated the platform by a field boat. Apache's field operations contacted three (3)
utility boats that were located in the field to assist in extinguishing the fire. At
approximately 0915 hours, the fire was extinguished by the assisting boats. There
were no injuries or pollution as a result of the incident.",There were no injuries or pollution as a result of the incident.,Serious Incident,,Serious Incident,12,D,3,,,,,,,C,,
MR-EA88A8AFAE,,,2024-03-28,03:10,2024-04-06,,,A-Lena CT,,Well Services,LIFTING DEVICE,,,,,SYN-e93b37,Marine Coordinator,SYN-e48694,Maintenance Supervisor,SYN-016529,Operations Superintendent,2024-05-03,SYN-d10050,Maintenance Supervisor,2025-05-10,"At approximately 0015 hours on 28 March 2024, the platform Operator shut-in the MC 280
A Platform by the platform's Emergency Shutdown System (ESD) due to a gas release.
Although the platform was shut down and isolated, the venting continued. It was
determined that the gas release was located in the wellbay, resulting in activation
of the wellbay deluge system. The initial investigation revealed that the release
was a result of a ruptured braided steel hose on the relief side of a pressure safety
valve (PSV) protecting the gas lift injection line to the well. The PSV had an
apparent malfunction which caused the valve to open but not reset. At approximately
0330 hours, the venting had subsided enough to allow personnel to safely enter the
wellbay and close the A-35 well production casing valve which stopped the release.
All personnel on board reported to the primary muster station where the situation was
monitored. There were no injuries or damage as a result of the incident.",There were no injuries or damage as a result of the incident.,,,,,,,,,,,,,A,,
MR-3E1B346961,,Incident,2024-04-24,13:00,2024-05-08,GC,652,,GSF C.R. LUIGS,Production Operations,LIFTING DEVICE,Loss Event,Environment & Reputation,Loss of Containment,,SYN-a3f405,Facility Engineer,SYN-3abfdb,HSE Advisor,SYN-a27a3b,Marine Coordinator,2024-05-14,SYN-f5c986,Maintenance Supervisor,2027-09-26,"At approximately 1220 hours, while casing was being run in the well, the Derrickman
was in the process of emptying water from the mixing tanks in the sack room through
an overboard drain line in order to repair a leaking pipe. As the casing was run it
was being filled with mud through the mud mix line. Mud losses were observed while
running the casing, which is typical. Once the casing was set in the slips the mud
losses continued, which is not typical.
The mud pit room was contacted and reported that no change was made to the valve
line-up for the mud system. The slip joint was checked for leakage and none was
found. When checking the GOM waters for signs of Synthetic Base Mud (SBM) discharge,
it was discovered to be coming from the water drain line for the mixing tanks located
on the port side of the rig. At 1300 hours, the pipe was isolated and the discharge
ceased. It was calculated that 56 barrels of SBM was lost. The fluid was 58 percent
synthetic base oil which equates to approximately 32.5 barrels of pollutant material.
The volume was determined by the rig pit monitoring system, the Halliburton Mud
Logging Unit, and strapping the mud pits.
It was later discovered that during this time the cementer had opened another valve
on the drain line for the mixing tanks in order to drain them of water but neglected
to close a valve on the quick fill line used to fill the casing with mud while being
run. The tanks were being drained in preparation for a cement job on the casing
being run. The quick fill line connects to the drain line for the mixing tank and
allowed mud to enter the overboard drain line spilling into GOM waters.",Reported as a pollution release.,Incident,,Incident,8,D,2,,,C,,,,,,
MR-2B8915895B,,Serious Incident,2024-04-29,14:05,2024-05-31,SM,130,A,,Maintenance,LIFTING,Loss Event,,,Combustion,SYN-cd337a,Production Foreman,SYN-c603d6,HSE Advisor,SYN-51ff25,Operations Superintendent,2024-06-16,SYN-4b2366,Production Foreman,2025-01-02,"On April 29, 2024, at approximately 1405 hours, a small fire occurred on Talos ERT
LLC (Talos) LP’s OCS-G02280 South Marsh Island (SM) 130 A Facility. During welding and
cutting operations, a small fire occurred on the thief hatch located on the ABJ-310
Dry Oil Tank. The flame was extinguished with no damage to the tank or injury to
personnel.",Reported as a fire.,Serious Incident,,Serious Incident,12,D,3,,,,,,,,,"Sequence of Events:
On April 29, 2024, a Danos construction crew was in the process of installing a PAT-
300 Water Injection Pump on the top deck at SM-130 A, which included welding and
cutting operations. Fire-retardant blankets were hung between the PAT-300 Water
Injection Pump and the ABJ-310 Dry Oil Tank which were approximately 7 feet apart. The
oil level in the ABJ-310 Dry Oil Tank was dropped to approximately 200 barrels which
has a 2000-barrel capacity. The ABJ-310 Dry Oil Tank was isolated by closing all inlet
valves from the NBK-300 Bulk Oil Treater. As the welder began cutting the grating
clips, the downstairs fire watch observed a flame coming from the thief hatch on the
ABJ-310 Dry Oil Tank. The fire was extinguished utilizing a 30# dry chemical
extinguisher. There was no damage to the facility or injuries to personnel due to this
incident.
BSEE INVESTIGATION:
On April 29, 2024, the Bureau of Safety & Environmental Enforcement (BSEE) Lafayette
District (LD) Accident Investigator (AI) received a phone call notification of a small
fire that occurred on Talos’s SM 130 A Facility. The AI requested additional
information pertaining to the incident such as the Job Safety Analysis (JSA),
statements and other relevant documents from Talos.
The BSEE LD AI conducted an onsite investigation at SM -130 A on May 1, 2024.
BSEE conducted interviews with the personnel involved with the construction operation.
The JSA for the operation contained checked off boxes labeled Hot Work which stated
the following, “I confirm flammable material have been removed or isolated”, “A gas
test has been completed”, and “Gas will be monitored continuously”. The boxes were
checked off, but according to personnel interviewed, gas readings were taken near the
PAT-300 Water Injection Pump but had not been taken near the thief hatch on the ABJ-
310 Dry Oil Tank prior to hot work commencing and/or during the hot work operation.
The JSA included not tarping properly to catch all flying debris, which was located in
the Prepping Area for the Hot Work section in the JSA.
The JSA identified Energy Isolation and Lockout/Tagout but the lessee failed to lock
or tag any valves associated with the ABJ-310 Dry Oil Tank. The ABJ-310 Dry Oil Tank
was isolated by closing all inlet valves from the NBK-300 Bulk Oil Treater but failed
to lock and tag the valves as per the Talos Lockout / Tagout procedure - 7.3.5
Isolation of Various Systems. Also, as per the Talos Lockout / Tagout procedure, a
single closed valve is not an acceptable isolation for potentially hazardous systems
in the vicinity of the vessel entry and/or hot work, except when the
facility/equipment is shut in and all pressures have been bled to atmospheric
pressure. Insertion of blinds/skillets isolating the source is the preferred method.
There were no blinds/skillets installed during the welding operation nor was the ABJ-
310 Dry Oil Tank isolated properly as per the mentioned policy. The ABJ-310 Dry Oil
Tank outlet valves were not locked or tagged as per the Talos Lockout / Tagout
procedure - 7.3.5 Isolation of Various Systems during welding operations either
The fire-retardant blankets were not in place when BSEE arrived on location, however
Talos provided BSEE with photographs showing the locations of the blankets. Based on
those photographs, the blankets were not located in a way that protected the thief
hatch.
Prior to the start of construction operations at SM -130 A, construction supervision
had previously identified a potential for hydrocarbon accumulation near the ABJ-310-
Dry Oil Tank thief hatch. Mitigations were to include installation of a tapped blind
installed on the ABJ-310 Dry Oil Tank to replace the thief hatch and installing a hose
to vent the hydrocarbon accumulation to a safe area. Neither of these mitigations were
completed prior to the hot work commencing.
During the BSEE investigation, it was discovered that the lessee failed to identify
the potential for hydrocarbons to enter the ABJ-310 Dry Oil Tank from the ABJ-320 Wet
Oil Tank through a common vent line. The ABJ-320 Wet Oil Tank was in service during
welding operations.
CONCLUSION:
The Danos construction crew failed to provide adequate protection from sparks and slag
when welding and cutting near the ABJ-310 Dry Oil Tank. The flame ignited due to the
fire-retardant blankets failing to provide sufficient protection allowing slag to
contact combustible vapers venting from the thief hatch."
MR-95D3A0DF89,,Incident,2024-05-24,02:50,2024-06-08,KC,291,,SEADRILL WEST SIRIUS,Maintenance,LIFTING DEVICE,Loss Event,Environment & Reputation,Loss of Containment,,SYN-b3c3ae,Production Foreman,SYN-c6d6cf,Operations Superintendent,SYN-7603ba,Maintenance Supervisor,2024-06-28,SYN-638591,HSE Advisor,2025-03-07,"On May 24, 2024, at approximately 0200 hours, on Devon Energy Production Company,
L.P.'s Lease OCS-G 19545, Keathley Canyon 291 Well# 1 Seadrill West Sirius rig, 223.3
barrels (bbl) of Rheliant Synthetic Based Whole Mud (RSBM) was unintentionally
discharged into the Gulf of Mexico (GOM). The RSBM consisted of 46% (102.72 bbl)
RheliantTM System mixture. This discharge was a result of an incorrect valve lineup
on the hydraulic supply to the Diverter Control Unit (DCU).
Additionally, it is noted that prior to discovering this incorrect valve line-up,
returns were lost during cementing operations on this well as the 13 5/8""
intermediate casing was being run and subsequently cemented. At no time during these
operations was there any evidence that the trip tank was not being properly
monitored. Following hanging off the 13 5/8"" casing into the wellhead, however,
losses from the trip tank should have stopped. Upon additional inspection, the
problem was identified to be the sealing element on the telescopic slip joint. The
trip tank circulating pump was shut off and the fluid level in the slip joint was
allowed to fall just below the leaking element. The flow from the leaking element
ceased at 0300 hour on 5-28-09.",Reported as a pollution release.,Incident,,Incident,8,D,2,,,C,,,,,,
MR-9CA6336D23,,Very Serious Incident,2024-05-26,04:30,2024-06-03,GC,868,,T.O. DEEPWATER INVICTUS,Well Services,LIFTING chain fall,Loss Event,Health & Safety,Injury Minor,,SYN-b92063,Production Foreman,SYN-7d7663,Maintenance Supervisor,SYN-30646b,Facility Engineer,2024-06-18,SYN-23a066,Operations Superintendent,2025-01-14,"On May 26, 2024, a lifting incident involving injury to personnel occurred on the
Transocean (TOI) Drillship Deepwater Invictus, which was working for BP Exploration &
Production Inc. (BP). Drilling operations were being conducted at Green Canyon, Block
868, OCS-G 33859, Well 001. Two TOI employees, the 2nd Engineer (2E) and the 3rd
Engineer (IP), were transferring nine sections of Hawse piping from the deck to a
designated three-tier storage rack. After placing the eighth pipe section on the top
tier, the 2E went to retrieve a U-bolt for securing the pipe while the IP was preparing
the next pipe section for lifting. The unsecured section of piping rolled off the rack
smashing the IP’s middle finger on his right hand. The IP was evacuated from the
facility by medivac helicopter to University Hospital in New Orleans for treatment.
The IP was treated for an amputation of the fingertip of middle finger of his right
hand and released on restricted duty.
Sequence of Key Events:
Nine sections of Hawse pipe, each section approximately 10 feet long and approximately
6 inches in diameter were stored on the deck of the Thruster 2 machinery space. The 2E
and IP were tasked with relocating the nine sections of Hawse piping from the deck to
the designated storage rack adjacent to the deck space using 2 chain falls. 2E and the
IP conducted a pre-job briefing using the Hazard ID prompt card (HIPC) to identify
potential risks and assign responsibilities. The task went on without incident until
the crewmembers began rigging up to lift/store the last section of piping.
The 2E and the IP were positioned on opposite ends of the pipe. Each worker hoisted
their respective end of pipe in unison. Each chain fall was hooked up to a shackle
rigged at either end of the pipe’s flanges. After placing the 8th section of pipe on
the third (uppermost) tier of the storage rack, the 2E and IP removed the chain falls
from the pipe. 2E turned away to retrieve a U-bolt to secure the section of piping
while the IP knelt to prepare the last section of piping for the lift by rigging a
shackle to its flange. The unsecured pipe section rolled from the rack, fell
approximately 3 feet, and smashed the IP’s right middle finger as he knelt rigging up
the next section of pipe that was still on deck.
The task was suspended and the area was secured after the incident. 2E notified the
bridge and the IP was escorted to the rig hospital for an initial evaluation. TOI
assembled an investigation team and started an investigation into the incident. The IP
was evacuated from the facility by medivac helicopter to University Hospital in New
Orleans for treatment. The IP was treated for an amputation of the fingertip to the
Distal Interphalangeal joint (DIP joint) of the of middle finger of his right hand and
released on restricted duty. The TOI investigation team identified multiple causes of
the incident in their report. The investigation team noted the immediate cause of the
injury was the unsecured pipe rolled from the third row of the storage rack and fell
three feet to the deck below. Another immediate cause identified in the report was
that IP placed himself in danger when he knelt on the deck to rig up the next section
of Hawse pipe before the previously lifted section of pipe had been secured. The HIPC
for the task did not identify the need for securing the pipe on the rack before
removing the chain falls and did not identify the hazard of unsecured pipes rolling.
The design of the rack may not be suitable for pipe support without additional
restraints. The 2E and IP conducted the task without incident until the last lift was
being rigged up. As 2E was retrieving a U-bolt to secure the section of pipe that was
just placed on the rack, the IP proceeded to begin rigging up the next section of pipe.
Neither 2E nor the IP were aware of the immediate danger. Finally, the TOI
investigation revealed several root causes to the accident. The rack was designed to
secure the sections of pipe to the rack with U-bolts. The TOI report identified
improvements like chalks, bumpers, grooves, etc. to be installed on the supports and
increasing the angle of the supports.",The incident resulted in restricted work or job transfer for more than 3 days. Reported as a lifting-device incident. The facility was evacuated.,Very Serious Incident,,Very Serious Incident,25,E,5,,,,,,,,,
MR-FE6D8725C0,,Serious Incident,2024-06-07,19:00,2024-06-19,VR,369,A,,Construction,LIFTING DEVICE,Loss Event,,,Combustion,SYN-318e46,Marine Coordinator,SYN-1568bc,Facility Engineer,SYN-7094e6,Marine Coordinator,2024-07-17,SYN-244013,Facility Engineer,2024-12-26,"-
On June 7, 2024, a fire occurred at approximately 7:00pm on Black Elk Energy
Offshore Operating LLC (BEEOO) Vermillion 369-A (VR369A) facility. This facility was
installed on February 20, 1989 by a previous operator. At the time of the incident,
witnesses heard a platform process alarm and an operator responded to the master
panel to identify the cause. Upon arrival at the panel, the operator identified a
Burner Safety Low (BSL) alarm indication, and then proceeded to the heater treater
where he noticed a small amount of oil dripping from the fire tube. At this time,
the operator looked through the inspection plate of the fire tube and saw a small
fire. Next, he isolated the manual block valves associated to the supply gas and
then realized the fire still had not subsided. Based on the circumstances the
operator utilized the Gaitronics paging system to alert other personnel on the
platform of the situation and then activated a nearby Emergency Shut-Down (ESD)
station. The platform Safety Analysis Function Evaluation Chart depicts that the BSL
is only required to shut-off gas supply to the heater treater fired component and the
line heater burner (such as the main burner and pilot) and indicate an alarm;
therefore, oil and gas production momentarily remained online until such time the
operator manually shut-in production via the ESD. Shortly after, the other operators
arrived to the scene and together they opened the fire tube inspection plate and
applied two short bursts from a handheld fire extinguisher which successfully
extinguished the fire.
Subsequent to extinguishing the fire, the operators monitored the area and then
assessed the cause of the fire. The operator's assessment revealed that a pin hole
developed in the heater treater fire tube; therefore, produced oil leaked inside the
fire tube and sprayed in the vicinity of the main burner which enabled a steady fuel
source although the burner fuel gas had been shut off.
On June 10, 2024, the BSEE Lake Charles District conducted an onsite investigation
into this incident. At this time the operator's findings were confirmed with respect
to the pin hole at the top of the fire tube. Additionally, it was noted that there
were neither any records nor recollection within BEEOO to support if and/or when
prior maintenance/inspection had been performed with regards to the fire tube.
Furthermore, upon document reviews, it appeared a BEEOO in-house Root Cause Analysis
(RCA) from February 19, 2024 had identified that due to large quantities of acid
being pumped directly to the treater (100 - 150 gallons per week), inspection of the
fire tube should be performed; however, this had not taken place prior to the
incident.
The following is an account of BSEE's recent inspection findings before the subject
incident occurred. On May 29, 2024, prior to the incident, the BSEE Lake Charles
District had begun conducting an inspection of the facility. During the inspection,
inspectors developed concern regarding the integrity of the fire tube inside the
Heater Treater NBK-2100. It was found that the treater was being subjected to batch
treating with a high volume of acid multiple times a week. On May 30, 2024,
inspectors returned to VR 369A to resume the inspection and continued gathering
information associated with the integrity of the heater treater fire tube and batch
treating of the vessel. There was a lack of documentation onboard the facility
showing that the fire tube had ever been removed from the vessel and inspected in the
past. At this time, pictures were taken of the vessel and the burner with a request
to research any known history of when the last inspection of the fire tube had taken
place. While the inspection remained ongoing, prior to receiving any of the
requested inspection documentation from BEEOO, the fire occurred on June 7, 2024.
Batch treating with an acid based de-emulsifier was being carried out as needed,
which was typically multiple times a week, to break an emulsion pad created in the
treater. The chemical program and also a lack of sufficient heat were considered
possible causes of the emulsion pad. Approximately 20 gallons of the acid based de-
emulsifier (Gyptron TA-21) were being pumped at a rate of 1.33 gallons per minute
into the Test Separator (MBD-1200) oil outlet per batch treatment. The treated oil
flows directly into the fire tube section of the Heater Treater which subjected the
tube to acid related degradation. TA-21 was being pumped into the line with a M2
diaphragm pump. BEEOO has reported multiple pump failures as a result of acid
corrosion from the use of TA-21. The Heater Treater NBK-2100 operates at 135 psi and
125 degrees Fahrenheit. Through put is approximately 1300 barrels of oil per day and
50 barrels of water per day. Daily, the operators monitored pressures, levels, and
temperatures associated with the vessel but the information was not formally
documented. The vessel temperature must be maintained below 130 degrees Fahrenheit
in order to meet departing pipeline limits set by Shell Pipeline. The Heater Treater
electric grid was also out of service.","Reported as a fire. Estimated property damage $15,000.",Serious Incident,,Serious Incident,12,D,3,,,,,,,A,,
MR-66323D4481,,Serious Incident,2024-06-22,02:00,2024-06-25,GC,608,­ A(TLP MARCO POL,,Maintenance,LIFTING DEVICE,Loss Event,,,Combustion,SYN-5b1c46,Operations Superintendent,SYN-1a2b1f,Facility Engineer,SYN-2e447f,Facility Engineer,2024-08-29,SYN-99baba,Operations Superintendent,2024-12-09,"-
At approximately 2350 hours on June 21, 2024, a fire occurred in the skid of the Flash
Gas Compressor-B on the Marco Polo TLP. Shortly before midnight,two Platform
Operators were working on the flash gas compressor when hydrocarbons were released
into the compressor skid. In an attempt to restart the compressor, the Operators had
drained condensate out of the 1st Stage Suction Scrubber ""MBF-1180-B"" into the
compressor skid. Subsequently, the vapors reached an unknown ignition source
(possible static charge). This may have caused a static charge ignition to the
condensate in the skid which resulted in a secondary fire to the CLX cable trays
networked throughout the facility. At that time,the Operators were outside of the
skid and sounded the fire alarm. All Platform and Drilling Rig Personnel were
accounted for during muster operations (73 total). Shortly after, the Fire Response
Team deployed and were able to bring the fire under control. Although the Fire Team
was able to suppress the skid fire with the firewater system, they were unable to
control the rapidly expanding secondary fire with the water system due to reignition
in the trays. CLX cables are coated with a petroleum based hard plastic cover and are
used extensively on platforms in OCS waters for electrical applications. The fire was
eventually subdued with aqueous film forming foam (AFFF) and BC fire suppressants.",Reported as a fire.,Serious Incident,,Serious Incident,12,D,3,,,,,,,,,
MR-DE4D7A63B7,,Incident,2024-07-06,11:10,2024-07-09,VR,376,,,Well Services,LIFTING DEVICE,Loss Event,Environment & Reputation,Loss of Containment,,,,SYN-5fe74a,Maintenance Supervisor,,,,,,,"During the period of July 4, 2024 to July 6, 2024 the platform was shut-in due to
pipeline related maintenance. The platform produced a very low volume of natural gas
during normal operations, and relied on incoming gas production from an adjacent
facility to supply the platform with fuel gas. Due to the duration of the shut-in,
the platform fuel gas was depleted. On July 6, 2024 Rooster Petroleum received
permission to resume production. During the start-up process, operations personnel
began pressuring up the main Fuel Gas Scrubber and Instrument Gas Filter which
supplies fuel gas to all valve controllers associated with each process component.
Operations personnel then proceeded to the master production panel. While pressuring
up the ESD system and before the pumps on the Closed Drain Sump were activated, the
fluid dump for the L.P. Relief Scrubber MBF-4810 opened and allowed oil to fill the
Closed Drain Sump MBH-5330 and overflow through the local vent line on the Closed
Drain Sump and into the Gulf of Mexico. Operations personnel isolated the source of
the pollution and reported that a one barrel spill resulted from this incident.",Reported as a pollution release.,Incident,,Incident,6,C,2,,,C,,,,,,
MR-EAD879EE13,,Very Serious Incident,2024-07-12,14:00,2024-07-19,GB,426,A-Auger TLP,H&P 406,Maintenance,LIFTING,Loss Event,,,,SYN-7e4ed3,Maintenance Supervisor,SYN-ed28b4,Marine Coordinator,SYN-754c1f,Maintenance Supervisor,2024-09-21,SYN-6f1533,Operations Superintendent,2025-02-01,"On 12 July 2024 at approximately 0030 hours, a lifting incident occurred while
operating a pipe racker system during Well A019 tripping in the hole operations on the
Helmerich and Payne, Inc. (H&P) Rig 406 (H&P 406) that is permanently fixed on Shell
Offshore Inc.’s (Shell) Auger Tension Leg Platform (TLP) located Garden Banks (GB)
Block 426A. The pipe racker lifting incident occurred when a single joint of a 3.5-
inch drill pipe was damaged due to contact with the elevators as the traveling block
was coming down.","There were no injuries sustained as the result of this incident; however, a single joint of a 3.5-inch drill pipe bowed and the threads were damaged, so it was taken out of service and sent in for repair.",Very Serious Incident,,Very Serious Incident,25,E,5,,,,,,,A,,"Sequence of Events:
A H&P crew started conducting tripping in the hole operations on 11 July 2024 with a
stand of 3.5-inch drill pipe using a Pipe Racking System (pipe racker). The pipe
racker system on the H&P 406 rig is hydraulically actuated by control handles located
within the upper and lower control consoles, that are occupied and operated by the
Lower Pipe Racker Operator (LPRO) and the Upper Pipe Racker Operator (UPRO). Prior to
tripping in the hole operations using the pipe racker, the H&P crew reviewed the H&P
406 Job By Design (JBD) Template for this operations that detailed the sequence of
events and the responsibility of each employee involved in this operations. In
addition, before well operations began, H&P completed a Job Safety Analysis (JSA) that
was reviewed and signed by all parties involved with tripping in the hole while using
the pipe racker.
On 12 July 2024 at 0030 hours, as the Driller was running a stand of drill pipe in
the hole while the LPRO and UPRO grabbed the next stand of drill pipe from the finger
board closest to the traveling block in preparation for running in the hole. For some
unknown reason, the LPRO pulled his end back ahead of the UPRO that caused the top of
the stand of drill pipe to get under the elevators as the traveling block was coming
down. Simultaneously the UPRO had his end out too far that the top stand of drill
pipe was already positioned under the traveling block as the Driller slacked off the
previous stand. The momentum from the LPRO pulling back ahead of the UPRO caused the
top stand of drill pipe to get under the elevators that are position below the
traveling block. This in turn caused a single joint of 3.5-inch stand of drill pipe
to bow when it came out of the lower racker head and glanced off an air slip base
before landing on the rotary. The stand of drill pipe did not fall because it was
still being held by the upper racker head; therefore, it was retrieved by the lower
racker head and was re-racked in the derrick. Tripping in the hole operations were
discontinued and a safety stand down was held. There were no injuries sustained as the
result of this incident; however, a single joint of a 3.5-inch drill pipe bowed and
the threads were damaged, so it was taken out of service and sent in for repair.
BSEE Investigation:
The Bureau of Safety and Environmental Enforcement (BSEE) Lafayette District Accident
Investigator (AI) conducted an off-site investigation for this incident by the
following means: 1) the review of all incident documents submitted by Shell and H&P;
2) emails exchanged between BSEE, Shell, and H&P for more detailed information
regarding this incident; and 3) from numerous telephone interviews conducted by BSEE
with Shell and H&P representatives. The BSEE Lafayette District AI conclusions were
based on the evidence gathered for this incident including the following: information
presented in the H&P Investigation Report, the Pipe Racking System Manual, Alleged
Incident Reports (Witness Statements), the Job By Design Template and
the Job Safety Analysis (JSA) and from numerous emails and telephone interviews with
Shell and H&P representatives. The Lafayette District AI has concluded that the pipe
racker lifting incident was due to the following: 1) for an unknown reason, the LPRO
pulled his end of the pipe ahead of the UPRO that caused the top stand of drill pipe
that was already too far out below the traveling block to get under the elevators as
the traveling block was coming down; 2) the limited experience of the LPRO since this
was only the second time operating the lower pipe racker; 3) failure to identify in
the JSA the potential hazard of the impact between the block/elevators with a stand of
drill pipe when traveling down while a stand of drill pipe is simultaneously being
removed from the finger board; and 4) an inadequate JBD Template that failed to alert
that “When pulling stands from any/all rows wait till block is below finger board to
bring stand out of finger row”. BSEE confirmed in an email from Shell on 11 December 2024
that the LPRO was trained by a On The Job Training program. H&P’s Investigation
Report stated that a contributing factor was miscommunication between the LPRO and UPRO
that caused them to not synchronize the movement of the pipe that caused the top stand
of drill pipe to move under the elevators. Shell informed BSEE that the LPRO and UPRO
coordinate their pipe racking operations in their control consoles using a hand-held
radios. BSEE could not substantiate this claim since there was no evidence to support
the miscommunication claim. The rig keeps the Pipe Racking System Manual on site that
provides information for the proper operations of the pipe racker. However, BSEE was
told by Shell in an email on 22 November 2024 that the manual is used more for maintenance
and not for operations."
MR-7FB3A6EB95,,,2024-07-15,00:09,2024-07-17,GC,743,GSF DEVELOPMENT DRILLER II,,Production Operations,Top Drive Unplanned,,,,,SYN-b80d85,HSE Advisor,SYN-4ad3c3,HSE Advisor,SYN-496170,Facility Engineer,2024-08-03,SYN-2de177,Marine Coordinator,2025-03-26,"While drilling in the auto driller mode, the drill pipe racking system was put in the
Anti Collision System (ACS). The Anti Collision System is a software package with
communication between proximity switches placed at specific points to prevent pieces
of equipment from coming into contact with one another. In this incident, the system
prevented the collision of the traveling block with the drill pipe racking system.
This action stopped the traveling block movement but the auto driller program
continued to count. With the automatic driller pre-set to drill at a certain
penetration rate, the computer (auto driller) will time how fast the block must
decend to achieve this desire rate of penetration (i.e. count of the footage it
should descend over a period of time). As the anti collision system prevented the
block from descending for a certain period of time, the actual physical motion was
stopped but the automatic driller continued to count the time elapsed. When the ACS
was disengaged the block descended the distance it would have while interrupted (or
counted), which was 18 feet. The drilling software program was carrying out the last
command that it had recieved.",,,,,,,,,,,,,,,,
MR-810CCED8D3,,Incident,2024-07-18,05:30,2024-08-01,WD,73,C,,Production Operations,LIFTING,Loss Event,Environment & Reputation,Loss of Containment,,SYN-5a89ed,HSE Advisor,SYN-4d872a,Marine Coordinator,SYN-5e634e,Facility Engineer,2024-09-01,SYN-55a8d6,Maintenance Supervisor,2025-02-21,"On 18 July 2024 at approximately 0530 hours, a pollution event occurred at West
Delta (WD) 73 C, a production platform owned and operated by Cox Operating, L.L.C.
(Cox). An initial estimate of 660 gallons of unrecoverable oil was discharged into the
Gulf of Mexico through the platform’s vent boom. Later calculations suggest that it
was closer to 111 gallons of unrecoverable oil that entered into the Gulf of Mexico.",Reported as a pollution release.,Incident,,Incident,6,C,2,,,C,,,,,,"SEQUENCE OF EVENTS:
On 17 July 2024 at approximately 1600 hours, after mechanics completed gas
compressor repairs, platform day operators prepared to bring the platform back online.
Operator 1 (OP1) was placed at the new water handling system to monitor it while
Operator 2 (OP2) monitored the level on the Flotation Cell (ABM-1100) to adjust the
level controller as needed. Operator 3 (OP3) went to the wellbay to bring the wells
online. Each well was brought online one at a time and routed to the new water
handling system.
At approximately 0000 hours after a majority of the wells were brought back online,
OP1 advised to OP2 that the level in the Water Skimmer (MBM-1050) was abnormally high
and asked if OP2 could check the panel. As OP2 was walking to the panel, a production
alarm sounded alerting the operators of a Level Safety High (LSH) on the Vent Scrubber
(MBF-9000), resulting in a shutdown of the entire platform. Operators kept the
platform shut in and went to the Vent Scrubber to verify the level. OP2 then went back
to the panel to place the Vent Scrubber back in service to pump down the liquid level
to the Swab Tank (ABJ-5000), but kept the wells shut in.
After verifying the pump was working on the Vent Scrubber, the operators went to the
Water Skimmer where a high level was observed. They also observed a large amount of
oil in the Flotation Cell. OP2 made a call to the Lead Operator at the main facility
WD 73 A. The Lead Operator advised them to not flow through the new water handling
equipment and flow into the Low Pressure (LP) Bulk Separator (MBD-1030) instead.
At approximately 0200 hours, operators isolated the new equipment and brought some
wells back online into the LP Bulk Separator while the Vent Scrubber was pumped down.
After all wells were brought back online, operators verified that the level on the
Vent Scrubber had been pumped down and cleared the LSH. OP2 suggested that OP1 and OP3
shower and go to bed while OP2 monitored the Vent Scrubber a little longer. At around
0300 hours, OP2 took a shower and went to bed feeling extremely fatigued.
On 18 July 2024 at 0530 hours, OP2 walked down to the lower deck and observed
fluids spraying out of the Vent Boom (ZZZ-9075). The platform was then shut in and the
WD 73 A was notified.
On 18 July 2024 at approximately 1515 hours, Forefront Emergency Management
conducted an overflight of the sheen, and Clean Gulf Associates (CGA) mobilized a 95-
foot skimming vessel. No oil was recovered, and it naturally dissipate
BSEE INVESTIGATION:
On 18 July 2024 at 1000 hours, Cox notified the Bureau of Safety and Environmental
Enforcement (BSEE) of the incident.
On 21 July 2024, a BSEE Accident Investigator flew to WD 73 C and gathered witness
statements, start-up procedures, drawings, POB, JSAs, Cox’s “General Safety Rules,”
and photographs.
Per Cox’s Root Cause Analysis (RCA) report, the float device in the Water Skimmer had
a pinhole that was not allowing it rise properly. This defect was allowing an abnormal
amount of oil to pass through to the Flotation Cell and Vent Scrubber.
However, when the Vent Scrubber fluid level raised, the LSH should have tripped and
automatically shut in the platform preventing pollution out of the Vent Boom. This
safety device was functioning prior to the incident and did trip hours before on a
similar event. Therefore, the safety device was either in bypass or failed to operate.
The device was tested before and after the event successfully. This platform does not
have an electronic control system that automatically records bypassed devices, trips,
and alarms. The witness statements indicate that no operators placed the LSH on the
Vent Scrubber in bypass. BSEE is not able to conclude that the device was bypassed.
However, BSEE determined that the LSH device did not operate as designed which allowed
fluid into the Vent Boom.
A contributing cause to this incident is operator fatigue. OP2’s witness statement
said he was “extremely fatigued.” OP2 was working from 0600 hours on 17 July 2024
to 0300 on 18 July 2024. Cox’s “General Safety Rules” revision 2 (12-12-2019)
states, “Fatigue Management: It is our intent that offshore personnel work a scheduled
12-hour shift per 24-hour day. Shift starting times may vary from location to
location, and/or may differ from day/night work schedules. If at any time an employee
is observed or self-evaluated to be too fatigued for continuing work, a work stoppage
shall be utilized, and the employee must be given proper rest before returning to
work. Supervision personnel must pay close attention to hours worked and ensure that
workers are not allowed to return to work without proper rest.”
Therefore, BSEE concludes that OP2 did not follow Cox’s procedures to call for a “all
stop” before becoming extremely fatigued. A work stoppage may have allowed the
platform to remain shut in so that the liquid carryover issues could be investigated
the next day.
CONCLUSIONS:
BSEE determined 2 probable causes of the spill and 1 contributing cause. The first
probable cause was a Water Skimmer float device equipment failure. The next probable
cause was an equipment failure regarding an LSH device that did not operate as
designed which allowed fluid into the Vent Boom. And last, operator fatigue was
determined to be a contributing factor."
MR-BEE3812A7B,,Incident,2024-08-05,08:00,2024-09-04,MC,776,,T.O. DISCOVERER ENTERPRISE,Well Services,LIFTING DEVICE,Loss Event,Environment & Reputation,Loss of Containment,,SYN-3b25b8,Marine Coordinator,SYN-dbe2a0,HSE Advisor,SYN-367554,Facility Engineer,2024-11-30,SYN-1ff5b1,Marine Coordinator,2027-01-07,"Early morning on August 6, 2023, the RC1 reserve pit was filled with water and the
water was subsequently pumped overboard through the transfer (overboard) line from
which a blank had been removed and a static sheen test was completed. The task was
completed and a Permit to Work was completed. The blank on the overboard line was not
replaced.
After tour change, the rig floor was in the process of performing a negative test on
the well. Pit volumes where attained and walk through was held. The plan was to have
Dowell pump water down the drill string taking returns up the backside with calcium
bromide, over the shakers and into pit P4. Displacement was started and returns where
monitored in P4. The assistant driller was monitoring P4 and Dowell to make sure we
where getting a bbl in and a bbl out. A total of 120 bbls had been pumped with no
problems. The derrick hand then called and stated he was going to start filtering
fluid out of P4 into P2 and P5. The assistant driller agreed and the process was
started.
The derrickman checked his line up in the mix pump room and the pit room and then
lined up a centrifugal pump on P4 to supply fluid to the filter presses. He lined up
his discharge from the filter press back to the transfer line which was routed to P2
and P5 active pits and started filtering fluid. With the blank out and valves open in
process pump room fluid was being pumped to P2, P5 and overboard.
When the mud engineers strapped the mud pits and calculated their volumes at 2359,
August 5, 2024, they could not account for 294 bbls of calcium bromide.","Reported as a pollution release. Estimated property damage $146,000.",Incident,,Incident,8,D,2,,,C,,,,C,,
MR-BC257DE821,,Serious Incident,2024-08-23,14:00,2024-08-24,EI,259,B,,Well Services,LIFTING DEVICE,Loss Event,,,Combustion,SYN-f02014,Facility Engineer,SYN-29aacd,Maintenance Supervisor,SYN-bcb48d,HSE Advisor,2024-09-16,SYN-1d7164,Marine Coordinator,2024-11-19,"On August 23, 2024, at approximately 1400 hours, on Nexen Petroleum U.S.A., Inc's
Lease OCS-G 00985, Eugene Island 259 B platform, a Spider climber (S-climber) became
electrically energized during construction operations causing the nylon strap
supporting the S-climber to catch fire. A contract welder (CW) was in an S-climber
suspended approximately 24 feet above the plus 10 level repairing well conductor
casings. The S-climber was suspended from the deck above and anchored from the S-
climber's wire rope to a nylon sling attached to a steel pry bar laid across steel
grating and two structural support beams. The CW had a metal box containing welding
rods attached to the outside perimeter of the climber. The CW wore a fall protection
harness attached to a yo-yo cable supporting system running adjacent to the suspended
cables for the S-climber and the wire rope cable used to suspend the conductor casing
reinforcement sleeves. Subsequent to completing the weld, the CW stowed his welding
electrode assembly inside the welding rod container and began cleaning the welded
area with a grinder. Upon completion, the CW stowed his grinder, lifted his welding
shield and immediately observed burning debris falling from overhead. The CW looked
upwards and observed that the wire ropes supporting his fall protection equipment and
the S-climber were glowing red from electrical heat. He immediately pushed the S-
climber away from the conductor casing breaking the electrical ground between the
two. Subsequent to repositioning, the CW observed a flame burning the nylon sling
supporting the S-climber. He safely lowered the S-climber to the plus 10 level while
another employee shutdown the welding machine. No injuries or pollution resulted from
this incident and only the nylon sling was damaged.",No injuries or pollution resulted from this incident and only the nylon sling was damaged.,Serious Incident,,Serious Incident,12,D,3,,,,,,,,,
MR-F09F703FE8,,,2024-09-08,21:35,2024-10-12,MC,773,A(DEVILS TOWER,NABORS MODS 140,Maintenance,LIFTING,,,,,SYN-e898d7,Facility Engineer,SYN-8bfbe2,Production Foreman,SYN-fa2f5a,Maintenance Supervisor,2024-10-23,SYN-f16d9c,Marine Coordinator,2025-04-26,"On September 8, 2024 at approximately 05:00 hours, ENI US Operating Co. Inc. (ENI) had a
dropped object incident on the Nabors Mods 140 while rigging up to perform sidetrack
operations on the A005 well at Mississippi Canyon (MC) Block 773. ENI reported the
incident to the Bureau of Safety and Environmental Enforcement (BSEE), New Orleans
District.","This area was a designated a red zone, there were no personnel within 15 feet of the fallen objects, and there were no injuries or equipment damage reported.",,,,,,,,,,,,,,,"SEQUENCE OF EVENTS:
At approximately 05:00 hours September 8, 2024, the rig crew was in the process of scoping
(extending vertically) the lower intermediate derrick section of the rig. The
Toolpusher was operating the drawworks while scoping the derrick when he stopped the
(the traveling) block to look at the drill line on the drum (drawworks). The drum had
2 layers of cable and (an estimated) 9 to 11 wraps, 28 wraps of cable to a layer. The
Toolpusher then proceeded scoping up the derrick section and set the derrick onto the
dawgs. The shim was installed (or the intermediate derrick is connected and secured to
the base derrick) and the (traveling) block slacked off to put slack in the cables to
remove it from the scoping sheaves. The Driller stopped the lowering of the block by
the Toolpusher about 15 feet from the rig floor, and this allowed the floor hydraulic
hoist to be lowered to the rig floor. The Toolpusher then proceeded to slack off the
block. When the block was 4’ from the floor, the Toolpusher observed the drill line
come free from the drawworks and the rig block slowly slacked off to the floor until
it set on the rotary table. The fast line from the drawThe works came through the
sheave in the crown (block) and fell to the drill floor. This area was a designated a
red zone, there were no personnel within 15 feet of the fallen objects, and there were
no injuries or equipment damage reported.
BSEE INVESTIGATION:
The BSEE incident investigation consisted of communicating with the Company and HSE
Representative on location. BSEE requested daily reports, pictures, Job Safety
Analysis (JSA) and procedures.
CONCLUSIONS:
BSEE determined the root cause of this incident to be an inadequate length of drill
line spooled on the drum. The inadequate length of drill line prevented the block to
from reaching the drill floor once the derrick was all the way scoped (extended) out."
MR-C06488C418,,,2024-10-07,14:00,2024-10-31,MC,437,A-Appomattox,,Well Services,LIFTING,Loss Event,Business Interruption & Cost,Equipment Damage,,SYN-e0d3c9,HSE Advisor,SYN-419d53,Production Foreman,SYN-22a854,Maintenance Supervisor,2024-11-21,SYN-055c12,Operations Superintendent,2025-04-04,"On 7 October 2024 at 1400 hours, a Roller Ram Winch (RRW) mooring chain incident
occurred at Shell Offshore Inc’s Appomattox, Mississippi Canyon 437 A OCS-G 33733
facility. The Appomattox is stationary with 16 mooring line chains which are anchored
on the seafloor. The estimated repair cost and recovery totaled $5,750,000 to bring
the L-11 mooring system back to its normal state.","Reported as damage over $25,000. Estimated property damage $5,750,000.",,,,,,,,,,,,,D,,"Sequence of Events:
Between 2 October 2024 to 7 October 2024, the MacGregor Pusnes’s (MGP) service techs
on Shell’s Appomattox documented a short summary of work performed. The maintenance
was performed to change gaskets on mooring lines L-1 through L-12 of the 16 mooring
chains, install clips, perform annual maintenance, and review and submit improvements
on maintenance procedures. Additionally, the techs noted in the daily service report
the MGP’s mooring system had not been inspected since November 2018. In the service
techs summarized report, chain wear was spotted on mooring line L7, underneath the
Slack Chain Hang-off Unit (SCHU) stoppers resting on the chain link. The scope
increased to measure and document this finding on all lines. The interlink wear also
raised a concern and must be investigated further. In addition, there was corrosion on
the SCHU lock bar, noting maintenance must be done to keep its function.
On 7 October 2024, the MGP’s maintenance crew completed mooring line L-11's annual
inspection. At approximately 1400 hours, the crew was conducting general housekeeping
located on the Southwest (SW) side of the facility. Suddenly, the chain links started
paying out from the chain locker. At the same time, the guide roller broke free from
its bearing cradle. The chain paid out 22 chain links outboard from the chain locker.
The chain stopper cylinders, angle transmitter, and SCHU stopper were also forced out
of the frame. Furthermore, the MGP’s maintenance crew assumed the mooring chain was in
the lock position when work was completed. The maintenance crew did not visually
observe the chain in a lock position.
According to personnel on Shell’s Appomattox, at the time of the incident, red
barricade tape restricted access to the SW Hull column only to personnel performing
the maintenance activities on the mooring system. Following the incident, Shell’s
personnel on the deck called the control room to confirm all involved workers on the
top of hull were accounted for. The top of the SW hull column was evacuated and the
Offshore Installation Manager (OIM) was notified. The platform leadership gathered in
the control room after the incident to assess the situation and to work with the
Marine Supervisor and Ballast Control Operator (BCO) on the health check of all the
mooring lines on the SW hull column.
With the knowledge that there was no pressurized process equipment on the south hull
columns such as flowlines, export lines, or umbilicals, the decision was made to not
muster or shut in the facility. This decision was based upon reviewing the damage on
the top of the SW hull with closed circuit tv cameras and data analysis from the
marine system confirming the satisfactory status of the remaining mooring lines, the
underwater chain stoppers, and the tension and departure angle of the mooring lines.
On 12 November 2024, a representative from (MGP) conducted an on-site inspection of the
damaged RRW assembly on the Appomattox. Additional photos and videos were obtained to
assist in identifying all damaged components and to assist in planning the recovery
execution. The remaining fifteen (15) RRW assemblies were also inspected. Shell and
MacGregor discussed different scenarios of how to recover the loose chain links and
how to execute repairs of the RRW.
Shell and the vendor performed calculations and agreed the RRW could be made stable
for closer inspection once temporary securement was in place. Initial temporary
securement was planned to anchor the inboard chain to prevent possible pay-out
outboard from the chain locker.
Shell worked toward achieving a “storm safe” condition before 8 February 2025. As it
related to the effort, “storm safe” was defined as having the guide roller assembly
repositioned back in place, the slack chain lifted and secured, and the chain stopper
pawls engaged. With a total of 19,800 pounds of chain links dangling underwater, there
was a strong possibility that the loose chain could strike and damage the SW hull in
rough seas.
As of 30 January 2025, Shell’s Offshore Execution Team completed the work to make the RRW
storm safe. The guide roller assembly had been repositioned into its housing, the RRW
had been tested to confirm operability, and the winch was utilized to pay out twenty
links of belly chain into the locker with the upper chain stopper pawls engaged.
Shell will continue over the next several months to evaluate damaged components,
complete repairs to the SCHU, and evaluate modifications to the system design. All
maintenance activities associated with the mooring system were suspended, pending the
results of the Causal Investigation. Shell has developed plans to resume maintenance
on the remaining mooring lines, including addressing the action items in the
referenced report.
BSEE Investigation:
On 2 November 2024, a team consisting of a Bureau of Safety and Environmental
Enforcement (BSEE) New Orleans District (NOD) Accident Investigator and Supervisory
Inspector conducted a follow-up investigation. The BSEE team interviewed multiple
personnel, took photographs, and collected documents. The team also conducted a hazard
assessment inspection of the area surrounding the SW hull of the facility. The team
noted that Shell secured the mooring line assembly with chain falls and locked out the
mooring line control system.
After reviewing requested documents provided to the NOD Office from Shell, the BSEE
investigation team agreed with Shell’s assessment that the guide roller stoppers A and
B had a gap and imbalance thus creating a misalignment of the chain stopper pair. At
the point of the chain payout, the crown of the chain link continued to push against
stopper “2A”, building pressure in the hydraulic cylinder and connection. The movement
caused by the chain link on stopper “2B” broke the mount and stopper body from the
SCHU plate. The connection between hydraulic cylinder and stopper “2A” body also broke
free. This resulted in freeing the stopper body pushing the mooring chain outboard.
This led up with the guide roller tooth contacting the inboard stopper pawl “B”. Pawl
“B” then contacted the structural steel of RRW. The guide roller shaft exerted an
upward force on the bearing cap assembly, the bearing cap and retaining nuts launched,
and the guide roller moved outboard and sheared the stud bolt. Then, chain stopper
pawl “A” and “B” moved back inward toward the closed position. The guide roller tooth
contacted the inboard stopper pawl “B” and stopper pawl “B” contacted the structural
steel again. This resulted in the guide roller coming to a complete stop. There were
22 loose mooring chain links under the Eccentric Fairlead Chain Stopper below the
surface of the water.
On Saturday May 23, Shell’s Offshore Execution Team successfully completed activities
to achieve a “storm safe” condition on RRW #11. The guide roller assembly has been
repositioned into its housing, the RRW has been tested to confirm operability, and the
winch was utilized to pay in twenty links of belly chain back into the locker with the
upper chain stopper pawls engaged.
Conclusion:
On 23 February 2025, Shell and MacGregor briefed the New Orleans District Office of
Appomattox Mooring Line L-11 Causal Learning findings. The report identified human
factors and design modifications needed to prevent this type of incident from
occurring again. First, the MGP’s maintenance crew failed to check if the RRW roller
assembly upper chain stopper pawls were engaged as well as updating the operating
manual to identify how and when load is transferred to SCHU. Second, Shell identified
the need for updating the maintenance procedures to strengthen/clarify roles and
responsibilities for each member of the maintenance team. Third, Shell identified the
need for updating the design modifications to install additional proximity switches
and programmed interlocks to confirm SCHU stoppers are fully extended. Lastly, Shell
permanently reinstated a gripper used during installation/ commissioning as a
secondary barrier to prevent unplanned payout of chain."
MR-1431DEA19D,,Very Serious Incident,2024-10-08,10:00,2024-10-10,MC,21,­ B SIMBA,NABORS MODS 200,Maintenance,LIFTING DEVICE,Loss Event,Business Interruption & Cost,Equipment Damage,,SYN-3110bf,Production Foreman,SYN-707b13,Production Foreman,SYN-dff60e,Maintenance Supervisor,2024-11-01,SYN-58ba92,Production Foreman,2025-01-29,"­
On 05-OCT-2024 the crane began smoking during lifting operations (Crew A). It was
determined that the turbo charger was malfunctioning. At this time crane operations
were suspended. A Mechanic from Sparrows Crane Service was brought on board to begin
repairs. No additional crane operations (lifts) took place during Crew A's hitch.
On 07-OCT-2024 there was a crew change. Crew B's day Crane Operator arrived on
location and began assisting the Sparrows Crane Mechanic who was replacing the turbo
charger. After repairs were completed the crane was put back into service. At 1800
hours, Crew B's night Crane Operator came on tour and made three lifts during his
shift. He stated that the crane boom was not bent when he came on tour after
conducting a Daily/Pre-Use Crane Inspection.
On 08-OCT-2024 at 0600 hours, Crew B's day Crane Operator came back on tour. While
conducting his Daily/Pre-Use Crane Inspection he stated the Derrick Hand called and
needed another tote tank lifted to the chemical deck. After completing the lift, he
then completed his crane inspection. The Crane Operator then swung the crane boom
toward the rig floor to remove a bag of trash. When the Crane Operator began to boom
over the load, the boom pawl locked-in. (The boom pawl is a safety device on the
crane winch which will prevent the freefall of the crane boom if the winch brakes
fail). After the boom pawl locked-in, the Crane Operator stated that he looked toward
the crane winches. It was at that point he noticed the bent boom heel. (The boom heel
is the closest section of the crane boom to the crane housing). After the crane was
inspected by the deck Foreman and the Rig Manager, all crane operations were shut
down. Upon completing a full crane inspection, it was concluded that the crane boom
came into contact with the boom stops at a time that is unknown.
After further inspection, the high angle kick-out or boom hoist high limiter on the
crane body was found to be adjusted all the way in, rendering this safety device non-
operational. With the high angle kick-out adjusted in all the way, there were no
other safety measures in place to stop the crane boom from striking the boom pad and
damaging the boom heel. Both Crane Operators initialed the Daily/Pre-Use Crane
Inspection form verifiying the the high angle boom kick-out was checked for proper
operation from 7-JAN-15 thru 13-JAN-15.","Reported as damage over $25,000 and a crane incident. Estimated property damage $44,934.",Very Serious Incident,,Very Serious Incident,25,E,5,,,,,,,B,,
MR-DF92CC9ABE,,,2024-10-21,22:45,2024-11-07,EI,56,G,,Production Operations,LIFTING DEVICE,Loss Event,Health & Safety,Injury TLI,,SYN-3646a7,HSE Advisor,SYN-673868,Maintenance Supervisor,SYN-7a924d,Marine Coordinator,2024-12-11,SYN-ef4a4e,Operations Superintendent,2026-07-24,"On June 10,2008,at approximately 2245 hrs,a rigger employed by International
Offshore Services (IOS), on contract to Helis Oil and Gas Company, LLC, was injured
while preparing the Eugene Island 56-G platform for routine platform/structural
removal. Well No.3 is located adjacent to the ""G ""platform, and was connected by a
catwalk that was later removed as part of the platform removal operation.
Activities at the time of the incident involved the transfer of a three (3) man
rigger crew between the ""G"" platform and well jacket No.3. The personnel basket used
to transfer the men was lifted from the jacket No.3 and placed on the top deck of the
""G"" platform using the ""G"" platform crane. After setting the personnel basket on the
deck of the ""G"" platform, the IOS contractors exited the personnel basket toward the
north side of the platform to a stairway leading down to a lower level of the
platform. One of the IOS contractors was walking across the top deck of the platform
when his left leg stepped into an open hatch way. The contractor's leg penetrated the
hatch way to his shin just below the knee, receiving injuries to his left shin and
the palm of his right hand. The injured contractor was treated by a medic onboard the
barge that night,but the next day was sent in for further medical attention. The cut
to his shin required two (2) stitches to close the wound. The contractor chose to go
home instead of returning to work since he had only two (2) days remaining on his
hitch before his regular scheduled time off.
At the time of the incident,the cover for the open hatch way was removed and being
used to access the platform's main lifting pad eyes. The pad eyes had large slings
attached in preparation for the platform facility to be lifted for removal,which was
to occur at 0400 hours on June 11,2008. Due to delays the actual lifting and removal
of the platform did not commence until 2330 hours on June 11th. The hatch way
opening was not barricaded to protect personnel during that time frame. The only
y
personnel access to the platform was by way of personnel basket. A job safet y
,
analysis (JSA) was performed prior to the operation but did not
include personnel transfer.",The incident resulted in a lost-time accident with 1-3 days lost. The facility was evacuated.,,,,,,,,,,,,,,,
MR-D4F1F004BD,,,2024-10-31,20:30,2024-11-16,EW,1003,A-Prince TLP,NABORS S.D. XIV,Drilling,LIFTING DEVICE,Loss Event,Health & Safety,Injury TLI,,SYN-853619,Operations Superintendent,SYN-4982fb,Operations Superintendent,SYN-81d763,Marine Coordinator,2024-12-22,SYN-e56602,Facility Engineer,2025-01-20,"-
On October 31, 2024, two Roustabouts on the Nabors Sundowner XIV were injured while the
rig pumped barite from a supply boat to the rig's storage tanks. There were multiple
storage tanks on the rig, and their job was to move the four inch rubber transfer
hose from tank to tank after the pressure on the fill hose had been bled to zero
pressure. After filling the first tank the Crane Operator instructed the work boat
to blow down the fill hose to remove excess barite from the line. While doing so,
one of the Roustabouts thought he heard someone say ""they were shutting it down,"" and
started to remove the hose, though no one told them to remove the hose at this point.
The hose was still under pressure and when the hose was disconnected, the hose blew
off of the connection at the tank and struck one of them in the back of the neck and
the other in the lower left leg. Both Roustabouts were medevac'd off the rig, and
after a full examination at the hospital, the Physician issued a full medical release
with return to work documents for both employees.
The two Roustabouts were supervised by the Crane Operator, who is in charge of all
the rigs deck activities. The Crane Operator failed to properly supervise the
roustabouts. The two Roustabouts lack of knowledge in the procedure of transferring
barite from a vessel to the rigs tanks allowed them to disconnect the fill hose
before it had been safely bled off. Communication was inadequate because the
Roustabouts disconnected the hose without knowing for certain it was safe to do so,
though they did have radios and were in contact with the boat. Also, a Job Safety
Analysis (JSA) was not conducted for this procedure since it was considered routine
work.
On November 1, 2024, BSEE Inspectors conducted an on-sight investigation of this
incident and a G-110 Incident of Non-Compliance (INC) was issued for the failure to
conduct operations in a safe and workmanlike manner.",The incident resulted in a lost-time accident with 1-3 days lost. The facility was evacuated.,,,,,,,,,,,,,,,
MR-F9AB7402B4,,,2024-11-14,18:45,2024-11-24,GC,680,A (Constitution,,Maintenance,LIFTING,Loss Event,Business Interruption & Cost,Equipment Damage,,,,SYN-01766a,Marine Coordinator,,,,,,,"On November 14, 2024, an incident occurred on the Green Canyon (GC) 680-A Constitution
Spar, Outer Continental Shelf (OCS) Lease Number G22987. The structure is situtated
134 miles from shore in approximately 4,970 feet of water. The Designated Operator of
Record is Anadarko Petroleum Corporation (APC).
APC reported two related incidents to the Houma District outside of office hours--one
on November 14, 2024, and the other on November 18, 2024. The After Hours Engineer
noted the following:
Event on December 27:
After the wireline operations crew finished setting a plug in the Well A-1 dry tree,
220 barrels of 10.4 pounds per gallon (ppg) fluid were pumped into the well annulus to
kill the well. Once the wireline and pumping operations ended, the crew stood down for
a 6:00 pm Simultaneous Operations (SIMOPS) meeting. At that time, a crew member on the
workover deck noticed the Well A-1 riser drop three to four feet, coming to a rest on
the grating and beams on the deck. All four of the dry tree wells and surface
controlled subsurface safety valves (SCSSVs) were shut in, and all affected areas were
barricaded. Personnel mustered.
Event on December 31:
While attempting air-up operations on Buoyancy Can Chamber #2, personnel heard what
was thought to be a leak below the spar deck. Operators shut down the operation and
notified engineers about the situation. The engineers instructed the operators to
begin air-up operations on Buoyancy Can Chamber #3. During air-up operations,
personnel noticed an air leak on the chamber piping below the casing deck. A platform
Emergency Shutdown (ESD) and general alarm were initated, and personnel mustered. At
approximately 3:30 pm, the Well A-1 dry tree descended 28 feet, coming to a stop on
the spar deck.
A damage assessment was performed. When Remotely Operated Vechicles (ROVs) were
dispatched, pictures were taken, and it became obvious that all of the fill-up lines
were extremely corroded.
The buoyancy can consists of seven chambers. The top chamber (#1) is sealed. Chambers
#2 through #7 are open ended at the bottom, and each chamber is equipped with a three-
inch galvanized air fill-up line. The purpose of the air fill lines are to inject
nitrogen into each chamber. The set pressures ranging from 41 pounds per square inch
(psi) in Chamber #2 to 84 psi in Chamber #7 are maintained by a U-tube effect, where
water is injected into the fill-up line at the U-tube to prevent nitrogen from
escaping. This process prevents water from entering the bottom of each chamber,
thereby maintaining proper buoyancy to maintain the dry well and riser assembly.
Due to extreme corrosion in the Air Fill lines for chambers #2 and #3, nitrogen was
allowed to escape causing the water level in both chambers to rise. Once both chambers
filled with water, the weight of the Well A-1 dry tree and riser overcame the buoyancy
of the remaining Chambers #4 through #7. The increased load caused the grating on the
workover deck to collapse, allowing the the Well
coming to a stop on the spar deck.","Reported as damage over $25,000. Personnel were mustered. Estimated property damage $4,700,000.",,,,,,,,,,,,,D,,
MR-5703306589,,,2024-12-04,09:00,2024-12-20,EB,643,A-Boomvang Spar,,Construction,LIFTING DEVICE,Loss Event,Health & Safety,Injury Minor,,SYN-9db9f8,Marine Coordinator,SYN-8562ce,Production Foreman,SYN-6c96c4,Marine Coordinator,2025-01-30,SYN-f5a780,Production Foreman,2025-03-14,"On 27 August 27 2009 at approximately 0900 hours, crane operations were being
performed on the west side of the facility. A cargo basket had been lowered to the
production deck to facilitate the transfer of equipment and materials to the top
deck. As the cargo basket was lifted from the production deck, it unexpectedly
shifted and momentarily pinned an employee against the emergency generator enclosure.
The Injured Person (IP) was evacuated and placed on",The incident resulted in restricted work or job transfer for more than 3 days. The facility was evacuated.,,,,,,,,,,,,,,,
MR-8369FC6B79,,,2024-12-17,07:15,2025-01-09,VK,956,A-Ram Powell,,Marine & Logistics,LIFTING,Loss Event,Health & Safety,,,SYN-6da136,Operations Superintendent,SYN-5af76a,Marine Coordinator,SYN-9ec728,HSE Advisor,2025-02-21,SYN-75fb8e,Operations Superintendent,2025-11-12,"On 17 December 2024, at 0715 hours, at Viosca Knoll (VK) 956 A (Ram Powell) platform
operated by Talos Petroleum, LLC, a construction supervisor used a portable bandsaw to
cut a section of one inch steel tubing. The bandsaw required two hands to operate.
However, the construction supervisor (IP) used one hand to hold the saw and used the
other hand to hold the tubing. Consequently, the tubing moved, and the bandsaw blade
slipped onto the IP’s left hand. Although the IP was wearing cut resistant gloves at
the time of the incident, the bandsaw blade made a deep laceration into the IP’s left
index finger just below the first knuckle. The IP was immediately provided first aid,
while being escorted to Ram Powell’s Onsite Clinic. Under the supervised MD assistance
the IP received 7 stitches. It was later determined by the MD that the IP had a full
range of motion and was released back to full duty. The IP later departed the facility
as a part of his regular crew change.",The incident resulted in an injury recorded as Other Injury.,,,,,,,,,,,,,,,"SEQUENCE OF EVENTS:
The IP personnel went through the morning Simultaneous Operations (SIMOPS) and Pre-job
Safety meetings with the Health Safety Environment (HSE) advisor, Production,
Construction and Well Work operations personnel between 0545 and 0645. The task at hand
was the completion of the tubing revisions on the Methanol Subsea Injection Skid #1.
The tubing cutting began at 0710. The incident occurred at 0715 hours. The IP was given
first aid while being escorted to the Onsite Clinic. Talos personnel secured the
incident area and gathered relevant information. At 0800 hours, Talos made verbal
communication with BSEE’s New Orleans District Supervisory Inspector. Stop Work
Authority was utilized, and all construction activities ceased on the facility. A
safety stand-down was held with all crew members. At the end of the stand-down, the
Ultimate Work Authority (UWA) authorized work activities to resume and completed a Job
Safety Environmental Analysis (JSEA) Report.
BSEE INVESTIGATION:
The BSEE Investigator arrived on location on 16 January 2025. Copies of all JSEAs,
Task Hazard Assessments, permits, and documents were requested and received. He
received statements and follow-up Talos investigation reports. The BSEE Investigator
performed a walk-through of the incident area located at the UB-900 Chemical Injection
Skid No. 1 and took photos. The BSEE Investigator met with the Offshore Installation
Manager (OIM) on duty as well as the on-site Medic. According to statements, the task
of completing the tubing installation for the skid was completed and personnel involved
in the project as well as the IP had departed during normal crew change on 15 January
2020.
The review of the documents received demonstrated several areas of concern. On the
JSEAs, there was no indication for the use of the portable bandsaw. On the Task Hazard
Assessment Form, under Equipment and Tools, the following was checked: Use the correct
tools for task. During the interviews with the 3rd Party, HSE Advisor, and the Talos
Supervisor, it was stated that prior to the incident, the tubing job was in its final
completion stage. The section of tubing that needed to be refitted/re-cut was due to
making a correction to its location. The tool normally used to cut steel tubing
(manual tubing cutters) had been stored away in a toolbox in preparation for crew
change. Even without the use of the tubing cutters, the use of a manual vise to secure
the tubing while the cut was made could have prevented the injury.
CONCLUSIONS:
The IP’s injury can be attributed to several factors. The IP did not use the safest
tool for the job. Also, the IP did not secure the tubing before cutting. The
contributing causes were that the safest tool was not listed in the JSEA and the IP
was in a hurry to complete the job."
MR-CA45A73E8A,,,2025-01-27,12:30,2025-02-11,LA,6660,HOGAN,[J,Production Operations,LIFTING DEVICE,,,,,SYN-37598a,Production Foreman,SYN-c9cd47,Marine Coordinator,SYN-95dddb,Maintenance Supervisor,2025-03-19,SYN-301d8f,Maintenance Supervisor,2025-03-08,"// While (crane operator) was offloading
the M/V Aces Wild using the north crane, the whip or
so•
bundles (est. 40 to joints) into the Ocean. Note:
bundles of 2 7/8• tubing from
fast line parted & dropped 2
No injuries. He had previously
lifted 2 bundles from the vessel (1 bundle at
be decided to lift 2 bundles at once. Onshore
weighed 5000 Lbs apiece.",Note: bundles of 2 7/8• tubing from fast line parted & dropped 2 No injuries.,,,,,,,,,,,,,,,
MR-187B12B4E9,,Serious Incident,2025-02-06,23:30,2025-02-28,MI,657,B,* LIFT BOAT (L.J.,Maintenance,LIFTING DEVICE,Loss Event,,,Combustion,SYN-6314b3,Maintenance Supervisor,SYN-fe417c,Production Foreman,SYN-865959,HSE Advisor,2025-03-18,SYN-aa8393,Marine Coordinator,2025-08-24,"On February 6, 2025 at 2400 hours, Exxon reported that a fire had occurred on a diesel
driven cement pump at MI 657B, Lease G10228 while conducting decommissioning
operations from the Lift Boat (L/B) Jamie G Eymard. There were no injuries or
pollution involved in the incident.
Investigation revealed that on February 6, 2025 at approximately 2330 hours while
utilizing the cement pump positioned on the deck of the L/B to pump a gel sweep on
well B02, the cement pump diesel engine Rotations Per Minute (RPM) suddenly
accelerated to an over-speed causing heavy smoke and flames to erupt from the exhaust
stacks. The Pump Operator immediately reduced the throttle speed and then disengaged
the transmission. The Pump Operator was not able to activate the Emergency Shutdown
Device (ESD) at the Operator’s station due to heavy smoke and flames; therefore, he
evacuated the Operator’s station. The Pump Operator attempted to activate the ESD
near the turbo charger of the engine; however, the fire was intense and the Operator
could not activate the ESD.
A total of four crew members began fighting the fire using hand portable
extinguishers and the L/B fire water system while remaining crew members mustered for
evacuation. The fire was reduced enough for crew member to activate the ESD at the
turbo charger; the over-speeding engine RPM reduced to a rough idle and then
accelerated to over-speed again. The crew continued to fight the fire and the
Supervisor was able to get the engine fuel valve closed, but the engine continued to
run for an additional 3-5 minutes while the crew continued to fight the fire. After
the fire was extinguished the crew continued to douse the engine for 30 minutes.
Further investigation found engine continued to run after the ESD activation due to
the flapper on the right bank intake closed hard enough to roll the O-ring seal out
of the seat thus allowing air to continue to feed the engine.",There were no injuries or pollution involved in the incident.,Serious Incident,,Serious Incident,15,E,3,,,,,,,C,,
MR-3F275BD902,,Serious Incident,2025-02-11,08:00,2025-02-16,WC,202,,HERCULES 253,Well Services,LIFTING DEVICE,Loss Event,,,Combustion,SYN-be75b2,Production Foreman,SYN-c4a00f,HSE Advisor,SYN-1981cc,Marine Coordinator,2025-03-13,SYN-189604,Operations Superintendent,2026-01-30,"According to Hercules personnel, an electrical arc occurred between the main busbars
(A, B and C) and ground. Each phase of the 600 VAC, 3 phase, main generator has a
separate busbar. Over time, a build up of soot occurred on the busbars and allowed a
conductive path to be set up, and the arcing or shorting to occur. This electrical
arcing caused severe damage and fire in the SCR bays and in the SCR room.","Reported as a fire. Estimated property damage $200,000.",Serious Incident,,Serious Incident,15,E,3,,,,,,,C,,
MR-D642572F0A,,,2025-02-14,17:45,2025-02-22,GB,426,A-Auger TLP,,Marine & Logistics,LIFTING,Loss Event,Health & Safety,Injury TLI,,SYN-2fd520,Production Foreman,SYN-5b51a6,HSE Advisor,SYN-b7c935,Operations Superintendent,2025-06-22,SYN-dedd69,Maintenance Supervisor,2027-02-28,"On February 14, 2025 at approximately 1745 hours, an employee was injured while
attempting to step down from a firewater pump skid.
The injured employee (IP) entered the firewater pump skid to address a coolant
release. The IP climbed down a fixed ladder and thought he had placed his feet on the
grating but was standing on the skid which is 17 inches high. The IP stepped and fell
forward coming in contact with the grating. The IP injured his left wrist during the
fall and reported the injury to the facility medic. The lessee transported the IP to
Terrebonne General for additional treatment. A doctor diagnosed the IP with a
fractured wrist.
The BSEE Lafayette District conducted an onsite investigation February 17, 2025.",The incident resulted in a lost-time accident with more than 3 days lost. The facility was evacuated.,,,,,,,,,,,,,,,
MR-9F929C374F,,Incident,2025-03-19,19:10,2025-04-16,MC,29,,ENSCO 8502,Drilling,LIFTING DEVICE,Loss Event,Environment & Reputation,Loss of Containment,,SYN-6607dc,Maintenance Supervisor,SYN-0b94e0,Operations Superintendent,SYN-17d88d,Operations Superintendent,2025-05-01,SYN-2d46b3,Production Foreman,2025-09-14,"-
On 12 FEB 2014 between 1630 hours and 1959 hours air pressure was lost to the primary
Telescopic Joint (TJ) Packer that resulted in a 128 barrel discharge of 13.5 ppg
Synthetic Base Mud (SBM) into offshore waters. The rig was in the process of running
14"" casing. At 1630 hours, with 73 joints ran, the Driller noticed an 8 barrel loss
of mud. At 1700 hours with 83 joints ran an additional 23 barrels of mud was lost.
With mud losses not uncommon during casing running operations, rig personnel made the
decision to slow the running of the casing. This did slow down the mud loss rate and
the crew continued to run the casing in the well. At 1959 hours a third party
employee was walking through the moon pool area and noticed mud pouring from the
telescopic joint. The employee notified the Supervisor and the secondary hydraulic
packer was then manually engaged, mud losses ceased at that time. After an inspection
by the rig personnel, it was noticed that the air supply line to the TJ packer had
ruptured.
The investigation revealed that:
1) There was no automatic redundant back-up system
system had to be manually engaged.
2) The air pressure alarm for the Telescopic Joint
of the Inspectors to verify the set points for the
alarm, it was discovered that the high limit alarm
alarm was also set at 0-psi. This was confirmed at
Control Unit by the two BSEE inspectors conducting",Reported as a pollution release.,Incident,,Incident,8,D,2,,,C,,,,,,
MR-12F980165A,,Very Serious Incident,2025-04-05,08:00,2025-04-14,EW,948,,DIAMOND OCEAN CONCORD,Production Operations,LIFTING DEVICE,Loss Event,Health & Safety,Injury TLI,,SYN-8a301f,Production Foreman,SYN-25de20,HSE Advisor,SYN-d1fc8b,Operations Superintendent,2025-06-08,SYN-be230b,Production Foreman,2026-12-13,"Bundles of 3.5 inch drill pipe were being backloaded onto a work boat. The load was
swung over the boat and landed on the boat. The bundle of pipe was sat down across
two bundles of pipe. The employee on the forward end of the pipe retrieved his tag
line on the starboard bow. The other employee moved down the port side of the boat
to gain access to his tag line. When he was approximately 20 feet from the end of
the pipe bundle, the boat heaved and the load swung toward the port side of the boat.
The employee moved behind the bull works to get out of the way of the pipe. Then,
he came from underneath the bull works and was reaching for his tag line. The bundle
of pipe struck the employee in his chest and pinned him against the bull works. The
injured employee was found lying across bundles of pipe on the boat deck. He was
alert and oriented but stated that he initially went unconscious. He complained of
pain in the sides of his chest and the entire upper back. Also, he complained of
having difficulty breathing. He was spitting up small amounts of blood. He was
transferred to shore for medical attention. The injured party is undergoing medical
treatment for three broken ribs and two punctured lungs. He is expected to return to
work in three to four months.",The incident resulted in a lost-time accident with more than 3 days lost. Reported as a crane incident. The facility was evacuated.,Very Serious Incident,,Very Serious Incident,25,E,5,,,,,,,,,
MR-2A92C8CB9C,,Very Serious Incident,2025-04-08,01:20,2025-04-14,GB,128,A-Enchilada,,Maintenance,LIFTING,Loss Event,Health & Safety,Injury TLI,Combustion,SYN-fa3c09,Maintenance Supervisor,SYN-fc3394,Facility Engineer,SYN-0b8360,Production Foreman,2025-06-01,SYN-05f1cc,Facility Engineer,2025-08-07,"On April 8, 2025 at approximately 1:18 a.m., an explosion occurred in the vicinity
of the 30-inch sales gas pipeline pig launcher (PL) on the Garden Banks (GB) Block 128
“A” (Enchilada) platform, owned and operated by Shell Offshore, Inc. (SOI). At the
time of the explosion, two operators were preparing to launch a pig through the 30-
inch sales gas pipeline. One operator (OP-1) sustained a concussion, back injuries,
and second degree burn injuries. The other operator (OP-2) suffered minor injuries.
Both operators were evacuated to Galveston, TX for medical treatment. Following the
explosion, a fire ensued, causing the evacuation of the platform. SOI reported no
pollution associated with the incident.
The Exclusive Right-of-Use (EROU) agreement between the 30-inch sales gas pipeline
operator (Enbridge) and SOI described the responsibilities incumbent upon Enbridge and
SOI. Enbridge facilities included the 30-inch sales gas PL, the 30-inch departing
sales gas pipeline and riser, and interconnecting piping (ICP), cables,
instrumentation, controls, drains and valves associated with the operation of the 30-
inch sales gas pipeline. SOI was responsible for “routine operations,” including
general site upkeep of Enbridge facilities; operating, maintaining and performing
minor repairs to Enbridge facilities; conducting routine inspections of Enbridge
facilities; launching and receiving pipeline pigs at the direction of Enbridge; and
notifying Enbridge of any major repairs or maintenance identified while conducting
routine operations.
The night shift during which the incident occurred began at 6:00 p.m. on November 7,
2017. OP-1 and OP-2 were the only operators on shift at the time of the incident, and
no other work crews were performing work other than two support services personnel,
who remained in the Main Deck Quarters Buildings. SOI normally has three operators on
duty during the night shift at Enchilada, but the third operator departed Enchilada
early to attend training onshore. During the evening meeting, the Operations
Supervisor stated that he discussed, among other things, the task of loading the PL.
During the first portion of the shift, the operators conducted routine checks, which
included loading the 30-inch pig onto the carrier.
At approximately midnight, OP-1 went to the PL to begin loading the pig. Since they
were the only personnel performing operations work during this shift, they did not
flag off the area around the PL. OP-1 proceeded to isolate the pressure safety low on
the PL (tag number PSL-9132). OP-1 then attempted to operate the pigging valve (tag
number HCV-9131) and the “kicker” valve (tag number SDV-9133), and they did not
operate, indicating successful isolation of PSL-9132. OP-1 did not place PSL-9132
back into service at this time, in accordance with SOI’s approved operating procedure.
OP-1 then proceeded to verify the status of the following valves, indicated by tag
numbers and position: SDV-9132 – opened, SDV-9133 – closed, and HCV-9131 – closed.
OP-1 stated that he also secured the air supply for pneumatic relays for SDV-9133 and
HCV-9131 by closing the manual ball valves on the 1/2 –inch air control lines. In
addition, OP-1 stated that he verified the following valves were closed: the 2-inch
primary and secondary bypass valves, the 2-inch flare valve, the ¾-inch trap drain
valves, and the ½-inch vent valve. OP-1 did not lockout/tagout (LO/TO) any of these
valves.
At 12:02 a.m. on April 8, 2025, OP-1 opened the 2-inch flare valve in order to
bleed the PL. OP-1 closed the valve at 12:13 a.m., with zero pounds per square inch
(psi) indicated on the PL pressure gauge. Upon opening the ½-inch vent valve and the
¾-inch trap drain valves, OP-1 discovered that gas was coming out of the drain,
indicating that the PL was not properly isolated from the sales gas. OP-1 closed the
valves, stopped work, and notified OP-2 to assist. After OP-2 arrived, OP-1 proceeded
to the control room to perform unrelated tasks, while OP-2 remained in the area to
continue the procedure.
In an attempt to achieve positive isolation, OP-2 cycled HCV-9131 open and closed. At
12:23 a.m., OP-2 opened the 2-inch flare line to bleed the PL, but was unable to
achieve positive isolation. After two subsequent attempts, OP-2 was able to obtain a
positive seal on HCV-9131 at 1:00 a.m., and closed the 2-inch flare valve. OP-2
notified OP-1 that he was ready to open the PL closure door. OP-1 was in the control
room, and began monitoring the gas detector (tag number ASH-RX-E1-1). OP-2 proceeded
to open the PL closure door and notified OP-1 that the pig was ready to be loaded.
OP-1 proceeded to the job site and assisted OP-2 with loading the pig into the PL.
Once the pig was loaded into the PL, OP-1 operated the side ratchet to tighten the PL
closure door and OP-2 operated the top ratchet which was supposed to secure the clamp
around the edge of the PL closure. After actuating the top ratchet, OP-2 stated that
he inserted the pressure warning lock (bleed pin). Neither OP-1 nor OP-2 stated that
they conducted a visual inspection to ensure the clamp ring was properly secured. OP-
1 then proceeded to the 2-inch flare valve, and OP-2 proceeded to the 2-inch globe
valve. At 1:17 a.m., OP-2 introduced pressure into the PL by slightly opening the 2-
inch globe valve, and OP-1 noted the increasing pressure on the PL pressure gauge.
After noting approximately 300 psi on the PL pressure gauge, OP-1 began closing the 2-
inch flare valve. Shortly thereafter, both operators heard a “snap” coming from the
direction of the PL closure. The “snap” sound was followed immediately by an
explosion, which occurred at 1:18 a.m. The PL closure door was propelled off of the
facility, in addition to other items, including a junction box and a section of
handrail. Following the explosion, a fire began on the east side of the PL and
propagated back to the PL closure, as indicated in video documentation.
Both operators stated that they were blown to the deck after the explosion. They also
stated that they observed a “fireball” overhead after the explosion. Both operators
managed to make their way over to the Auxiliary Control Center (Aux MCC) as a muster
point. Once in the Aux MCC, OP-2 contacted the operator shore base and advised them
that the “trap door blew off,” and to “shut everyone else in.” OP-2 then attempted to
communicate with the Operations Supervisor on the radios and Gaitronics system, with
no response. Eventually, OP-1 was able to talk to the Operations Supervisor, who told
them to make their way over to the life boat, located at the southeast corner of the
platform. All 46 personnel safely evacuated the platform and proceeded to a nearby
platform.
After evacuation, the flame continued, and was continuously fed by natural gas from
the pipeline. Initially, the flame protruded from the PL closure in a “J” shape,
extending horizontally approximately 25 feet and vertically approximately 105 feet.
No video or photo documentation was available from the time of the incident until 6:00
p.m. on April 8, 2025. At 6:00 p.m., photo documentation shows a three- to five-
foot flame protruding from the PL closure. The flame gradually reduced in height, and
monitoring vessels reported no visible sign of any flames at 4:00 a.m. on November 9,
2017. During this time period, the pipeline pressure (measured downstream of the 30-
inch departing pipeline flow safety valve) reduced from 1025 psi at the time of the
incident to 585 psi.
On the afternoon of April 9, 2025, a third-party fire safety team boarded the
platform to verify associated valve positions and to ensure that the associated valves
were closed. The boarding team reported that the following valves were found in the
open position: the 2-inch primary and secondary bypass valves (manual ball valves),
the 2-inch globe valve, the 3/4-inch isolation valves, the 30-inch departing valve
(HCV-9134), the 2-inch flare valve, and the 2-inch flare shutdown valves (locked
open). The 2-inch globe valve and the 2-inch flare valve are throttling valves, and
were found to be partially opened.
These valve positions were consistent with the procedural steps completed at the time
of the incident. The boarding team closed all of these valves except HCV-9134; the
boarding team stated that they were unable to achieve a completely closed position.
Another boarding team closed HCV-9134 on April 10, 2025. On April 11, 2025, SOI
confirmed that the platform was sufficiently isolated from the affected gas export
pipeline. The",The other operator (OP-2) suffered minor injuries.,Very Serious Incident,,Very Serious Incident,25,E,5,,,,,,,E,,"sequence of events.
1. With the stated objective being to safely load a 30-inch gas pig without risk to
personnel or asset, the SOI procedure specifies a total of three (3) operators for the
work. In this instance, two operators completed the work. Witness statements
indicated that there is usually a third operator working during this shift; however,
the third operator ended the hitch early to attend training.
2. SOI categorized this work as “B5” according to its Risk Assessment Matrix (RAM);
the “B” indicated a low probability of occurrence (2 out of 5), and the “5” indicated
the highest possible severity rating (5 out of 5). Overall, the RAM specified a
category of “Moderate” risk. The RAM also specified that this work required an
Approved OP, JSA, and LO/TO method. However, the OP provided to the BSEE
investigation team did not specify “JSA” or “LO/TO” as a required permit/plan, even
though the OP listed multiple instances where valves were supposed to be LO/TO. The
work crew did not document a JSA for the work in this instance.
3. Step 4 in the OP stated to “Verify SDV-9132 is opened. Apply LO/TO tag to HLR.”
The BSEE investigation team received no indication that a LO tag was applied to the
SDV-9132 HLR. One of the operators stated that they “just knew it was open.”
4. Step 5 in the OP stated to “Verify SDV-9133 is closed. …apply LO/TO tag to HLR.”
The BSEE investigation team saw no indication that a LO tag was applied to the SDV-
9133 HLR. Also, the SOI procedure deviates from the Enbridge procedure in that the
Enbridge procedure requires the air supply to be disconnected, not simply interrupted.
5. Step 6 in the OP stated to “Verify SDV-9131 is closed. …apply LO/TO tag.” The
BSEE investigation team saw no indication that a LO tag was applied to SDV-9131,
although the team discovered a LO device resting on the valve actuator during its site
visit. Also, the SOI procedure deviates from the Enbridge procedure in that the
Enbridge procedure requires the air supply to be disconnected, not simply interrupted.
6. Step 7 in the OP stated to verify primary and secondary 2-inch bypass valves…are
closed, and to apply LO/TO tags to both valves. The BSEE investigation team saw no
indication that any LO tags were applied to either of these valves.
7. Step 8 in the OP stated to “Verify 2” flare valve is closed. Apply LO/TO tag.”
The BSEE investigation team saw no indication that a LO tag was applied to this valve.
8. Step 9 in the OP stated to “Verify ¾” ball valves are closed. Apply LO/TO tag
between valves.” The BSEE investigation team saw no indication that a LO tag was
applied between these valves.
9. Step 10 in the OP stated to “Verify ½” needle valve on top of launcher is closed.
Apply LO/TO tag to valve.” The BSEE investigation team saw no indication that a LO
tag was applied to this valve.
10. Step 14 of the OP stated the following: “Close 2-inch flare valve. Allow pig
trap to sit for 10 minutes. If there is any pressure build up, equalize the trap and
re-actuate HCV-9131 and repeat bleed down (Step 12). Repeat 10 minute sit test.
Repeat above steps until a positive isolation is established.” It further stated the
following key point: “If pressure build up persists on multiple sealing surfaces, use
Cameron Maintenance Procedure to grease valve.” Witnesses stated that this step was
implemented approximately one year prior to the incident due to the lack of HCV-9131
to maintain positive isolation. Also witnesses stated that they did not recall using
the Cameron Maintenance Procedure.
11. Step 26 of the OP was where the operators were supposed to “close & secure
receiver door.” The OP listed a process safety advisory, which stated, “When closing
the door, use the [side] gear ratchet and do not over tighten. LOOSEN [SIDE] RATCHET
WHEN CLAMP IS TIGHTENED.” Also, the original equipment manufacturer (OEM) operation
instruction listed the following: “Where installed, disengage the [side] ratchet
binder from the closure door. WARNING: Make sure door, clamp rings, and pressure-
warning lock are fully closed and secured and the [side] ratchet binder is unhooked
from the closure door before attempting to pressurize vessel.” The operator who
closed the door stated that he fully tightened the side ratchet, but did not loosen or
disengage the side ratchet binder from the closure door.
The OEM for the PL closure door specified the following closing procedures:
""1. Inspect, clean, and lubricate the O-ring, O-ring groove, the door sealing
surfaces, and the pressure-warning lock.
WARNING: Replace damaged O-rings. A damaged O-ring can create a hazardous environment
from leaking fluids and result in personal injury and/or property damage.
2. Push the door over the O-ring sealing surface until the door is completely closed,
showing no gap between the door and hub faces. Where installed, use the [side]
ratchet binder to completely close door.
3. Set the clamp-ring [top] ratchet binder to close and ratchet the handle until the
clamp rings are pulled together and completely engage the closure door.
4. Install the pressure-warning lock. Make sure the pressure-warning screw is not
cross threaded into the hub. Should the pressure-warning screw not start into the
threaded opening, the [top] ratchet may require minor adjustment by opening or closing
slightly to align the screw. Install the pressure-warning lock screw hand tight only.
5. Where installed, disengage the [side] ratchet binder from the closure door.
WARNING: Make sure door, clamp rings, and pressure-warning lock are fully closed and
secured and the [side] ratchet binder is unhooked from the closure door before
attempting to pressurize vessel. Spraying line fluids or sudden door opening may
result in personal injury and/or property damage.
6. The vessel can now be pressurized to line pressure and placed on-stream.""
SOI and Enbridge had a third party (DNV-GL) perform mechanical failure mode testing
and root cause testing of the PL barrel, the PL closure door, the clamp rings, and
other items associated with the PL assembly. After performing laser-scan imaging of
all items, DNV-GL was able to reconstruct the PL assembly via 3D modeling. The
following highlights the findings:
- The scanned images showed four distinct damage marks (witness marks) on the PL
closure door that coincided with distinct witness marks on the clamp rings. When all
the witness marks were aligned, one of the clamp rings showed a deviation of
approximately two inches from the ideal “closed” position of the PL closure.
- The ideal clevis pin to clevis pin centerline (CP-CP) distance (clamp ring closed,
with lugs aligned) was 24.89 inches. The CP-CP distance with the witness marks
aligned was 26.76 inches.
- The top ratchet binder holding the clamp rings together, including the eyelets,
experienced plastic elongation of approximately 7/12 inches before failure.
- The side ratchet binder was discovered to be nearly fully tightened, resulting in a
ratchet length (eye center to eye center) of 10.4 inches. According to the original
vessel drawings, this distance should be 11.1 inches.
- The tolerance between the inside of the clamp ring and the outer lips of the PL
barrel and closure door was 1/64 inch.
DNV-GL concluded in their final report that the immediate cause of the incident was
“incomplete closure of the clamp rings,” which resulted in a “reduced engagement”
between one of the clamp ring channels and the door and barrel flanges. Their
conclusion was based on the locations of the witness marks, the measured lengths of
subject and exemplar ratchet binders, and component reconstruction."
MR-ABCE0DFA91,,,2025-04-24,11:05,2025-05-05,MC,474A,A(NA KIKA FPDS),,Well Services,LIFTING,,,,,SYN-82ff0f,Operations Superintendent,SYN-5bbab7,Maintenance Supervisor,SYN-1572aa,Marine Coordinator,2025-07-21,SYN-79ae71,Production Foreman,2025-07-09,"On April 24, 2025, an injury occurred on Mississippi Canyon (MC) 474 A (Na Kika), a
platform operated by BP Exploration & Production Inc (BP). The injured person (IP),
who is employed by BP suffered a laceration to the right ring finger that required
sutures and a tetanus shot. After receiving treatment, the IP was released back to
regular work duty.","SEQUENCE OF EVENTS: On April 24, 2025, at approximately 1415 hours, the IP was loosening a TMC Connector on a transmitter with a pair of channel lock pliers when the IP’s right ring finger suffered a laceration from a sharp edge.",,,,,,,,,,,,,,,"SEQUENCE OF EVENTS:
On April 24, 2025, at approximately 1415 hours, the IP was loosening a TMC Connector on
a transmitter with a pair of channel lock pliers when the IP’s right ring finger
suffered a laceration from a sharp edge. The sharp edge was located on a metal band
that is used to secure metal identification tags in place. The band was located
approximately 3-4 inches away from the TMC Connector attached to the transmitter. The
IP reported to the platform’s medic and was administered four sutures and a tetanus
shot. After receiving treatment, the IP was then released back to regular work duty.
BSEE INVESTIGATION:
On April 26, 2025, an Accident Investigator (AI) with the Bureau of Safety and
Environmental Enforcement (BSEE) received an email notification of the incident that
occurred on April 24, 2025, at MC 474 A (Na Kika). A request was sent to BP by the AI to
provide more details, photos, and the Job Safety Analysis (JSA) used for the work
being done.
On April 28, 2025, the BSEE AI received photos and the The JSA used from BP.
BSEE AI found that the IP was wearing gloves at the time of the incident and
determined that the JSA did identify possible hazards related to the job task and
implemented control measures despite incident.
The excess slack from the metal band was cut off creating a sharp edge. Although the
IP was wearing gloves at the time of the incident, the type of gloves worn did not
provide adequate protection in preventing the laceration.
CONCLUSIONS:
The probable cause of the incident was inadequate PPE. The gloves worn by the worker
should have provided adequate protection for the task. The metal band should have been
installed in such a way to eliminate sharp edges."
MR-D3BC691928,,,2025-05-05,20:35,2025-05-17,KC,10,,T.O. DISCOVERER INDIA,Construction,LIFTING DEVICE,Loss Event,Health & Safety,,,SYN-9d0f88,HSE Advisor,SYN-e1f71a,Marine Coordinator,SYN-bffc72,Facility Engineer,2025-06-05,SYN-c1819e,Production Foreman,2025-10-03,"Rig personnel were skidding a section of 13 feet 4 inch X 6 feet L-shaped
handrail/extension approximately 20 feet on Port Aft production deck when one of the
legs contacted a light pole causing the handrail to stop. Injured Person (IP) was
behind handrail pushing and was struck in the
front teeth.",The incident resulted in an injury recorded as Other Injury. The facility was evacuated.,,,,,,,,,,,,,,,
MR-C58A631ED5,,,2025-05-06,04:20,2025-05-29,,,A,,Production Operations,LIFTING DEVICE,,,,,SYN-b38591,Marine Coordinator,SYN-22298f,Production Foreman,SYN-36b6c7,Operations Superintendent,2025-06-23,SYN-372202,Operations Superintendent,2025-11-01,"On 6 May 2025 at 1355 hours, approximately 1 gallon of condensate was
discharged into the Gulf of Mexico (GOM) from Apache Corporation's West Delta 41 A
Platform. On 9 May 2025, BOEMRE inspectors conducted an onsite accident
investigation to investigate the root cause of the oil spill/sheen produced by the
facility.",,,,,,,,,,,,,,,,"Sequence of Events:
1) The pressure regulator applying blanket gas to the float cell failed.
2) Over-pressure of the vessel caused the Pressure Safety Valve (PSV) to relieve
pressure.
3) Pressure relief through the vent line pushed trapped rain water and a small amount
of residual oil into the atmosphere.
4) Fluid escaped into the atmosphere and entered GOM waters because the drain line on
the vent boom was clogged with debris."
MR-58B8A51FEC,,Very Serious Incident,2025-06-05,19:34,2025-06-14,GB,959,,STENA EVOLUTION,Production Operations,LIFTING Drawworks,Loss Event,Business Interruption & Cost,Equipment Damage,,SYN-533e5c,Production Foreman,SYN-66e5ea,Maintenance Supervisor,SYN-899b95,Operations Superintendent,2025-06-29,SYN-65cec4,Maintenance Supervisor,2027-11-14,"On 5 June 2025, Shell Offshore Inc. (Shell) conducted drilling operations on Well
SP202 at Garden Banks Block 959 when the drill pipe parted and fell to the seafloor.
There were no injuries during this incident.",There were no personnel in the red zone area at the time of incident and no injuries were reported.,Very Serious Incident,,Very Serious Incident,25,E,5,,,,,,,C,,"Sequence of Events:
On 5 June 2025, during the process of drilling the 26-inch top-hole open water
section of Well SP202, the drilling control system observed a consistent torque of
40,000 to 45,000 foot-pounds (ft-lbs). At 1934 hours, while drilling in salt at a depth
of 9699 feet, a torque spike of 71.8 kilo foot-pounds force (kft-lbf) occurred,
followed by a 410 kips reduction in hook load. There also was a full loss of torque,
loss of hook load and a loss of pump pressure. It was discovered that the drill string
separated below the water line. The drill crew were working on the auxiliary drill
floor running 22-inch casing at the time of the incident. It was estimated that
approximately 4128 feet of 6.625-inch drill pipe fell and came to rest on the seafloor
with an additional 5350 feet of bottom hole assembly and 6.625-inch drill pipe that was
left in the well bore. The remotely operated vehicle (ROV) was on bottom monitoring the
wellhead for returns when the incident occurred. The drill pipe trapped the ROV tether
in at least three locations; therefore, the ROV had limited movement. However, the ROV
remained on-bottom and continued to monitor the wellhead. There were no personnel in
the red zone area at the time of incident and no injuries were reported.
BSEE Investigation:
On 6 June 2025, the Bureau of Safety and Environmental Enforcement (BSEE) Lafayette
District conducted an onsite Incident Follow-up Investigation. BSEE met with Shell and
Stena Drilling representatives and gathered all available incident-related documents.
Shell determined that the cause of the incident was due to an unexpected drill bit
torque spike of 71.8 kft-lbf that caused a loss of 410 kips hook load and violent
recoil of the top drive during drilling at the 9,699 feet depth due to disconnection
from drill string. The failure was traced to joint 7 that was situated below the rotary
on the 6.625-inch 34 pounds/foot (lbs/ft) V-150,120 pounds per square inch
(KSI), double-shouldered (DS) pin connection. The DS connection separated due to a
high-torque event placing excessive load on the DS connection. As a result, it caused
severe pin thread damage, pin nose deformation and box swell reducing integrity of the
connection and allowing separation under tension-weight and dynamic loading conditions.
The BSEE Incident Investigation Team reviewed the final findings in Shell’s assessment
report of the incident. According to the Shell report, the incident was due to
unforeseen high drill bit torque event while drilling salt that led to a Top Drive
stall condition and torque impulse which exceeded the 120 KSI, 8.125-inch x 4.75-inch
DS drill pipe connection limits."
MR-CEE7170D6C,,,2025-06-26,04:30,2025-07-08,HI,,­ C,HERCULES 300,Production Operations,LIFTING DEVICE,Loss Event,Health & Safety,Injury TLI,,SYN-3a1a0f,Production Foreman,SYN-0fc3ef,Marine Coordinator,SYN-65539d,Operations Superintendent,2025-07-24,SYN-a0f033,Marine Coordinator,2025-12-12,"­
On June 26, 2025, during back-reaming while tripping out of the hole operations on the
Hercules 300 jackup rig for operator Arena Offshore, a Floorhand was struck on his
right arm by a set of make-up tongs which failed to remain secured to the drill pipe
while backing out connection to the Top Drive from the first stand of drill pipe
pulled out of the hole. The Floorhand was medically evacuated and later determined to
have a radial fracture on his right arm.
Tongs used to secure drill pipe for breaking connections are known to slip at times
under torque if the tongs do not get a sufficient hold of the drill pipe. It is
imperative crew members are aware and avoid the hazardous area where the tongs can
break free from the drill pipe and swing unimpeded endangering anyone in the path.
The initial Job Safety Analysis (JSA) conducted, June 26, 2025, did not include a
proper analysis of the hazards associated with back-reaming out of the hole
operations. A safe standing zone after the make-up tongs were connected was not
established for the Floorhand who was injured. There was inefficient communication
between crew members assigned to the task. All rig floor crew members participating
in the back-reaming operation failed to insure all personnel were in a safe location
after securing make-up tongs to the drill pipe. Stop Work Authority should have been
utilized to insure the Floorhand was clear of the tongs prior to breaking and
spinning out of the connection. The Driller in particular failed to ensure the
Floorhand was in the proper position prior to backing out of the connection while the
tongs were being utilized on the rig floor. As stated in the Tripping Practices
(7.1.3), the Toolpusher should be present on the rig floor when pulling the first ten
stands at a minimum. The Driller did not wait for the Toolpusher to arrive on the rig
floor prior to start of operations. Due to the lack of onsite supervision, the
Toolpusher was unable to completely insure all rig floor personnel were in their
proper locations for safe operations. Procedures for back-reaming out of the hole
operations were not adequate and failed to incorporate safety measures to prevent
this type of injury occurrence. Equipment associated with any job task should be
inspected as per the procedures, policies in place, and manufacturer specifications.
The Top Drive grabber dies failed to provide the necessary grip to back out the Top
Drive from the first stand of drill pipe pulled out of the hole.
Experienced crew members were not taking the necessary time to review procedures,
JSA's, and company policies thoroughly for routine operations. Experienced crew
members were not observing others for safety issues due to complacency with routine
operations. Procedures such as Tripping Practices (7.1.3) are insufficient for
routine operations.",The incident resulted in a lost-time accident with more than 3 days lost. The facility was evacuated.,,,,,,,,,,,,,,,
MR-9D421283D7,,Serious Incident,2025-07-09,21:45,2025-07-13,ST,245,A,,Production Operations,LIFTING DEVICE,Loss Event,,,,SYN-2b3209,Operations Superintendent,SYN-4e6678,Facility Engineer,SYN-b69e11,Facility Engineer,2025-08-18,SYN-e11d7d,Maintenance Supervisor,2025-12-09,"A Leap Frog crane had been moved to a workover service location. Welding on the
crane boom had been completed and the operator began load testing the crane. The
boom was at an angle of 55 degrees and was being tested to 32,500 pounds, which is
125% of the rated load for this angle. When the load reached 32,000 pounds, the boom
bent on a section of the base. The crane was taken in to be repaired. After the
crane had been repaired, the entire boom was tested and passed all inspections. The
crane was reassembled on the platform and re-tested.","Reported as a crane incident. Estimated property damage $12,000.",Serious Incident,,Serious Incident,20,D,5,,,,,,,A,,
MR-5077BB1D2D,,,2025-07-12,16:40,2025-07-15,EI,120,CF-QTR,,Maintenance,LIFTING,Loss Event,Health & Safety,Injury Minor,,SYN-09de4c,Marine Coordinator,SYN-c6e19a,Facility Engineer,SYN-850e6a,Maintenance Supervisor,2025-09-01,SYN-c83e8e,Operations Superintendent,2026-01-18,"On July 12, 2025 at approximately 1640 hours, a helicopter mechanic (HM) fell
while attempting to perform a helicopter inspection.
Prior to the incident, the HM purchased a new pair of work boots online. The work
boots were much larger than expected and did not provide the same fit as his previous
pair.
The HM had just completed a 50 hour Air-frame Inspection on helicopter N438PH. The HM
was utilizing a three-step work stand in order to reach the top of the aircraft to
complete the lubrication inspection. When the lubrication inspection was complete, the
HM folded the three step work stand and stored it on the lower deck.
As the HM began storing the tools, he realized the two grease guns that were used
prior were still on the top of the aircraft. The HM brought a two-step work stand to
the helicopter to retrieve the grease guns. The HM positioned the two-step work stand
next to the aircraft. While on the two-step work stand, the HM could not reach the
grease guns and utilized the helicopter fold out step (fold out step is 2 ½” x 4”).
The HM grabbed the pitch change link with his left hand and was able to grab the
smaller grease gun. He placed the grease gun on the helideck and climbed back up to
grab the larger grease gun. While climbing back up to grab the larger grease gun, The
HM’s left foot slipped off the helicopter fold out step. Due to the HM’s new boots,
the boot folded in the front because of the larger boot size. As he attempted to place
his foot back on the step, he lost his grip on the pitch change link causing him to
let go of the grease gun and fall backwards.
The HM’s lower back came in contact with the boarding step prior to landing on his
back on the heliport. Immediately after the HM landed on his back, the larger grease
gun landed on the HM’s nose and above his right eye. The HM was wearing a safety
helmet and safety glasses that reduced the severity of his injuries.
The HM managed to go to the lower deck to find the pilot and report what occurred. The
HM was examined by a medic at the facility. Directions were given to transport the HM
to a medical facility for additional treatment. Due to unfavorable weather conditions,
two SAR helicopters were unsuccessful in evacuating the HM. A motor vessel transported
the HM to a shore base. An ambulance transported the HM to Lafayette General Medical
Center. The physician discovered a broken Coccyx (tailbone), nose and a laceration
that required eight stitches above the right eye.
Due to this incident, the lessee has discontinued the helicopter mechanics rotation on
the offshore facilities. All aircraft maintenance will be performed onshore.
The BSEE Lafayette conducted an onsite investigation August 2, 2025.",The incident resulted in restricted work or job transfer for more than 3 days. The facility was evacuated.,,,,,,,,,,,,,,,
MR-45B50D666D,,Incident,2025-08-11,06:30,2025-09-01,MC,822,RIG NAME T.O. DISCOVERER ENTERPRISE,,Production Operations,,Loss Event,Environment & Reputation,Loss of Containment,,SYN-d86e88,HSE Advisor,SYN-e17476,HSE Advisor,SYN-e5f696,Facility Engineer,2025-10-05,SYN-dd136a,HSE Advisor,2025-09-17,"OPERATIONAL TIME LINE:
13:35 Sub sea engineer notices Blue pod flow meter ticking off 120 gph control fluid
-Ticking off constant
-Control fluid flow rate estimated at l20gph
-Pumps running every 10 mim.
-Calculated control fluid loss 3257 gal 51.38 days operating at this rate
-ROV was headed down for riser inspection. Asked them to identify source of leak.
Approximate 1 hour.
-Determine leak was coming from blue pod annular regulator.
14:24 ROV observing blue pod.
14:34 Increase/decrease annular regulator to determine whether something could have
gotten in between the shear seal and the shear seal plate. Running the regulator
through its range will sometimes clear this problem up. This was done twice.
Increase/decrease between 200/2000 psi with no changes noted.
14:40 Close annular hoping to wash the regulator seal area clean.
14:51 Open the annular.
15:00-15:15 When annular was functioned, drill floor noticed a 2 bbl loss (first
indication of possible petroleum free SBM loss). Continue pulling out of hole until
next 5 stands fill up. Fill up was 7 bbls over calculated displacement. Shut down and
perform flow check (static). Continued to pull out of hole.
15:16 Switch pods from blue to yellow. This operation was performed from the OIM
office. Initially no control fluid leaks from yellow pod. Transocean Assistant Rig
Manager was notified by OIM. During the phone call with Assistant Rig Manager, yellow
pod starting ticking off fluid slowly. Transocean OIM notified the BP Well Site
Leader who in turn contacted BP Onshore Operations Team. During conversation, yellow
pod flow increases to same as blue pod = 120 gph.
15:22 ROV going back to 500-ft to assist with running in and cleaning the WT-66 drill
pipe. At 16:24 - ROV arrives at 500' waiting for pipe to descend to same depth.
16:01 Subsea calls and wants to function annular again. Rig floor calls Subsea and
OIM informing them that we have mud losses when annular was functioned. Annular was
not functioned further. Flow check well (static).
16:07 Subsea vents annular to allow functioning of regulator (without functioning
annular).
16:08 - 16:30 Regulator is functioned up/down several times. Annular vent/open a few
times. At this time it was suspected that the open chamber head seal was suspect.
16:30 - 1730 Continue pulling out of hole with RTTS to above BOP stack in order to
close upper and lower blind shear rams, suspend well and displace riser.
16:41 ROV is instructed to return to BOP looking for leak in riser while descending.
17:37 ROV arrives and confirms mud losses through annular regulator vent tube.
18:00 Pumps running 400+gph pumping control fluid.
18:15 Shut upper and lower shear rams.
18:30 Rig floor confirms we are losing 1.5 bbls/min petroleum free SBM at this time.
18:34 USCG/NRC report is filed. Reported 21 bbls of petroleum free SBM loss based on
current mud pit strap.
18:45 ROV attempts to verify upper shear rams closed by pumping through U/S/R
intervention. ROV runs out of fluid for pump (29 gallons). Port ROV jumping with full
tank.
19:10 Commence riser displacement from petroleum free SBM to seawater
21:30 Pod supply pressure -2900 psi. Main pilot supply pressure -2690 psi. Trapped
1900 psi below shear rams - confirming shear rams shut.
21:38 Retract choke/kill retractable stabs.
21:39 Pressure/Temperature stab retracted.
21:41 Vent pod select.
21:42 De-energize pod stingers and retract same.
21:47 Unlatch LMRP at a heading of 310 degrees on yellow pod. Lift LMRP string with
tensioners and latch up slip joint. Shut down pod hydraulics at this time.
Following riser displacement and disconnect the total petroleum free SBM loss to date
is 54 bbls Fifty-eight percent or 31.3 bbls of mud was base synthetic oil.
FINDINGS:
1) ANNULAR BOP HISTORY:
July 2003 - New Annuflex BOP Installed on Enterprise
July 2004 - Annuflex Rebuilt with all New Seals
February 2006 - Annuflex Failure - 17 months after Rebuild
2) TRANSOCEAN PREVENTATIVE MAINTENANCE PROGRAM
Annular BOP Maintenance Plan:
Milling Operations on Well - Open, remove packing element and inspect BOP for metal
cuttings build-up in the body. Replace annular head seal.
Yearly - Wash and inspect the bore. Inspect the packing element. Replace the annular
head pressure seal any time the head is removed.
Every 3 Years - Complete disassembly with visual and dimensional checks of all key
components. Replace all seals.
Every 5 Years - Perform major overhaul.
SEE ITEM 20 FOR ADDITIONAL INFORMATION","Reported as a pollution release. Estimated property damage $6,260.",Incident,,Incident,8,D,2,,,C,,,,A,,
MR-7FEC1450D6,,Very Serious Incident,2025-08-12,19:20,2025-08-21,WR,51,,T.O. DEEPWATER ATLAS,Production Operations,LIFTING PLS,Loss Event,,,,SYN-1ecd13,Marine Coordinator,SYN-f7b24d,Marine Coordinator,SYN-da9f32,Maintenance Supervisor,2025-09-02,SYN-71784d,HSE Advisor,2025-12-07,"On August 12, 2025, an incident occurred on the drillship Transocean Deepwater Atlas
which was working under contract for Beacon Offshore Energy (BOE) Exploration &
Production LLC. Drilling operations were being conducted at Walker Ridge Block 51,
OCS-G31938 Well SA009. The Driller was in the process of laying down a single joint
of 6-5/8” drill pipe using the Pipe Laydown System (PLS). When the drill pipe was
rotated from the vertical to horizontal position, the PLS released the drill pipe
allowing it to fall onto the drill floor and pipe skate. No injuries were reported,
and an onsite investigation was initiated.
On the night of August 12, 2025, the drill crew, consisting of a Assistant Driller and
(3) Floorhands, reviewed the Job by Design (JBD) and proceeded to lay out a single
joint of 6.625” drill pipe from the mouse hole onto the pipe skate utilizing the PLS.
As the Assistant Driller began to rotate the PLS from the vertical to horizontal
position, the drill pipe came free from the PLS, landing on the pipe skate 58 feet
below. All personnel were in the designated safe step back area, clear of the drop
zone as per the JBD. The job was stopped, and the area was made secure. No injuries
were reported, and an onsite investigation was initiated.
Investigation:
The Bureau of Safety and Environmental Enforcement (BSEE) inspectors conducted an
onsite investigation on August 24, 2025. The","No injuries were reported, and an onsite investigation was initiated.",Very Serious Incident,,Very Serious Incident,25,E,5,,,,,,,,,
MR-59B59D80B2,,,2025-08-17,22:30,2025-08-25,VR,369,A,,Production Operations,LIFTING,Loss Event,Health & Safety,Injury TLI,,SYN-c78628,Maintenance Supervisor,SYN-ac2f81,Maintenance Supervisor,SYN-35df2e,HSE Advisor,2025-09-06,SYN-3dc4dd,Maintenance Supervisor,2026-03-19,"On August 18, 2025, at 8:43 AM, Renaissance Offshore LLC. (Renaissance) reported an
injury that required evacuation from the Vermilion 369 Alpha platform (VR-369A), lease
G02274. Renaissance reported,” The incident occurred when the Injured Person (IP) was
reconfiguring a tree cap connection for temporary equipment when trapped pressure from
the valve cavity was released.” An employee of Cajun Cutters Inc. (Cajun Cutters),
hereafter referred to as the injured person (IP), was impacted by the release of gas
pressure from the open top of the tree of well A-15.
On August 17, 2025, at approximately 6:00 AM, a platform safety meeting was held to
discuss the temporary production piping and equipment for the depressurization of
Stingray Pipeline, LLC 20-inch pipeline (Segment No. 10875) through KAH-20275 (Segment
No. 20275), a 4-inch departing pipeline at VR-369A. The VR-369A platform wells were to
be shut in, while still receiving incoming production from the VR-408A platform.
Persons on board were a field supervisor employed by Renaissance, a lead operator
(Platform PIC) and a C-operator employed by Danos, a Mechanic and an A-operator
employed by Dynamic Production Services (Dynamic), an A-operator and a scaffold
builder employed by Gulf South Services Inc. (GSSI), a specialist tech employed by
River Rental Tools, a welder and rigger employed by Cajun Cutters, and a cook employed
by Premier Catering. The A-operator employed by Dynamic was informed that he would be
working nights upon arrival that day and was instructed to rest before the overnight
shift.
On August 17, 2025, at approximately 2:27 PM the platform was shut in by the platform
operators and pressure from the tie-in points was bled to zero. After verifying the
pressure was removed, Cajun Cutters removed a section of pipeline piping and installed
a flange connected with a 2” high-pressure hose. After the installation at the
pipeline, work began on the production deck at the Test Separator (MBD-1000). The Test
Separator outlet was connected to the Blowdown Header with 2” high pressure hose. At
approximately 10:00 PM, Cajun Cutters took a break, discussed what was next and how
they would proceed. They agreed to proceed and began removing the tree cap adapter
flange above the crown valve on well A-15. At approximately 10:30 PM, while installing
a new flange to accept the high-pressure hose, an unexpected release of pressure from
the top of the well tree contacted the IP’s left eye and the left side of the IP’s
face. The IP was provided first aid with eye wash bottles, clean bandages and Advil.
After first aid, the decision was made to request a medevac flight. On August 18, 2025,
at approximately 12:20 AM, the platform was notified that the medevac flight would
arrive at 1:20 AM. The Medevac departed VR-369A with the IP at 1:34 AM and was flown to
Lafayette General Hospital to receive emergency treatment. The IP has received
treatments to remove foreign substances from the eye, incurred partial permanent
hearing loss, and has been evaluated for future eye surgeries following the incident.
As of November 8, 2025, the IP has not been released to full duty.
On August 25, 2025, the Bureau of Safety of Environmental Enforcement (BSEE) Lake
Charles District investigators (investigators) conducted an onsite incident
investigation. The BSEE investigators met with the Renaissance representatives at
VR-369A and received a briefing of the incident. The investigators collected all
prepared witness statements, collected pictures taken by Renaissance, collected job
safety analysis (JSA), collected Lockout/Tagout paperwork, and the persons on board
(POB) paperwork. While on-board, BSEE investigators also took photos of the well bay,
interviewed personnel that were involved during or after the incident, and completed a
physical inspection of well A-15. A recent Surface Controlled Sub-Surface Safety Valve
(SCSSV) test was collected indicating the A-15 well had a shut-in tubing pressure of
1195 psig. Witnesses stated that the A-15 well had 800 psig of pressure at the top of
the well tree before the pressure was bled to zero above the Surface Safety Valve
(SSV). Investigators also requested a copy of procedures outlining the job steps used
to complete the task. Renaissance was not able to provide such documents.
On August 30, 2025, investigators traveled to Cajun Cutters office in Houma, LA to
conduct interviews with the IP (welder) and his helper (rigger). Recorded interviews
were conducted with both Cajun Cutters employees. The IP presented pictures of his
injuries to investigators and provided copies. Cajun Cutters provided copies of the
employees written statements with investigators.
The BSEE investigators reviewed written statements received from Renaissance, as well
as interviews with persons on duty at the time of the incident. In more than one
statement, personnel claimed to have heard a process alarm moments before the pressure
release. Statements included such comments as” ‘The tree blew up with pressure,’ ‘It
was so loud,’ and ‘I heard what sounded like a gas release @~10:30 PM. I got out of
bed and got dressed.’ “Witnesses estimated the release of gas, from the open crown
valve, lasting from 2 to 5 seconds.
The BSEE investigators reviewed photographs taken during the investigation as well as
photographs provided to the BSEE by Renaissance. These photographs included
reenactments of the IP and helper’s body positions with a movable access platform with
stairs measuring approximately 36 inches by 36 inches wide and 48 inches high,
positioned next to the well. The IP and helper exited the access platform to obtain
the body positioning and strength needed to unbolt and replace the tree cap adapter at
the top of the A-15 well. The IP was standing with one foot on the SSV the other on
the moveable platform and the helper was standing on flowline wing valve of the A-15
well. This position placed the top of the well tree at the IP and helper’s midsection
with them looking down at the tree cap.
While conducting interviews, it was noted that the operator on duty (Dynamic), during
the night shift, had arrived at the platform earlier that day and had never worked at
VR-369A previously. The night shift operator’s duties included routine production
operations of the platform, including maintaining the incoming production from VR-408A.
The IP stated in his interview that he had a conversation with the PIC before removing
the tree cap adapter to verify that they would continue working to complete the work
before the boat’s scheduled arrival at 3:00 AM.
The BSEE investigators reviewed the JSAs and Lockout/Tagout paperwork for removing and
installing gas pipeline piping. Cajun Cutters’ JSA discussed “not following procedure
and stored energy as potential hazards” and “100% containment and checking for
pressure” as steps to eliminate hazards, or “reduce risks to an acceptable level.” The
scaffold builder (GSSI), who was assisting with the job, was not listed on the JSA. No
site specific JSA was prepared discussing job steps or body positioning. According to
the paperwork provided, Lockout/Tagout of the A-15 lower manual master valve was not
installed until after the incident occurred. No record of Lockout/Tagout was provided
to the BSEE investigators for the automatic surface safety valve. Likewise, no Lockout/
Tagout paperwork was provided for any other valves associated with the A-15 well.
The BSEE investigators have determined Renaissance did not implement their Lockout/
Tagout to ensure positive isolation of all A-15 well tree valves thus preventing
accidental release of pressure from the wellbore and escape of pressure from a valve
cavity. Renaissance reported that trapped gas pressure was released from a valve cavity
but did not identify which valve the pressure was released from. However, during the
investigation, witnesses stated that no manual valves on the A-15 well tree were
manipulated at the time of the incident. Renaissance designated an operator with no
previous platform specific experience as the sole operator on duty of the overnight
shift. The night operator arrived at VR-369A the morning of the incident. There were no
written procedures provided to the BSEE investigators, nor written instructions
provided to personnel that would specify which valves had been isolated and ensure all
pressure had been removed. The IP was on duty for 15.5 hours, from 6:00 AM until the
time of the incident at approximately 10:30 PM. No safe working surfaces were provided
around the entire A-15 well which contributed to the poor body positioning of the IP
and helper.",The Medevac departed VR-369A with the IP at 1:34 AM and was flown to Lafayette General Hospital to receive emergency treatment.,,,,,,,,,,,,,,,
MR-B6B9DCE75D,,Very Serious Incident,2025-08-24,10:00,2025-09-03,EI,337,A,NABORS S.D. XVI,Drilling,LIFTING DEVICE,Loss Event,,,,SYN-bc2000,Production Foreman,SYN-12607d,Marine Coordinator,SYN-e3935c,Maintenance Supervisor,2025-09-20,SYN-2befe2,Marine Coordinator,2026-01-25,"A slight bend in the crane boom heel section occurred on Devon Energy's platform
crane (Model No. CH 185 A/36120-01-1) located on Eugene Island (EI) Block 337, A
platform on August 24, 2025. At the time of the incident, the crane operator
employed by Nabors Sundowner XVI, platform rig, was operating the Devon production
platform crane. The Nabors Sundowner XVI crane operator was in the process of
repositioning a 6 inch X 30 feet suction hose from the top deck of the platform up to
a sidetrack tank on the same deck level. In order to position the suction hose on
the sidetrack tank, the crane operator needed to boom up higher than the boom stop
would allow. The crane operator activated the boom stop override in order to
continue to boom up. As the crane operator continued to boom up, the crane boom heel
made sufficient contact with the boom stop to result in a damaging bend to the crane
boom heel. There were no injuries or pollution as",There were no injuries or pollution as,Very Serious Incident,,Very Serious Incident,25,E,5,,,,,,,A,,
MR-3222283E24,,Incident,2025-08-30,22:30,2025-09-15,DC,4,,,Production Operations,LIFTING,Loss Event,Environment & Reputation,Loss of Containment,,SYN-8c8533,Operations Superintendent,SYN-d73eac,Production Foreman,SYN-6fe9d2,Operations Superintendent,2025-10-14,SYN-d37f48,Operations Superintendent,2027-05-09,"On August 30, 2025, Murphy reported a subsea umbilical leak coming from a chemical
injection line, a Hydraulic Flying Lead (HFL), for the De Soto Canyon (DC) 4 subsea
well. The Murphy owned DC 4 subsea well ties back to the Petronius Facility, Viosca
Knoll (VK) 786, operated by Chevron. The chemical that was being discharged from the
line was a paraffin inhibitor, Nalco EC 6004A, which contains the toxic chemical
naphthalene. It was later discovered there were two leaks in total, one on the HFL
located between the manifold and the Subsea Umbilical Termination Assembly (SUTA) and
the second on the pressure cap of the Pipeline End Termination (PLET) where it
connects to the pipeline manifold.
The leaks were undetectable both visibly at the water’s surface and by detection
instruments on the facility due to the water depth making it unable to determine when
they began. The maximum estimated volume discharged is 900 bbls.",Reported as a pollution release.,Incident,,Incident,6,C,2,,,C,,,,,,"SEQUENCE OF EVENTS:
On August 30, 2025, Murphy was using a Remote Operated Vehicle (ROV) to perform a subsea
survey for a future installation of a new PLET. While performing the survey, the ROV
operator identified a plume coming from a nearby single 1/2 inch chemical injection
line, a HFL.
The immediate action taken was to decrease the injection rate of paraffin inhibitor
from 200 to 72 gallons per day. This was done to keep chemical pressure in the
umbilical lines and prevent seawater ingress. Seawater ingress may cause hydrates to
form inside the line. A different chemical or something less toxic was not used because
this umbilical is about 27 miles long and a new chemical would not have reached the
discharge point by the time the HFL was isolated.
The NRC was notified on May 1st at 1150 hours and assigned NRC# 12310836.
A teleconference was held May 2nd with Murphy, Chevron, BSEE New Orleans District
(NOD) and the BSEE Pipeline Section. Murphy stated that the HFL was not isolated from
the pipeline at the time of the ROV discovery because it was not the correct class of
ROV.
A subsea intervention vessel, the M/V Ross Candies, was then dispatched and able to
isolate and repair the leak on September 2, 2025 at 1750 hours.
BSEE INVESTIGATION:
During the BSEE investigation, BSEE reviewed Murphy’s Root Cause Analysis (RCA) and
information in response to questions from BSEE investigators. The RCA revealed that the
hose assembly was rated for the appropriate collapse pressure. The system had been
installed in 2015 and tested and demonstrated full pressure integrity. However, at an
unknown time after August 31, 2024 (the date of the last ROV inspection), the outer sheath
of the hose suffered damage due to chafing against the mounting bracket as a result of
either pulsation in the line or current effects moving the hose. Once the outer jacket
was compromised the external seawater hydrostatic head pressure was able to act
directly on the inner pressure sheath of the hose. This head pressure was reacted by
the internal head pressure of the chemical plus the positive pump pressure on the
surface resulting in a higher internal pressure than external. Once the outer jacket
was compromised the collapse resistance of the wire braiding was lost. Note: The hose
itself is rated for a differential pressure in collapse of 3,262 psi but once the outer
jacket is compromised the collapse resistance of the wire braiding is lost.
At some point the differential pressure across the inner sheath went negative
(possibly due to debris in the check valve) resulting in a collapse condition on the
internal pressure sheath. The collapse pressure on the pressure sheath pressed it up
against the steel inner mandrel of the end fitting causing it to tear. When the line
returned to normal operation the chemical leaked out of the tear, through the wire
braiding, and out through the outer jacket wherever that jacket could not contain the
pressure.
No sheen was sighted that was attributed to this incident. This could be due to
several factors including the solubility of the chemical, water depth, rate of
discharge, pressure, or size of the hole in the line.
Videos were received by BSEE, taken by the ROV, illustrating the locations of the two
leaks.
BSEE found an issue with Murphy’s NRC report stating that the worst case discharge for
this incident was around 127 gallons. The last time Murphy looked at this equipment
subsea was August 31, 2024. Murphy stated on September 14, 2025, they could not determine when
the leak occurred exactly. Therefore, BSEE determined the worst case discharge should
be calculated based on the leak starting September 1, 2024. The discharge range was
calculated at 37,000 gallons to 1.6 million gallons. BSEE notified the Environmental
Protection Agency (EPA) of these findings."
MR-4E35BC675A,,,2025-09-05,23:30,2025-09-18,EC,338,A,,Production Operations,LIFTING,Loss Event,Business Interruption & Cost,Equipment Damage,,SYN-76de23,Operations Superintendent,SYN-5f4069,Facility Engineer,SYN-f73041,Operations Superintendent,2025-10-12,SYN-39137b,Facility Engineer,2025-12-10,"Summary:
On September 5, 2025, at approximately 11:30 p.m., an oil leak was discovered at a W&T
Offshore, Inc. production facility. The leak originated from a dry oil tank and
resulted in an estimated 0.4 barrels of oil being released into the Gulf of America
(GOA). The incident occurred on the East Cameron Block 338A, Lease Number G02063 (EC-
338A) platform.
A Chemical Technician onboard detected the smell of hydrocarbons inside the living
quarters and notified the Person in Charge (PIC). At the time of the incident, there
were five crew members on board: the PIC, two Production Operators, one Chemical
Technician, and one Mechanic.
The platform’s Emergency Shut Down (ESD) system was activated, and all personnel
mustered. Platform crew members then began taking measures to minimize the amount of
hydrocarbons released and reduce pollution into GOA waters.","Reported as damage over $25,000. Personnel were mustered. Estimated property damage $83,000.",,,,,,,,,,,,,B,,"Sequence of events:
On September 5, 2025, at approximately 11:30 p.m., a chemical technician in the living
quarters detected a strong hydrocarbon odor. Upon stepping outside to investigate, he
observed clear evidence of a leak. He immediately notified the Platform PIC, who
quickly dressed and proceeded outside. Upon inspection, the PIC discovered that the
Dry Oil Tank had developed a leak on the south side near the bottom. The leak appeared
to be coming from a hole approximately ¼ inch in size. The PIC then initiated an ESD
of the platform. All personnel mustered and donned personal flotation devices (PFDs),
and a full headcount confirmed that everyone was accounted for. With the platform in
ESD status, the firewater pump automatically engaged, cranking and beginning to deluge
the platform.
Crew members were dispatched to the Dry Oil Tank while the PIC proceeded to the Sump
Tank to verify proper operation of the Sump Pump. The crew collected plywood and
industrial trash-compactor bags to contain the leak within the Dry Oil Tank’s
containment berm/skid. They then opened fire hoses around the platform to flush oil on
the deck toward the drains and reduce vapor accumulation. After stabilizing the area,
the crew connected a diaphragm pump from the bottom of the Dry Oil Tank to the bottom
of the Wet Oil Tank and began transferring the Dry Oil Tank’s contents into the Wet
Oil Tank.
Once the oil transfer began, the PIC contacted W&T’s EC-321A platform to alert them to
the situation. The field boat was notified and instructed to stand by while the
platform remained in ESD status. The PIC then contacted W&T’s office to report the
incident and provide an operational update.
After the leak was contained, at approximately 1:30 a.m. on September 6, 2025, a
notification was made to Witt O’Brien’s. Witt O’Brien’s later called back requesting
an estimate of the volume released overboard. It was reported that no more than one
barrel of oil entered the Gulf of America.
BSEE Investigation:
On September 7, 2025, investigators from the Bureau of Safety and Environmental
Enforcement (BSEE), Lake Charles District, conducted an onsite investigation of the
incident. The team interviewed personnel on board and requested relevant
documentation, including production reports, and the spill report completed by the
Platform PIC. BSEE investigators also inspected and photographed all platform areas
affected by the incident.
While approaching the platform by helicopter, BSEE investigators captured aerial
photographs of the facility. The images show the Dry Oil Tank stained with oil, and
the piping above the tank visibly coated as well. The aerial photos also confirm that
no active sheening was occurring at the time of the overflight.
Upon arrival, BSEE investigators were met by the Platform PIC and began interviewing
the personnel on board. The PIC provided an account of the incident, explaining that
he initiated the ESD, which automatically started the firewater pump. Crew members
were then dispatched to the Dry Oil Tank, while the PIC proceeded to the Sump Tank to
confirm that the Sump Pump was operating properly.
The PIC reported that the crew connected a diaphragm pump from the bottom of the Dry
Oil Tank to the bottom of the Wet Oil Tank and began transferring the Dry Oil Tank’s
contents. To help contain the leak, they placed plastic sheeting and plywood inside
the containment berm/skid surrounding the Dry Oil Tank. Personnel also stated that
they used firewater hoses to wash oil from the deck surfaces into the platform drains,
directing it to the Sump Tank, where the Sump Pump transferred the recovered oil into
the Wet Oil Tank.
The PIC stated that at the time of the incident the Dry Oil Tank contained
approximately 5 feet of oil (~70 bbls), while the Wet Oil Tank held approximately 2
feet (~28 bbls). After the contents of the Dry Oil Tank and the recovered oil from the
containment system were transferred, the Wet Oil Tank measured 8.5 feet (~119 bbls),
according to W&T’s EC-338A daily production report dated September 8, 2025. Based on
the Safety Flow Diagram, both the Dry Oil Tank and the Wet Oil Tank have a total
capacity of 210 bbls each.
The BSEE investigators proceeded to inspect and photograph the platform and the Dry
Oil Tank. They noted that the tank had already been temporarily repaired using a cold-
curing epoxy composite. Areas of corrosion-related metal loss were identified in the
containment berm/skid surrounding the Dry Oil Tank, including holes that allowed oil to
escape. The temporary repair to the tank had been applied to mitigate the leak while
the platform was shut in and awaiting BSEE approved permanent repairs.
Evidence also indicated that oil had blown up and over the firewall into the booster
gas compressor deck area. At the time of the incident, winds were from the
north/northeast at approximately 30 knots, which is consistent with the pattern of oil
observed on the upper deck surfaces. BSEE investigators observed and photographed oil
on the compressor package, including coating the compressor vessels and engine, and
saturating the thermal insulation on high-temperature components and the compressor
exhaust. Portions of the platform deck, walls, and piping still had oil present from
the leak that occurred two days earlier.
On September 10, 2025, the Lake Charles District Office requested an estimated volume of
oil released into Gulf of America waters. W&T was also instructed to provide supporting
documentation and calculations used to develop the estimated volume released.
W&T provided calculations prepared by their engineering staff following a detailed
technical evaluation. The submitted documentation included estimated oil-discharge
volumes and the basis for those calculations. The spill-volume determination relied on
the following inputs:
• A calculated estimate of oil released from the Dry Oil Tank: 12.8 bbl
• A calculated estimate of oil coating the deck and equipment, including areas where
oil had pooled: 1.7 bbl
• The volume of oil recovered in the Sump Tank: 10.7 bbl
To determine the estimated amount of oil released into Gulf of America waters, the
total volume retained within platform limits (1.7 bbl + 10.7 bbl = 12.4 bbl) was
subtracted from the total estimated volume released from the tank (12.8 bbl). This
resulted in an estimated 0.4 bbl discharged to the environment.
On September 15, 2025, BSEE investigators learned that photographs existed showing the
tank hole prior to repairs. They requested all photographs taken in connection with
the incident before, during, and after the repair work, including any taken with
personal phones. BSEE investigators also requested the Personnel on Board (POB) lists
for December 6, 7, and 8, 2025, as well as a complete chemical inventory with the
specific use of each chemical on board.
W&T provided all requested information, including documentation of the permanent
repairs made to the Dry Oil Tank. The chemical inventory confirmed that no chemicals
were being used to treat the oil in the Dry Oil Tank, and the Personnel on Board (POB)
lists were consistent with the work activities described.
Photographs of the permanent repair showed that an approximately 24-inch-long patch
had been welded to the bottom of the tank. Pre-repair photographs revealed coating
failures at the base of the tank that led to corrosion and ultimately the formation of
a hole. BSEE investigators also noted stainless-steel tubing attached to the bottom
lip of the tank in an area where moisture tends to accumulate. No barriers or
isolation materials were present between the tubing and the tank to prevent vibration-
induced rubbing or contact between dissimilar metals.
Conclusion
The investigation determined that the oil release on the EC-338A platform on December
7, 2025, originated from a corrosion-related failure at the base of the Dry Oil Tank.
The hole, approximately ¼ inch in diameter, allowed an estimated 12.8 barrels of oil
to escape the tank. Through containment efforts, deck-washing, and sump-pump recovery,
approximately 12.4 barrels were retained within platform systems, resulting in an
estimated 0.4 barrels discharged into Gulf of America waters.
The BSEE investigation identified underlying integrity issues with the Dry Oil Tank,
including coating failures, corrosion at the tank base, and the presence of stainless-
steel tubing in direct contact with the tank shell without protective isolation. These
conditions created an environment conducive to moisture retention and metal loss,
ultimately contributing to the tank failure. Evidence of oil migration beyond the
containment berm, including contamination of the compressor deck, equipment, and
insulation, further demonstrated that the tank’s condition had deteriorated to a point
where a localized leak could rapidly affect multiple areas of the facility.
Overall, the incident underscores the importance of rigorous corrosion-control
practices, routine inspection of tank bottoms and containment systems, and ensuring
that all attached components are properly isolated to prevent metal-to-metal wear.
While the crew’s actions effectively mitigated the immediate consequences, the root
cause reflects preventable degradation of critical production equipment. Strengthening
mechanical-integrity inspections will be essential to reducing the likelihood of
similar failures in the future."
MR-BB41D101AC,,,2025-09-06,08:50,2025-09-13,SS,229,C,,Drilling,LIFTING DEVICE,Loss Event,Business Interruption & Cost,Equipment Damage,,SYN-b07583,Facility Engineer,SYN-7e2648,Operations Superintendent,SYN-80c9dd,Production Foreman,2025-11-21,SYN-72d6b4,Marine Coordinator,2025-12-05,"At 0850 hours on 6 September 2025, Ankor Energy LLC (Ankor) had inadvertently dropped
the Whitaker 21 Man Survival Capsule into the Gulf of Mexico. Ankor contracted
Survival-Craft Offshore Services (SOS) to perform routine and special maintenance on
the capsule. SOS was performing a basic winch function test to evaluate launch
capability (lower capsule to water and then re-stow). As SOS began lowering the
capsule, the bow of the capsule remained stationary in the davit as the stern of the
capsule was lowered 64 inches by the winch. The severe angle of the capsule was
noticed and the handbrake on the winch was engaged. Once the handbrake was applied,
the bow broke free from davit and the capsule began to sway in the hook mechanism.
The retainer on the hook mechanism became damaged and the wire rope D-ring slipped
out of the hook mechanism. The capsule dropped 45 feet impacting the water bow first.
The capsule was retrieved by a field boat with the capsule having severe damage to
the bow area. Throughout the incident and the recovery of the damaged capsule, there
were no injuries or pollution.","Throughout the incident and the recovery of the damaged capsule, there were no injuries or pollution.",,,,,,,,,,,,,B,,
MR-F55F800C5A,,,2025-09-11,15:38,2025-09-24,MU,726,A,,Construction,LIFTING DEVICE,,,,,SYN-385f14,Marine Coordinator,SYN-25bffb,Marine Coordinator,SYN-6ba231,Operations Superintendent,2025-11-02,SYN-a1aec9,HSE Advisor,2025-11-05,"-
On October 18, 2013 the Injured Person (IP) was responding to a production alarm at
approximately 2:00 am. While descending stairs to the Production deck, the IP missed
the last step on the stair well, hyperextended his left knee, stumbled into the main
panel and fell onto the deck. Possible contributing factors include fatigue,
darkness, and failure to observe surroundings. The last step and the deck are the
same color which makes it difficult to distinguish between the two.
No onsite investigation was performed because the injury occurred on 10-18-2013 but
was not reported by the Lessee until 11-1-2013.
10-18-2013. The IP is no longer employed by the",,,,,,,,,,,,,,,,
MR-ED78B5AFDC,,Serious Incident,2025-09-15,10:00,2025-09-27,SP,93,­ A,,Drilling,LIFTING DEVICE,Loss Event,,,Combustion,SYN-3d6cdc,Production Foreman,SYN-36368a,Operations Superintendent,SYN-5a0b54,Facility Engineer,2025-11-13,SYN-6b3bfe,Maintenance Supervisor,2026-02-10,"-
On September 15, 2025 at 1000 hours, a fire occurred on an Energy XXI Facility, Lease
OCS-G 1619, South Pass 93-A platform involving an Energy XXI contractor, Island
Operating Company (IOC) Lead Operator (LO). The LO was loading the #4 Arial
Compressors after a shutdown. The LO restarted the compressor using the Standard
Operating Procedures (SOP). After the compressor went through its sequence, it then
cranked up and went down again. The LO reset the panel for a second time and cranked
the unit again. When the unit was loaded in manual mode all was working properly, but
when switching the governor from manual mode to automatic mode, the LO heard a loud
popping sound from the compressor turbine area. The compressor unit then shut down
and a small flash fire about 6"" long was seen by the LO around the turbine area. The
LO called out on the radio a fire at the compressor then proceeded to station #102 to
grab a 30 lb fire extinguisher. The fire was put out in seconds and no injuries were
reported from this accident.
On September 16, 2025, BSEE Investigators arrived on location to investigate the fire
on compressor #4. It was revealed that the compressor turbine had small fragments
that went unnoticed from previous repairs, causing coolant to enter into the right
bank (RB) cylinder from cracked heads causing a cascade affect. Once metal entered
the combustion area, the failure became critical. The cylinder head was destroyed on
(RB-6) and passed metal to (RB-5) which was scarred. The major internal breakdown
included instant damages to the lube oil sealing systems/components that then allowed
lube oil to communicate with the manifold, then a small flame developed causing the
turbine side impeller to be destroyed along with the turbine housing internally. The
vibration switch was changed out after numerous shutdowns before accident occurred.
The vibration switch is a major component to warn of some type of damage to the
compressor package.",The fire was put out in seconds and no injuries were reported from this accident.,Serious Incident,,Serious Incident,12,D,3,,,,,,,,,
MR-F0E48F9B6F,,Serious Incident,2025-10-08,17:30,2025-10-13,HI,547 B,B,,Well Services,LIFTING,Loss Event,,,Combustion,SYN-326144,Marine Coordinator,SYN-451030,Production Foreman,SYN-aa10a3,Operations Superintendent,2025-11-08,SYN-dae868,Facility Engineer,2025-12-28,"On October 8, 2025, at 1730 hours, Arena Offshore LP (Arena) reported a fire occurred
at High Island (HIA) 547 B, lease G-02705, involving the facilities’ Glycol Reboiler
Dehydration system. There were no injuries or pollution reported with this incident.
On October 9, 2025, the Bureau of Safety and Environmental Enforcement (BSEE) Lake
Jackson District Investigator and Inspector conducted an onsite investigation at HI
547 B. They collected statements, maintenance records, safety device testing records,
and photos were taken of the incident scene. Witnesses reported, while working on
deck, hearing a gas igniting loud noise and found the Glycol Dehydration unit on fire.
An Arena operator activated the platform emergency shut down device, and two Arena
operators began extinguishing the fire with two 150 pound and two 30-pound fire
extinguishers with assistance from a third. The fire was extinguished in ten minutes.
Following the BSEE onsite investigation, Arena removed the Glycol Reboiler
Dehydration unit from the facility and transported it to Universal Equipment Company
Inc. in Lafayette, Louisiana for a complete inspection and analysis. The focus of the
inspection was to determine the root cause and develop a corrective action plan.
The BSEE Lafayette District Accident Investigator and a contractor from GIR
Solutions, Arena’s third-party consultant, conducted an onsite investigation at
Universal Equipment Company in Lafayette. Investigation revealed the still column vent
pipe became plugged, resulting in pressure build up in the column vent pipe until it
ruptured. The rupture caused glycol to spray which contacted the reboiler and exhaust
stack. Both have an operating temperature of 750 to 800 degrees Fahrenheit which
ignited the glycol mixture. The fire damage was limited to the Glycol Reboiler and
Dehydration unit and totaled over $100,000.00 in damage. Arena will implement a still
column replacement campaign to coincide with the 5-year fire tube inspection
requirement and perform a condition assessment of all still columns across the gulf by
the end of 1st quarter FY 23.",There were no injuries or pollution reported with this incident.,Serious Incident,,Serious Incident,12,D,3,,,,,,,C,,
MR-20295303B2,,,2025-10-16,09:55,2025-10-20,ST,127,A,,Maintenance,LIFTING DEVICE,Loss Event,Health & Safety,Injury TLI,,SYN-cc3fde,HSE Advisor,SYN-d44ea3,HSE Advisor,SYN-3a597e,Operations Superintendent,2025-12-15,SYN-146a9b,Facility Engineer,2025-12-24,"While at South Timbalier (ST) 127A, Island Operating Company (Island) employees
working on a glycol unit noticed that inclement weather was developing to the
north/west of the platform. At that time, the Island operators saw the RLC, LLC
(RLC) pilot descend from the helideck where the weather could be monitored. One of
the Island employees asked the RLC pilot to return the operators to Ship Shoal (SS)
189B by helicopter since the seas were too rough to swing onto the standby crew boat,
Motor Vessel (M/V) Miss Peggy Ann. The pilot entered the aircraft for startup
procedures, and as the Island employees were ascending the stairs to the helipad, two
of them noticed the helicopter slide off the south side of the heliport and onto the
water. Upon contacting the water, the aircraft's floats deployed. The operators
then saw the RLC pilot crawling into the life raft. They alerted M/V Miss Peggy Ann
of the incident and requested that the crew recover the pilot from the aircraft and
monitor the helicopter as it drifted with the current.
The pilot sustained lower back injuries and underwent successful back surgery a few
days after the incident. The pilot was released from the hospital shortly thereafter
and is currently undergoing physical therapy. Pilot
status at this time.",The incident resulted in a lost-time accident with more than 3 days lost. The facility was evacuated.,,,,,,,,,,,,,,,
MR-A426285FB6,,Serious Incident,2025-10-26,07:30,2025-11-17,EI,53,C,,Maintenance,LIFTING,Loss Event,,,Combustion,SYN-69bc0b,Production Foreman,SYN-b3e354,Production Foreman,SYN-70ecb1,Maintenance Supervisor,2025-12-13,SYN-939f47,Maintenance Supervisor,2026-03-19,"On October 26, 2025 at approximately 0930 hours, a fire was discovered in the
upstairs sleeping quarters.
Two Contract Compressor Mechanics (CCM) were in the process of replacing a piston when
one of the mechanics smelled smoke. The facility was shut in and the diesel generator
was being utilized for power. The CCMs searched the area for a possible fire but were
unable to locate the source of the smoke. Approximately 30 minutes later the fire
alarm sounded.
The CCMs mustered in the galley with the two Production Operators on board and stated
they observed smoke coming from the upstairs sleeping quarters. One of the Production
Operators stayed on the lower deck while the two Mechanics and the other Production
Operator opened the door to the sleeping quarters and saw a flame on the upper far
left corner of the building. Due to the location of the flames, the employees believed
the fire was an electrical fire caused by the window unit and grabbed a Purple K
extinguisher near the upstairs entrance. As they entered the building with a 30 lbs.
extinguisher, they saw the mattress and the top left side wall engulfed in flames. A
Mechanic discharged the extinguisher attempting to put the mattress out. The sleeping
quarter’s doors were shut briefly in an attempt to ensure the flame stayed suffocated.
The Operator opened the small emergency door in the rear of the building and
discharged a 125 lbs. extinguisher on the mattress. This extinguished the fire and as
the smoke cleared the employees poured drinking water on the mattress and the walls.
The employees in the sleeping quarters began pushing the mattress through the
emergency exit. While pushing he mattress through, a mechanic stated he noticed the AC
unit was still running and unplugged it. The mattress landed on the deck below and
began to smolder. The Production Operator on the lower deck attempted to extinguish
the mattress but after multiple attempts to extinguish the mattress, it continued to
smolder. The Production Operator decided to toss the mattress overboard.
The items that were on the mattress at the time of the fire had fallen on the floor of
the sleeping quarters when the mattress was being placed through the emergency exit.
Some of these items were still burning and had to be extinguished as well. These items
included blankets, pillows, clothing and one of the operator’s offshore bags. The
offshore bag was discarded prior to the BSEE onsite investigation.
Following the incident, the Lessee transported the CCM and one of the Production
Operators to receive medical treatment. The operator was treated at Gulf Regional
Occupational Medicine Center in Abbeville La. One of the Mechanics was treated at an
AHS Walk-in Clinic in Lafayette La and the other Mechanic was evaluated at his company
office. All employees were released with no restrictions.
The BSEE Lafayette District conducted an onsite investigation November 10, 2025.","Reported as a fire. The facility was evacuated and personnel were mustered. Estimated property damage $17,270.",Serious Incident,,Serious Incident,12,D,3,,,,,,,A,,
MR-F6E50EFEE0,,,2025-11-07,19:20,2025-11-13,SP,49,A,,Production Operations,LIFTING DEVICE,Loss Event,Health & Safety,Injury Minor,,SYN-58d9cd,Maintenance Supervisor,SYN-fbf148,Operations Superintendent,SYN-8a0cdb,Operations Superintendent,2025-11-29,SYN-9b01b0,HSE Advisor,2026-08-02,"On November 7, 2025, at 1920, at Energy XXI GOM's, Lease OCS-G 02177, South Pass
Block 49, A Platform, a contract employee injured his finger while changing the Surge
tank re-circulating pump inlet valve, as a result of human error. The Injured Person
(IP) was evacuated for treatment and was placed on restricted duty.",The incident resulted in restricted work or job transfer for more than 3 days. The facility was evacuated.,,,,,,,,,,,,,,,"Sequence of Events:
Fluid Crane & Construction employees were changing the Surge tank re-circulating pump
inlet valve. They had removed all of the studs and the spool piece was hung up on the
gasket. Two employees were shaking the spool piece trying to free it up and the
injured person (IP) had his hands under the flange on the other end supporting it.
The spool piece was supported in the middle by a come along and a strap and when it
came free of the gasket, the heavy end of the
tip of the IP's finger."
MR-83DFD4B170,,,2025-11-12,16:30,2025-12-09,HI,,D,BLAKE 1505,Drilling,LIFTING DEVICE,Loss Event,Health & Safety,Injury Minor,,SYN-ea1bc5,Production Foreman,SYN-bbb76f,HSE Advisor,SYN-1005d7,Operations Superintendent,2026-01-11,SYN-6ef79c,Maintenance Supervisor,2026-07-10,"-
On November 12, 2025, at approximately 16:30, while conducting stringing down block
operations, a member of a four man work crew was struck with the 1 3/8 inch drill
line when it failed to remain in the snake grip. The Injured Person (I.P.) was
manning the hydraulic drill line spool winch control at the time of the incident. As
the drill line cable attached to the snake grip was going through the last deadman
sheave in the crown block an ""all stop"" was given by another member of the work crew
when he noticed the drill line cable coming out of the snake grip. Approximately ten
to thirty seconds after the ""all stop"" was given, the drill line cable came free from
the snake grip and fell toward the hydraulic drill line spool winch control striking
the I.P. on the left shoulder and right hip. The I.P. was put on to a litter and
lowered to the main deck, where he was treated by the Rig Medic. At 18:20, the I.P.
was transported to Lake Charles, LA.
It was determined that the drill line cable was not properly degreased before being
inserted into the snake grip.
The proper clamping recommended by the manufacturer's specifications was not utilized
for the snake grip. Instead, manila rope and duct tape were used to secure the snake
grip which may have affected the drill line cable and prevented the snake grip from
going through the block smoothly, also contributing to the injury incident.
An investigation by BSEE concluded the following factors contributed to the incident:
The work crew was limited to a small deck space.
Although communications for stop work were given, the speed of the operation did not
allow enough time to prevent the incident from occurring","was transported to Lake Charles, LA.",,,,,,,,,,,,,,,
MR-A30ACDC700,,,2025-11-15,20:35,2025-12-17,MC,899,,T.O. DEEPWATER PROTEUS,Marine & Logistics,LIFTING,Loss Event,Health & Safety,Injury TLI,,SYN-566e14,Facility Engineer,SYN-d01ff5,Operations Superintendent,SYN-4a7183,Facility Engineer,2026-02-13,SYN-fa97ac,Facility Engineer,2026-07-10,"On November 15, 2025, at approximately 22:35 hours, Shell Offshore INC. (Shell) had
two injuries on the Transocean Deepwater Proteus drillship, at Mississippi Canyon 899,
while conducting completion operations on the SS005 well (API# 608174058004). Shell
reported the incident to the Bureau of Safety and Environmental Enforcement (BSEE) New
Orleans District on November 16, 2025.",The incident resulted in a lost-time accident with more than 3 days lost and an injury recorded as Other Injury. The facility was evacuated.,,,,,,,,,,,,,,,"SEQUENCE OF EVENTS:
On November 15, 2025, the operations at the time of the incident were to flush the
Transocean Deepwater Proteus’s deck penetration lines on the port aft pipe deck and
prepare to rig up to the filtration unit for completion operations.
The task was to flush two independent lines on the port aft deck. The hoses were
looped to two valves on the port aft pipe deck: the first valve was the supply (coming
in from the drillship’s mixing pump), and the second was the discharge going to the
drillship’s pit. The hose being disconnected was on the supply side (from the
drillship’s mixing pump).
The Transocean Derrick hand stated the valves were lined up to send drill water to the
Tetra filter unit, and that he double verified the line-ups. He then communicated with
the Tetra crew by radio that the valves were lined up. The Tetra crew informed the
Derrick hand by radio they were ready to receive drill water on the out-board side,
which is closer to the outside edge of the ship. The Derrick hand turned the pump on,
sent an estimated 7 barrels of drill water through the lines, and was asked by the
Tetra employee to shut the pump off. The Tetra crew asked the Derrick hand if they
were finished with the out-board side, and if they could then line up on the in-board
line. The Derrick hand then checked his line-up on the in-board line, and Tetra
checked their line-up. The Derrick hand went back to the mud lab and waited for
further instruction.
The Tetra crew later decided to repair a small leak in a 6 inch camlock connection.
The repairing process consisted of opening the levers of the camlock connection and
replacing the seal. The Tetra employee attempted to repair the leak by releasing the
levers that hold the 6 inch camlock connection together; the pressure from the hose
was released, and the hose blew off the deck flange. Two Tetra employees were knocked
back by the hose. The Derrick hand then received a phone call and was asked if he had
a pump running, to which the he replied no. He was informed someone was injured on the
filter unit. The Derrick hand made sure the mud module was secure and proceeded to the
pipe deck. At no time was there any pressure on the mix pump once it was shut off. The
Derrick hand cannot read pressures above the deck due to a check valve on the
discharge side of the pump.
BSEE INVESTIGATION:
On November 16, 2025, the BSEE Accident Investigation Team arrived on location and
requested and received: pictures of the relevant equipment involved in the incident, a
Job Safety Analysis (JSA) for the job being performed, a diagram of the of the
drillship with the location of the incident, witness statements involved with the
incident, the Pre-Displacement On-Line Flushing Procedure, and a Calcium Chloride-
Calcium Bromide Solution Material Safety Data Sheet (MSDS). The BSEE Accident
Investigation Team also viewed video recordings of the incident and took photos of the
scene after the incident.
BSEE reviewed the documentation and concludes that the Tetra Filtration crew (three
filtration specialists) and two Transocean personnel (one derrick hand and one pump
hand) were working together to flush 6 inch hoses that carry completion fluid to and
from the Tetra filtration presses and the drillship’s pits. After the flushing was
completed, a 6 inch camlock hose connection was being disconnected to repair a leak.
When the connection was released, the pressurized fluid in the hose caused the hose to
blow off and impact two Tetra personnel. One injured person (IP #1) was directly
contacted by the hose and received facial impact before the hose then contacted
another Tetra worker (IP #2) causing the worker to hit the pipe that was located
directly behind him. Both personnel were flown ashore via a Medevac flight with an ETA
of 01:00 hours at the New Orleans University Hospital.
After medical evaluation, both injured personnel were released from the hospital on
Feb 14 and returned to work on February 19. The injured person who was struck with the
hose had a fractured tooth with acute pain. The second injured person had an impact to
the right thigh/femur which caused bruising on the leg and chemical exposure. While
the worker did fall to the ground, the worker was not treated for any subsequent
injuries on location or at the shore-based facility after the medevac.
It was found during the investigation that it is common practice when flushing deck
penetration lines, and the pump shuts off, that you wait for the fluid pressure to
leave the lines before closing the valves. In this case, that didn’t happen, and the
deck valve was immediately closed once pumping was finished. This resulted in trapped
pressure in the line that was being disconnected. There were whip checks on the 6 inch
hoses, but not around the camlock connection being disconnected, to prevent the hose
that was being removed from knocking the two injured employees down. After the
incident concluded, and the 6 inch camlock hose was reconnected, there was an extra
whip installed. This whip check was attached beneath the deck penetration valve and to
the hose. There was a Job Safety and Environmental Analysis (JSEA) used for this
operation, and it was signed off by the Tetra filtration employees. In the JSEA, there
was a checklist of items checked off that referenced: chemical exposure and PPE
pressure, and whip checks, bleed off lines before removing, and reviewing the MSDS.
CONCLUSION(S):
BSEE concludes that the incident occurred due to the following: The appropriate PPE
referenced in the MSDS states requirement of eye protection: wear safety glasses with
splash shield or safety goggles/shield and Clothing: wear appropriate chemical
resistant clothing and gloves. It was found that only safety glasses were worn during
this operation and the chemical resistant clothing or gloves were not worn.
Hazard identification was not appropriately done, hazards with the flushing operations
and trapped pressured were not identified or followed. The deck penetration lines that
were flushed were not completely drained and the pressurewas not bled before being
disconnected. The JSEA collected states: Drain lines before opening camlock
connections and bleed off lines before removing hoses. The whip checks that were
installed were not around the camlock connection to prevent the hose that was being
removed from whipping and injuring personal.
In the Tetra flushing operations, inexperienced personnel were involved in the
incident. BSEE found that one of the Tetra filtration crew members was a short service
employee."
MR-0E5E23C2F7,,,2025-11-18,15:00,2025-11-28,VR,331,A,,Production Operations,LIFTING,,,,,SYN-07ed66,Marine Coordinator,SYN-57679b,Production Foreman,SYN-095b0d,Marine Coordinator,2025-12-23,SYN-2578a5,Maintenance Supervisor,2027-02-02,"On November 18, 2025, at approximately 3:00 pm, a Quality Construction and Production
(QCP) Pipe Fitter (PF) fell through the grating on the plus 10 deck into the Gulf of
Mexico (GOM) at Vermilion Block 331 on Talos Energy (Talos) platform A, while
replacing corroded grating. Talos hired QCP for the construction crew, Paloma Energy
Consultants LP as the Talos Company Representative (TCR), and Onward Safety LLC as the
Health, Safety, and Environment representative supervisor (HSE) to replace the grating
on the plus 10 deck.
On the morning of the incident at 6:00 am, the Talos Person in-Charge (PIC) held the
pre-job safety meeting to communicate the job tasks and potential hazards on the plus
10 deck. During the meeting, the QCP supervisor, along with the TCR and HSE created
the Job Safety Environmental Analysis (JSEA), Fall Rescue Plan (FRP), Approval to
Cross Barricade Permit (ACBP), and Hot Work Permit (HWP) needed for the day. All
forms were approved during the 6:00 am meeting. At approximately 3:00 pm the PF pre-
cut the welds holding the corroded grating to the plus 10 deck supports. The PF
realized he needed to take another measurement to fabricate the new grating section
and walked onto the pre-cut grating. The pre-cut grating gave way and the PF and
grating fell into the GOM. The PF was able to swim to the platform’s boat landing and
self-rescue himself. The PF notified the QCP supervisor, the TCR, and the HSE of the
incident. The TCR gave the order to continue work and did not report the incident to
the PIC.
On November 20, 2025, the Bureau of Safety and Environmental Enforcement (BSEE) conducted
an on-site incident follow-up. During the incident follow-up, BSEE investigators
collected all available documents and made a request for all unavailable documents for
the incident. BSEE investigators interviewed the Talos PIC and were notified work was
completed on November 19, 2025, and equipment and construction personnel had departed the
platform. The PIC informed the BSEE investigators he had not been notified of the
incident until the construction work was completed. The PIC then notified the Talos
Field Foreman of the incident, the foreman arrived on location that day and started
the Talos investigation.
BSEE investigators questioned the PIC on the events of the pre-tour safety meetings.
BSEE investigators were informed JSEA, HWP, ACBP, and FRP are signed by supervisors
(i.e., PIC, TCR, HSE, and QCP) without visiting the jobsite prior to preparing work
permits. After reviewing documents received from Talos, BSEE investigators found the
construction area on the plus 10 deck with deteriorated grating from corrosion was not
barricaded. BSEE investigators noted on November 18, 2025, a ACBP was completed; however,
the QCP crew made a decision that a barricade was not needed on the plus 10 deck. The
PF wrote in his statement, he did not think he needed a safety harness because there
was not an active open hole, even though a safety harness is required per the JSEA.
After reviewing the JSEA, ACBP, and FRP collected from August 4, through August 7,
2021, inconsistencies were identified in procedures needed to complete the same job.
Example, an ACBP was required in JSEA that was not completed. BSEE investigators have
determined through the interview with the PIC and reviewing all the statements and
documents, no alarms were sounded for a man overboard incident, nor was a ring buoy
deployed to the individual that fell into the GOM.
BSEE investigators have determined a lack of direct supervision and complacency led to
the incident. BSEE cannot determine how much deck time the four supervisors spent
monitoring the jobsite activities, but have determined that none of the supervisors
were on the plus 10 deck at the time of the incident.",,,,,,,,,,,,,,,,
MR-53D591D5A0,,,2025-11-24,08:30,2025-12-05,EI,391,,ROWAN GORILLA II,Construction,LIFTING DEVICE,,,,,SYN-d3d935,Maintenance Supervisor,SYN-260b77,Facility Engineer,SYN-7e86a5,HSE Advisor,2026-01-24,SYN-e4e11c,Facility Engineer,2026-03-01,"At approximately 0830 hours on November 24, 2025, a 90 bbl well test tank was dropped
into the OCS waters due to a crane failure. The 90 bbl test tank was being lifted
from the work boat M/V Southern River to the drilling rig Rowan Gorilla II by the
drilling rig bow LeTourneau PCM-350 SS crane. The lift was approximately 65 feet
above the M/V Southern River when the crane fast line cable parted dropping the tank.
The tank struck the starboard aft quarter of the workboat then landed into the
water. The tank floated away from the workboat and rig in a northeasterly direction
for approximately 250 yards and sank. There were no injuries and no hydrocarbon
pollution associated with this incident. The 90 bbl test tank, fast line ball and
hook, and a section of cable were dropped as a result of the fast line cable being
severed due to an inoperable crane limit switch.. For further clarification, it
should be noted that the fast line ball did not make contact with the crane boom
sheave. The fast line cable was severed as a result of a combination of the crane
limit switch counter weight can being pulled into the crane boom sheave and the
failure of the crane limit switch. The counter weight can was apparently lifted into
the crane boom sheave by either a burr on the fast line cable or due to excessive tar
build up on the counter weight can. The crane limit switch failed due to excessive
corrosion on the limit switch wiring.
NOTE: The crane limit switch is a crane saver similar to an anti-two-block device
which is designed to shut down a crane prior to allowing the fast line ball to make
contact with the crane boom sheave.
The counter weight can is a weighted device that holds the limit switch in position
below the crane boom sheave. The counter weight can is holed to allow through
passage of the fast line cable.",There were no injuries and no hydrocarbon pollution associated with this incident.,,,,,,,,,,,,,,,
MR-F92096E945,,,2025-12-04,17:15,2025-12-11,EI,193,A,,Production Operations,LIFTING DEVICE,Near Hit,,,,SYN-73b23e,Marine Coordinator,SYN-63ae82,HSE Advisor,SYN-a7a0ef,Operations Superintendent,2026-02-04,SYN-d6202e,HSE Advisor,2026-05-08,"­
On March 30. 2013 at approximately 1715 hours, a Construction Employee (CE) was
injured while attempting cutting operations to remove a pipeline. The CE had 22
years' experience and 3 years and 9 months with the CE's present employer. The CE
had attended a JSA (Job Safety Analysis) review prior to attempting to remove the
pipeline that was located on the North East corner of the platform. The CE placed the
JSA paperwork as well as the Hot Work Permit in his back pocket but no copies were
made. The pipeline riser severing scope of work was a late addition to the overall
scope of work for this phase of the project. The CE and his co-worker traveled to the
unmanned facility utilizing a boat. No other personnel including the construction
supervisor or the safety technician boarded the facility to address any potential
hazards prior to conducting cutting operations on the pipeline.
As cutting operations were in progress, the CE had to reposition himself to complete
the cut to the pipeline. As the CE relocated to the opposite side of the pipeline, he
found an open hole that was barricaded on the Plus 10 due to a piece of missing
grating. The field boat contained boards that could have been utilized to cover the
open hole and eliminate the threat. Failing to stop work and reassess the potential
hazard of the missing grating, the CE climbed through the barricade on to platform
supports and resumed cutting operations. Due to tension on the pipeline from prior
damage to the facility, the pipeline moved approximately 3 to 4 feet once the final
cuts were made striking the CE. The CE was thrown off of the supports entering the
Gulf through the open hole.
The co-worker and the boat immediately began rescue operations to retrieve the CE
from the water. The CE was transported to a medical facility where he received
treatment for a cracked rib, minor cut to the head and soreness in the arms and back
due to the impact of the pipeline. The CE was released within 24 hours of being
treated by the physician to full duty. Due to the JSA and the Hot work permit being
placed in the CE's pocket, the items were ruined and unable to be retrieved.
The BSEE Lafayette District conducted an onsite investigation December 6, 2025.","The CE was transported to a medical facility where he received treatment for a cracked rib, minor cut to the head and soreness in the arms and back due to the impact of the pipeline.",,,,,,,,,,,,,,,
MR-7100ABC7D5,,,2025-12-11,21:00,2026-01-22,GC,36,,T.O. DISCOVERER,Marine & Logistics,LIFTING DEVICE Pipe Racking System,,,,,SYN-726a19,Facility Engineer,SYN-e89e44,Marine Coordinator,SYN-a3402f,Marine Coordinator,2026-03-05,SYN-a357e5,HSE Advisor,2026-06-09,"-
On October 10, 2012, while attempting to troubleshoot issues with the Pipe Racking
System (PRS), a weld on the drive shaft coupling failed. This break allowed the
forward PRS to separate and fall against the aft PRS.
While in the process of running in the hole with drill pipe, the Assistant Driller
(AD) received both a ""slew"" and a ""transverse"" encoder alarm while trying to grab a
stand of drill pipe from the fingerboard. These alarms are designed to recognize if
there is any movement of the PRS outside of its set parameters. In the event that
these alarms are activated, the system will not allow the PRS to move until the
alarms have been cleared.
After receiving the alarms, the Assistant Driller was instructed by the Toolpusher to
contact the Electrical Technician (ET) to help troubleshoot the problem. After
troubleshooting and discussing the issues, it was found that the upper and lower
transverse encoders for the PRS were out of sync and preventing the PRS from moving.
It was noted that no noticeable lean or visual damage could be seen on the PRS. The
decision was made to move the PRS down to the forward parking position where it would
be more accessible and easier for them to further investigate the problem. No
procedures were in place to troubleshoot the issue and no JSA was done prior to
beginning the work. At this time, all personnel were instructed to clear the rig
floor and the Assistant Driller placed the upper encoder into ""encoder sync bypass"",
which would bypass the alarm and allow the PRS to move again. When the AD attempted
to move the PRS, the Forward PRS fell and eventually came to rest against the upper
head of the aft PRS.
No injuries occurred during the incident due to the fact that all personnel had been
moved away from the rig floor. Both the forward and aft PRS were secured and an
inspection was performed to assess any damages that may have occurred due to the
incident. The systems was soon restored and placed back into service.",No injuries occurred during the incident due to the fact that all personnel had been moved away from the rig floor.,,,,,,,,,,,,,C,,
MR-CA9A11BA53,,Serious Incident,2025-12-19,17:15,2026-01-09,EB,643,A-Boomvang Spar,,Well Services,LIFTING,Loss Event,,,,SYN-fe79cb,Production Foreman,SYN-0694f7,Marine Coordinator,SYN-ebf667,Production Foreman,2026-02-26,SYN-9d7f4b,Maintenance Supervisor,2027-01-16,"On 19-DEC-2025, at approximately 16:40 hours, at East Breaks 643 Boomvang SPAR, the
60-ton West crane was utilized to lift the crown section of the Blake 1007 weighing
33,700 lbs. onto the derrick. As the Crane Operator began swinging the load to the
right, the crane boom began to lower on it's own. After the suspended load had
descended approximately 15-20 feet, the Crane Operator regained control of the crane
and the load. The Crane Operator immediately placed the load onto the elevated pipe
rack. Once the load was unhooked, the crane boom was placed back into the boom cradle
and taken out of service until a full inspection could be completed.
Seatrax Mechanics began inspecting the crane. When function testing the boom hoist,
erratic pressures were observed, and the system was not responding properly to
hydraulic adjustments. Debris was found in the orfice of the counterbalance valve.
The valve was cleaned and re-installed back into the subplate. Mechanics then reset
the system pressures and the crane functioned normally.
It was discovered while slewing, the Crane Operator inadvertantly slightly engaged the
boom up on the joystick. The debris clogged the orfice to the point the
counterbalance valve was held open and could not close. With the counterbalance valve
open, the hoist lowered while the joystick was held in the up position. Since the
joystick was not fully released, the mechanical brake band could not set or hold the
boom or load. In the incident, one brake failed and the second brake was held off by
the operator holding the joystick.
The Root Cause of the incident was debris in the boom hoist counterbalance valve.
Although not the cause of the incident, a contributing cause was the Crane Operator
not fully releasing the joystick or setting the brakes.",Reported as a crane incident.,Serious Incident,,Serious Incident,20,D,5,,,,,,,,,
