Incident Number,bsee_activity,bsee_type_checkboxes,bsee_operation,bsee_cause_checkboxes,bsee_water_depth,bsee_property_damaged,bsee_possible_ocs_violations,bsee_violations_narrative,bsee_onsite_investigation_date,bsee_operator,bsee_form_revision,bsee_extract_status,bsee_source_url,bsee_sha256
MC-20030521-0400,EXPLORATION(POE) DEVELOPMENT/PRODUCTION X (DOCD/POD),HISTORIC INJURY REQUIRED EVACUATION LTA (1-3 days) LTA (>3 days RW/JT (1-3 days) RW/JT (>3 days) Other Injury FATALITY POLLUTION X FIRE EXPLOSION LWC HISTORIC BLOWOUT UNDERGROUND SURFACE DEVERTER SURFACE EQUIPMENT FAILURE OR COLLISION HISTORIC >$25K DEPARTMENT OF THE INTERIOR MANAGEMENT SERVICE MEXICO REGION INVESTIGATION REPORT STRUCTURAL DAMAGE CRANE OTHER LIFTING DEVICE Inc. DAMAGED/DISABLED SAFETY SYS. INCIDENT >$25K H2S/15MIN./20PPM REQUIRED MUSTER SHUTDOWN FROM GAS RELEASE OTHER REPRESENTATIVE/SUPERVISOR 6. OPERATION: PRODUCTION DRILLING X WORKOVER COMPLETION HELICOPTER MOTOR VESSEL PIPELINE SEGMENT NO. OTHER 8. CAUSE: X EQUIPMENT FAILURE HUMAN ERROR EXTERNAL DAMAGE SLIP/TRIP/FALL WEATHER RELATED LEAK UPSET H2O TREATING OVERBOARD DRILLING FLUID OTHER X Riser Parted 9. WATER DEPTH: FT. 6040 10. DISTANCE FROM SHORE: MI. 75 11. WIND DIRECTION: ESE SPEED: M.P.H. 12 12. CURRENT DIRECTION: S SPEED: M.P.H. 2 PROCEDURES <=$25K 13. SEA STATE: FT. 2,,,,"NATURE OF DAMAGE: Top drive, riser with associated lines Top drive and BOP/LMRP damaged; riser with (choke, kill, boost, hydraulic, MUX), associated lines and SBM lost. BOP/LMRP, SBM. ESTIMATED AMOUNT (TOTAL): $8,161,008",YES,E-100 - Pollutant released to the Gulf of Mexico. G-111 - Operator/contractor failed to follow their riser inspection program contributing to the riser failure.,,BP Exploration & Production REPRESENTATIVE: Anne Renee Laplante TELEPHONE: (713) 685-2011 CONTRACTOR: Transocean Offshore REPRESENTATIVE: Don Hulseberg TELEPHONE: (815) 777-0652,B,ok,,d34a71a29a8cf864f4c8af727bc4249954300d2f0e7c640162aa04dc4851a9fe
LB-6488-20030504-0740,EXPLORATION(POE) (!I DEVELOPMENT/PRODUCTION (DOCD/POD),"OmsTORIC INJURY REQUIRED EVACUATION LTA (1-3 days) LTA (>3 days RW/JT (1-3 days) RW/JT (>3 days) Other Injury FATALITY 0 ~ POLLUTION FIRE EXPLOSION. LWC ~ H ISTORIC BLOWOUT UNDERGROUND SURFACE DEVERTER SURFACE EQUIPMENT FAILURE OR D D COLLISION 0HISTORIC >$25K DEPARTMENT OF THE INTERIOR ENVIRONMENTAL ENFORCEMENT PACIFIC OCS REGION INVESTIGATION REPORT STRUCTURAL DAMAGE CRANE OTHER LIFTING DEVICE DAMAGED/DISABLED SAFETY SYS. INCIDENT >$2 5K H2S/15MIN./20PPM REQUIRED MUSTER SHUTDOWN FROM GAS RELEASE X OTHER Crane Accident REPRESENTATIVE/SUPERVISOR 6. OPERATION: X PRODUCTION DRILLING WORKOVER COMPLETION HELICOPTER MOTOR VESSEI, PIPELINE SEGMENT NO. OTHER 8. CAUSE: X EQUIPMENT FAILURE X HUMAN ERROR EXTERNAL DAMAGE SLIP/TRIP/FALL WEATHER RELATED LEAK UPSET H20 TREATING OVERBOARD DRILLING FLUID OTHER ~~~--~~~~~~~~~~~~- 9. WATER DEPTH: 700 FT. 10. DISTANCE FROM SHORE: 9 MI. 11. WIND DIRECTION: SPEED: M.P.H. 12. CURRENT DIRECTION: SPEED: M.P.H. PROCEDURES <=$25K 13. SEA STATE: FT. 14. PICTURES TAKEN: NO 15. STATEMENT TAKEN: NO",,,,"NATURE OF DAMAGE: The whole boom and wire ropes had to be Base of boom section was damaged. Walkway replaced. The hook.block was sent in to and handrails were crushed. be refurbished. New walkway and hand rails around crane had to be replaced. ESTIMATED AMOUNT (TOTAL) : $100,000",NO,,,Aera Energy LLC REPRESENTATIVE: TELEPHONE: CONTRACTOR: REPRESENTATIVE: TELEPHONE:,B,ok,,6eac5d04d2c614f9797dfe331690e6958b57c062175dec44d55640b8e46bc503
MI-622-20040121-0314,,,,,,NATURE OF DAMAGE: ESTIMATED AMOUNT (TOTAL) :,NO,DATE OF ONSITE INVESTIGATION: 25. ACCIDENT INVESTIGATION,,BP Exploration & Inc. REPRESENTATIVE: TELEPHONE: 3. LEASE: GOSOOO AREA: MI LATITUDE: BLOCK: 622 LONGITUDE: 4. PLATFORM: D RIG NAME ENSCO 74 ACTIVITY: EXPLORATION(POE) 5. (DOCD/POD) D 6 . TYPE: FIRE D EXPLOSION D BLOWOUT D COLLISION D INJURY NO. 0 D FATALITY NO. 0 D POLLUTION ~ OTHER Crane Boom D 7. OPERATION: PRODUCTION D DRILLING D WORKOVER COMPLETION ~ D MOTOR VESSEL D PIPELINE SEGMENT NO. D OTHER * * * * DEPARTMENT OF THE INTERIOR MANAGEMENT SERVICE OF MEXICO REGION INVESTIGATION REPORT 8. CAUSE: OEQUIPMENT FAILURE !!!HUMAN ERROR HOURS D EXTERNAL DAMAGE Production D SLIP/TRIP/FALL 0WEATHER RELATED D LEAK DUPSET H20 TREATING D OVERBOARD DRILLING FLUID D OTHER ~~~~~~~~~~~~~~~~ 9. WATER DEPTH: 89 FT. 10. DISTANCE FROM SHORE: 14 MI. 11. WIND DIRECTION: SPEED: M.P.H. 12. CURRENT DIRECTION: SPEED: M.P.H. DEVELOPMENT/PRODUCTION SEA STATE : FT. 13 . 16. OPERATOR REPRESENTATIVE/ SUPERVISOR ON SITE AT TIME OF INCIDENT: CITY: STATE: TELEPHONE: CONTRACTOR: Ensco Offshore Co. CONTRACTOR REPRESENTATIVE/ SUPERVISOR ON SITE AT TIME OF INCIDENT: CITY: STATE: TELEPHONE: Information Copy 18-JUN-2004 * * * *,A,ok,,68d8fff06b0235311c6651eb7b47ec470ebd697d6c6465e6c5651cb70aa25ae8
HI-47-20040519-0830,,,,,,"NATURE OF DAMAGE: The major items destroyed in the fire Fire burned, damaged or destroyed were the living quarters building with its contents, the meter run house, meter runs and telemetry systems, and the main generator. There appeaars to be no strucdtural damage; only smoke and paint damage. ESTIMATED AMOUNT (TOTAL): $800,000",S,"The addition of the flow line from the swab valve to the sand knockout, and the sand knock itself are not described the current approved process flow diagram or safe chart at the time of the fire. There appears to be no safety shut down system devices on the sand knockout or swab flow line. The flow line from the sand knockout to the choke manifold was installed with screwed fittings and hammer unions. There was no approval for this installation for the use of 2-inch piping with screwed fittion at wellhead pressures at the time of the fire.",,"Spinnaker Exploration Company, L.L.C. REPRESENTATIVE: Ben Benson TELEPHONE: (985) 781-0804 3. LEASE: G23193 AREA: HI LATITUDE: BLOCK: 47 4. PLATFORM: A RIG NAME 5. ACTIVITY: EXPLORATION(POE) X (DOCD/POD) FIRE 6. TYPE:X EXPLOSION BLOWOUT COLLISION X INJURY NO. 2 FATALITY NO. 0 POLLUTION OTHER 7. OPERATION:X PRODUCTION DRILLING WORKOVER COMPLETION MOTOR VESSEL PIPELINE SEGMENT NO. OTHER DEPARTMENT OF THE INTERIOR MANAGEMENT SERVICE OF MEXICO REGION INVESTIGATION REPORT 8. CAUSE: EQUIPMENT FAILURE HUMAN ERROR HOURS EXTERNAL DAMAGE SLIP/TRIP/FALL WEATHER RELATED LEAK UPSET H2O TREATING OVERBOARD DRILLING FLUID X OTHERHuman Error 29.45619221 LONGITUDE:-93.892129379. WATER DEPTH: 38 FT. 10. DISTANCE FROM SHORE: MI. 15 11. WIND DIRECTION: NE SPEED: M.P.H. 12 12. CURRENT DIRECTION: S SPEED: 2 M.P.H. DEVELOPMENT/PRODUCTION 13. SEA STATE: 3 FT. 14. PICTURES TAKEN:YES 15. STATEMENT TAKEN:YES 16. OPERATOR REPRESENTATIVE/ SUPERVISOR ON SITE AT TIME OF INCIDENT: Gary Pierce CITY:Houston STATE: TX TELEPHONE:(713) 759-1770 CONTRACTOR: CONTRACTOR REPRESENTATIVE/ SUPERVISOR ON SITE AT TIME OF INCIDENT: CITY: STATE: TELEPHONE: 1PAOGFE7:",A,ok,,fd9847613e1d81b37347f5ee63b369e5e7816689b598db0b9ff1505b5decfb9f
EI-32-20041227-0250,,,,,,NATURE OF DAMAGE: None ESTIMATED AMOUNT (TOTAL) : $,YES,Incident of Non-compliance (E-100) was issued on site to document the pollution incident. The operator was advised to submit a written report addressing the cause of the incident and measures to be implemented to prevent a reoccurrence.,29. ACCIDENT INVESTIGATION,Union Oil Company of California REPRESENTATIVE: George Obey TELEPHONE: (281) 295-6472 3. LEASE: 00196 AREA: EI LATITUDE: BLOCK: 32 LONGITUDE: 4. PLATFORM: F PROD RIG NAME 5. ACTIVITY: EXPLORATION(POE) (DOCD/POD) 6 . TYPE : D FIRE D EXPLOSION DBLOWOUT D COLLISION D INJURY NO. D FATALITY NO. E1 POLLUTION D OTHER 7. OPERATION: PRODUCTION ~ D DRILLING WORKOVER D COMPLETION D D MOTOR VESSEL D SEGMENT NO. PIPELINE D OTHER * * * * * * DEPARTMENT OF THE INTERIOR MANAGEMENT SERVICE OF MEXICO REGION INVESTIGATION REPORT l!J 8. CAUSE: EQUIPMENT FAILURE D HUMAN ERROR HOURS D EXTERNAL DAMAGE D SLIP/TRIP/FALL D WEATHER RELATED DLEAK l!J UPSET H20 TREATING D OVERBOARD DRILLING FLUID OoTHER ~~~~~~~~~~~~~~~ WATER DEPTH: 20 FT. 9. MI. 10. DISTANCE FROM SHORE: 8 11. WIND DIRECTION: NE SPEED: 6 M.P.H. 12. CURRENT DIRECTION: SW SPEED: 1 M.P.H. DEVELOPMENT/PRODUCTION 13. SEA STATE: 2 FT. 16. OPERATOR REPRESENTATIVE/ SUPERVISOR ON SITE AT TIME OF INCIDENT: Lionel Pitre CITY: Sugar Land STATE: TX TELEPHONE: (281) 287-7425 ~~~~~~~~~~~~~~~ CONTRACTOR: CONTRACTOR REPRESENTATIVE/ SUPERVISOR ON SITE AT TIME OF INCIDENT: CITY: STATE: TELEPHONE: PROPRIETARY * * * * * *,A,ok,,07d53acda037beb05ce689e496527ba59c4fcd5385d21d775747ad87fdcaff34
GC-236-20050516-1200,,,,,,NATURE OF DAMAGE: n/a n/a ESTIMATED AMOUNT (TOTAL): $,NO,none,29. ACCIDENT INVESTIGATION,ChevronTexaco Corporation REPRESENTATIVE: Moss Bannerman TELEPHONE: (504) 592-6172 3. LEASE: G15562 AREA: GC LATITUDE: BLOCK: 236 LONGITUDE: 4. PLATFORM: RIG NAME NOBLE THERALD MARTIN 5. ACTIVITY: EXPLORATION(POE) X (DOCD/POD) 6. TYPE: FIRE EXPLOSION BLOWOUT COLLISION INJURY NO. 0 FATALITY NO. 0 POLLUTION X OTHER Well Control Event 7. OPERATION: PRODUCTION DRILLING X WORKOVER COMPLETION MOTOR VESSEL PIPELINE SEGMENT NO. OTHER DEPARTMENT OF THE INTERIOR MANAGEMENT SERVICE OF MEXICO REGION INVESTIGATION REPORT 8. CAUSE: EQUIPMENT FAILURE X HUMAN ERROR HOURS EXTERNAL DAMAGE SLIP/TRIP/FALL WEATHER RELATED LEAK UPSET H2O TREATING OVERBOARD DRILLING FLUID OTHER 27.73167297 9. WATER DEPTH: 1987 FT. -91.12238686 10. DISTANCE FROM SHORE: MI. 115 11. WIND DIRECTION: N SPEED: 1 M.P.H. 12. CURRENT DIRECTION: N SPEED: 1 M.P.H. DEVELOPMENT/PRODUCTION 13. SEA STATE: 2 FT. 16. OPERATOR REPRESENTATIVE/ SUPERVISOR ON SITE AT TIME OF INCIDENT: John Hartzog CITY: New Orleans STATE: LA TELEPHONE: (504) 592-7430 CONTRACTOR: NOBLE DRILLING (U.S.) INC. CONTRACTOR REPRESENTATIVE/ SUPERVISOR ON SITE AT TIME OF INCIDENT: Nathan Laroux CITY: Sugar Land STATE: TX TELEPHONE: (281) 276-6186,A,ok,,6e4d142a40e9dddc0caa2ad791aaae44f7e80b57b5aae763d8db3feef4dc052f
MC-778-20050708,EXPLORATION(POE) X DEVELOPMENT/PRODUCTION (DOCD/POD),HISTORIC INJURY REQUIRED EVACUATION LTA (1-3 days) LTA (>3 days RW/JT (1-3 days) RW/JT (>3 days) Other Injury FATALITY 0 POLLUTION FIRE EXPLOSION LWC HISTORIC BLOWOUT UNDERGROUND SURFACE DEVERTER SURFACE EQUIPMENT FAILURE OR COLLISION HISTORIC >$25K DEPARTMENT OF THE INTERIOR MANAGEMENT SERVICE MEXICO REGION INVESTIGATION REPORT STRUCTURAL DAMAGE CRANE OTHER LIFTING DEVICE Inc. DAMAGED/DISABLED SAFETY SYS. X INCIDENT >$25K 16 degree listing of H2S/15MIN./20PPM vessel REQUIRED MUSTER SHUTDOWN FROM GAS RELEASE X OTHER Ballast Control Failure REPRESENTATIVE/SUPERVISOR 6. OPERATION: PRODUCTION DRILLING WORKOVER COMPLETION HELICOPTER MOTOR VESSEL PIPELINE SEGMENT NO. X OTHER Commissioning 8. CAUSE: EQUIPMENT FAILURE X HUMAN ERROR EXTERNAL DAMAGE SLIP/TRIP/FALL X WEATHER RELATED LEAK UPSET H2O TREATING OVERBOARD DRILLING FLUID X OTHER Hurricane Dennis 9. WATER DEPTH: 6400 FT. 10. DISTANCE FROM SHORE: MI. 11. WIND DIRECTION: SPEED: M.P.H. 12. CURRENT DIRECTION: PROCEDURES SPEED: M.P.H. <=$25K 13. SEA STATE: FT.,,,,"NATURE OF DAMAGE: Lower Hull compartments, deck box, ROVs, Flooding, missing or destroyed equipment. miscellaneous topsides damages, electrical systems ESTIMATED AMOUNT (TOTAL): $100,000,000",NO,,29. ACCIDENT INVESTIGATION,BP Exploration & Production REPRESENTATIVE: Anne-Renee Laplante TELEPHONE: (281) 366-5455 CONTRACTOR: REPRESENTATIVE: None TELEPHONE:,B,ok,,7beed6770eedc7a041768e15cd99dc7a362e05d6166ff0a95e27bf7808a5d841
GC-158-20051108,,,,,,NATURE OF DAMAGE: none n/a ESTIMATED AMOUNT (TOTAL): $,NO,none,,Shell Offshore Inc. REPRESENTATIVE: Jose Mota TELEPHONE: (281) 544-5372 3. LEASE: G07995 AREA: GC LATITUDE: BLOCK: 158 LONGITUDE: 4. PLATFORM: A-Brutus TLP RIG NAME H&P 202 5. ACTIVITY: EXPLORATION(POE) DEVELOPMENT/PRODUCTION X (DOCD/POD) 6. TYPE: FIRE EXPLOSION BLOWOUT COLLISION INJURY NO. FATALITY NO. X POLLUTION OTHER 7. OPERATION: PRODUCTION X DRILLING WORKOVER COMPLETION MOTOR VESSEL PIPELINE SEGMENT NO. OTHER DEPARTMENT OF THE INTERIOR MANAGEMENT SERVICE OF MEXICO REGION INVESTIGATION REPORT 8. CAUSE: EQUIPMENT FAILURE HUMAN ERROR X HOURS EXTERNAL DAMAGE SLIP/TRIP/FALL WEATHER RELATED LEAK UPSET H2O TREATING OVERBOARD DRILLING FLUID OTHER 27.7909917 9. WATER DEPTH: 2950 FT. -90.6574452 10. DISTANCE FROM SHORE: 93 MI. 11. WIND DIRECTION: SE SPEED: 5 M.P.H. 12. CURRENT DIRECTION: ESE SPEED: 1 M.P.H. 13. SEA STATE: 4 FT. 16. OPERATOR REPRESENTATIVE/ SUPERVISOR ON SITE AT TIME OF INCIDENT: Clyde Adcock CITY: STATE: Morgan City LA TELEPHONE: (504) 728-5996 CONTRACTOR: Helmerich & Payne CONTRACTOR REPRESENTATIVE/ SUPERVISOR ON SITE AT TIME OF INCIDENT: Tony Miller CITY: Morgan City STATE: LA TELEPHONE: (504) 728-5932,A,ok,,0f841fd0201bd40503340504165dafd19426f502e4dc0b6ba65efcf9917ef6a4
ST-134-20051226,,,,,,"NATURE OF DAMAGE: Electrical wiring and lights, EMD's Burned and destroyed air filters, rubber gaskets, fan belts, rope and other rig supplies ESTIMATED AMOUNT (TOTAL): $25,000",NO,None,,Chevron U.S.A. Inc. REPRESENTATIVE: Bob Venugopal TELEPHONE: (337) 991-2239 3. LEASE: 00461 AREA: ST LATITUDE: BLOCK: 134 LONGITUDE: 4. PLATFORM: RIG NAME NOBLE TOM JOBE 5. ACTIVITY: EXPLORATION(POE) DEVELOPMENT/PRODUCTION X (DOCD/POD) 6. TYPE: X FIRE EXPLOSION BLOWOUT COLLISION X INJURY NO. 1 FATALITY NO. 0 POLLUTION OTHER 7. OPERATION: PRODUCTION X DRILLING WORKOVER COMPLETION MOTOR VESSEL PIPELINE SEGMENT NO. OTHER DEPARTMENT OF THE INTERIOR MANAGEMENT SERVICE OF MEXICO REGION INVESTIGATION REPORT 8. CAUSE: X EQUIPMENT FAILURE HUMAN ERROR HOURS EXTERNAL DAMAGE SLIP/TRIP/FALL WEATHER RELATED LEAK UPSET H2O TREATING OVERBOARD DRILLING FLUID OTHER 9. WATER DEPTH: 134 FT. 10. DISTANCE FROM SHORE: 30 MI. 11. WIND DIRECTION: SW SPEED: 10 M.P.H. 12. CURRENT DIRECTION: SW SPEED: 1 M.P.H. 13. SEA STATE: 3 FT. 16. OPERATOR REPRESENTATIVE/ SUPERVISOR ON SITE AT TIME OF INCIDENT: Bob Venugopal CITY: STATE: New Orleans LA TELEPHONE: (337) 991-2239 CONTRACTOR: NOBLE DRILLING CORPORATION CONTRACTOR REPRESENTATIVE/ SUPERVISOR ON SITE AT TIME OF INCIDENT: Max Smith CITY: Houston STATE: TX TELEPHONE: (800) 231-6326,A,ok,,10000cd6c42bb35b61a6ea1a615d816d9f654420675d3ce8f5818f490349cbc0
MP-299-20060201,,,,,,NATURE OF DAMAGE: None None ESTIMATED AMOUNT (TOTAL): $,YES,E-100 Operator had carry over from (ABM 107) polluting Gulf Waters P-470 LSH failed on ABM 107 causing pollution event.,29. ACCIDENT INVESTIGATION,Freeport-McMoRan Energy REPRESENTATIVE: Julie Bowen TELEPHONE: (504) 582-4535 3. LEASE: G12362 AREA: MP LATITUDE: BLOCK: 299 LONGITUDE: 4. PLATFORM: FP RIG NAME 5. ACTIVITY: EXPLORATION(POE) DEVELOPMENT/PRODUCTION X (DOCD/POD) 6. TYPE: FIRE EXPLOSION BLOWOUT COLLISION INJURY NO. FATALITY NO. X POLLUTION OTHER 7. OPERATION: PRODUCTION X DRILLING WORKOVER COMPLETION MOTOR VESSEL PIPELINE SEGMENT NO. OTHER DEPARTMENT OF THE INTERIOR MANAGEMENT SERVICE OF MEXICO REGION INVESTIGATION REPORT 8. CAUSE: X EQUIPMENT FAILURE HUMAN ERROR HOURS EXTERNAL DAMAGE LLC SLIP/TRIP/FALL WEATHER RELATED LEAK UPSET H2O TREATING OVERBOARD DRILLING FLUID X OTHER Failure to follow procedures 9. WATER DEPTH: 246 FT. 10. DISTANCE FROM SHORE: 18 MI. 11. WIND DIRECTION: SE SPEED: 6 M.P.H. 12. CURRENT DIRECTION: N SPEED: 3 M.P.H. 13. SEA STATE: 3 FT. 16. OPERATOR REPRESENTATIVE/ SUPERVISOR ON SITE AT TIME OF INCIDENT: CITY: STATE: TELEPHONE: CONTRACTOR: CONTRACTOR REPRESENTATIVE/ SUPERVISOR ON SITE AT TIME OF INCIDENT: Edward Budron CITY: Jena STATE: LA TELEPHONE: (337) 256-2114,A,ok,,bd6b659b68376d0aae2a245cc9913b7c9593c13f269ad861a3392e24c7831191
WD-73-20060206,,,,,,"NATURE OF DAMAGE: Compressor building, 4-Turbins, wiring, Fire and Water Damage control panels, and piping ESTIMATED AMOUNT (TOTAL): $3,200,000",NO,None,29. ACCIDENT INVESTIGATION,ExxonMobil Oil REPRESENTATIVE: Karry Gaspard TELEPHONE: (281) 654-1110 3. LEASE: G01083 AREA: WD LATITUDE: BLOCK: 73 LONGITUDE: 4. PLATFORM: A RIG NAME 5. ACTIVITY: EXPLORATION(POE) DEVELOPMENT/PRODUCTION X (DOCD/POD) 6. TYPE: X FIRE EXPLOSION BLOWOUT COLLISION INJURY NO. 0 FATALITY NO. 0 POLLUTION OTHER 7. OPERATION: PRODUCTION X DRILLING WORKOVER COMPLETION MOTOR VESSEL PIPELINE SEGMENT NO. OTHER DEPARTMENT OF THE INTERIOR MANAGEMENT SERVICE OF MEXICO REGION INVESTIGATION REPORT 8. CAUSE: X EQUIPMENT FAILURE HUMAN ERROR HOURS EXTERNAL DAMAGE Corporation SLIP/TRIP/FALL WEATHER RELATED LEAK UPSET H2O TREATING OVERBOARD DRILLING FLUID OTHER 9. WATER DEPTH: 168 FT. 10. DISTANCE FROM SHORE: 22 MI. 11. WIND DIRECTION: NW SPEED: 10 M.P.H. 12. CURRENT DIRECTION: SPEED: M.P.H. 13. SEA STATE: FT. 16. OPERATOR REPRESENTATIVE/ SUPERVISOR ON SITE AT TIME OF INCIDENT: Robert Williford CITY: STATE: Cutoff LA TELEPHONE: (504) 561-4613 CONTRACTOR: CONTRACTOR REPRESENTATIVE/ SUPERVISOR ON SITE AT TIME OF INCIDENT: Curtis Pitre CITY: LaRose STATE: LA TELEPHONE: (985) 228-0055,A,ok,,44b26f3f6a8fd64097f1d05a8e402ebc5fd189d4a788d92f6228bfd91773e193
VK-956-20060318,,,,,,"NATURE OF DAMAGE: 500 gallons of tri-ethylene glycol Lost overboard ESTIMATED AMOUNT (TOTAL): $4,736",NO,,,Shell Deepwater Inc. REPRESENTATIVE: Phil Smith TELEPHONE: (504) 728-4252 3. LEASE: G06896 AREA: VK LATITUDE: BLOCK: 956 LONGITUDE: 4. PLATFORM: A-Ram Powell RIG NAME 5. ACTIVITY: EXPLORATION(POE) X (DOCD/POD) 6. TYPE: FIRE EXPLOSION BLOWOUT COLLISION INJURY NO. FATALITY NO. X POLLUTION OTHER 7. OPERATION: X PRODUCTION DRILLING WORKOVER COMPLETION MOTOR VESSEL PIPELINE SEGMENT NO. OTHER DEPARTMENT OF THE INTERIOR MANAGEMENT SERVICE OF MEXICO REGION INVESTIGATION REPORT 8. CAUSE: X EQUIPMENT FAILURE HUMAN ERROR HOURS EXTERNAL DAMAGE Production SLIP/TRIP/FALL WEATHER RELATED LEAK UPSET H2O TREATING OVERBOARD DRILLING FLUID OTHER 9. WATER DEPTH: 3216 FT. 10. DISTANCE FROM SHORE: 55 MI. 11. WIND DIRECTION: E SPEED: 55 M.P.H. 12. CURRENT DIRECTION: ENE SPEED: 3 M.P.H. DEVELOPMENT/PRODUCTION 13. SEA STATE: 3 FT. 16. OPERATOR REPRESENTATIVE/ SUPERVISOR ON SITE AT TIME OF INCIDENT: Allen Turner CITY: New Orleans STATE: LA TELEPHONE: (504) 728-1011 CONTRACTOR: Helmerich & Payne CONTRACTOR REPRESENTATIVE/ SUPERVISOR ON SITE AT TIME OF INCIDENT: CITY: STATE: TELEPHONE:,A,ok,,117dad02505b5e120a6924a5f1477d71fec9e6545467bae0982f503b98186fde
VR-256-20060411,,,,,,"NATURE OF DAMAGE: Hose, regulators, torch assembly, PPE Fire Damage ESTIMATED AMOUNT (TOTAL): $500",NO,,,Stone Energy Corporation REPRESENTATIVE: RONALD TOUCHET TELEPHONE: (337) 291-7704 3. LEASE: G01153 AREA: VR LATITUDE: BLOCK: 256 LONGITUDE: 4. PLATFORM: E RIG NAME 5. ACTIVITY: EXPLORATION(POE) DEVELOPMENT/PRODUCTION X (DOCD/POD) 6. TYPE: X FIRE EXPLOSION BLOWOUT COLLISION X INJURY NO. 2 FATALITY NO. 0 POLLUTION OTHER 7. OPERATION: PRODUCTION X DRILLING WORKOVER COMPLETION MOTOR VESSEL PIPELINE SEGMENT NO. OTHER DEPARTMENT OF THE INTERIOR MANAGEMENT SERVICE OF MEXICO REGION INVESTIGATION REPORT 8. CAUSE: X EQUIPMENT FAILURE HUMAN ERROR HOURS EXTERNAL DAMAGE SLIP/TRIP/FALL WEATHER RELATED LEAK UPSET H2O TREATING OVERBOARD DRILLING FLUID OTHER 9. WATER DEPTH: 180 FT. 10. DISTANCE FROM SHORE: 88 MI. 11. WIND DIRECTION: SPEED: M.P.H. 12. CURRENT DIRECTION: SPEED: M.P.H. 13. SEA STATE: FT. 16. OPERATOR REPRESENTATIVE/ SUPERVISOR ON SITE AT TIME OF INCIDENT: Walter Swan CITY: STATE: Ocean Springs MS TELEPHONE: (228) 238-0411 CONTRACTOR: CONTRACTOR REPRESENTATIVE/ SUPERVISOR ON SITE AT TIME OF INCIDENT: Luke Landry CITY: Jeanerrete STATE: LA TELEPHONE: (337) 577-2923,A,ok,,798052649aa837157087617646fe6bb826a9ff30ad622244ddbfb261706b94e5
157-20060507-0400,,,,,,N/A ESTIMATED AMOUNT (TOTAL): 22. RECOMMENDATIONS TO PREVENT Due to the nature of this the Regional Office.,23. POSSIBLE OCS VIOLATIONS RELATED,24. SPECIFY VIOLATIONS DIRECTLY OR,,"LLOG Exploration & Company REPRESENTATIVE: Bob McMann (281) 492-8562 TELEPHONE: 3. LEASE: G24154 AREA: LATITUDE: GC BLOCK: 157 LONGITUDE: 4. PLATFORM: DIAMOND OCEAN SARATOGA RIG NAME: 5. ACTIVITY: EXPLORATION(POE) X (DOCD/POD) 6. TYPE: FIRE EXPLOSION BLOWOUT COLLISION X INJURY NO. 3 FATALITY NO. POLLUTION OTHER 7. OPERATION: PRODUCTION X DRILLING WORKOVER COMPLETION MOTOR VESSEL PIPELINE SEGMENT NO. OTHER DEPARTMENT OF THE INTERIOR MANAGEMENT SERVICE OF MEXICO REGION INVESTIGATION REPORT 8. CAUSE: EQUIPMENT FAILURE HUMAN ERROR X HOURS EXTERNAL DAMAGE Production SLIP/TRIP/FALL WEATHER RELATED LEAK UPSET H2O TREATING OVERBOARD DRILLING FLUID OTHER 9. WATER DEPTH: 2614 FT. 1 0. DISTANCE FROM SHORE: MI. 90 1 1. WIND DIRECTION: SPEED: M.P.H. 1 2. CURRENT DIRECTION: DEVELOPMENT/PRODUCTION SPEED: M.P.H. 1 3. SEA STATE: FT. 16. OPERATOR REPRESENTATIVE/ SUPERVISOR ON SITE AT TIME OF INCIDENT: David Cooper CONTRACTOR: Diamond Offshore Drilling, Inc. CONTRACTOR REPRESENTATIVE/ SUPERVISOR ON SITE AT TIME OF INCIDENT: Ron Davis",A,ok,,d681aa5bd08e4b0a87cf9da5e8577f29dd1e981a68c04c67cc73b9ed6d64c64c
GC-743-20060530-0009,,,,,,NATURE OF DAMAGE: No equipment was damaged. ESTIMATED AMOUNT (TOTAL):,NO,,,BP Exploration & Inc. REPRESENTATIVE: Dennis Sustala TELEPHONE: (281) 366-0898 3. LEASE: G15607 AREA: GC LATITUDE: BLOCK: 743 LONGITUDE: 4. PLATFORM: RIG NAME: GSF DEVELOPMENT DRILLER 5. ACTIVITY: EXPLORATION(POE) X (DOCD/POD) 6. TYPE: FIRE EXPLOSION BLOWOUT COLLISION INJURY NO. 0 FATALITY NO. 0 POLLUTION X OTHER Top Drive Unplanned 7. OPERATION: PRODUCTION X DRILLING WORKOVER COMPLETION MOTOR VESSEL PIPELINE SEGMENT NO. OTHER DEPARTMENT OF THE INTERIOR MINERALS MANAGEMENT SERVICE OF MEXICO REGION INVESTIGATION REPORT 8. CAUSE: X EQUIPMENT FAILURE HUMAN ERROR HOURS EXTERNAL DAMAGE Production SLIP/TRIP/FALL WEATHER RELATED LEAK UPSET H2O TREATING OVERBOARD DRILLING FLUID OTHER 9. WATER DEPTH: 6822 FT. 10. DISTANCE FROM SHORE: 138 MI. II 11. WIND DIRECTION: E SPEED: 9.8 M.P.H. 12. CURRENT DIRECTION: SE DEVELOPMENT/PRODUCTION SPEED: M.P.H. 2 13. SEA STATE: 3 FT. 16. OPERATOR REPRESENTATIVE/ SUPERVISOR ON SITE AT TIME OF INCIDENT: CITY: STATE: TELEPHONE: Descent CONTRACTOR: CONTRACTOR REPRESENTATIVE/ SUPERVISOR ON SITE AT TIME OF INCIDENT: CITY: STATE: TELEPHONE:,A,ok,,d731636b2384957729e091c83de6140854eea253a1fa07db35a00d17bd753295
ST-20070208-2145,EXPLORATION(POE) DEVELOPMENT/PRODUCTION X (DOCD/POD),"HISTORIC INJURY REQUIRED EVACUATION LTA (1-3 days) LTA (>3 days RW/JT (1-3 days) RW/JT (>3 days) Other Injury FATALITY POLLUTION FIRE EXPLOSION LWC HISTORIC BLOWOUT UNDERGROUND SURFACE DEVERTER SURFACE EQUIPMENT FAILURE OR COLLISION HISTORIC >$25K DEPARTMENT OF THE INTERIOR MANAGEMENT SERVICE MEXICO REGION INVESTIGATION REPORT STRUCTURAL DAMAGE X CRANE OTHER LIFTING DEVICE Exploration, Inc DAMAGED/DISABLED SAFETY SYS. INCIDENT >$25K X H2S/15MIN./20PPM Construction REQUIRED MUSTER SHUTDOWN FROM GAS RELEASE OTHER REPRESENTATIVE/SUPERVISOR 6. OPERATION: PRODUCTION X DRILLING WORKOVER COMPLETION HELICOPTER MOTOR VESSEL PIPELINE SEGMENT NO. OTHER 8. CAUSE: X EQUIPMENT FAILURE HUMAN ERROR EXTERNAL DAMAGE SLIP/TRIP/FALL WEATHER RELATED LEAK UPSET H2O TREATING OVERBOARD DRILLING FLUID OTHER 9. WATER DEPTH: 185 FT. 10. DISTANCE FROM SHORE: 45 MI. 11. WIND DIRECTION: NE SPEED: M.P.H. 12 12. CURRENT DIRECTION: E SPEED: 1 M.P.H. PROCEDURES <=$25K 13. SEA STATE: FT. 4",,,,"NATURE OF DAMAGE: Crane Boom Kinked ESTIMATED AMOUNT (TOTAL): $12,000",NO,None,,Fairways Offshore REPRESENTATIVE: Joe Savoy TELEPHONE: (281) 734-9055 CONTRACTOR: Fluid Crane and REPRESENTATIVE: Carson Nunez TELEPHONE: (337) 364-6191,B,ok,,256599b7e35422d93e4214318bd42f0f62d26e17e35fa02107abb2897b8ca29b
GB-244-20070219-2020,X EXPLORATION(POE) DEVELOPMENT/PRODUCTION (DOCD/POD),HISTORIC INJURY REQUIRED EVACUATION 0 X LTA (1-3 days) LTA (>3 days 2 X RW/JT (1-3 days) RW/JT (>3 days) Other Injury FATALITY POLLUTION FIRE EXPLOSION LWC HISTORIC BLOWOUT UNDERGROUND SURFACE DEVERTER SURFACE EQUIPMENT FAILURE OR COLLISION HISTORIC >$25K DEPARTMENT OF THE INTERIOR MANAGEMENT SERVICE MEXICO REGION INVESTIGATION REPORT STRUCTURAL DAMAGE CRANE X OTHER LIFTING DEVICE Top drive/derrick DAMAGED/DISABLED SAFETY SYS. INCIDENT >$25K H2S/15MIN./20PPM REQUIRED MUSTER SHUTDOWN FROM GAS RELEASE OTHER REPRESENTATIVE/SUPERVISOR 6. OPERATION: PRODUCTION DRILLING WORKOVER X COMPLETION HELICOPTER MOTOR VESSEL PIPELINE SEGMENT NO. OTHER 8. CAUSE: EQUIPMENT FAILURE X HUMAN ERROR EXTERNAL DAMAGE SLIP/TRIP/FALL WEATHER RELATED LEAK UPSET H2O TREATING OVERBOARD DRILLING FLUID OTHER 9. WATER DEPTH: 2130 FT. 10. DISTANCE FROM SHORE: 110 MI. 11. WIND DIRECTION: E SPEED: 18 M.P.H. 12. CURRENT DIRECTION: WNW SPEED: 5 M.P.H. PROCEDURES <=$25K 13. SEA STATE: 6 FT.,,,,NATURE OF DAMAGE: ESTIMATED AMOUNT (TOTAL): $,YES,"An ""After the Fact"" G-110 Incident of Noncompliance was issued on April 27, 2007 to document Petrobras America Incorported failure to properly supervise and provide for the safety and health of two well service contractors as they were installing a completion assembly to a string of 2-3/8 inch production tubing.This incident resulted in the injuy to the two well service contractors.",,Petrobras America Inc. REPRESENTATIVE: Randall Garrett TELEPHONE: (713) 422-5977 CONTRACTOR: Transocean Offshore REPRESENTATIVE: Larry Holmes TELEPHONE: (504) 365-3208,B,ok,,48f83db0865f277c296b4216373a7fe34270f73c25dbcf3a226ebd10b135cf88
WD-29-20070822-1500,EXPLORATION(POE) X DEVELOPMENT/PRODUCTION (DOCD/POD),"HISTORIC INJURY 2 REQUIRED EVACUATION X LTA (1-3 days) LTA (>3 days 1 X RW/JT (1-3 days) RW/JT (>3 days) 1 X Other Injury FATALITY POLLUTION X FIRE X EXPLOSION LWC HISTORIC BLOWOUT UNDERGROUND SURFACE DEVERTER SURFACE EQUIPMENT FAILURE OR COLLISION HISTORIC >$25K DEPARTMENT OF THE INTERIOR MANAGEMENT SERVICE MEXICO REGION INVESTIGATION REPORT STRUCTURAL DAMAGE CRANE OTHER LIFTING DEVICE Partners, LL DAMAGED/DISABLED SAFETY SYS. INCIDENT >$25K H2S/15MIN./20PPM REQUIRED MUSTER SHUTDOWN FROM GAS RELEASE OTHER REPRESENTATIVE/SUPERVISOR 6. OPERATION: PRODUCTION X DRILLING WORKOVER COMPLETION HELICOPTER MOTOR VESSEL PIPELINE SEGMENT NO. OTHER 8. CAUSE: X EQUIPMENT FAILURE HUMAN ERROR X EXTERNAL DAMAGE SLIP/TRIP/FALL WEATHER RELATED LEAK UPSET H2O TREATING OVERBOARD DRILLING FLUID OTHER 9. WATER DEPTH: 40 FT. 10. DISTANCE FROM SHORE: 7 MI. 11. WIND DIRECTION: SE SPEED: 7 M.P.H. 12. CURRENT DIRECTION: SE SPEED: 0 M.P.H. PROCEDURES <=$25K 13. SEA STATE: 3 FT.",,,,"NATURE OF DAMAGE: Broken Window of compressor building Broken Items from Explosion: Bent metal on the compressor building Crankcase door on the # 1 compressor ESTIMATED AMOUNT (TOTAL): $10,000",NO,NA,,"Anglo-Suisse Offshore REPRESENTATIVE: Samay, Christina TELEPHONE: (713) 275-7706 CONTRACTOR: REPRESENTATIVE: TELEPHONE:",B,ok,,1f7c96ff44649c9fa75e8f82d742867641fe98a6766b46c9b5e6c355ed5819e6
MC-711-20071024-1815,EXPLORATION(POE) X DEVELOPMENT/PRODUCTION (DOCD/POD),HISTORIC INJURY 1 REQUIRED EVACUATION X LTA (1-3 days) LTA (>3 days RW/JT (1-3 days) RW/JT (>3 days) 1 X X Other Injury 1 finger FATALITY POLLUTION FIRE EXPLOSION LWC HISTORIC BLOWOUT UNDERGROUND SURFACE DEVERTER SURFACE EQUIPMENT FAILURE OR COLLISION HISTORIC >$25K DEPARTMENT OF THE INTERIOR MANAGEMENT SERVICE MEXICO REGION INVESTIGATION REPORT STRUCTURAL DAMAGE CRANE OTHER LIFTING DEVICE DAMAGED/DISABLED SAFETY SYS. INCIDENT >$25K H2S/15MIN./20PPM REQUIRED MUSTER SHUTDOWN FROM GAS RELEASE OTHER REPRESENTATIVE/SUPERVISOR 6. OPERATION: PRODUCTION X DRILLING WORKOVER COMPLETION HELICOPTER MOTOR VESSEL PIPELINE SEGMENT NO. OTHER 8. CAUSE: X EQUIPMENT FAILURE HUMAN ERROR EXTERNAL DAMAGE SLIP/TRIP/FALL WEATHER RELATED LEAK UPSET H2O TREATING OVERBOARD DRILLING FLUID OTHER 9. WATER DEPTH: 2975 FT. 10. DISTANCE FROM SHORE: 78 MI. 11. WIND DIRECTION: SPEED: M.P.H. 12. CURRENT DIRECTION: SPEED: M.P.H. PROCEDURES <=$25K 13. SEA STATE: FT.,,,,NATURE OF DAMAGE: none none ESTIMATED AMOUNT (TOTAL): $,NO,,,"ATP Oil & Gas Corporation REPRESENTATIVE: Cleland, Betsy TELEPHONE: (713) 403-7017 CONTRACTOR: Omega Services REPRESENTATIVE: TELEPHONE:",B,ok,,37646d86bb75e7951dbc537270575ea8bb8fbdca40dff019224fe86a7c0bcf07
GB-260-20071104-1615,EXPLORATION(POE) X DEVELOPMENT/PRODUCTION (DOCD/POD),HISTORIC INJURY REQUIRED EVACUATION 1 X LTA (1-3 days) LTA (>3 days 1 X RW/JT (1-3 days) RW/JT (>3 days) Other Injury FATALITY POLLUTION FIRE EXPLOSION LWC HISTORIC BLOWOUT UNDERGROUND SURFACE DEVERTER SURFACE EQUIPMENT FAILURE OR COLLISION HISTORIC >$25K DEPARTMENT OF THE INTERIOR MANAGEMENT SERVICE MEXICO REGION INVESTIGATION REPORT STRUCTURAL DAMAGE X CRANE X OTHER LIFTING DEVICEAir Hoist DAMAGED/DISABLED SAFETY SYS. INCIDENT >$25K H2S/15MIN./20PPM LLC REQUIRED MUSTER SHUTDOWN FROM GAS RELEASE OTHER REPRESENTATIVE/SUPERVISOR 6. OPERATION: X PRODUCTION DRILLING WORKOVER COMPLETION HELICOPTER MOTOR VESSEL PIPELINE SEGMENT NO. OTHER 8. CAUSE: X EQUIPMENT FAILURE HUMAN ERROR EXTERNAL DAMAGE SLIP/TRIP/FALL WEATHER RELATED LEAK UPSET H2O TREATING OVERBOARD DRILLING FLUID X OTHER Construction 9. WATER DEPTH: 1648 FT. 10. DISTANCE FROM SHORE: 108 MI. 11. WIND DIRECTION: NE SPEED: 10 M.P.H. 12. CURRENT DIRECTION: E SPEED: 2 M.P.H. PROCEDURES <=$25K 13. SEA STATE: 3 FT.,,,,"NATURE OF DAMAGE: 1) Section of handrailing Bent 2) Nylon Sling melted, burnt ESTIMATED AMOUNT (TOTAL): $300",NO,N/A,,"Hess Corporation REPRESENTATIVE: Rachal, Erin TELEPHONE: (281) 578-3388 CONTRACTOR: Performance Energy Service, REPRESENTATIVE: Landry, Mike TELEPHONE: (985) 665-5965",B,ok,,8b84bf33ff67d56c4e35f7984f2676d767a0a5fe94530ec760eb23c313f867fd
SP-78-20071115-0530,EXPLORATION(POE) X DEVELOPMENT/PRODUCTION (DOCD/POD),HISTORIC INJURY 1 REQUIRED EVACUATION X LTA (1-3 days) LTA (>3 days 1 X RW/JT (1-3 days) RW/JT (>3 days) Other Injury FATALITY POLLUTION FIRE EXPLOSION LWC HISTORIC BLOWOUT UNDERGROUND SURFACE DEVERTER SURFACE EQUIPMENT FAILURE OR COLLISION HISTORIC >$25K DEPARTMENT OF THE INTERIOR MANAGEMENT SERVICE MEXICO REGION INVESTIGATION REPORT STRUCTURAL DAMAGE CRANE OTHER LIFTING DEVICE DAMAGED/DISABLED SAFETY SYS. INCIDENT >$25K H2S/15MIN./20PPM REQUIRED MUSTER SHUTDOWN FROM GAS RELEASE OTHER REPRESENTATIVE/SUPERVISOR 6. OPERATION: PRODUCTION DRILLING WORKOVER COMPLETION HELICOPTER X MOTOR VESSEL PIPELINE SEGMENT NO. OTHER 8. CAUSE: EQUIPMENT FAILURE X HUMAN ERROR EXTERNAL DAMAGE SLIP/TRIP/FALL WEATHER RELATED LEAK UPSET H2O TREATING OVERBOARD DRILLING FLUID OTHER 9. WATER DEPTH: FT. 10. DISTANCE FROM SHORE: MI. 11. WIND DIRECTION: SPEED: M.P.H. 12. CURRENT DIRECTION: SPEED: M.P.H. PROCEDURES <=$25K 13. SEA STATE: FT.,,,,NATURE OF DAMAGE: None None ESTIMATED AMOUNT (TOTAL): $,NO,,,"Chevron U.S.A. Inc. REPRESENTATIVE: George, Noel TELEPHONE: (504) 592-6542 CONTRACTOR: REPRESENTATIVE: TELEPHONE:",B,ok,,233d1399f9028eaf51ef63545fb318332f77121971f38e39a366068e68341c1b
MC-727-20080306-1130,X EXPLORATION(POE) DEVELOPMENT/PRODUCTION (DOCD/POD),HISTORIC INJURY 1 REQUIRED EVACUATION X LTA (1-3 days) LTA (>3 days 1 X RW/JT (1-3 days) RW/JT (>3 days) Other Injury FATALITY POLLUTION FIRE EXPLOSION LWC HISTORIC BLOWOUT UNDERGROUND SURFACE DEVERTER SURFACE EQUIPMENT FAILURE OR COLLISION HISTORIC >$25K DEPARTMENT OF THE INTERIOR MANAGEMENT SERVICE MEXICO REGION INVESTIGATION REPORT STRUCTURAL DAMAGE CRANE OTHER LIFTING DEVICE Inc. DAMAGED/DISABLED SAFETY SYS. INCIDENT >$25K H2S/15MIN./20PPM REQUIRED MUSTER SHUTDOWN FROM GAS RELEASE OTHER Motor Vessel Injury X REPRESENTATIVE/SUPERVISOR 6. OPERATION: PRODUCTION X DRILLING WORKOVER COMPLETION HELICOPTER MOTOR VESSEL PIPELINE SEGMENT NO. OTHER 8. CAUSE: EQUIPMENT FAILURE X HUMAN ERROR EXTERNAL DAMAGE SLIP/TRIP/FALL WEATHER RELATED LEAK UPSET H2O TREATING OVERBOARD DRILLING FLUID OTHER 9. WATER DEPTH: 4986 FT. 10. DISTANCE FROM SHORE: 50 MI. 11. WIND DIRECTION: SPEED: M.P.H. 12. CURRENT DIRECTION: SPEED: M.P.H. PROCEDURES <=$25K 13. SEA STATE: FT.,,,,NATURE OF DAMAGE: None None ESTIMATED AMOUNT (TOTAL): $,NO,,,"BP Exploration & Production REPRESENTATIVE: Wiltz, Gregory TELEPHONE: (281) 366-5647 CONTRACTOR: REPRESENTATIVE: TELEPHONE:",B,ok,,9e19778ca8288b40df4ab91e2421ebee74b2830ecb6ac6e84a1a0c036e3c7b5a
EI-63-20080405-0725,EXPLORATION(POE) X DEVELOPMENT/PRODUCTION (DOCD/POD),HISTORIC INJURY REQUIRED EVACUATION 1 X LTA (1-3 days) LTA (>3 days 1 X RW/JT (1-3 days) RW/JT (>3 days) Other Injury FATALITY POLLUTION FIRE EXPLOSION LWC HISTORIC BLOWOUT UNDERGROUND SURFACE DEVERTER SURFACE EQUIPMENT FAILURE OR COLLISION HISTORIC >$25K DEPARTMENT OF THE INTERIOR MANAGEMENT SERVICE MEXICO REGION INVESTIGATION REPORT STRUCTURAL DAMAGE CRANE OTHER LIFTING DEVICE DAMAGED/DISABLED SAFETY SYS. INCIDENT >$25K H2S/15MIN./20PPM REQUIRED MUSTER SHUTDOWN FROM GAS RELEASE X O THER High Press. Gas Meter Release REPRESENTATIVE/SUPERVISOR 6. OPERATION: X PRODUCTION DRILLING WORKOVER COMPLETION HELICOPTER MOTOR VESSEL PIPELINE SEGMENT NO. X OTHER Equipment Repairs 8. CAUSE: EQUIPMENT FAILURE X HUMAN ERROR EXTERNAL DAMAGE SLIP/TRIP/FALL WEATHER RELATED X LEAK UPSET H2O TREATING OVERBOARD DRILLING FLUID OTHER 9. WATER DEPTH: 25 FT. 10. DISTANCE FROM SHORE: 21 MI. 11. WIND DIRECTION: NE SPEED: 15 M.P.H. 12. CURRENT DIRECTION: S SPEED: M.P.H. PROCEDURES <=$25K 13. SEA STATE: FT.,,,,"NATURE OF DAMAGE: 1-Facility structure brace. 1-Chipped paint with scared metal 2-Fiberglass instrument tubing stray. 2-Destroyed 3-Tubing instrument control line. 3-Bent and twisted ESTIMATED AMOUNT (TOTAL): $2,000",YES,"Incident of Noncompliance G-110 was issued as a ""After the fact"" to document that Hunt Oil Company failed to protect health, safety and the environment by not performing service/maintenance in a safe and workmanlike manner as follows: Hunt Oil Company failed to properly supervise the service/maintenance performed by a Southern Flow employee while repairing a high pressure gas meter on 5 April 2008.",,"Hunt Oil Company REPRESENTATIVE: Richardson, Carl TELEPHONE: (337) 896-8431 CONTRACTOR: REPRESENTATIVE: TELEPHONE:",B,ok,,42ed68b347526d46daf384ab020c6b7de82db08089d37ea606d620810ae30e1b
VR-318-20080413-0730,EXPLORATION(POE) X DEVELOPMENT/PRODUCTION (DOCD/POD),HISTORIC INJURY REQUIRED EVACUATION LTA (1-3 days) LTA (>3 days RW/JT (1-3 days) RW/JT (>3 days) Other Injury X FATALITY 1 POLLUTION FIRE EXPLOSION LWC HISTORIC BLOWOUT UNDERGROUND SURFACE DEVERTER SURFACE EQUIPMENT FAILURE OR COLLISION HISTORIC >$25K DEPARTMENT OF THE INTERIOR MANAGEMENT SERVICE MEXICO REGION INVESTIGATION REPORT STRUCTURAL DAMAGE CRANE OTHER LIFTING DEVICE DAMAGED/DISABLED SAFETY SYS. INCIDENT >$25K H2S/15MIN./20PPM REQUIRED MUSTER SHUTDOWN FROM GAS RELEASE OTHER REPRESENTATIVE/SUPERVISOR 6. OPERATION: PRODUCTION DRILLING WORKOVER COMPLETION HELICOPTER X MOTOR VESSEL PIPELINE SEGMENT NO. X OTHER Construction-Related 8. CAUSE: EQUIPMENT FAILURE X HUMAN ERROR EXTERNAL DAMAGE SLIP/TRIP/FALL X WEATHER RELATED LEAK UPSET H2O TREATING OVERBOARD DRILLING FLUID OTHER 9. WATER DEPTH: 209 FT. 10. DISTANCE FROM SHORE: 86 MI. 11. WIND DIRECTION: N SPEED: 17 M.P.H. 12. CURRENT DIRECTION: SPEED: M.P.H. PROCEDURES <=$25K 13. SEA STATE: 5 FT.,,,,NATURE OF DAMAGE: None None ESTIMATED AMOUNT (TOTAL):,YES,"G-110 C 107(a) (1) - An unsuccessful personnel transfer was attempted from the M/V Miss Debbie to the ""condemned"" Southeast boat landing at VR 318A. At the time of the incident, the Southeast boat landing had missing grating and was barricaded off from the plus 10 level. The CCF attempted to transfer from the vessel to the platform without the assistance of a swing rope and fell into the Gulf of Mexico. At the time of the incident, the only active boat landing was on the Southwest (SW) corner of the platform, but was not utilized because it was determined that the SW boat landing was too high to gain safe access to the platform. At this point, the decision should have been made by all crew members to stop operations and communicate their findings to the ATPF at EC 299A platform.",,"ATP Oil & Gas Corporation REPRESENTATIVE: Wilkins, Clay TELEPHONE: (713) 403-7007 CONTRACTOR: REPRESENTATIVE: TELEPHONE:",B,ok,,4412d57881980f1558560384f942ba99dbd08e13247ecd9a9c38bd137b0c2338
GC-653-20080616-0716,EXPLORATION(POE) X DEVELOPMENT/PRODUCTION (DOCD/POD),HISTORIC INJURY REQUIRED EVACUATION LTA (1-3 days) LTA (>3 days RW/JT (1-3 days) RW/JT (>3 days) Other Injury FATALITY POLLUTION FIRE EXPLOSION LWC HISTORIC BLOWOUT UNDERGROUND SURFACE DEVERTER SURFACE EQUIPMENT FAILURE OR COLLISION HISTORIC >$25K <=$25K DEPARTMENT OF THE INTERIOR MANAGEMENT SERVICE MEXICO REGION INVESTIGATION REPORT X STRUCTURAL DAMAGE CRANE X OTHER LIFTING DEVICETDS/Block Inc. DAMAGED/DISABLED SAFETY SYS. INCIDENT >$25K H2S/15MIN./20PPM REQUIRED MUSTER SHUTDOWN FROM GAS RELEASE OTHER REPRESENTATIVE/SUPERVISOR 6. OPERATION: PRODUCTION DRILLING X WORKOVER COMPLETION HELICOPTER MOTOR VESSEL PIPELINE SEGMENT NO. X OTHER Running Casing 8. CAUSE: X EQUIPMENT FAILURE HUMAN ERROR EXTERNAL DAMAGE SLIP/TRIP/FALL WEATHER RELATED LEAK UPSET H2O TREATING OVERBOARD DRILLING FLUID OTHER 9. WATER DEPTH: 4353 FT. 10. DISTANCE FROM SHORE: 120 MI. 11. WIND DIRECTION: N SPEED: 3 M.P.H. 12. CURRENT DIRECTION: N SPEED: 1 M.P.H. PROCEDURES 13. SEA STATE: 1 FT.,,,,"NATURE OF DAMAGE: Damage was sustained to: the drawworks The drawworks brake pads and disks are brake pads and disks, housing, and drill galled and chipped, bent housing, and line; the derrick crown and TBA sheave severed drill line. The derrick crown and guards; the derrick drill line cable TBA sheave guards are bent. The derrick fram; the top drive elevators. drill line cable frame was bent. The top drive elevators had solid body damage from impact. ESTIMATED AMOUNT (TOTAL): $1,400,000",NO,,,"BHP Billiton Petroleum (GOM) REPRESENTATIVE: Bloom, Michael TELEPHONE: (713) 599-6142 CONTRACTOR: REPRESENTATIVE: TELEPHONE:",B,ok,,56cd81559e727e96beebc9d3c4c7c46508feca84b9661480d9e4781a3482f2d7
ST-68-20080713-1530,X EXPLORATION(POE) DEVELOPMENT/PRODUCTION (DOCD/POD),HISTORIC INJURY REQUIRED EVACUATION LTA (1-3 days) LTA (>3 days RW/JT (1-3 days) RW/JT (>3 days) Other Injury FATALITY POLLUTION X FIRE EXPLOSION LWC HISTORIC BLOWOUT UNDERGROUND SURFACE DEVERTER SURFACE EQUIPMENT FAILURE OR COLLISION HISTORIC >$25K DEPARTMENT OF THE INTERIOR MANAGEMENT SERVICE MEXICO REGION INVESTIGATION REPORT STRUCTURAL DAMAGE CRANE OTHER LIFTING DEVICE DAMAGED/DISABLED SAFETY SYS. INCIDENT >$25K H2S/15MIN./20PPM Inc. REQUIRED MUSTER SHUTDOWN FROM GAS RELEASE OTHER REPRESENTATIVE/SUPERVISOR 6. OPERATION: PRODUCTION DRILLING X WORKOVER COMPLETION HELICOPTER MOTOR VESSEL PIPELINE SEGMENT NO. OTHER 8. CAUSE: X EQUIPMENT FAILURE HUMAN ERROR EXTERNAL DAMAGE SLIP/TRIP/FALL WEATHER RELATED LEAK UPSET H2O TREATING OVERBOARD DRILLING FLUID OTHER 9. WATER DEPTH: 64 FT. 10. DISTANCE FROM SHORE: 18 MI. 11. WIND DIRECTION: N SPEED: 1 M.P.H. 12. CURRENT DIRECTION: N SPEED: 1 M.P.H. PROCEDURES <=$25K 13. SEA STATE: FT.,,,,NATURE OF DAMAGE: ESTIMATED AMOUNT (TOTAL): $,NO,,29. ACCIDENT INVESTIGATION,"Apache Corporation REPRESENTATIVE: Garber, John TELEPHONE: (337) 354-8126 CONTRACTOR: Diamond Offshore Drilling, REPRESENTATIVE: Hebert, Joey TELEPHONE: (281) 647-8023",B,ok,,c8b4ce975ec1fc8ff761d4ef0518c19a1389a0228ae690fddebe8a057c973c38
EW-20090213-1000,EXPLORATION(POE) X DEVELOPMENT/PRODUCTION (DOCD/POD),HISTORIC INJURY REQUIRED EVACUATION LTA (1-3 days) LTA (>3 days RW/JT (1-3 days) RW/JT (>3 days) Other Injury FATALITY POLLUTION FIRE EXPLOSION LWC HISTORIC BLOWOUT UNDERGROUND SURFACE DEVERTER SURFACE EQUIPMENT FAILURE OR COLLISION HISTORIC >$25K DEPARTMENT OF THE INTERIOR MANAGEMENT SERVICE MEXICO REGION INVESTIGATION REPORT STRUCTURAL DAMAGE CRANE X OTHER LIFTING DEVICEAir Tugger DAMAGED/DISABLED SAFETY SYS. INCIDENT >$25K H2S/15MIN./20PPM REQUIRED MUSTER SHUTDOWN FROM GAS RELEASE OTHER REPRESENTATIVE/SUPERVISOR 6. OPERATION: PRODUCTION DRILLING WORKOVER COMPLETION HELICOPTER MOTOR VESSEL PIPELINE SEGMENT NO. X OTHER Construction 8. CAUSE: X EQUIPMENT FAILURE HUMAN ERROR EXTERNAL DAMAGE SLIP/TRIP/FALL WEATHER RELATED LEAK UPSET H2O TREATING OVERBOARD DRILLING FLUID OTHER 9. WATER DEPTH: 549 FT. 10. DISTANCE FROM SHORE: 72 MI. 11. WIND DIRECTION: ESE 17 SPEED: M.P.H. 12. CURRENT DIRECTION: E SPEED: 1 M.P.H. PROCEDURES <=$25K 4 13. SEA STATE: FT.,,,,"NATURE OF DAMAGE: P 2""X6"" aluminum scaffolding peg boards were knocked overboard. The building was not damaged and was to be discarded. ESTIMATED AMOUNT (TOTAL): $5,000",NO,n/a,29. ACCIDENT INVESTIGATION,"W & T Offshore, Inc. REPRESENTATIVE: Salter, Jeff TELEPHONE: (504) 210-8167 CONTRACTOR: REPRESENTATIVE: TELEPHONE:",B,ok,,09b261a998118e7fd4fc9028516df5e6c848437819b4e3cffd02a095e077c744
EB-602-20090401-1520,EXPLORATION(POE) X DEVELOPMENT/PRODUCTION (DOCD/POD),HISTORIC INJURY REQUIRED EVACUATION LTA (1-3 days) LTA (>3 days RW/JT (1-3 days) RW/JT (>3 days) Other Injury FATALITY POLLUTION X FIRE EXPLOSION LWC HISTORIC BLOWOUT UNDERGROUND SURFACE DEVERTER SURFACE EQUIPMENT FAILURE OR COLLISION HISTORIC >$25K DEPARTMENT OF THE INTERIOR MANAGEMENT SERVICE MEXICO REGION INVESTIGATION REPORT STRUCTURAL DAMAGE CRANE OTHER LIFTING DEVICE Corporation DAMAGED/DISABLED SAFETY SYS. INCIDENT >$25K H2S/15MIN./20PPM REQUIRED MUSTER SHUTDOWN FROM GAS RELEASE OTHER REPRESENTATIVE/SUPERVISOR 6. OPERATION: PRODUCTION DRILLING X WORKOVER COMPLETION HELICOPTER MOTOR VESSEL PIPELINE SEGMENT NO. OTHER 8. CAUSE: EQUIPMENT FAILURE X HUMAN ERROR EXTERNAL DAMAGE SLIP/TRIP/FALL WEATHER RELATED LEAK UPSET H2O TREATING OVERBOARD DRILLING FLUID OTHER 9. WATER DEPTH: 3678 FT. 10. DISTANCE FROM SHORE: 108 MI. 11. WIND DIRECTION: ESE SPEED: 10 M.P.H. 12. CURRENT DIRECTION: SSE SPEED: 3 M.P.H. PROCEDURES <=$25K 13. SEA STATE: 5 FT.,,,,"NATURE OF DAMAGE: * Control Cables in raceway Burnt, Singed, Melted, Heat Damage, and * Airlines Soot damage due to fire, smoke and heat. * Ladder * Linens & Sheets * Bulk amounts of aerosol cans * Stored cleaning supplies * Cutting hoses & cutting torch ESTIMATED AMOUNT (TOTAL): $2,957",YES,"G-303 Failure to remove flammable materials at least thirty-five feet from hot work zone or securing a heat barrier over materials within perimeter in order to protect from falling slag and sparks. G-311 Failure to maintain a designated Fire Watch assigned to fire watch duties only. Designated Fire Watch on location was also assigned to weld and grind. G-314 Failure to have the designated Fire Watch remain on duty at hot work zone for a period of at least thirty minutes after hot work had been completed. All personnel left location immediately after hot work was ceased in order to go on twenty minute break. G-110 Workers left a cutting torch pressured with oxygen and fuel gas in the hot work zone unattended upon going on break. A fire ignited and cutting torch and hoses were burnt in the fire and were contributing to a larger fire. After the fire alarm sounded, the worker remembered about pressure hoses and had to run to a remote location of the bottle storage rack (outside top deck) in order to shut-off oxygen and fuel gas valves.",,"Kerr-McGee Oil & Gas REPRESENTATIVE: Jensen, Sharon TELEPHONE: (832) 636-3269 CONTRACTOR: Diamond Offshore REPRESENTATIVE: Guidry, Edwin TELEPHONE: (337) 789-9255",B,ok,,2592caac20168a98a3968151e4f434e51f80a7ba0c4bdbd9de4d4e4db340a01f
MC-736-20090515-1600,EXPLORATION(POE) X DEVELOPMENT/PRODUCTION (DOCD/POD),HISTORIC INJURY REQUIRED EVACUATION LTA (1-3 days) LTA (>3 days RW/JT (1-3 days) RW/JT (>3 days) Other Injury FATALITY POLLUTION FIRE EXPLOSION LWC HISTORIC BLOWOUT UNDERGROUND SURFACE DEVERTER SURFACE EQUIPMENT FAILURE OR COLLISION HISTORIC >$25K DEPARTMENT OF THE INTERIOR MANAGEMENT SERVICE MEXICO REGION INVESTIGATION REPORT STRUCTURAL DAMAGE CRANE OTHER LIFTING DEVICE Production Co DAMAGED/DISABLED SAFETY SYS. X INCIDENT >$25K Mooring line failure H2S/15MIN./20PPM REQUIRED MUSTER SHUTDOWN FROM GAS RELEASE OTHER REPRESENTATIVE/SUPERVISOR 6. OPERATION: PRODUCTION DRILLING WORKOVER COMPLETION HELICOPTER MOTOR VESSEL PIPELINE SEGMENT NO. X OTHER Installation 8. CAUSE: X EQUIPMENT FAILURE HUMAN ERROR EXTERNAL DAMAGE SLIP/TRIP/FALL WEATHER RELATED LEAK UPSET H2O TREATING OVERBOARD DRILLING FLUID OTHER 9. WATER DEPTH: 6050 FT. 10. DISTANCE FROM SHORE: MI. 11. WIND DIRECTION: SPEED: M.P.H. 12. CURRENT DIRECTION: SPEED: M.P.H. PROCEDURES <=$25K 13. SEA STATE: FT.,,,,"NATURE OF DAMAGE: - Number 10 Windlass (destroyed) Total destruction. - All other windlasses 1-9,11,12 (undamaged but underdesigned) - Drive shaft for #10,11&12 Windlasses (damaged) - Mooring line #10 (damaged) ESTIMATED AMOUNT (TOTAL): $1,000,000",NO,N/A,,"Murphy Exploration & REPRESENTATIVE: Lanza, Robert TELEPHONE: (281) 675-9135 CONTRACTOR: REPRESENTATIVE: TELEPHONE:",B,ok,,df38c6985b4d24ac249996ef33f9ccce52617467f111cdd0da2ad562ea38743e
UNKEYED-dbd10f3a2ecb,EXPLORATION(POE) X DEVELOPMENT/PRODUCTION (DOCD/POD),HISTORIC INJURY REQUIRED EVACUATION 1 X LTA (1-3 days) LTA (>3 days 1 X RW/JT (1-3 days) RW/JT (>3 days) Other Injury FATALITY POLLUTION FIRE EXPLOSION LWC HISTORIC BLOWOUT UNDERGROUND SURFACE DEVERTER SURFACE EQUIPMENT FAILURE OR COLLISION HISTORIC >$25K DEPARTMENT OF THE INTERIOR MANAGEMENT SERVICE MEXICO REGION INVESTIGATION REPORT STRUCTURAL DAMAGE CRANE OTHER LIFTING DEVICE DAMAGED/DISABLED SAFETY SYS. INCIDENT >$25K H2S/15MIN./20PPM REQUIRED MUSTER SHUTDOWN FROM GAS RELEASE OTHER REPRESENTATIVE/SUPERVISOR 6. OPERATION: PRODUCTION DRILLING WORKOVER X COMPLETION HELICOPTER MOTOR VESSEL PIPELINE SEGMENT NO. OTHER 8. CAUSE: EQUIPMENT FAILURE X HUMAN ERROR X EXTERNAL DAMAGE SLIP/TRIP/FALL WEATHER RELATED LEAK UPSET H2O TREATING OVERBOARD DRILLING FLUID OTHER X Improper Rigging 9. WATER DEPTH: FT. 6387 10. DISTANCE FROM SHORE: MI. 81 11. WIND DIRECTION: ESE SPEED: 15 M.P.H. 12. CURRENT DIRECTION: SPEED: M.P.H. PROCEDURES <=$25K 13. SEA STATE: 5 FT.,,,,None ESTIMATED AMOUNT (TOTAL): 22. RECOMMENDATIONS TO PREVENT The MMS New Orleans District Safety Management (OSM).,23. POSSIBLE OCS VIOLATIONS RELATED,24. SPECIFY VIOLATIONS DIRECTLY OR,,"ATP Oil & Gas Corporation REPRESENTATIVE: Cleland, Betsy TELEPHONE: (713) 403-7017 CONTRACTOR: Diamond Offshore REPRESENTATIVE: Scott Rodger TELEPHONE: (713) 422-4376",B,ok,,dbd10f3a2ecbe4e4ad4faabf7497213e9165732ed2da68d4ae0b087051dc1e2d
UNKEYED-5a69fdbfeb8e,EXPLORATION(POE) X DEVELOPMENT/PRODUCTION (DOCD/POD),"HISTORIC INJURY REQUIRED EVACUATION 1 X LTA (1-3 days) 1 X LTA (>3 days RW/JT (1-3 days) RW/JT (>3 days) 1 X Other Injury FATALITY POLLUTION FIRE EXPLOSION LWC HISTORIC BLOWOUT UNDERGROUND SURFACE DEVERTER SURFACE EQUIPMENT FAILURE OR COLLISION HISTORIC >$25K DEPARTMENT OF THE INTERIOR MANAGEMENT SERVICE MEXICO REGION INVESTIGATION REPORT STRUCTURAL DAMAGE CRANE OTHER LIFTING DEVICE Development, L DAMAGED/DISABLED SAFETY SYS. INCIDENT >$25K H2S/15MIN./20PPM LLC REQUIRED MUSTER SHUTDOWN FROM GAS RELEASE OTHER REPRESENTATIVE/SUPERVISOR 6. OPERATION: PRODUCTION DRILLING WORKOVER COMPLETION X HELICOPTER MOTOR VESSEL PIPELINE SEGMENT NO. OTHER 8. CAUSE: EQUIPMENT FAILURE HUMAN ERROR EXTERNAL DAMAGE SLIP/TRIP/FALL WEATHER RELATED LEAK UPSET H2O TREATING OVERBOARD DRILLING FLUID OTHER X Tugger's rope reeving design 9. WATER DEPTH: FT. 165 10. DISTANCE FROM SHORE: MI. 97 11. WIND DIRECTION: SSE SPEED: 12 M.P.H. 12. CURRENT DIRECTION: S SPEED: M.P.H. PROCEDURES <=$25K 13. SEA STATE: 7 FT.",,,,NATURE OF DAMAGE: None N/A ESTIMATED AMOUNT (TOTAL): $ 22. RECOMMENDATIONS TO PREVENT The Lake Charles District does of Safety Management.,23. POSSIBLE OCS VIOLATIONS RELATED,24. SPECIFY VIOLATIONS DIRECTLY OR N/A,,"Tarpon Operating & REPRESENTATIVE: Logan, Melissa TELEPHONE: (281) 578-3388 CONTRACTOR: Spartan Offshore Drilling, REPRESENTATIVE: Johnny Brassell TELEPHONE: (337) 622-3677",B,ok,,5a69fdbfeb8e94195ae4d34eec943c6e09841c72b064724f2fd1423de8b8a4ad
WR-543-20100412,EXPLORATION(POE) X DEVELOPMENT/PRODUCTION (DOCD/POD),HISTORIC INJURY REQUIRED EVACUATION LTA (1-3 days) LTA (>3 days RW/JT (1-3 days) RW/JT (>3 days) Other Injury FATALITY POLLUTION FIRE EXPLOSION LWC HISTORIC BLOWOUT UNDERGROUND SURFACE DEVERTER SURFACE EQUIPMENT FAILURE OR COLLISION HISTORIC >$25K <=$25K DEPARTMENT OF THE INTERIOR MANAGEMENT SERVICE MEXICO REGION INVESTIGATION REPORT STRUCTURAL DAMAGE CRANE OTHER LIFTING DEVICE Internal gripper tool X DAMAGED/DISABLED SAFETY SYS. INCIDENT >$25K H2S/15MIN./20PPM REQUIRED MUSTER SHUTDOWN FROM GAS RELEASE OTHER REPRESENTATIVE/SUPERVISOR 6. OPERATION: PRODUCTION DRILLING X WORKOVER COMPLETION HELICOPTER MOTOR VESSEL PIPELINE SEGMENT NO. OTHER 8. CAUSE: EQUIPMENT FAILURE X HUMAN ERROR EXTERNAL DAMAGE SLIP/TRIP/FALL WEATHER RELATED LEAK UPSET H2O TREATING OVERBOARD DRILLING FLUID OTHER 9. WATER DEPTH: FT. 6606 10. DISTANCE FROM SHORE: MI. 182 11. WIND DIRECTION: N SPEED: 1 M.P.H. 12. CURRENT DIRECTION: N SPEED: M.P.H. 13 PROCEDURES 13. SEA STATE: 1 FT.,,,,NATURE OF DAMAGE: None N/A ESTIMATED AMOUNT (TOTAL): $,NO,"INC G-110 issued 02 June 2010 for failure of the lessee to perform all operations in a safe and workmanlike manner. The Internal Lifting Tool was not operated safely because the operator of this unit utilized the ILT with the fail safe system inoperable. The manufacturer of the Weatherfor ILT states that the opening pressure should be set at 500 to 550 psi, and that at this pressure the tool cannot be opened with weight on the tool. If the opening pressure is set at or above 750 psi, the ILT could be opened with weight. The opening pressure was found at 1100 psi after the incident.",29. ACCIDENT INVESTIGATION,"Statoil Gulf of Mexico LLC REPRESENTATIVE: Becnel, Thomas TELEPHONE: (713) 579-9905 CONTRACTOR: Maersk Oil America Inc. REPRESENTATIVE: John Kennedy TELEPHONE:",B,ok,,87d30a5a1a549d14f193858105f25d26447670006bf0840ecb2ca9936b7d74c2
UNKEYED-78d9653baf3f,EXPLORATION(POE) X DEVELOPMENT/PRODUCTION (DOCD/POD),"HISTORIC INJURY REQUIRED EVACUATION LTA (1-3 days) LTA (>3 days RW/JT (1-3 days) RW/JT (>3 days) Other Injury FATALITY POLLUTION X FIRE EXPLOSION LWC HISTORIC BLOWOUT UNDERGROUND SURFACE DEVERTER SURFACE EQUIPMENT FAILURE OR COLLISION HISTORIC >$25K DEPARTMENT OF THE INTERIOR MANAGEMENT SERVICE MEXICO REGION INVESTIGATION REPORT STRUCTURAL DAMAGE CRANE OTHER LIFTING DEVICE GOM, In DAMAGED/DISABLED SAFETY SYS. INCIDENT >$25K H2S/15MIN./20PPM REQUIRED MUSTER SHUTDOWN FROM GAS RELEASE OTHER REPRESENTATIVE/SUPERVISOR 6. OPERATION: PRODUCTION DRILLING WORKOVER COMPLETION HELICOPTER MOTOR VESSEL PIPELINE SEGMENT NO. X OTHER Well Abandonment Operations 8. CAUSE: EQUIPMENT FAILURE HUMAN ERROR EXTERNAL DAMAGE SLIP/TRIP/FALL WEATHER RELATED LEAK UPSET H2O TREATING OVERBOARD DRILLING FLUID X OTHER No welding JSA 9. WATER DEPTH: FT. 55 10. DISTANCE FROM SHORE: MI. 33 11. WIND DIRECTION: SPEED: M.P.H. 12. CURRENT DIRECTION: SPEED: M.P.H. PROCEDURES <=$25K 13. SEA STATE: FT.",,,,NATURE OF DAMAGE: Tarp and 30 bbls of oil and condensate Burned in fire ESTIMATED AMOUNT (TOTAL): $500,YES,"INC G-303 is issued ""After the Fact"" to document that on 17 April 2010 Energy Resources Technology GOM failed to ensure equipment containing hydrocarbons or other flammable substances relocated at least 35 feet horizontally from the welding site. Energy Resources Technology GOM failed to comply by performing cutting operations within 3 to 5 feet from a 100 bbl storage tank containing hydrocarbons causing a fire to ignite. Energy Resources Technology GOM is advised to submit a letter of explanation addressing this INC, including plans for elinimating future incidents of this nature, to the MMS Lafayette District Manager.",,"Energy Resource Technology REPRESENTATIVE: Brewer, Patty TELEPHONE: (281) 578-3388 CONTRACTOR: REPRESENTATIVE: TELEPHONE:",B,ok,,78d9653baf3ffbacaf5a6a30ac76299d6c64d4004adb20b90a1f05ab6a890701
WC-20100928-1615,EXPLORATION(POE) DEVELOPMENT/PRODUCTION X (DOCD/POD),"HISTORIC INJURY REQUIRED EVACUATION LTA (1-3 days) LTA (>3 days RW/JT (1-3 days) RW/JT (>3 days) Other Injury FATALITY POLLUTION FIRE X EXPLOSION LWC HISTORIC BLOWOUT UNDERGROUND SURFACE DEVERTER SURFACE EQUIPMENT FAILURE OR COLLISION HISTORIC >$25K * * * * * * DEPARTMENT OF THE INTERIOR MANAGEMENT, REGULATION AND ENFORCEMENT MEXICO REGION INVESTIGATION REPORT STRUCTURAL DAMAGE CRANE OTHER LIFTING DEVICE Limi DAMAGED/DISABLED SAFETY SYS. INCIDENT >$25K H2S/15MIN./20PPM REQUIRED MUSTER SHUTDOWN FROM GAS RELEASE OTHER X Portable offshore office bldg. REPRESENTATIVE/SUPERVISOR 6. OPERATION: PRODUCTION X DRILLING WORKOVER COMPLETION HELICOPTER MOTOR VESSEL PIPELINE SEGMENT NO. OTHER 8. CAUSE: EQUIPMENT FAILURE HUMAN ERROR X EXTERNAL DAMAGE SLIP/TRIP/FALL WEATHER RELATED LEAK UPSET H2O TREATING OVERBOARD DRILLING FLUID OTHER 9. WATER DEPTH: FT. 175 10. DISTANCE FROM SHORE: MI. 96 11. WIND DIRECTION: WNW SPEED: M.P.H. 10 12. CURRENT DIRECTION: N SPEED: M.P.H. PROCEDURES <=$25K 13. SEA STATE: FT. 3 14. PICTURES TAKEN: YES 15. STATEMENT TAKEN: YES PROPRIETARY * * * * * *",,,,"NATURE OF DAMAGE: One 15' x 20', fiberglass and wood Building was destroyed by the fire and constructed, portable, offshore office water damage. building. ESTIMATED AMOUNT (TOTAL): $5,000",YES,"G-110 - the lessee did not perform operations in a safe and workmanlike manner, and provide for preservation of property during the torch cutting operation to remove the portable building. Nearby combustible materials should have been sheilded from the hot slag produced by the torch cutting operation. Also, the JSA specified a water hose as a requirement to eliminate or minimize the hazards associated with the torch cutting operation, and the water hose was not in close proximity to the operation during the initial response to the fire.",,"Nippon Oil Exploration U.S.A. REPRESENTATIVE: Hubble, Tony TELEPHONE: (713) 260-7463 CONTRACTOR: REPRESENTATIVE: TELEPHONE:",B,ok,,3d1590fb646ff801643790df903d93c8fc8529cfcd868aa8349993a34ef63a47
HI-20240711-0730,EXPLORATION(POE) X DEVELOPMENT/PRODUCTION (DOCD/POD),INJURIES: HISTORIC INJURY OPERATOR REQUIRED EVACUATION 1 X LTA (1-3 days) LTA (>3 days) 0 X RW/JT (1-3 days) RW/JT (>3 days) FATALITY X Other Injury 1 First Aid POLLUTION FIRE EXPLOSION LWC HISTORIC BLOWOUT UNDERGROUND SURFACE DEVERTER SURFACE EQUIPMENT FAILURE OR COLLISION HISTORIC >$25K DEPARTMENT OF THE INTERIOR ENVIRONMENTAL ENFORCEMENT OF MEXICO REGION INVESTIGATION REPORT STRUCTURAL DAMAGE CRANE OTHER LIFTING X Lifeboat Manual Winch L.L. DAMAGED/DISABLED SAFETY SYS. INCIDENT >$25K H2S/15MIN./20PPM L.L.C REQUIRED MUSTER SHUTDOWN FROM GAS RELEASE OTHER,REPRESENTATIVE/SUPERVISOR X PRODUCTION DRILLING WORKOVER COMPLETION HELICOPTER MOTOR VESSEL PIPELINE SEGMENT NO. DECOMMISSIONING PA PIPELINE SITE CLEARANCE TA PLATFORM OTHER,EQUIPMENT FAILURE X HUMAN ERROR EXTERNAL DAMAGE CONTRACTOR SLIP/TRIP/FALL 1 WEATHER RELATED LEAK 1 UPSET H2O TREATING OVERBOARD DRILLING FLUID OTHER,59 FT.,NATURE OF DAMAGE: None N/A ESTIMATED AMOUNT (TOTAL):,NO,No Violations,,"Manta Ray Gathering Company, REPRESENTATIVE: TELEPHONE: CONTRACTOR: Quality Process Services, REPRESENTATIVE: TELEPHONE:",C,ok,,18a277e00c9c957910bfce23bd8251dcacb728832bbd74792146897fd3984791
UNKEYED-c1910c975417,,~HISTORIC INJURY REQUIRED EVACUATION LTA (1-3 days) LTA (>3 days RW/JT (1-3 days) RW/JT (>3 days) Other Injury o FATALITY ~ POLLUTION FIRE EXPLOSION LWC ~ H ISTORIC BLOWOUT UNDERGROUND SURFACE DEVERTER SURFACE EQUIPMENT FAILURE OR D D COLLISION 0HISTORIC >$25K DEPARTMENT OF THE INTERIOR ENVIRONMENTAL ENFORCEMENT PACIFIC OCS REGION INVESTIGATION REPORT STRUCTURAL DAMAGE CRANE OTHER LIFTING DEVICE DAMAGED/DISABLED SAFETY SYS. INCIDENT >$25K H2S/15MIN./20PPM REQUIRED MUSTER SHUTDOWN FROM GAS RELEASE OTHER REPRESENTATIVE/SUPERVISOR 6. OPERATION: X PRODUCTION DRILLING WORKOVER COMPLETION HELICOPTER MOTOR VESSEL PIPELINE SEGMENT NO. OTHER 8. CAUSE: EQUIPMENT FAILURE HUMAN ERROR X EXTERNAL DAMAGE SLIP/TRIP/FALL WEATHER RELATED LEAK UPSET H20 TREATING OVERBOARD DRILLING FLUID OTHER ~~~~~~~~~~~~~~~~- 9. WATER DEPTH: 842 FT. 10. DISTANCE FROM SHORE: 5 MI. 11. WIND DIRECTION: SPEED: M.P.H. 12. CURRENT DIRECTION: SPEED: M.P.H. PROCEDURES <=$25K 13. SEA STATE: FT. 14. PICTURES TAKEN: NO 15. STATEMENT TAKEN: NO,,,,"21. PROPERTY DAMAGED, NATURE OF DAMAGE' Not Applicable. None. ESTIMATED AMOUNT (TOTAL) '","23. POSSIBLE OCS VIOLATIONS RELATED TO ACCIDENT, NO",24. SPECIFY VIOLATIONS DIRECTLY OR INDIRECTLY CONTRIBUTING. NARRATIVE' Not Applicable.,,Exxon Mobil Corporation REPRESENTATIVE: TELEPHONE: CONTRACTOR: REPRESENTATIVE: TELEPHONE:,B,ok,,c1910c975417e203bd2befba7ba82a56c17b3a6b540d37e67305d8fdec713b71
HI-20110201-1500,EXPLORATION(POE) DEVELOPMENT/PRODUCTION X (DOCD/POD),"HISTORIC INJURY REQUIRED EVACUATION LTA (1-3 days) LTA (>3 days RW/JT (1-3 days) RW/JT (>3 days) Other Injury FATALITY POLLUTION FIRE X EXPLOSION LWC HISTORIC BLOWOUT UNDERGROUND SURFACE DEVERTER SURFACE EQUIPMENT FAILURE OR COLLISION HISTORIC >$25K * * * * * * DEPARTMENT OF THE INTERIOR MANAGEMENT, REGULATION AND ENFORCEMENT MEXICO REGION INVESTIGATION REPORT STRUCTURAL DAMAGE CRANE OTHER LIFTING DEVICE Operatio DAMAGED/DISABLED SAFETY SYS. INCIDENT >$25K H2S/15MIN./20PPM REQUIRED MUSTER SHUTDOWN FROM GAS RELEASE OTHER X Battery Charger Fire REPRESENTATIVE/SUPERVISOR 6. OPERATION: PRODUCTION X DRILLING WORKOVER COMPLETION HELICOPTER MOTOR VESSEL PIPELINE SEGMENT NO. OTHER 8. CAUSE: X EQUIPMENT FAILURE HUMAN ERROR EXTERNAL DAMAGE SLIP/TRIP/FALL WEATHER RELATED LEAK UPSET H2O TREATING OVERBOARD DRILLING FLUID OTHER 9. WATER DEPTH: FT. 283 10. DISTANCE FROM SHORE: MI. 116 11. WIND DIRECTION: SPEED: M.P.H. 12. CURRENT DIRECTION: SPEED: M.P.H. PROCEDURES <=$25K 13. SEA STATE: FT. 14. PICTURES TAKEN: YES 15. STATEMENT TAKEN: YES PROPRIETARY * * * * * *",,,,"NATURE OF DAMAGE: Out-of-service Rectifier, Smoke and fire Remote Terminal Unit Building interior, and Temperature Safety (TSE) Element plugs and gas detector ESTIMATED AMOUNT (TOTAL): $1,000",YES,"F-103:All rechargeable battery systems should be installed such that hydrogen cannot collect in sufficient quantities to create a hazard and to protect the batteries in accrodance with API RP 14F, paragraphs 10.3.4.2 and 10.3.4.3, and API RP 14FZ, paragraphs 10.3.4.2 and 10.3.4.3. The rechargeable batteries were not enclosed to provide protection from internal shorting.",,"Black Elk Energy Offshore REPRESENTATIVE: Verret, Wayne TELEPHONE: (281) 598-8652 CONTRACTOR: REPRESENTATIVE: TELEPHONE:",B,ok,,9a0160f1ea78141dd7e1f5c7480cde69e5bae0d14545d54fa3ec893f7acbf396
EI-175-20110510-0930,EXPLORATION(POE) X DEVELOPMENT/PRODUCTION (DOCD/POD),"HISTORIC INJURY REQUIRED EVACUATION LTA (1-3 days) LTA (>3 days RW/JT (1-3 days) RW/JT (>3 days) Other Injury FATALITY POLLUTION FIRE EXPLOSION LWC HISTORIC BLOWOUT UNDERGROUND SURFACE DEVERTER SURFACE EQUIPMENT FAILURE OR COLLISION HISTORIC >$25K * * * * * * STATES DEPARTMENT OF THE INTERIOR MANAGEMENT, REGULATION AND ENFORCEMENT OF MEXICO REGION INVESTIGATION REPORT STRUCTURAL DAMAGE CRANE X OTHER LIFTING DEVICE DAMAGED/DISABLED SAFETY SYS. INCIDENT >$25K H2S/15MIN./20PPM REQUIRED MUSTER SHUTDOWN FROM GAS RELEASE OTHER REPRESENTATIVE/SUPERVISOR 6. OPERATION: X PRODUCTION DRILLING WORKOVER COMPLETION HELICOPTER MOTOR VESSEL PIPELINE SEGMENT NO. OTHER 8. CAUSE: EQUIPMENT FAILURE X HUMAN ERROR EXTERNAL DAMAGE SLIP/TRIP/FALL WEATHER RELATED LEAK UPSET H2O TREATING OVERBOARD DRILLING FLUID OTHER 9. WATER DEPTH: FT. 83 10. DISTANCE FROM SHORE: MI. 59 11. WIND DIRECTION: SPEED: M.P.H. 12. CURRENT DIRECTION: SPEED: M.P.H. PROCEDURES <=$25K 13. SEA STATE: FT. 14. PICTURES TAKEN: YES 15. STATEMENT TAKEN: NO PROPRIETARY * * * * * *",,,,"NATURE OF DAMAGE: Auxiliary ball and Auxiliary line Auxiliary line severed ESTIMATED AMOUNT (TOTAL): $8,000",YES,"INC G-110 is issued ""After the Fact"" to document that Apache Corporation failed to protect health, safety and the environment by not performing operations in a safe and workmanlike manner as follows: A crane operator failed to properly operate 150­ H-60 Unit crane in a safe manner to protect the equipment and employees. The crane operator inadvertently pulled the auxiliary lever causing the auxiliary ball to make contact with the crane tip and sever the auxiliary line. The accident was the result of careless operation. Apache Corporation is advised to submit a letter of explanation addressing the aforementioned INC., and its plans for eliminating future incidents of this nature to the BOEMRE Lafayette District.",,"Apache Corporation REPRESENTATIVE: Garber, John TELEPHONE: (337) 354-8126 CONTRACTOR: REPRESENTATIVE: TELEPHONE:",B,ok,,8d5aa950c224b0e6e9ebfeaf5067633791af637be39e46a767365c7ddd693f52
GC-20110606-1355,EXPLORATION(POE) DEVELOPMENT/PRODUCTION X (DOCD/POD),HISTORIC INJURY REQUIRED EVACUATION 1 X LTA (1-3 days) LTA (>3 days X 1 RW/JT (1-3 days) RW/JT (>3 days) Other Injury FATALITY POLLUTION FIRE EXPLOSION LWC HISTORIC BLOWOUT UNDERGROUND SURFACE DEVERTER SURFACE EQUIPMENT FAILURE OR COLLISION HISTORIC >$25K * * * * * * DEPARTMENT OF THE INTERIOR ENVIRONMENTAL ENFORCEMENT MEXICO REGION INVESTIGATION REPORT STRUCTURAL DAMAGE CRANE OTHER LIFTING DEVICE Production Co DAMAGED/DISABLED SAFETY SYS. INCIDENT >$25K H2S/15MIN./20PPM REQUIRED MUSTER SHUTDOWN FROM GAS RELEASE OTHER X Hot Bolt Operations REPRESENTATIVE/SUPERVISOR 6. OPERATION: PRODUCTION X DRILLING WORKOVER COMPLETION HELICOPTER MOTOR VESSEL PIPELINE SEGMENT NO. OTHER 8. CAUSE: X EQUIPMENT FAILURE HUMAN ERROR X EXTERNAL DAMAGE SLIP/TRIP/FALL WEATHER RELATED LEAK UPSET H2O TREATING OVERBOARD DRILLING FLUID OTHER 9. WATER DEPTH: FT. 3330 10. DISTANCE FROM SHORE: MI. 103 11. WIND DIRECTION: SW SPEED: M.P.H. 3 12. CURRENT DIRECTION: SW SPEED: M.P.H. 0 PROCEDURES <=$25K 13. SEA STATE: FT. 2 14. PICTURES TAKEN: YES 15. STATEMENT TAKEN: YES PROPRIETARY * * * * * *,,,,NATURE OF DAMAGE: None N/A ESTIMATED AMOUNT (TOTAL): $,YES,G-132: The District Manager for the BOEMRE Houma District was not notified immediately following an incident that occurred on 06/06/2011 involving injuries requiring evacuation. G-110: The lessee did not perform all operations in a safe and workmanlike manner.,,"Murphy Exploration & REPRESENTATIVE: Lanza, Robert TELEPHONE: (281) 675-9135 CONTRACTOR: REPRESENTATIVE: TELEPHONE:",B,ok,,255996055f9dbeefd8fea2e3b44b491fdc73ca2b66163989d9130e3839b591f5
GI-20110825-0500,EXPLORATION(POE) DEVELOPMENT/PRODUCTION X (DOCD/POD),"HISTORIC INJURY REQUIRED EVACUATION LTA (1-3 days) LTA (>3 days RW/JT (1-3 days) RW/JT (>3 days) Other Injury FATALITY POLLUTION FIRE EXPLOSION LWC HISTORIC BLOWOUT UNDERGROUND SURFACE DEVERTER SURFACE EQUIPMENT FAILURE OR COLLISION HISTORIC >$25K * * * * * * DEPARTMENT OF THE INTERIOR ENVIRONMENTAL ENFORCEMENT MEXICO REGION INVESTIGATION REPORT STRUCTURAL DAMAGE X CRANE OTHER LIFTING DEVICE DAMAGED/DISABLED SAFETY SYS. INCIDENT >$25K X $600,000 H2S/15MIN./20PPM REQUIRED MUSTER SHUTDOWN FROM GAS RELEASE OTHER REPRESENTATIVE/SUPERVISOR 6. OPERATION: PRODUCTION DRILLING X WORKOVER COMPLETION HELICOPTER MOTOR VESSEL PIPELINE SEGMENT NO. OTHER 8. CAUSE: EQUIPMENT FAILURE HUMAN ERROR X EXTERNAL DAMAGE SLIP/TRIP/FALL WEATHER RELATED LEAK UPSET H2O TREATING OVERBOARD DRILLING FLUID OTHER 9. WATER DEPTH: FT. 48 10. DISTANCE FROM SHORE: MI. 7 11. WIND DIRECTION: SPEED: M.P.H. 12. CURRENT DIRECTION: SPEED: M.P.H. PROCEDURES <=$25K 13. SEA STATE: FT. 2 14. PICTURES TAKEN: YES 15. STATEMENT TAKEN: NO PROPRIETARY * * * * * *",,,,"NATURE OF DAMAGE: Crown of rig and block Block travel into crown * * * * * * PROPRIETARY * * * * * * ESTIMATED AMOUNT (TOTAL): $600,000",NO,"G-110 While tripping out of the hole, the block was allowed to travel into the crown where it became stuck causing significant damage; although the crown-o-matic had engaged.",,"Chevron U.S.A. Inc. REPRESENTATIVE: Dugas, Lonnie TELEPHONE: (985) 773-6866 CONTRACTOR: HERCULES OFFSHORE DRILLING REPRESENTATIVE: Darrell Hines TELEPHONE: (936) 422-5755",B,ok,,c6be28170278baebca1e4139c7c67945d5ae3b08ad94ee5f8077763fe913cb39
HI-20230105-1730,EXPLORATION(POE) X DEVELOPMENT/PRODUCTION (DOCD/POD),INJURIES: HISTORIC INJURY OPERATOR REQUIRED EVACUATION LTA (1-3 days) LTA (>3 days) RW/JT (1-3 days) RW/JT (>3 days) FATALITY Other Injury POLLUTION X FIRE EXPLOSION LWC HISTORIC BLOWOUT UNDERGROUND SURFACE DEVERTER SURFACE EQUIPMENT FAILURE OR COLLISION DEPARTMENT OF THE INTERIOR ENVIRONMENTAL ENFORCEMENT OF MEXICO REGION INVESTIGATION REPORT STRUCTURAL DAMAGE CRANE OTHER LIFTING DAMAGED/DISABLED SAFETY SYS. INCIDENT >$25K H2S/15MIN./20PPM REQUIRED MUSTER SHUTDOWN FROM GAS RELEASE OTHER REPRESENTATIVE/SUPERVISOR,X PRODUCTION DRILLING WORKOVER COMPLETION HELICOPTER MOTOR VESSEL PIPELINE SEGMENT NO. OTHER,X EQUIPMENT FAILURE HUMAN ERROR EXTERNAL DAMAGE CONTRACTOR SLIP/TRIP/FALL WEATHER RELATED LEAK UPSET H2O TREATING OVERBOARD DRILLING FLUID OTHER,268 FT.,"NATURE OF DAMAGE: Glycol Dehydration Unit damage. Gylcol Dehydration Unit will need to be rebuilt, due to fire damage. ESTIMATED AMOUNT (TOTAL): $100,000",NO,None,,"Arena Offshore, LP REPRESENTATIVE: TELEPHONE: CONTRACTOR: REPRESENTATIVE: TELEPHONE:",C,ok,,7c21dbc1d19443334c8551b53b1994f1ef4a6c3b58c9bd7159608bca51c855a1
AC-857-20230103-2217,EXPLORATION(POE) X DEVELOPMENT/PRODUCTION (DOCD/POD),INJURIES: HISTORIC INJURY OPERATOR REQUIRED EVACUATION LTA (1-3 days) LTA (>3 days) RW/JT (1-3 days) RW/JT (>3 days) FATALITY Other Injury POLLUTION X FIRE EXPLOSION LWC HISTORIC BLOWOUT UNDERGROUND SURFACE DEVERTER SURFACE EQUIPMENT FAILURE OR COLLISION HISTORIC >$25K DEPARTMENT OF THE INTERIOR ENVIRONMENTAL ENFORCEMENT OF MEXICO REGION INVESTIGATION REPORT STRUCTURAL DAMAGE CRANE OTHER LIFTING DAMAGED/DISABLED SAFETY SYS. INCIDENT >$25K H2S/15MIN./20PPM X REQUIRED MUSTER SHUTDOWN FROM GAS RELEASE X OTHER Damaged UPS 7560 REPRESENTATIVE/SUPERVISOR,PRODUCTION DRILLING WORKOVER X COMPLETION HELICOPTER MOTOR VESSEL PIPELINE SEGMENT NO. OTHER,X EQUIPMENT FAILURE HUMAN ERROR EXTERNAL DAMAGE CONTRACTOR SLIP/TRIP/FALL WEATHER RELATED LEAK UPSET H2O TREATING OVERBOARD DRILLING FLUID OTHER,7835 FT.,"NATURE OF DAMAGE: Universal Power Supply 7560 Unserviceable. Fire damage ESTIMATED AMOUNT (TOTAL): $56,830",,None,,Shell Offshore Inc. REPRESENTATIVE: TELEPHONE: CONTRACTOR: REPRESENTATIVE: TELEPHONE:,C,ok,,e3525fb6dc185f9b35b91b4a4796a600025a74652e3f36b3f90027ab0b77c382
EI-251-20170720-1645,EXPLORATION(POE) X DEVELOPMENT/PRODUCTION (DOCD/POD),HISTORIC INJURY REQUIRED EVACUATION LTA (1-3 days) LTA (>3 days RW/JT (1-3 days) RW/JT (>3 days) Other Injury FATALITY POLLUTION FIRE EXPLOSION LWC HISTORIC BLOWOUT UNDERGROUND SURFACE DEVERTER X SURFACE EQUIPMENT FAILURE OR COLLISION X HISTORIC >$25K X DEPARTMENT OF THE INTERIOR ENVIRONMENTAL ENFORCEMENT MEXICO REGION INVESTIGATION REPORT STRUCTURAL DAMAGE CRANE X OTHER LIFTING DEVICETraveling Block DAMAGED/DISABLED SAFETY SYS. INCIDENT >$25K H2S/15MIN./20PPM REQUIRED MUSTER SHUTDOWN FROM GAS RELEASE OTHER REPRESENTATIVE/SUPERVISOR 6. OPERATION: PRODUCTION X DRILLING WORKOVER COMPLETION HELICOPTER MOTOR VESSEL PIPELINE SEGMENT NO. OTHER 8. CAUSE: EQUIPMENT FAILURE X HUMAN ERROR EXTERNAL DAMAGE SLIP/TRIP/FALL WEATHER RELATED LEAK UPSET H2O TREATING OVERBOARD DRILLING FLUID OTHER 9. WATER DEPTH: 111 FT. 10. DISTANCE FROM SHORE: 54 MI. 11. WIND DIRECTION: SE SPEED: 4 M.P.H. 12. CURRENT DIRECTION: SPEED: M.P.H. PROCEDURES <=$25K SEA STATE: 1 FT. 13.,,,,"Drawworks drum drill line clamp and NATURE OF DAMAGE: approximately 123 feet of drill line. Drawworks drum dill line clamp broke and drill line were replaced. ESTIMATED AMOUNT (TOTAL): $1,300",YES,"Based on the incident investigation findings, a G-110 Incident of Noncompliance (INC) was issued “After the Fact” to document that Arena Offshore (Arena) failed to provide adequate supervision during drilling operations on the jack-up drilling rig on Well C-3 located in Eugene Island Block 251-C. 23. POSSIBLE OCS VIOLATIONS RELATED TO ACCIDENT: YES 24. SPECIFY VIOLATIONS DIRECTLY OR INDIRECTLY CONTRIBUTING. NARRATIVE: Based on the incident investigation findings, a G-110 Incident of Noncompliance (INC) was issued “After the Fact” to document that Arena Offshore (Arena) failed to provide adequate supervision during drilling operations on the White Fleet Drilling (WFD) 300 jack-up rig on Well C-3 located in Eugene Island Block 251-C. The G-110 INC was issued to Arena “After the Fact” for the failure to perform drilling operations in a safe and workmanlike manner. On 20 July 2017, while conducting maintenance on the top-drive, the traveling block slowly descended to the rotary table and drill line suddenly fell to the rig floor due to the failure to properly operate the drawworks brake.",,"Arena Offshore, LP REPRESENTATIVE: TELEPHONE: CONTRACTOR: REPRESENTATIVE: TELEPHONE:",B,ok,,9fd984f633b145ef99d78ea0a1fa1d48a5fe14e12df9cc2af1fedc0fb3a5e249
SM-6683-20040725-1700,[] EXPLORATION(POE) DEVELOPMENT/PRODUCTION ~ (DOCD/POD) TYPE: 7. INJURY ~HISTORIC REQUIRED EVACUATION LTA (1-3 days) LTA (>3 days RW/JT (1-3 days) RW/JT (>3 days) Other Injury FATALITY 0 ~ POLLUTION FIRE EXPLOSION LWC ~ H ISTORIC BLOWOUT UNDERGROUND SURFACE DEVERTER SURFACE EQUIPMENT FAILURE OR D D COLLISION 0HISTORIC >$25K DEPARTMENT OF THE INTERIOR ENVIRONMENTAL ENFORCEMENT PACIFIC OCS REGION . INVESTIGATION REPORT STRUCTURAL DAMAGE CRANE OTHER LIFTING DEVICE DAMAGED/DISABLED SAFETY SYS. INCIDENT >$25K H2S/15MIN./20PPM REQUIRED MUSTER SHUTDOWN FROM GAS RELEASE OTHER REPRESENTATIVE/SUPERVISOR 6. OPERATION: PRODUCTION X DRILLING WORKOVER COMPLETION HELICOPTER MOTOR VESSEL PIPELINE SEGMENT NO. OTHER CAUSE: 8. EQUIPMENT FAILURE HUMAN ERROR EXTERNAL DAMAGE X SLIP/TRIP/FALL WEATHER RELATED LEAK UPSET H20 TREATING OVERBOARD DRILLING.FLUID OTHER 9. WATER DEPTH: 1075 FT. 10. DISTANCE FROM SHORE: 8 MI. 11. WIND DIRECTION: SPEED: M.P.H. 12. CURRENT DIRECTION: SPEED: M.P.H. PROCEDURES <=$25K 13. SEA STATE: FT. 14. PICTURES TAKEN: YES 15. STATEMENT TAKEN: NO,,,,,NATURE OF DAMAGE: None N/A ESTIMATED AMOUNT (TOTAL):,NO,None,,Exxon Mobil Corporation REPRESENTATIVE: TELEPHONE: CONTRACTOR: REPRESENTATIVE: TELEPHONE:,B,ok,,6feb788887b91222f62b6f3b28a8f36338e12db6a0ea5db7d96a5431cbfaee85
EI-338-20170531-1410,EXPLORATION(POE) X DEVELOPMENT/PRODUCTION (DOCD/POD),HISTORIC INJURY 1 REQUIRED EVACUATION X LTA (1-3 days) LTA (>3 days 1 X RW/JT (1-3 days) RW/JT (>3 days) Other Injury FATALITY POLLUTION FIRE EXPLOSION LWC HISTORIC BLOWOUT UNDERGROUND SURFACE DEVERTER SURFACE EQUIPMENT FAILURE OR COLLISION HISTORIC >$25K DEPARTMENT OF THE INTERIOR ENVIRONMENTAL ENFORCEMENT MEXICO REGION INVESTIGATION REPORT STRUCTURAL DAMAGE X CRANE OTHER LIFTING DEVICE DAMAGED/DISABLED SAFETY SYS. INCIDENT >$25K H2S/15MIN./20PPM REQUIRED MUSTER SHUTDOWN FROM GAS RELEASE OTHER REPRESENTATIVE/SUPERVISOR 6. OPERATION: PRODUCTION X DRILLING WORKOVER COMPLETION HELICOPTER MOTOR VESSEL PIPELINE SEGMENT NO. OTHER 8. CAUSE: EQUIPMENT FAILURE X HUMAN ERROR EXTERNAL DAMAGE SLIP/TRIP/FALL WEATHER RELATED LEAK UPSET H2O TREATING OVERBOARD DRILLING FLUID OTHER 9. WATER DEPTH: 270 FT. 10. DISTANCE FROM SHORE: 67 MI. 11. WIND DIRECTION: SPEED: M.P.H. 12. CURRENT DIRECTION: SPEED: M.P.H. PROCEDURES <=$25K 13. SEA STATE: FT. 14. PICTURES TAKEN: 15. STATEMENT TAKEN:,,,,NATURE OF DAMAGE: N/A N/A ESTIMATED AMOUNT (TOTAL): $,YES,"G110 (C) Does the Lessee perform all operations in a safe and workmanlike manner and provide for the preservation and conservation of property and the environment? Upon the BSEE onsite Accident Investigation, the following items were found to be part of an unsafe crane operation which caused severe injury to a lessee contract representative. Number 1 task step listed on the potential hazard section of the Job Safety Analysis (JSA) focuses on poor communication not understanding hand signals. The investigation revealed lack of communication in regards to rigging personnel not effectively communicating with the crane operator in a timely fashion to eliminate this undesirable event. It is important to note that there was no line of sight during signals so the signals so the signals were communicated via radio, in which the crane operator never heard the communication trying to be established with him to stop the lift. Number 5 task step listed on the potential hazard section of the JSA focuses on making lifts. Hazard controls on this section of the JSA stresses ""staying out of the line of fire"". The injured person (IP) was located directly in between a major pinch point (large, 10,000 lb. construction tool box and handrails). The load (top of)came in contact with a piece of metal channel iron which protrudes from one of the structural members. Once the load broke free from the bind (structural member metal channel iron), it smashed the IP who was locted in between the two aforementioned items, also which would be defined as in the line of fire.",,"Arena Offshore, LP REPRESENTATIVE: TELEPHONE: CONTRACTOR: ISLAND OPERATORS CO. INC. REPRESENTATIVE: TELEPHONE:",B,ok,,22213e5882a02eaa68aa67103730df0aa1ada5eaee1d8e41020ca3c0ee80c9cf
AC-337-20241012-0540,X EXPLORATION(POE) DEVELOPMENT/PRODUCTION DECOMMISSIONING,INJURIES: HISTORIC INJURY OPERATOR REQUIRED EVACUATION 0 X LTA (1-3 days) LTA (>3 days) 0 X RW/JT (1-3 days) RW/JT (>3 days) FATALITY Other Injury POLLUTION FIRE EXPLOSION LWC HISTORIC BLOWOUT UNDERGROUND SURFACE DEVERTER SURFACE EQUIPMENT FAILURE OR COLLISION HISTORIC >$25K DEPARTMENT OF THE INTERIOR ENVIRONMENTAL ENFORCEMENT AMERICA REGION INVESTIGATION REPORT STRUCTURAL DAMAGE CRANE OTHER LIFTING X Hydraracker L.L.C. DAMAGED/DISABLED SAFETY SYS. INCIDENT >$25K H2S/15MIN./20PPM REQUIRED MUSTER SHUTDOWN FROM GAS RELEASE OTHER,REPRESENTATIVE/SUPERVISOR PRODUCTION TEMP ABAND DRILLING PERM ABAND X WORKOVER DECOM PIPELINE COMPLETION DECOM FACILITY HELICOPTER SITE CLEARANCE MOTOR VESSEL PIPELINE SEGMENT NO. OTHER (DOCD/POD),EQUIPMENT FAILURE X HUMAN ERROR EXTERNAL DAMAGE CONTRACTOR SLIP/TRIP/FALL 1 WEATHER RELATED LEAK 1 UPSET H2O TREATING OVERBOARD DRILLING FLUID X OTHER Policy Violation,4428 FT.,NATURE OF DAMAGE: None None ESTIMATED AMOUNT (TOTAL):,,"G-110 (S): On October 12th, 2024, an incident involving injury occurred. The investigation concluded that the Lessee failed to perform all operations in a safe and workmanlike manner in the following ways. 1) While working as an observer in the derrick, a drilling crew member was found to be working on the upper fingerboards, outside of the designated safe-observation area, while the ships Pipe Racking System was operating. The worker was caught in the line of fire between the upper arm of the Hydraracker and a stand of pipe and was pinned between the two, causing injury. 2) During the investigation inspectors also observed, through CCTV coverage, multiple workers violating safe-zone policies by moving freely across the rig floor through areas with moving equipment.",,"LLOG Exploration Offshore, REPRESENTATIVE: TELEPHONE: CONTRACTOR: NOBLE DRILLING (U.S.) INC. REPRESENTATIVE: TELEPHONE:",C,ok,,57521a40bec0b7a6f1167d3d02ce4f93d4799c2e12085305ceb3b86471cb0232
BM-3-20250805-0740,EXPLORATION(POE) X DECOMMISSIONING,INJURIES: HISTORIC INJURY OPERATOR REQUIRED EVACUATION 1 X LTA (1-3 days) LTA (>3 days) 1 X RW/JT (1-3 days) RW/JT (>3 days) FATALITY Other Injury POLLUTION FIRE EXPLOSION LWC HISTORIC BLOWOUT UNDERGROUND SURFACE DEVERTER SURFACE EQUIPMENT FAILURE OR COLLISION HISTORIC >$25K DEPARTMENT OF THE INTERIOR ENVIRONMENTAL ENFORCEMENT AMERICA REGION INVESTIGATION REPORT STRUCTURAL DAMAGE X CRANE OTHER LIFTING DAMAGED/DISABLED SAFETY SYS. INCIDENT >$25K H2S/15MIN./20PPM REQUIRED MUSTER SHUTDOWN FROM GAS RELEASE OTHER,REPRESENTATIVE/SUPERVISOR X PRODUCTION TEMP ABAND DRILLING PERM ABAND WORKOVER DECOM PIPELINE COMPLETION DECOM FACILITY HELICOPTER SITE CLEARANCE MOTOR VESSEL PIPELINE SEGMENT NO. OTHER DEVELOPMENT/PRODUCTION(DOCD/POD),X EQUIPMENT FAILURE HUMAN ERROR EXTERNAL DAMAGE CONTRACTOR SLIP/TRIP/FALL WEATHER RELATED LEAK UPSET H2O TREATING OVERBOARD DRILLING FLUID OTHER,39 FT.,"NATURE OF DAMAGE: Total $9,010.00. *Auxiliary Line Wire Rope Auxiliary Line Wire Rope, Auxiliary Line - $3,500; *Auxiliary Line Sheave - $990; Sheave, Striker Plate, Labor (wire rope and *Striker Plate - $850; *10/15/2025 Labor sheave replacement) (wire rope + sheave replacement) - $3,670 ESTIMATED AMOUNT (TOTAL): $9,010",,None,,"Cantium, LLC REPRESENTATIVE: TELEPHONE: CONTRACTOR: REPRESENTATIVE: TELEPHONE:",C,ok,,dd14936f9c6b0a5bd3634adcd95009adb7d70c201d076cc0357fd46c39d51f08
EI-259-20231013-1745,EXPLORATION(POE) X DEVELOPMENT/PRODUCTION (DOCD/POD),INJURIES: HISTORIC INJURY OPERATOR REQUIRED EVACUATION x LTA (1-3 days) LTA (>3 days) 0 X RW/JT (1-3 days) RW/JT (>3 days) FATALITY Other Injury POLLUTION FIRE EXPLOSION LWC HISTORIC BLOWOUT UNDERGROUND SURFACE DEVERTER SURFACE EQUIPMENT FAILURE OR COLLISION HISTORIC >$25K DEPARTMENT OF THE INTERIOR ENVIRONMENTAL ENFORCEMENT OF MEXICO REGION INVESTIGATION REPORT STRUCTURAL DAMAGE CRANE OTHER LIFTING DAMAGED/DISABLED SAFETY SYS. INCIDENT >$25K H2S/15MIN./20PPM REQUIRED MUSTER SHUTDOWN FROM GAS RELEASE OTHER,REPRESENTATIVE/SUPERVISOR X PRODUCTION DRILLING WORKOVER COMPLETION HELICOPTER MOTOR VESSEL PIPELINE SEGMENT NO. DECOMMISSIONING PA PIPELINE SITE CLEARANCE TA PLATFORM OTHER,EQUIPMENT FAILURE X HUMAN ERROR EXTERNAL DAMAGE CONTRACTOR SLIP/TRIP/FALL WEATHER RELATED LEAK 1 UPSET H2O TREATING OVERBOARD DRILLING FLUID OTHER,160 FT.,NATURE OF DAMAGE: None NA ESTIMATED AMOUNT (TOTAL): $,,"25. 110 C and Z-106 W - On October 13, 2023, Cox Operating, L.L.C. failed to perform operations in a safe and workmanlike manner as follows: A crane mechanic and a helper were in the process of replacing an auxiliary winch on the platform crane at EI-259-C. The crane mechanic was attempting to remove a bracket that was blocking the opening to install the auxiliary winch. Without a harness or life vest, the crane mechanic positioned himself over the handrail on the gantry of the crane in order to reach the bolts holding the bracket. Utilizing a grinder, the crane mechanic attempted to remove the bolts. When the second bolt broke, the crane mechanic stated he heard a loud noise and was knocked off the crane falling approximately 96 ft to the water. The crane mechanic was retrieved from the water and complained of soreness in his hip and shoulder. An aircraft transported the crane mechanic to a medical facility where it was determined he suffered a fractured rib, a dislocated shoulder and internal bleeding.",,"Cox Operating, L.L.C. REPRESENTATIVE: TELEPHONE: CONTRACTOR: REPRESENTATIVE: TELEPHONE:",C,ok,,9df725f8d67da3cee7b8aa38f5e488783e7bef57a6252024629cf43faf079758
GB-959-20251014-0510,EXPLORATION(POE) X DECOMMISSIONING,INJURIES: HISTORIC INJURY OPERATOR REQUIRED EVACUATION 0 X LTA (1-3 days) LTA (>3 days) 0 X RW/JT (1-3 days) RW/JT (>3 days) FATALITY Other Injury POLLUTION FIRE EXPLOSION LWC HISTORIC BLOWOUT UNDERGROUND SURFACE DEVERTER SURFACE EQUIPMENT FAILURE OR COLLISION HISTORIC >$25K DEPARTMENT OF THE INTERIOR AND ENVIRONMENTAL ENFORCEMENT AMERICA REGION INVESTIGATION REPORT STRUCTURAL DAMAGE CRANE HOURS X OTHER LIFTING aerial lift DAMAGED/DISABLED SAFETY SYS. X INCIDENT >$25K Damaged Basket workman H2S/15MIN./20PPM REQUIRED MUSTER SHUTDOWN FROM GAS RELEASE OTHER,REPRESENTATIVE/SUPERVISOR PRODUCTION TEMP ABAND DRILLING PERM ABAND X WORKOVER DECOM PIPELINE COMPLETION DECOM FACILITY HELICOPTER SITE CLEARANCE MOTOR VESSEL PIPELINE SEGMENT NO. OTHER DEVELOPMENT/PRODUCTION(DOCD/POD),EQUIPMENT FAILURE X HUMAN ERROR EXTERNAL DAMAGE CONTRACTOR SLIP/TRIP/FALL 1 WEATHER RELATED LEAK 1 UPSET H2O TREATING OVERBOARD DRILLING FLUID OTHER,4273 FT.,"NATURE OF DAMAGE: The man-riding Work Basket was damaged The man-riding Basket was damaged beyond during this incident. repair and had to be replaced. ESTIMATED AMOUNT (TOTAL): $120,000",YES,"A G111 INC was issued to Shell on 17 October 2025 for an incident that occurred on 14 October 2025 where an employee fell from the port side Moon Pool work basket to aerial lift the deck below. BSEE was made aware there are active issues with the indicator lights, basket door proximity switch, a bent door, and an inoperable control panel in the work basket. BSEE is instructing the operator to shut in this component until the issues listed above are resolved. After repairs are made, contact the Well Operations Supervisor Inspector for Lafayette, or the Lafayette District After Hours Engineer to return the component to service. A G110 INC was issued to Shell on 10 December 2025 based on investigation findings to document that Shell failed to perform operations in a safe and workmanlike manner during drilling operations on the Stena Evolution drillship located at Garden Banks Block 959. On 14 October 2025, Shell informed BSEE that a Stena Assistant Driller (AD) and a managed pressure drilling (MPD) ToolPusher were attempting to install a gooseneck counterweight in the moonpool area. A loop of slack between two sheaves was required to create the necessary spacing for the counterweight installation. The crew utilized the aerial lift in personnel basket mode as a crane device to create downward force on the rope to obtain the necessary slack for counterbalance installation. A rope was positioned over the controlled mud level cable and tied to each side of the workman basket, creating a triangular configuration with the cable positioned overhead. As the basket was scoped down and outward by the MPD workman ToolPusher from the emergency hydraulic controls, the rope parted as tension increased. Subsequently, the stored energy was released, and tension was transferred to the workman basket. The Stena Drilling AD positioned inside the workman basket was thrown out of the basket and fell approximately 16 feet, landing on the blowout preventor deck below.",ACCIDENT CLASSIFICATION: 28. ACCIDENT INVESTIGATION PANEL FORMED:,Shell Offshore Inc. REPRESENTATIVE: TELEPHONE: CONTRACTOR: Stena Drilling REPRESENTATIVE: TELEPHONE:,C,ok,,eb8727d42f251803a23a31d00fea38ad2f841ad449a86e989a2f82490218a1e6
MC-391-20240305-0415,X EXPLORATION(POE) DEVELOPMENT/PRODUCTION DECOMMISSIONING,"INJURIES: HISTORIC INJURY OPERATOR REQUIRED EVACUATION LTA (1-3 days) LTA (>3 days) RW/JT (1-3 days) RW/JT (>3 days) FATALITY Other Injury X POLLUTION FIRE EXPLOSION LWC HISTORIC BLOWOUT UNDERGROUND SURFACE DEVERTER SURFACE EQUIPMENT FAILURE OR COLLISION HISTORIC >$25K DEPARTMENT OF THE INTERIOR ENVIRONMENTAL ENFORCEMENT MEXICO REGION INVESTIGATION REPORT STRUCTURAL DAMAGE CRANE OTHER LIFTING DAMAGED/DISABLED SAFETY SYS. X INCIDENT >$25K Estimated $1,000,000 H2S/15MIN./20PPM REQUIRED MUSTER SHUTDOWN FROM GAS RELEASE X OTHER List of damages in remarks.",REPRESENTATIVE/SUPERVISOR PRODUCTION TEMP ABAND DRILLING PERM ABAND X WORKOVER DECOM PIPELINE COMPLETION DECOM FACILITY 28.61875602 HELICOPTER SITE CLEARANCE -88.02607444 MOTOR VESSEL PIPELINE SEGMENT NO. OTHER (DOCD/POD),EQUIPMENT FAILURE HUMAN ERROR EXTERNAL DAMAGE CONTRACTOR SLIP/TRIP/FALL X WEATHER RELATED LEAK UPSET H2O TREATING OVERBOARD DRILLING FLUID OTHER,7164 FT.,"NATURE OF DAMAGE: - LMRP Mandrel/Connector, Rubber goods, BOP - General parts replacement and sheared control fluid, misc. parts (ring gaskets, drill pipe drag across LMRP connector upon etc.) EDS. - MPD Bearing - 6-5/8 in pipe and MPD bearing fell on the drill shack protective barrier - Metal protective barrier around drill shack ESTIMATED AMOUNT (TOTAL): $1,000,000",,"1) G-113 - 30 CFR 250.132 (W) During the on-site investigation on 3/6/2024 for the EDS event neither Shell or Transocean representatives revealed during interviews that the MPD bearing and three joints of 6 5/8’’ pipe fell on top the drill shack damaging the metal guard on top and the front. This information was revealed while performing an inspection on 6/24/2024 when asked how the metal guard on the drill shack got damaged. 2) G 131- 30 CFR 250.188 (W) The District Manager was not notified with a written statement within 15 days of the incident that resulted in damages greater than $25,000 when the three joints of drill pipe and MPD weighing approximately 13,000 pounds fell on top of the drill shack during the EDS event. The damages included the metal guard on top and front of the drill shack, MPD bearing and 6 5/8” drill pipe.",,Shell Offshore Inc. REPRESENTATIVE: TELEPHONE: CONTRACTOR: Transocean Offshore REPRESENTATIVE: TELEPHONE:,C,ok,,a22ea35463600fbd75ddb809a9ec431033bbaeae2aff58c24145ee249b851189
MC-520-20230607-1100,EXPLORATION(POE) X DEVELOPMENT/PRODUCTION (DOCD/POD),INJURIES: HISTORIC INJURY OPERATOR REQUIRED EVACUATION LTA (1-3 days) LTA (>3 days) RW/JT (1-3 days) RW/JT (>3 days) FATALITY Other Injury POLLUTION FIRE EXPLOSION LWC HISTORIC BLOWOUT UNDERGROUND SURFACE DEVERTER SURFACE EQUIPMENT FAILURE OR COLLISION HISTORIC >$25K DEPARTMENT OF THE INTERIOR ENVIRONMENTAL ENFORCEMENT OF MEXICO REGION INVESTIGATION REPORT STRUCTURAL DAMAGE CRANE OTHER LIFTING X Elevators Inc. DAMAGED/DISABLED SAFETY SYS. INCIDENT >$25K H2S/15MIN./20PPM REQUIRED MUSTER SHUTDOWN FROM GAS RELEASE OTHER,REPRESENTATIVE/SUPERVISOR PRODUCTION DRILLING X WORKOVER COMPLETION HELICOPTER MOTOR VESSEL PIPELINE SEGMENT NO. DECOMMISSIONING PA PIPELINE SITE CLEARANCE TA PLATFORM OTHER,EQUIPMENT FAILURE X HUMAN ERROR EXTERNAL DAMAGE CONTRACTOR SLIP/TRIP/FALL WEATHER RELATED LEAK UPSET H2O TREATING OVERBOARD DRILLING FLUID X OTHER Supervision,6688 FT.,NATURE OF DAMAGE: 2 Hoses and Portable Ladder Hoses and portable ladder were broken. ESTIMATED AMOUNT (TOTAL): $500,YES,"G110 S 30 CFR 250.107 DOES THE LESSEE PERFORM ALL OPERATIONS IN A SAFE AND WORKMANLIKE MANNER AND PROVIDE FOR THE PRESERVATION AND CONSERVATION OF PROPERTY AND THE ENVIRONMENT? During the investigation it was discovered that there were guidelines and procedures not being followed by the Driller or Assistant Driller and a checklist that was not filled out by the Driller or Assistant Driller. Due to the Driller and Assistant Driller not following the guidelines, procedures and not filling out the checklist, the incorrect inserts were used in the elevators which resulted in dropping the 43’ cleanout assembly 40’ onto the pipe skate. There was one floorhand in the red zone at the time of the incident. 1) Drill Pipe Elevators Guideline (5.1.4.8.a) “Develop a specific procedure for inspecting elevators prior to use. Designate the Assistant Driller as the responsible person to carry out the checks. These checks are to be verified by the Driller. Procedures will include positive checks, i.e., actual measurements, which override any temporary marks on equipment. 2) Change Inserts in Elevators Procedure (SSP180-DRL-13)” Driller or Assistant Driller will verify the correct size inserts are installed and safety cables are in good condition. 3) Elevator Pre-Use Checklist (ref# CHKL/001) was not filled out for this operation. INC corrected before end of inspection on 6/7/2023",,BP Exploration & Production REPRESENTATIVE: TELEPHONE: CONTRACTOR: REPRESENTATIVE: TELEPHONE:,C,ok,,0757e28551f297c8c6332ee93e6da3bb7dcfc0a5a4ce841452dfc0f1dad53f58
MC-759-20260220-1246,EXPLORATION(POE) X DECOMMISSIONING,INJURIES: HISTORIC INJURY OPERATOR REQUIRED EVACUATION LTA (1-3 days) LTA (>3 days) RW/JT (1-3 days) RW/JT (>3 days) FATALITY Other Injury POLLUTION FIRE EXPLOSION LWC HISTORIC BLOWOUT UNDERGROUND SURFACE DEVERTER SURFACE EQUIPMENT FAILURE OR COLLISION HISTORIC >$25K DEPARTMENT OF THE INTERIOR ADMINISTRATION AMERICA REGION INVESTIGATION REPORT STRUCTURAL DAMAGE CRANE OTHER LIFTING X DAMAGED/DISABLED SAFETY SYS. ROV X INCIDENT >$25K ROV & assoc umbilical H2S/15MIN./20PPM REQUIRED MUSTER SHUTDOWN FROM GAS RELEASE OTHER,REPRESENTATIVE/SUPERVISOR PRODUCTION TEMP ABAND DRILLING PERM ABAND WORKOVER DECOM PIPELINE X COMPLETION DECOM FACILITY HELICOPTER SITE CLEARANCE MOTOR VESSEL PIPELINE SEGMENT NO. OTHER DEVELOPMENT/PRODUCTION(DOCD/POD),X EQUIPMENT FAILURE HUMAN ERROR EXTERNAL DAMAGE CONTRACTOR SLIP/TRIP/FALL WEATHER RELATED LEAK UPSET H2O TREATING OVERBOARD DRILLING FLUID OTHER,3533 FT.,"NATURE OF DAMAGE: ROV, ROV Umbilical reel, Umbilical Winch Mechanical Winch damage, ROV/Cable Uncontrolled decent to sea floor. ESTIMATED AMOUNT (TOTAL): $3,500,000",NO,,ACCIDENT CLASSIFICATION: 28.,"Beacon Growthco Operating Company REPRESENTATIVE: TELEPHONE: CONTRACTOR: Oceaneering International, Inc. REPRESENTATIVE: TELEPHONE:",C,ok,,8d7c767c5ae3d2f5a0c15eb71a1ba271d906df141b09dfad210062a5393df85b
MO-916-20231122-1130,EXPLORATION(POE) X DEVELOPMENT/PRODUCTION (DOCD/POD),INJURIES: HISTORIC INJURY OPERATOR REQUIRED EVACUATION 0 X LTA (1-3 days) LTA (>3 days) 0 X RW/JT (1-3 days) RW/JT (>3 days) FATALITY Other Injury POLLUTION FIRE EXPLOSION LWC HISTORIC BLOWOUT UNDERGROUND SURFACE DEVERTER SURFACE EQUIPMENT FAILURE OR COLLISION HISTORIC >$25K DEPARTMENT OF THE INTERIOR ENVIRONMENTAL ENFORCEMENT OF MEXICO REGION INVESTIGATION REPORT STRUCTURAL DAMAGE CRANE OTHER LIFTING DAMAGED/DISABLED SAFETY SYS. INCIDENT >$25K H2S/15MIN./20PPM REQUIRED MUSTER SHUTDOWN FROM GAS RELEASE OTHER,REPRESENTATIVE/SUPERVISOR X PRODUCTION DRILLING WORKOVER COMPLETION HELICOPTER MOTOR VESSEL PIPELINE SEGMENT NO. DECOMMISSIONING PA PIPELINE SITE CLEARANCE TA PLATFORM OTHER Construction X,EQUIPMENT FAILURE X HUMAN ERROR EXTERNAL DAMAGE CONTRACTOR SLIP/TRIP/FALL 1 WEATHER RELATED LEAK 1 UPSET H2O TREATING OVERBOARD DRILLING FLUID OTHER,61 FT.,NATURE OF DAMAGE: ESTIMATED AMOUNT (TOTAL):,23. POSSIBLE OCS VIOLATIONS RELATED,24. SPECIFY VIOLATIONS DIRECTLY OR,26. Investigation Team Nathan Bradley /,"Cox Operating, L.L.C. REPRESENTATIVE: TELEPHONE: CONTRACTOR: REPRESENTATIVE: TELEPHONE:",C,ok,,e5387585a4cbc22c0d59f07d6d864ec8c8bc8c78445ff8d42283d1a45a94daf6
MU-20260517-1515,EXPLORATION(POE) X DECOMMISSIONING,INJURIES: HISTORIC INJURY OPERATOR REQUIRED EVACUATION LTA (1-3 days) LTA (>3 days) RW/JT (1-3 days) RW/JT (>3 days) FATALITY Other Injury POLLUTION FIRE EXPLOSION LWC HISTORIC BLOWOUT UNDERGROUND SURFACE DEVERTER SURFACE EQUIPMENT FAILURE OR COLLISION HISTORIC >$25K DEPARTMENT OF THE INTERIOR MINERALS ADMINISTRATION AMERICA REGION INVESTIGATION REPORT STRUCTURAL DAMAGE X CRANE OTHER LIFTING DAMAGED/DISABLED SAFETY SYS. INCIDENT >$25K H2S/15MIN./20PPM REQUIRED MUSTER SHUTDOWN FROM GAS RELEASE OTHER,REPRESENTATIVE/SUPERVISOR PRODUCTION TEMP ABAND DRILLING PERM ABAND X WORKOVER DECOM PIPELINE COMPLETION DECOM FACILITY HELICOPTER SITE CLEARANCE MOTOR VESSEL PIPELINE SEGMENT NO. OTHER DEVELOPMENT/PRODUCTION(DOCD/POD),EQUIPMENT FAILURE X HUMAN ERROR X EXTERNAL DAMAGE CONTRACTOR SLIP/TRIP/FALL WEATHER RELATED LEAK UPSET H2O TREATING OVERBOARD DRILLING FLUID OTHER,260 FT.,"NATURE OF DAMAGE: Temporary Crane's Auxillary line. Temporary Cran's Auxillary line parted due to overload condition. ESTIMATED AMOUNT (TOTAL): $5,000",NO,None.,,"Talos Energy Ventures, LLC REPRESENTATIVE: TELEPHONE: CONTRACTOR: White Fleet Abandonment, LLC REPRESENTATIVE: TELEPHONE:",C,ok,,e383242814dc4be7fc1bc4cf73a990339682a614fb66be822d622aeff6cf25da
SP-49-20250730-1310,EXPLORATION(POE) DEVELOPMENT/PRODUCTION X DECOMMISSIONING,INJURIES: HISTORIC INJURY OPERATOR REQUIRED EVACUATION 0 X LTA (1-3 days) LTA (>3 days) 0 X RW/JT (1-3 days) RW/JT (>3 days) FATALITY Other Injury POLLUTION FIRE EXPLOSION LWC HISTORIC BLOWOUT UNDERGROUND SURFACE DEVERTER SURFACE EQUIPMENT FAILURE OR COLLISION HISTORIC >$25K DEPARTMENT OF THE INTERIOR ENVIRONMENTAL ENFORCEMENT AMERICA REGION INVESTIGATION REPORT STRUCTURAL DAMAGE CRANE OTHER LIFTING DAMAGED/DISABLED SAFETY SYS. INCIDENT >$25K H2S/15MIN./20PPM REQUIRED MUSTER SHUTDOWN FROM GAS RELEASE OTHER,REPRESENTATIVE/SUPERVISOR PRODUCTION TEMP ABAND DRILLING PERM ABAND X WORKOVER DECOM PIPELINE COMPLETION DECOM FACILITY HELICOPTER X SITE CLEARANCE MOTOR VESSEL PIPELINE SEGMENT NO. OTHER (DOCD/POD),EQUIPMENT FAILURE X HUMAN ERROR EXTERNAL DAMAGE CONTRACTOR SLIP/TRIP/FALL 1 WEATHER RELATED LEAK 1 UPSET H2O TREATING OVERBOARD DRILLING FLUID OTHER,400 FT.,NATURE OF DAMAGE: No damage to equipment. ESTIMATED AMOUNT (TOTAL): $,,"G110 – 30 CFR 250.107 (C) The operator failed to implement and enforce its service providers established “no-hands” policy. Crew members were not trained or made aware of the policy requirements, and hands- free tools were not provided until after the incident. The required permit process for manual tool handling was not followed. The operator allowed the cutter to be placed in a confined basket with other tools, creating restricted access and increasing the likely hood of manual handling in the absence of an approved device. The operator failed to conduct a task-specific pre-job safety meeting and risk assessment to identify the hazard of the bowls slipping past the centralizer. These deficiencies, culminating with the injury and dismemberment of a contract employee, constitute a violation of recognized safe work practices and demonstrate noncompliance with the code of federal regulation.",,"W & T Offshore, Inc. REPRESENTATIVE: TELEPHONE: CONTRACTOR: Supreme Services, Inc. REPRESENTATIVE: TELEPHONE:",C,ok,,42850893615e41e1d65fdaf0c44b95dc4caf9fbd68d7133e546c8319046d8631
VK-817-20250816-0530,EXPLORATION(POE) X DECOMMISSIONING,INJURIES: HISTORIC INJURY OPERATOR REQUIRED EVACUATION LTA (1-3 days) LTA (>3 days) RW/JT (1-3 days) RW/JT (>3 days) FATALITY Other Injury POLLUTION FIRE EXPLOSION LWC HISTORIC BLOWOUT UNDERGROUND SURFACE DEVERTER SURFACE EQUIPMENT FAILURE OR COLLISION HISTORIC X >$25K DEPARTMENT OF THE INTERIOR AND ENVIRONMENTAL ENFORCEMENT OF AMERICA REGION INVESTIGATION REPORT X STRUCTURAL DAMAGE CRANE HOURS OTHER LIFTING L.L.C. DAMAGED/DISABLED SAFETY SYS. X INCIDENT >$25K Allision H2S/15MIN./20PPM REQUIRED MUSTER SHUTDOWN FROM GAS RELEASE X OTHER Allision,REPRESENTATIVE/SUPERVISOR X PRODUCTION TEMP ABAND DRILLING PERM ABAND WORKOVER DECOM PIPELINE COMPLETION DECOM FACILITY 29.16740033 HELICOPTER SITE CLEARANCE -88.45586715 X MOTOR VESSEL PIPELINE SEGMENT NO. OTHER DEVELOPMENT/PRODUCTION(DOCD/POD),X EQUIPMENT FAILURE X HUMAN ERROR EXTERNAL DAMAGE CONTRACTOR SLIP/TRIP/FALL WEATHER RELATED LEAK UPSET H2O TREATING OVERBOARD DRILLING FLUID OTHER,673 FT.,"NATURE OF DAMAGE: Cost estimate: platform $4.45 million and Caused by allision by the M/V Dry Tortugas the M/V $500,000. ESTIMATED AMOUNT (TOTAL): $4,950,000",NO,,,"High Point Gas Gathering, REPRESENTATIVE: TELEPHONE: CONTRACTOR: REPRESENTATIVE: TELEPHONE:",C,ok,,40b1b3080cef9d78339a305c4b6ee73d531c8bc70ac126fae5ca01b94e04a118
VK-989-20241202-0830,EXPLORATION(POE) X DEVELOPMENT/PRODUCTION DECOMMISSIONING,INJURIES: HISTORIC INJURY OPERATOR REQUIRED EVACUATION LTA (1-3 days) LTA (>3 days) RW/JT (1-3 days) RW/JT (>3 days) FATALITY Other Injury POLLUTION FIRE EXPLOSION LWC HISTORIC BLOWOUT UNDERGROUND SURFACE DEVERTER SURFACE EQUIPMENT FAILURE OR COLLISION HISTORIC >$25K DEPARTMENT OF THE INTERIOR ENVIRONMENTAL ENFORCEMENT AMERICA REGION INVESTIGATION REPORT STRUCTURAL DAMAGE CRANE OTHER LIFTING DAMAGED/DISABLED SAFETY SYS. X INCIDENT >$25K Repair to segment 10688 H2S/15MIN./20PPM REQUIRED MUSTER X SHUTDOWN FROM GAS RELEASE OTHER,REPRESENTATIVE/SUPERVISOR X PRODUCTION TEMP ABAND DRILLING PERM ABAND WORKOVER DECOM PIPELINE COMPLETION DECOM FACILITY 28.97303233 HELICOPTER SITE CLEARANCE -88.62598209 MOTOR VESSEL X PIPELINE SEGMENT NO. 10688 OTHER (DOCD/POD),X EQUIPMENT FAILURE HUMAN ERROR EXTERNAL DAMAGE CONTRACTOR SLIP/TRIP/FALL WEATHER RELATED X LEAK UPSET H2O TREATING OVERBOARD DRILLING FLUID OTHER,1290 FT.,"NATURE OF DAMAGE: Leaking subsea pipeline segment ESTIMATED AMOUNT (TOTAL): $5,000,000",NO,,ACCIDENT CLASSIFICATION: 28.,Talos Petroleum LLC REPRESENTATIVE: TELEPHONE: CONTRACTOR: REPRESENTATIVE: TELEPHONE:,C,ok,,9998860fc8b20d535be1af523f682a8b2e8071a911a054f6d36a684176dfdc47
VK-989-20260108-0845,EXPLORATION(POE) X DECOMMISSIONING,INJURIES: HISTORIC INJURY OPERATOR REQUIRED EVACUATION LTA (1-3 days) LTA (>3 days) RW/JT (1-3 days) RW/JT (>3 days) FATALITY Other Injury POLLUTION X FIRE EXPLOSION LWC HISTORIC BLOWOUT UNDERGROUND SURFACE DEVERTER SURFACE EQUIPMENT FAILURE OR COLLISION HISTORIC >$25K DEPARTMENT OF THE INTERIOR AND ENVIRONMENTAL ENFORCEMENT OF AMERICA REGION INVESTIGATION REPORT STRUCTURAL DAMAGE CRANE HOURS OTHER LIFTING DAMAGED/DISABLED SAFETY SYS. INCIDENT >$25K H2S/15MIN./20PPM Contracto REQUIRED MUSTER SHUTDOWN FROM GAS RELEASE OTHER,REPRESENTATIVE/SUPERVISOR X PRODUCTION TEMP ABAND DRILLING PERM ABAND WORKOVER DECOM PIPELINE COMPLETION DECOM FACILITY 28.97303233 HELICOPTER SITE CLEARANCE -88.62598209 MOTOR VESSEL PIPELINE SEGMENT NO. OTHER DEVELOPMENT/PRODUCTION(DOCD/POD),EQUIPMENT FAILURE X HUMAN ERROR EXTERNAL DAMAGE CONTRACTOR SLIP/TRIP/FALL WEATHER RELATED LEAK UPSET H2O TREATING OVERBOARD DRILLING FLUID X OTHER MANAGEMENT SYSTEMS,1290 FT.,"NATURE OF DAMAGE: CLX cable Cut/ damaged ESTIMATED AMOUNT (TOTAL): $2,600",NO,,,Talos Petroleum LLC REPRESENTATIVE: TELEPHONE: CONTRACTOR: Danos & Curole Marine REPRESENTATIVE: TELEPHONE:,C,ok,,2ccbdb17b6059a23428b27b5a0853965cdef42572e2dc71a943231aa8eb34316
WR-425-20260411-0345,EXPLORATION(POE) X DECOMMISSIONING,INJURIES: HISTORIC INJURY OPERATOR REQUIRED EVACUATION 0 X LTA (1-3 days) LTA (>3 days) RW/JT (1-3 days) X RW/JT (>3 days) 0 FATALITY Other Injury POLLUTION FIRE EXPLOSION LWC HISTORIC BLOWOUT UNDERGROUND SURFACE DEVERTER SURFACE EQUIPMENT FAILURE OR COLLISION HISTORIC >$25K DEPARTMENT OF THE INTERIOR ENVIRONMENTAL ENFORCEMENT AMERICA REGION INVESTIGATION REPORT STRUCTURAL DAMAGE X CRANE OTHER LIFTING C DAMAGED/DISABLED SAFETY SYS. INCIDENT >$25K H2S/15MIN./20PPM REQUIRED MUSTER SHUTDOWN FROM GAS RELEASE OTHER,REPRESENTATIVE/SUPERVISOR PRODUCTION TEMP ABAND DRILLING PERM ABAND X WORKOVER DECOM PIPELINE COMPLETION DECOM FACILITY HELICOPTER SITE CLEARANCE MOTOR VESSEL PIPELINE SEGMENT NO. OTHER PACIFIC SHARAV) DEVELOPMENT/PRODUCTION(DOCD/POD),EQUIPMENT FAILURE HUMAN ERROR EXTERNAL DAMAGE CONTRACTOR SLIP/TRIP/FALL 1 WEATHER RELATED LEAK UPSET H2O TREATING OVERBOARD DRILLING FLUID 1 OTHER,8820 FT.,NATURE OF DAMAGE: N/A N/A ESTIMATED AMOUNT (TOTAL):,NO,N/A,,Murphy Exploration & Production REPRESENTATIVE: TELEPHONE: CONTRACTOR: NOBLE DRILLING CORPORATION REPRESENTATIVE: TELEPHONE:,C,ok,,b891fe74aa1dad129c24ab54593a8b4bd6ca1ec962ba1a3cff9dfa41d6c43ee2
MC-778-20220606-1030,EXPLORATION(POE) X DEVELOPMENT/PRODUCTION (DOCD/POD),INJURIES: HISTORIC INJURY OPERATOR REQUIRED EVACUATION LTA (1-3 days) LTA (>3 days) RW/JT (1-3 days) RW/JT (>3 days) FATALITY Other Injury X POLLUTION FIRE EXPLOSION LWC HISTORIC BLOWOUT UNDERGROUND SURFACE DEVERTER SURFACE EQUIPMENT FAILURE OR COLLISION HISTORIC >$25K DEPARTMENT OF THE INTERIOR ENVIRONMENTAL ENFORCEMENT MEXICO REGION INVESTIGATION REPORT STRUCTURAL DAMAGE CRANE OTHER LIFTING DAMAGED/DISABLED SAFETY SYS. INCIDENT >$25K H2S/15MIN./20PPM REQUIRED MUSTER SHUTDOWN FROM GAS RELEASE X OTHER Subsea Leak REPRESENTATIVE/SUPERVISOR,X PRODUCTION DRILLING WORKOVER 28.19060986 COMPLETION -88.49558496 HELICOPTER MOTOR VESSEL PIPELINE SEGMENT NO. OTHER,X EQUIPMENT FAILURE HUMAN ERROR EXTERNAL DAMAGE CONTRACTOR SLIP/TRIP/FALL WEATHER RELATED X LEAK UPSET H2O TREATING OVERBOARD DRILLING FLUID OTHER,6200 FT.,NATURE OF DAMAGE: The Slot 47/MC822-3/TD004 Subsea well SCSSV piston rod seal. ESTIMATED AMOUNT (TOTAL):,YES,E100 (C) - 30 CFR 250.107(a) - Operator failed to stop the unauthorized discharge of hydraulic fluid from the SCSSV of the Slot 47/MC822-3/TD004 Subsea well.,ACCIDENT CLASSIFICATION: 28.,BP Exploration & Production Inc. REPRESENTATIVE: TELEPHONE: CONTRACTOR: REPRESENTATIVE: TELEPHONE:,C,ok,,6cecf8f0a5c010ad1976d601a722938cc4b8161ce86c6aa1d20dfc471ccfe4e7
ST-26-20210314-1050,EXPLORATION(POE) X DEVELOPMENT/PRODUCTION (DOCD/POD),INJURIES: HISTORIC INJURY OPERATOR REQUIRED EVACUATION LTA (1-3 days) LTA (>3 days) RW/JT (1-3 days) RW/JT (>3 days) FATALITY Other Injury POLLUTION FIRE EXPLOSION LWC HISTORIC BLOWOUT UNDERGROUND SURFACE DEVERTER SURFACE EQUIPMENT FAILURE OR COLLISION HISTORIC >$25K DEPARTMENT OF THE INTERIOR ENVIRONMENTAL ENFORCEMENT OF MEXICO REGION INVESTIGATION REPORT STRUCTURAL DAMAGE X CRANE OTHER LIFTING DAMAGED/DISABLED SAFETY SYS. INCIDENT >$25K H2S/15MIN./20PPM REQUIRED MUSTER SHUTDOWN FROM GAS RELEASE OTHER REPRESENTATIVE/SUPERVISOR,X PRODUCTION DRILLING WORKOVER COMPLETION HELICOPTER MOTOR VESSEL PIPELINE SEGMENT NO. OTHER,EQUIPMENT FAILURE X HUMAN ERROR EXTERNAL DAMAGE CONTRACTOR SLIP/TRIP/FALL WEATHER RELATED LEAK UPSET H2O TREATING OVERBOARD DRILLING FLUID OTHER,53 FT.,NATURE OF DAMAGE: Crane Aux Line Cable High strain on crane aux cable ESTIMATED AMOUNT (TOTAL):,NO,N/A,,"Cox Operating, L.L.C. REPRESENTATIVE: TELEPHONE: CONTRACTOR: REPRESENTATIVE: TELEPHONE:",C,ok,,aecc68513403334f22cc48958df81eeebe3ae86d70846e08598e2bf1e02bc9cf
UNKEYED-e77e68db3fe0,,[] HISTORIC INJURY REQUIRED EVACUATION LTA (1-3 days) LTA (>3 days RW/JT (1-3 days) RW/JT (>3 days) Other Injury FATALITY ~ P OLLUTION FIRE EXPLOSION ~ LWC H ISTORIC BLOWOUT UNDERGROUND SURFACE DEVERTER SURFACE EQUIPMENT FAILURE OR D D COLLISION 0 HISTORIC >$25K DEPARTMENT OF THE INTERIOR ENVIRONMENTAL ENFORCEMENT MEXICO REGION INVESTIGATION REPORT STRUCTURAL DAMAGE CRANE X OTHER LIFTING DEVICE HTV Pipe Handler DAMAGED/DISABLED SAFETY SYS. x See Item 21 INCIDENT >$25K H2S / 15MIN. /20PPM REQUIRED MUSTER SHUTDOWN FROM GAS RELEASE OTHER REPRESENTATIVE/SUPERVISOR 6. OPERATION: PRODUCTION X DRILLING WORKOVER COMPLETION HELICOPTER MOTOR VESSEL PIPELINE SEGMENT NO. OTHER 8. CAUSE: X EQUIPMENT FAILURE HUMAN ERROR EXTERNAL DAMAGE SLIP/TRIP/FALL WEATHER RELATED LEAK UPSET H20 TREATING OVERBOARD DRILLING FLUID OTHER 9. WATER DEPTH: 8391 FT. 10. DISTANCE FROM SHORE: 110 MI. NE 11. WIND DIRECTION: 12 SPEED: M.P.H. 12. CURRENT DIRECTION: W SPEED: 0 M.P.H. PROCEDURES <=$25K 0 13. SEA STATE: FT.,,,,"NATURE OF DAMAGE: HTV Pipe racker, Fox Hole Cover, One Structural and Cosmetic Joint of 6 5/8"" Drill Pipe. >$25,000 ESTIMATED AMOUNT (TOTAL): 22. RECOMMENDATIONS TO PREVENT The BSEE New Orleans District makes",23. POSSIBLE OCS VIOLATIONS RELATED TO,24. SPECIFY VIOLATIONS DIRECTLY OR,­,Marathon Oil Company REPRESENTATIVE: TELEPHONE: CONTRACTOR: Ensco Offshore Co. REPRESENTATIVE: TELEPHONE: 3. OPERATOR/CONTRACTOR ON SITE AT TIME OF INCIDENT:,A,ok,,e77e68db3fe05d1216e0aa6a2a3ae18d352a94077767517723cb4a63e9727197
EB-160-20151201-2200,EXPLORATION(POE) X DEVELOPMENT/PRODUCTION (DOCD/POD),"HISTORIC INJURY REQUIRED EVACUATION LTA (1-3 days) LTA (>3 days RW/JT (1-3 days) RW/JT (>3 days) Other Injury FATALITY POLLUTION FIRE EXPLOSION LWC HISTORIC BLOWOUT UNDERGROUND SURFACE DEVERTER SURFACE EQUIPMENT FAILURE OR COLLISION HISTORIC >$25K DEPARTMENT OF THE INTERIOR ENVIRONMENTAL ENFORCEMENT MEXICO REGION INVESTIGATION REPORT STRUCTURAL DAMAGE X CRANE OTHER LIFTING DEVICE DAMAGED/DISABLED SAFETY SYS. X INCIDENT >$25K $160,000.00 H2S/15MIN./20PPM REQUIRED MUSTER SHUTDOWN FROM GAS RELEASE OTHER REPRESENTATIVE/SUPERVISOR 6. OPERATION: PRODUCTION DRILLING WORKOVER COMPLETION HELICOPTER MOTOR VESSEL PIPELINE SEGMENT NO. X OTHER Decom. Plug and Abandom 8. CAUSE: EQUIPMENT FAILURE X HUMAN ERROR EXTERNAL DAMAGE SLIP/TRIP/FALL WEATHER RELATED LEAK UPSET H2O TREATING OVERBOARD DRILLING FLUID OTHER 9. WATER DEPTH: 935 FT. 10. DISTANCE FROM SHORE: 87 MI. 11. WIND DIRECTION: NE SPEED: 15 M.P.H. 12. CURRENT DIRECTION: E SPEED: 2 M.P.H. PROCEDURES <=$25K 13. SEA STATE: 3 FT.",,,,"NATURE OF DAMAGE: Severe damage to the platform's crane All damaged property require repairs or including 110 foot boom, jib, both load replacement. and auxiliary wire ropes, load block, pendant lines, and load indicator system. Damage to hydraulic jack system was minor. ESTIMATED AMOUNT (TOTAL): $160,000",YES,G-110(S) Shock loading crane and collapsing boom. Platform ESD not immediately activated. G-110(C) Failed to mitigate release of stored energy. I-102(C) Failed to ensure load is free to be lifted. Note: See Attachments for Incident(s) of Noncompliance and photos.,,Fieldwood SD Offshore LLC REPRESENTATIVE: TELEPHONE: CONTRACTOR: REPRESENTATIVE: TELEPHONE:,B,ok,,445d0fa779bd90abed5f9744bc4734d4ed87a62910523c910527c39cbd0496cc
EB-160-20160205-0640,EXPLORATION(POE) X DEVELOPMENT/PRODUCTION (DOCD/POD),HISTORIC INJURY REQUIRED EVACUATION LTA (1-3 days) LTA (>3 days RW/JT (1-3 days) RW/JT (>3 days) Other Injury FATALITY POLLUTION FIRE EXPLOSION LWC HISTORIC BLOWOUT UNDERGROUND SURFACE DEVERTER SURFACE EQUIPMENT FAILURE OR COLLISION HISTORIC >$25K DEPARTMENT OF THE INTERIOR ENVIRONMENTAL ENFORCEMENT MEXICO REGION INVESTIGATION REPORT STRUCTURAL DAMAGE X CRANE OTHER LIFTING DEVICE DAMAGED/DISABLED SAFETY SYS. INCIDENT >$25K H2S/15MIN./20PPM REQUIRED MUSTER SHUTDOWN FROM GAS RELEASE OTHER REPRESENTATIVE/SUPERVISOR 6. OPERATION: PRODUCTION DRILLING WORKOVER COMPLETION HELICOPTER MOTOR VESSEL PIPELINE SEGMENT NO. X OTHER Decommissioning P&A 8. CAUSE: EQUIPMENT FAILURE X HUMAN ERROR EXTERNAL DAMAGE SLIP/TRIP/FALL WEATHER RELATED LEAK UPSET H2O TREATING OVERBOARD DRILLING FLUID OTHER 9. WATER DEPTH: 935 FT. 10. DISTANCE FROM SHORE: 87 MI. 11. WIND DIRECTION: NE SPEED: 5 M.P.H. 12. CURRENT DIRECTION: N SPEED: 2 M.P.H. PROCEDURES <=$25K 13. SEA STATE: FT.,,,,"NATURE OF DAMAGE: Wedge socket, load cell, ball, hook Parting of the auxiliary line. ESTIMATED AMOUNT (TOTAL): $1,648",YES,"On February 5, 2016, the Crane Operator was performing his daily pre-use on the temporary crane that had been installed. While checking the anti-two block safety system (Cranesmart) for the main block the system failed to deactivate. The Crane Mechanic onboard the platform advised the Crane Operator to lower the boom to see if the system's activation signal would clear. By putting the Cranesmart in bypass, the boom descended and while being lowered, the auxiliary wedge socket assembly and ball and hook made contact with the boom tip causing the load cell, ball and hook to fall into the Gulf of Mexico. At the time of the investigation, it was found the lessee failed to perform all operations in a safe and workmanlike manner and provide for the preservation and conservation of property and the environment in the following way: 1. Lessee failed to ensure platform personnel operated the temporary crane safely to prevent damage to equipment. 2. Crane Operator failed to ensure the auxiliary line was played out so the wedge socket and ball would not come in contact with the boom tip while lowering the crane boom. This caused the auxiliary line to part, dropping the swedge socket, load cell, ball and hook into the Gulf of Mexico.",,Fieldwood SD Offshore LLC REPRESENTATIVE: TELEPHONE: CONTRACTOR: Fluid Crane and Construction REPRESENTATIVE: TELEPHONE:,B,ok,,7e6bbc1bf2fcaa2b933acf378f40aff4e81fcff52b56d8836c708525359f2b3b
EB-160-20191209-0700,EXPLORATION(POE) X DEVELOPMENT/PRODUCTION (DOCD/POD),INJURIES: HISTORIC INJURY OPERATOR REQUIRED EVACUATION LTA (1-3 days) LTA (>3 days) RW/JT (1-3 days) RW/JT (>3 days) FATALITY Other Injury POLLUTION FIRE EXPLOSION LWC HISTORIC BLOWOUT UNDERGROUND SURFACE DEVERTER SURFACE EQUIPMENT FAILURE OR COLLISION HISTORIC >$25K DEPARTMENT OF THE INTERIOR ENVIRONMENTAL ENFORCEMENT OF MEXICO REGION INVESTIGATION REPORT STRUCTURAL DAMAGE X CRANE OTHER LIFTING DAMAGED/DISABLED SAFETY SYS. INCIDENT >$25K H2S/15MIN./20PPM REQUIRED MUSTER SHUTDOWN FROM GAS RELEASE OTHER REPRESENTATIVE/SUPERVISOR,PRODUCTION DRILLING WORKOVER COMPLETION HELICOPTER MOTOR VESSEL PIPELINE SEGMENT NO. X OTHER Plug & Abandonment,EQUIPMENT FAILURE X HUMAN ERROR EXTERNAL DAMAGE CONTRACTOR SLIP/TRIP/FALL WEATHER RELATED LEAK UPSET H2O TREATING OVERBOARD DRILLING FLUID OTHER,935 FT.,NATURE OF DAMAGE: None None ESTIMATED AMOUNT (TOTAL): $,YES PROPRIETARY,"G-110 (C) The Lessee failed to perform all operations in a safe and workmanlike manner and provide for the preservation and conservation of property and the environment in the following ways: 1. The Lessee failed to ensure all equipment was properly utilized and thoroughly inspected prior to use; such as: type of slips, condition of slips, condition of bowls, and condition of safety collar. a. The Job Safety Analysis (JSA) did not address proper inspection or maintenance of slips, bowls, and safety collar utilized during the operation. b. The Lessee failed to properly set the slips onto the work string in order to ensure the work string was secure and unable to fall down the wellbore. c. The Lessee utilized the same slips (DU-Regular) that failed to hold work string in order to down rig the crane from the work string. The Lessee later changed the slips out with DU-Long slips prior to resuming abandonment operations. d. While securing the load (work string) after the crane was shock loaded, personnel used a safety collar that had a missing die insert. 2. The Lessee failed to ensure the DU Regular slips were fully set in the bowls, which then allowed the work string to fall eight to ten feet, causing a shock load to the crane. The recoil of the shock load ejected the slips out onto the deck. 3. The Lessee failed to ensure the load was free to be lifted out of the hole as per API RP 2D B.3.2.3. The crane was pulling the work string due to the Bottom Hole Assembly (BHA) being caught on the milled casing window, which caused the load to not be free and clear to be lifted. 4. The Lessee failed to use the correct load chart at the time of the incident. The Crane Operator was utilizing the static load chart (onboard capacity)instead of the dynamic load chart (offboard capacity).",,Fieldwood SD Offshore LLC REPRESENTATIVE: TELEPHONE: CONTRACTOR: REPRESENTATIVE: TELEPHONE:,C,ok,,b8b004f629c62237341df6cb20101ab16263333fbffc90f491a6e5df14301583
EB-602-20220910-1630,EXPLORATION(POE) DEVELOPMENT/PRODUCTION (DOCD/POD),INJURIES: HISTORIC INJURY OPERATOR REQUIRED EVACUATION LTA (1-3 days) LTA (>3 days) 0 X RW/JT (1-3 days) RW/JT (>3 days) FATALITY Other Injury POLLUTION FIRE EXPLOSION LWC HISTORIC BLOWOUT UNDERGROUND SURFACE DEVERTER SURFACE EQUIPMENT FAILURE OR COLLISION HISTORIC >$25K DEPARTMENT OF THE INTERIOR ENVIRONMENTAL ENFORCEMENT OF MEXICO REGION INVESTIGATION REPORT STRUCTURAL DAMAGE CRANE OTHER LIFTING X Air Tugger Corporation DAMAGED/DISABLED SAFETY SYS. INCIDENT >$25K H2S/15MIN./20PPM REQUIRED MUSTER SHUTDOWN FROM GAS RELEASE OTHER REPRESENTATIVE/SUPERVISOR,PRODUCTION DRILLING X WORKOVER COMPLETION HELICOPTER MOTOR VESSEL PIPELINE SEGMENT NO. OTHER,EQUIPMENT FAILURE X HUMAN ERROR EXTERNAL DAMAGE CONTRACTOR SLIP/TRIP/FALL WEATHER RELATED LEAK 1 UPSET H2O TREATING OVERBOARD DRILLING FLUID OTHER,3681 FT.,NATURE OF DAMAGE: None N/A ESTIMATED AMOUNT (TOTAL):,YES,"G-112 C issued 30 CFR 250.107 THE LESSEE FAILED TO PROVIDE FOR THE SAFETY OF ALL PERSONNEL AND TAKE ALL NECESSARY PRECAUTIONS TO CORRECT AND REMOVE ANY HAZARDOUS OR OTHER HEALTH, SAFETY, OR FIRE HAZARDS. On 10 September 2022, at approximately 4:00 pm the Helix crew was removing the torpedo guide, during the removal the (IP) Injured Person suffered a right arm injury. The (JSA) Job Safety Analysis identified the hazard of the door swinging during install and removal. JSA stated ""maintain hand control on torpedo guide door”. The identified hazard was not controlled by the IP as stated in the JSA. IP’s hands were on the torpedo frame but were not on the torpedo frame door to prevent it from swinging open. IP’s arm was pinned between the swinging door and the torpedo guide frame resulting in injury, evacuation, and more than three days of lost time. Lessee must ensure personnel follow JSA's and/ or apply engineering controls to mitigate identified hazards and prevent incidents.",,Anadarko Petroleum REPRESENTATIVE: TELEPHONE: CONTRACTOR: Helix Energy Solutions REPRESENTATIVE: TELEPHONE:,C,ok,,ac1757c4eeab1fa90b4a474b22f313790fcd817d640d3de7830b350fd17c836d
EI-100-20140913-0900,EXPLORATION(POE) X DEVELOPMENT/PRODUCTION (DOCD/POD),HISTORIC INJURY 1 REQUIRED EVACUATION X LTA (1-3 days) 1 X LTA (>3 days RW/JT (1-3 days) RW/JT (>3 days) Other Injury FATALITY POLLUTION FIRE EXPLOSION LWC HISTORIC BLOWOUT UNDERGROUND SURFACE DEVERTER SURFACE EQUIPMENT FAILURE OR COLLISION HISTORIC >$25K DEPARTMENT OF THE INTERIOR ENVIRONMENTAL ENFORCEMENT MEXICO REGION INVESTIGATION REPORT STRUCTURAL DAMAGE CRANE OTHER LIFTING DEVICE DAMAGED/DISABLED SAFETY SYS. INCIDENT >$25K H2S/15MIN./20PPM REQUIRED MUSTER SHUTDOWN FROM GAS RELEASE OTHER REPRESENTATIVE/SUPERVISOR 6. OPERATION: PRODUCTION X DRILLING WORKOVER COMPLETION HELICOPTER MOTOR VESSEL PIPELINE SEGMENT NO. X OTHER Sandblasting 8. CAUSE: X EQUIPMENT FAILURE HUMAN ERROR EXTERNAL DAMAGE SLIP/TRIP/FALL WEATHER RELATED LEAK UPSET H2O TREATING OVERBOARD DRILLING FLUID OTHER 9. WATER DEPTH: 23 FT. 10. DISTANCE FROM SHORE: 16 MI. 11. WIND DIRECTION: SPEED: M.P.H. 12. CURRENT DIRECTION: SPEED: M.P.H. PROCEDURES <=$25K 13. SEA STATE: FT.,,,,NATURE OF DAMAGE: None ESTIMATED AMOUNT (TOTAL): 22. RECOMMENDATIONS TO PREVENT The BSEE Lafayette District office Management (OSM).,23. POSSIBLE OCS VIOLATIONS RELATED TO,24. SPECIFY VIOLATIONS DIRECTLY OR None,,"Arena Offshore, LP REPRESENTATIVE: TELEPHONE: CONTRACTOR: L & L Sandblasting REPRESENTATIVE: TELEPHONE:",B,ok,,b0ef4eb8bbeaf4a5692fd8a17c72e2d7e424eb073e0fce0499b22cfbaa70b2b0
EI-238-20200119-1400,EXPLORATION(POE) X DEVELOPMENT/PRODUCTION (DOCD/POD),INJURIES: HISTORIC INJURY OPERATOR REQUIRED EVACUATION 0 X LTA (1-3 days) LTA (>3 days) RW/JT (1-3 days) X RW/JT (>3 days) 0 FATALITY Other Injury POLLUTION FIRE EXPLOSION LWC HISTORIC BLOWOUT UNDERGROUND SURFACE DEVERTER SURFACE EQUIPMENT FAILURE OR COLLISION HISTORIC >$25K DEPARTMENT OF THE INTERIOR ENVIRONMENTAL ENFORCEMENT OF MEXICO REGION INVESTIGATION REPORT STRUCTURAL DAMAGE CRANE OTHER LIFTING DAMAGED/DISABLED SAFETY SYS. INCIDENT >$25K H2S/15MIN./20PPM REQUIRED MUSTER SHUTDOWN FROM GAS RELEASE OTHER REPRESENTATIVE/SUPERVISOR,X PRODUCTION DRILLING WORKOVER COMPLETION HELICOPTER MOTOR VESSEL PIPELINE SEGMENT NO. OTHER,EQUIPMENT FAILURE HUMAN ERROR EXTERNAL DAMAGE CONTRACTOR X SLIP/TRIP/FALL 1 WEATHER RELATED LEAK UPSET H2O TREATING OVERBOARD DRILLING FLUID 1 OTHER,127 FT.,NA NATURE OF DAMAGE:,NA,,,"Arena Offshore, LP REPRESENTATIVE: TELEPHONE: CONTRACTOR: Axis Compressor Services REPRESENTATIVE: TELEPHONE:",C,ok,,7172202687739559179dc1c8e14cc1ddee3e20cd1731c148a498a1b5fef3e2e4
EI-252-20200116-0530,EXPLORATION(POE) X DEVELOPMENT/PRODUCTION (DOCD/POD),INJURIES: HISTORIC INJURY OPERATOR REQUIRED Evacuation 0 X LTA (1-3 days) LTA (>3 days) RW/JT (1-3 days) X RW/JT (>3 days) 0 FATALITY Other Injury POLLUTION FIRE EXPLOSION LWC HISTORIC BLOWOUT UNDERGROUND SURFACE DIVERTER SURFACE EQUIPMENT FAILURE OR COLLISION HISTORIC >$25K DEPARTMENT OF THE INTERIOR AND ENVIRONMENTAL ENFORCEMENT OF MEXICO REGION INVESTIGATION REPORT STRUCTURAL DAMAGE X CRANE HOURS OTHER LIFTING DAMAGED/DISABLED SAFETY SYS. INCIDENT >$25K H2S/15MIN./20PPM REQUIRED MUSTER SHUTDOWN FROM GAS RELEASE OTHER REPRESENTATIVE/SUPERVISOR,PRODUCTION DRILLING WORKOVER COMPLETION HELICOPTER X MOTOR VESSEL PIPELINE SEGMENT NO. OTHER,EQUIPMENT FAILURE X HUMAN ERROR EXTERNAL DAMAGE CONTRACTOR SLIP/TRIP/FALL 1 WEATHER RELATED LEAK UPSET H2O TREATING OVERBOARD DRILLING FLUID 1 OTHER,150 FT.,N/A,YES,"On January 16, 2020, Arena Offshore, LP failed to perform operations in a safe and workmanlike manner as follows: A crane operator lowered a personnel basket containing a JSA requiring signature prior to work activity. The deckhand entered the personnel basket to retrieve the JSA. While the deckhand was in the basket, the crane operator stated he heard the command to “come up” on the radio and began lifting the personnel basket causing the deckhand to fall from the basket and hit the bit on the deck of the boat. According to personnel on the boat, there was no signal communicated by anyone from the boat to the crane operator to begin lifting the personnel basket. Also, during the BSEE onsite investigation, the crane operator stated he could not see the personnel basket or the deckhand prior to lifting the personnel basket. The deckhand sustained injuries that resulted in a lost time accident. As per the Job Safety Analysis, the deckhand was designated to give the hand signals to the crane operator. There was no mention of verbal communication on the Job Safety Analysis. At the time of the incident, the radios were set on an open marine channel.",,"Arena Offshore, LP REPRESENTATIVE:",C,ok,,f8c59061e4c7493303c31c7f52965ad4bf04e366b795be22cfca504aae123548
EW-921-20120817-1200,EXPLORATION(POE ) ~ DEVELOPMENT/PRODUCTION (DOCD/POD),[] HISTORIC INJURY REQUIRED EVACUATION LTA (1-3 days) LTA (>3 days RW/JT (1-3 days) RW/JT (>3 days) Other Injury FATALITY ~ POLLUTION FIRE EXPLOSION LWC ~ H ISTORIC BLOWOUT UNDERGROUND SURFACE DEVERTER SURFACE EQUIPMENT FAILURE OR D D COLLISION D HISTORIC >$25K DEPARTMENT OF THE INTERIOR ENVIRONMENTAL ENFORCEMENT MEXICO REGION INVESTIGATION REPORT STRUCTURAL DAMAGE CRANE OTHER LIFTING DEVICE DAMAGED/DISABLED SAFETY SYS. INCIDENT >$25K H2S / 15MIN. /20PPM REQUIRED MUSTER SHUTDOWN FROM GAS RELEASE OTHER REPRESENTATIVE/SUPERVISOR OPERATI ON: 6. PRODUCT ION X DRILLING WORKOVER COMPLETION HELI COPTER MOTOR VESSEL PIPELINE SEGMENT NO. OTHER 8. CAUSE : X EQU IPMENT FAILURE HUMAN ERROR EXTERNAL DAMAGE SLIP/TRIP/FALL WEATHER RELATED LEAK UPSET H20 TREATING OVERBOARD DRILLING FLUID OTHER 9. WATER DEPTH: 1700 FT. 10. DISTANCE FROM SHORE : 71 MI. 11. WIND DIRECTION: SW SPEED: 12 M.P.H. 12. CURRENT DIRECTION: E SPEED : M.P.H. 5 PROCEDURES <=$25K 13. SEA STATE: FT.,,,,NATURE OF DAMAGE: Pipeline pump Burned and inoperable. ESTIMATED AMOUNT (TOTAL): $200,NO,,,Eni US Operating Co. Inc. REPRESENTATIVE: TELEPHONE: CONTRACTOR: Wood Group Production Services REPRESENTATIVE: TELEPHONE:,B,ok,,0948a4ba368a58047116b3b1a6b6be30eed16a0a47f6489cf1105d5ebabb6da2
EW-873-20220303-0315,EXPLORATION(POE) X DEVELOPMENT/PRODUCTION (DOCD/POD),INJURIES: HISTORIC INJURY OPERATOR REQUIRED EVACUATION LTA (1-3 days) LTA (>3 days) RW/JT (1-3 days) RW/JT (>3 days) FATALITY Other Injury POLLUTION X FIRE EXPLOSION LWC HISTORIC BLOWOUT UNDERGROUND SURFACE DEVERTER SURFACE EQUIPMENT FAILURE OR COLLISION HISTORIC >$25K DEPARTMENT OF THE INTERIOR ENVIRONMENTAL ENFORCEMENT MEXICO REGION INVESTIGATION REPORT STRUCTURAL DAMAGE CRANE OTHER LIFTING DAMAGED/DISABLED SAFETY SYS. X INCIDENT >$25K Generator H2S/15MIN./20PPM X REQUIRED MUSTER SHUTDOWN FROM GAS RELEASE OTHER REPRESENTATIVE/SUPERVISOR,PRODUCTION DRILLING WORKOVER X COMPLETION HELICOPTER MOTOR VESSEL PIPELINE SEGMENT NO. OTHER,X EQUIPMENT FAILURE HUMAN ERROR EXTERNAL DAMAGE CONTRACTOR SLIP/TRIP/FALL WEATHER RELATED LEAK UPSET H2O TREATING OVERBOARD DRILLING FLUID OTHER,775 FT.,"NATURE OF DAMAGE: Yes Broken piston & Cracked engine housing. ESTIMATED AMOUNT (TOTAL): $254,000",NO,None,,"EnVen Energy Ventures, LLC REPRESENTATIVE: TELEPHONE: CONTRACTOR: Nabors Offshore Corporation REPRESENTATIVE: TELEPHONE:",C,ok,,076fe9111e4508b2dbd1e23617701475253e394385749818c6c28d4133e97782
GB-72-20111226,EXPLORATION(POE) ~ DEVELOPMENT/PRODUCTION (DOCD/POD),[] HISTORIC INJURY REQUIRED EVACUATION LTA (1-3 days) x LTA (>3 days 1 RW/JT (1-3 days) RW/JT (>3 days) Other Injury FATALITY ~ POLLUTION FIRE EXPLOSION LWC ~ H ISTORIC BLOWOUT UNDERGROUND SURFACE DEVERTER SURFACE EQUIPMENT FAILURE OR D D COLLISION 0 HISTORIC >$25K DEPARTMENT OF THE INTERIOR ENVIRONMENTAL ENFORCEMENT MEXICO REGION INVESTIGATION REPORT STRUCTURAL DAMAGE CRANE OTHER LIFTING DEVICE L.L DAMAGED/DISABLED SAFETY SYS. INCIDENT >$25K H2S/15MIN./20PPM REQUIRED MUSTER SHUTDOWN FROM GAS RELEASE XOTHER Injury while decomm. crane REPRESENTATIVE/SUPERVISOR 6. OPERATION: PRODUCTION DRILLING WORKOVER COMPLETION HELICOPTER MOTOR VESSEL PIPELINE SEGMENT NO. X OTHER Construction 8. CAUSE: EQUIPMENT FAILURE X HUMAN ERROR EXTERNAL DAMAGE SLIP/TRIP/FALL WEATHER RELATED LEAK UPSET H20 TREATING OVERBOARD DRILLING FLUID OTHER 9. WATER DEPTH: 541 FT. 10. DISTANCE FROM SHORE: 164 MI. 11. WIND DIRECTION: SPEED: M.P.H. 12. CURRENT DIRECTION: SPEED: M.P.H. PROCEDURES <=$25K 13. SEA STATE: FT. 04-0CT-2012,,,,,YES,"INC G-110 is issued ""After the Fact"" to document that Flextrend Development Company, L.L.C. failed to protect health, safety and the environment by not performing operations in a safe and workmanlike manner as follows: Flextrend Development Company, L.L.C. failed to properly supervise the dismantling of a S230 rental crane in a safe manner to protect the equipment and employees. Flextrend employees failed to ensure that all persons remain at a safe distance away from the load at all times as per the Flextend Safety Policies Manual. While removing the boom tip on the rental crane, an employee's finger was pinched between the boom tip and the remaining crane boom sections.",29. ACCIDENT INVESTIGATION,"Flextrend Development Company, REPRESENTATIVE: TELEPHONE: CONTRACTOR: REPRESENTATIVE: TELEPHONE:",B,ok,,66942491990b45f90143112f98a26b2e2e27557dbb12cbd7b92f9ad4052fab6d
GB-426-20190331-1745,EXPLORATION(POE) X DEVELOPMENT/PRODUCTION (DOCD/POD),HISTORIC INJURY REQUIRED EVACUATION 1 X LTA (1-3 days) X LTA (>3 days 1 RW/JT (1-3 days) RW/JT (>3 days) Other Injury FATALITY POLLUTION FIRE EXPLOSION LWC HISTORIC BLOWOUT UNDERGROUND SURFACE DEVERTER SURFACE EQUIPMENT FAILURE OR COLLISION HISTORIC >$25K DEPARTMENT OF THE INTERIOR AND ENVIRONMENTAL ENFORCEMENT OF MEXICO REGION INVESTIGATION REPORT STRUCTURAL DAMAGE HOURS CRANE OTHER LIFTING DAMAGED/DISABLED SAFETY SYS. INCIDENT >$25K H2S/15MIN./20PPM REQUIRED MUSTER SHUTDOWN FROM GAS RELEASE OTHER REPRESENTATIVE/SUPERVISOR,PRODUCTION X DRILLING WORKOVER COMPLETION HELICOPTER MOTOR VESSEL PIPELINE SEGMENT NO. OTHER,EQUIPMENT FAILURE X HUMAN ERROR EXTERNAL DAMAGE X SLIP/TRIP/FALL WEATHER RELATED LEAK UPSET H2O TREATING OVERBOARD DRILLING FLUID OTHER,2860 FT.,NATURE OF DAMAGE: None NA ESTIMATED AMOUNT (TOTAL): $,NO,None,,REPRESENTATIVE: TELEPHONE: CONTRACTOR: REPRESENTATIVE: TELEPHONE:,C,ok,,2dbfb818aa38cec0425b24de3b4f579ef315ee5ee8bc3e7160cb5f19f96366c6
GC-155-20140924-0600,EXPLORATION(POE) X DEVELOPMENT/PRODUCTION (DOCD/POD),HISTORIC INJURY - REQUIRED EVACUATION LTA (1-3 days) LTA (>3 days RW/JT (1-3 days) RW/JT (>3 days) Other Injury - FATALITY X POLLUTION FIRE EXPLOSION LWC - HISTORIC BLOWOUT UNDERGROUND SURFACE DEVERTER SURFACE EQUIPMENT FAILURE OR COLLISION HISTORIC >$25K DEPARTMENT OF THE INTERIOR - ENVIRONMENTAL ENFORCEMENT - MEXICO REGION - INVESTIGATION REPORT STRUCTURAL DAMAGE CRANE OTHER LIFTING DEVICE DAMAGED/DISABLED SAFETY SYS. INCIDENT >$25K H2S/15MIN./20PPM REQUIRED MUSTER SHUTDOWN FROM GAS RELEASE X OTHER Inadvertent Discharge of SBM REPRESENTATIVE/SUPERVISOR 6. OPERATION: PRODUCTION DRILLING WORKOVER X COMPLETION HELICOPTER MOTOR VESSEL PIPELINE SEGMENT NO. X OTHER Cleaning the Mud Pits 8. CAUSE: X EQUIPMENT FAILURE X HUMAN ERROR EXTERNAL DAMAGE - SLIP/TRIP/FALL WEATHER RELATED LEAK UPSET H2O TREATING OVERBOARD DRILLING FLUID OTHER 9. WATER DEPTH: 1939 FT. 10. DISTANCE FROM SHORE: MI. 11. WIND DIRECTION: - SPEED: M.P.H. 12. CURRENT DIRECTION: SPEED: M.P.H. PROCEDURES <=$25K 13. SEA STATE: FT. 19-DEC-2014 -,,,,NATURE OF DAMAGE: N/A N/A ESTIMATED AMOUNT (TOTAL):,YES,"E-100: On September 24, 2014, a misalignment with the valves for the mud pits resulted in approximately 150 barrels of Synthetic Oil Based Mud being released into the Gulf of Mexico.",29. ACCIDENT INVESTIGATION,Marubeni Oil & Gas (USA) Inc. REPRESENTATIVE: TELEPHONE: - CONTRACTOR: - REPRESENTATIVE: - TELEPHONE:,B,ok,,435b468903c873e94a8b698c2cf2e7cfc714e09fc9a0cdd9c528bf0244cfbc92
GC-281-20210604-0930,EXPLORATION(POE) X DEVELOPMENT/PRODUCTION (DOCD/POD),INJURIES: HISTORIC INJURY OPERATOR REQUIRED EVACUATION LTA (1-3 days) LTA (>3 days) RW/JT (1-3 days) X RW/JT (>3 days) 0 FATALITY Other Injury POLLUTION FIRE EXPLOSION LWC HISTORIC BLOWOUT UNDERGROUND SURFACE DEVERTER SURFACE EQUIPMENT FAILURE OR COLLISION HISTORIC >$25K DEPARTMENT OF THE INTERIOR ENVIRONMENTAL ENFORCEMENT OF MEXICO REGION INVESTIGATION REPORT STRUCTURAL DAMAGE CRANE OTHER LIFTING DAMAGED/DISABLED SAFETY SYS. INCIDENT >$25K H2S/15MIN./20PPM REQUIRED MUSTER SHUTDOWN FROM GAS RELEASE OTHER REPRESENTATIVE/SUPERVISOR,PRODUCTION X DRILLING WORKOVER COMPLETION HELICOPTER MOTOR VESSEL PIPELINE SEGMENT NO. OTHER,EQUIPMENT FAILURE X HUMAN ERROR EXTERNAL DAMAGE CONTRACTOR SLIP/TRIP/FALL WEATHER RELATED LEAK UPSET H2O TREATING OVERBOARD DRILLING FLUID 1 OTHER,2755 FT.,NATURE OF DAMAGE: N/A N/A ESTIMATED AMOUNT (TOTAL): $,NO,N/A,ACCIDENT CLASSIFICATION: 28. 29. ACCIDENT INVESTIGATION PANEL FORMED: NO,Talos Oil and Gas LLC REPRESENTATIVE: TELEPHONE: CONTRACTOR: REPRESENTATIVE: TELEPHONE:,C,ok,,bda70aae95f1dfb2cbda0304a90d7183c969bf5b64a478412220d4265ff63048
GC-608-20121219-1400,EXPLORATION(POE) X DEVELOPMENT/PRODUCTION (DOCD/POD),HISTORIC INJURY 1 REQUIRED EVACUATION X LTA (1-3 days) LTA (>3 days 1 X RW/JT (1-3 days) RW/JT (>3 days) Other Injury FATALITY POLLUTION FIRE EXPLOSION LWC HISTORIC BLOWOUT UNDERGROUND SURFACE DEVERTER SURFACE EQUIPMENT FAILURE OR COLLISION HISTORIC >$25K DEPARTMENT OF THE INTERIOR ENVIRONMENTAL ENFORCEMENT MEXICO REGION INVESTIGATION REPORT STRUCTURAL DAMAGE X CRANE OTHER LIFTING DEVICE Corporation DAMAGED/DISABLED SAFETY SYS. INCIDENT >$25K H2S/15MIN./20PPM Com REQUIRED MUSTER SHUTDOWN FROM GAS RELEASE OTHER REPRESENTATIVE/SUPERVISOR 6. OPERATION: PRODUCTION X DRILLING WORKOVER COMPLETION HELICOPTER MOTOR VESSEL PIPELINE SEGMENT NO. OTHER 8. CAUSE: EQUIPMENT FAILURE X HUMAN ERROR EXTERNAL DAMAGE SLIP/TRIP/FALL WEATHER RELATED LEAK UPSET H2O TREATING OVERBOARD DRILLING FLUID OTHER 9. WATER DEPTH: 4300 FT. 10. DISTANCE FROM SHORE: 144 MI. 11. WIND DIRECTION: E SPEED: 29 M.P.H. 12. CURRENT DIRECTION: N SPEED: 1 M.P.H. PROCEDURES <=$25K 13. SEA STATE: 4 FT.,,,,NATURE OF DAMAGE: N/A N/A ESTIMATED AMOUNT (TOTAL):,YES,"The G-110 that was issued for the accident states: ""On December 19, 2012, an employees's foot was smashed while attempting to relocate a MPT tank to the strongback mats on the rig. As the load came off the deck, the Crane Operator noticed the tank starting to swing towards the Roustabout. The Crane Operator dropped the tank back down onto the deck without being instructed to do so from his flagger. As a result, the tank landed on the Roustabout's foot, compressing the steal toe of his boot and severing off four of the toes on the employee's right foot."" The Roustabouts involved in the accident failed to follow company policy by not attaching tag lines to the load before making a lift. Blake International's 'Personnel Safety Manual (SG-3 Crane Operations)' states: ""Use tag (restraining) lines any time a lift is made; use extra lines in windy or rough conditions. Tag lines should be of an appropriate length for the certain situation so it does not put the tag line handler in an at-risk situation when handling the load.""",,Anadarko Petroleum REPRESENTATIVE: TELEPHONE: CONTRACTOR: Blake Drilling and Workover REPRESENTATIVE: TELEPHONE:,B,ok,,03e3b8c5ceb2f30ba52cc13f246d6f235977d21b7359a482dfd4f778b28348d5
GC-645-20180519-1323,EXPLORATION(POE) X DEVELOPMENT/PRODUCTION (DOCD/POD),HISTORIC INJURY REQUIRED EVACUATION 2 X LTA (1-3 days) LTA (>3 days RW/JT (1-3 days) 2 X RW/JT (>3 days) Other Injury FATALITY POLLUTION FIRE EXPLOSION LWC HISTORIC BLOWOUT UNDERGROUND SURFACE DEVERTER SURFACE EQUIPMENT FAILURE OR COLLISION HISTORIC >$25K DEPARTMENT OF THE INTERIOR AND ENVIRONMENTAL ENFORCEMENT OF MEXICO REGION INVESTIGATION REPORT STRUCTURAL DAMAGE HOURS CRANE OTHER LIFTING Corporation DAMAGED/DISABLED SAFETY SYS. X INCIDENT >$25K Equipment Damage H2S/15MIN./20PPM REQUIRED MUSTER SHUTDOWN FROM GAS RELEASE OTHER REPRESENTATIVE/SUPERVISOR,PRODUCTION X DRILLING WORKOVER COMPLETION HELICOPTER MOTOR VESSEL PIPELINE SEGMENT NO. OTHER,EQUIPMENT FAILURE X HUMAN ERROR EXTERNAL DAMAGE SLIP/TRIP/FALL WEATHER RELATED LEAK UPSET H2O TREATING OVERBOARD DRILLING FLUID OTHER,4340 FT.,"NATURE OF DAMAGE: Lateral guide frame, handrails, cable trays Lateral guide frame, handrails, cable trays ESTIMATED AMOUNT (TOTAL): $81,000",,"One INC was issued as follows: G-110: On May 19,2018, 2 employees were injured while not following procedure. The employees were removing the nuts supporting the high pressure riser to the lateral support frame which allowed the frame to fall approximately 16 feet to the mezzanine deck.",,REPRESENTATIVE: TELEPHONE: CONTRACTOR: Nabors Offshore Corporation REPRESENTATIVE: TELEPHONE:,C,ok,,b51364bab7ea32f122fce44570a8a2c43dada2f7e2a77c12f7eaffed61c227c7
GC-20170913-0709,EXPLORATION(POE) X DEVELOPMENT/PRODUCTION (DOCD/POD),HISTORIC INJURY REQUIRED EVACUATION LTA (1-3 days) LTA (>3 days RW/JT (1-3 days) RW/JT (>3 days) Other Injury FATALITY POLLUTION X FIRE EXPLOSION LWC HISTORIC BLOWOUT UNDERGROUND SURFACE DEVERTER SURFACE EQUIPMENT FAILURE OR COLLISION HISTORIC >$25K DEPARTMENT OF THE INTERIOR ENVIRONMENTAL ENFORCEMENT MEXICO REGION INVESTIGATION REPORT STRUCTURAL DAMAGE CRANE OTHER LIFTING DEVICE Inc. DAMAGED/DISABLED SAFETY SYS. INCIDENT >$25K H2S/15MIN./20PPM REQUIRED MUSTER SHUTDOWN FROM GAS RELEASE OTHER REPRESENTATIVE/SUPERVISOR 6. OPERATION: PRODUCTION DRILLING X WORKOVER COMPLETION HELICOPTER MOTOR VESSEL PIPELINE SEGMENT NO. OTHER 8. CAUSE: EQUIPMENT FAILURE X HUMAN ERROR EXTERNAL DAMAGE SLIP/TRIP/FALL WEATHER RELATED LEAK UPSET H2O TREATING OVERBOARD DRILLING FLUID OTHER 9. WATER DEPTH: 4268 FT. 10. DISTANCE FROM SHORE: 120 MI. 11. WIND DIRECTION: NE SPEED: M.P.H. 6 12. CURRENT DIRECTION: SW SPEED: M.P.H. PROCEDURES <=$25K SEA STATE: FT. 13. 2,,,,NATURE OF DAMAGE: N/A N/A ESTIMATED AMOUNT (TOTAL):,YES,"An E-100 was issued following this incident: ""On September 13, 2017, the rig inadvertenly discharged 70 barrels of Synthetic Base drilling fluid into the Gulf of Mexico.""",28. ACCIDENT INVESTIGATION PANEL FORMED: NO,BP Exploration & Production REPRESENTATIVE: TELEPHONE: CONTRACTOR: Ensco Offshore Co. REPRESENTATIVE: TELEPHONE:,B,ok,,1074f9a8a2b583ed8a11b41c4e91e8df0c91a00119824557f1616f3ff80394c2
GC-821-20210227-1330,EXPLORATION(POE) DEVELOPMENT/PRODUCTION (DOCD/POD),INJURIES: HISTORIC INJURY OPERATOR REQUIRED EVACUATION LTA (1-3 days) LTA (>3 days) RW/JT (1-3 days) RW/JT (>3 days) FATALITY Other Injury X POLLUTION FIRE EXPLOSION LWC HISTORIC BLOWOUT UNDERGROUND SURFACE DEVERTER SURFACE EQUIPMENT FAILURE OR COLLISION HISTORIC >$25K DEPARTMENT OF THE INTERIOR ENVIRONMENTAL ENFORCEMENT OF MEXICO REGION INVESTIGATION REPORT STRUCTURAL DAMAGE CRANE OTHER LIFTING Inc. DAMAGED/DISABLED SAFETY SYS. INCIDENT >$25K H2S/15MIN./20PPM Inc. REQUIRED MUSTER SHUTDOWN FROM GAS RELEASE OTHER REPRESENTATIVE/SUPERVISOR,PRODUCTION X DRILLING WORKOVER COMPLETION HELICOPTER MOTOR VESSEL PIPELINE SEGMENT NO. OTHER,EQUIPMENT FAILURE X HUMAN ERROR EXTERNAL DAMAGE CONTRACTOR SLIP/TRIP/FALL WEATHER RELATED LEAK UPSET H2O TREATING X OVERBOARD DRILLING FLUID X OTHER 13 BBLS of SOBM,4108 FT.,NATURE OF DAMAGE: N/A N/A ESTIMATED AMOUNT (TOTAL): $,YES,"2 INC's issued for this incident: E-100 On February 27th, 2021 Operator inadvertently discharged 13 bbls of synthetic oil- based mud (6.24 pure base oil) into the Gulf of Mexico. G-110 On February 27th, 2021, while conducting operations to dispose wash water from pit # 17 overboard, Operator failed to operate in a safe manner, resulting in a non-permitted discharge of approximately 6.24 bbls of base oil into the Gulf of Mexico.",,"BP Exploration & Production REPRESENTATIVE: TELEPHONE: CONTRACTOR: Diamond Offshore Drilling, REPRESENTATIVE: TELEPHONE:",C,ok,,67aaf40ce4821c44ef36b5deec2cbc3141175d98820cc2ceca2b248570cd26f8
GC-680-20171227-1845,EXPLORATION(POE) X DEVELOPMENT/PRODUCTION (DOCD/POD),HISTORIC INJURY REQUIRED EVACUATION LTA (1-3 days) LTA (>3 days RW/JT (1-3 days) RW/JT (>3 days) Other Injury FATALITY POLLUTION FIRE EXPLOSION LWC HISTORIC BLOWOUT UNDERGROUND SURFACE DEVERTER SURFACE EQUIPMENT FAILURE OR COLLISION HISTORIC >$25K DEPARTMENT OF THE INTERIOR AND ENVIRONMENTAL ENFORCEMENT OF MEXICO REGION INVESTIGATION REPORT STRUCTURAL DAMAGE HOURS CRANE OTHER LIFTING Corporation DAMAGED/DISABLED SAFETY SYS. X INCIDENT >$25K 4700000.00 H2S/15MIN./20PPM X REQUIRED MUSTER SHUTDOWN FROM GAS RELEASE OTHER REPRESENTATIVE/SUPERVISOR,PRODUCTION X DRILLING WORKOVER COMPLETION HELICOPTER MOTOR VESSEL PIPELINE SEGMENT NO. OTHER,X EQUIPMENT FAILURE HUMAN ERROR EXTERNAL DAMAGE SLIP/TRIP/FALL WEATHER RELATED X LEAK UPSET H2O TREATING OVERBOARD DRILLING FLUID OTHER,4970 FT.,"NATURE OF DAMAGE: 1. A-1 Wellhead damage 1. Broken bolts--top assembly needs to be 2. A-5 Wellhead replaced 3. Workover deck grating 2. Bent/broken choke assembly 4. Well A-1 down stop 3. Destroyed grating--has been replaced; 5. High pressure (HP) nitorgen (N2) hose bent main deck beam flanges--have been repaired 4. Slightly bent Well A-1 down stop 5. Crushed HP N2 hose ESTIMATED AMOUNT (TOTAL): $4,700,000",,"G-111 Warning issued at the end of the investigation from the Houma District Office on 04- 20-2017. The INC states as follows: During the investigation of incidents occurring on 12- 27-2017 and 12-31-2017, it was determined the cause of the Well A-1 dry tree and riser drop was due to extreme corrosion to the air-up lines for the #2 and #3 chambers causing the chambers to fill with seawater. This caused the A-1 dry tree/riser to lose buoyancy and descend approximately 30 feet until coming to a stop on the spar deck. The primary causes for the above mentioned incidents were due to inadequate inspection and monitoring of the air-up lines and excessive protective coating of the field",,REPRESENTATIVE: TELEPHONE: CONTRACTOR: REPRESENTATIVE: TELEPHONE:,C,ok,,7217b31cd6c3429ab40ff5d8f29608975b22ee4663516487c264b9c44bacee15
GC-680-20170429-0112,EXPLORATION(POE) X DEVELOPMENT/PRODUCTION (DOCD/POD),HISTORIC INJURY REQUIRED EVACUATION LTA (1-3 days) LTA (>3 days RW/JT (1-3 days) RW/JT (>3 days) Other Injury FATALITY POLLUTION X FIRE EXPLOSION LWC HISTORIC BLOWOUT UNDERGROUND SURFACE DEVERTER SURFACE EQUIPMENT FAILURE OR COLLISION HISTORIC >$25K DEPARTMENT OF THE INTERIOR ENVIRONMENTAL ENFORCEMENT MEXICO REGION INVESTIGATION REPORT STRUCTURAL DAMAGE CRANE OTHER LIFTING DEVICE Corporation DAMAGED/DISABLED SAFETY SYS. INCIDENT >$25K H2S/15MIN./20PPM X REQUIRED MUSTER SHUTDOWN FROM GAS RELEASE OTHER REPRESENTATIVE/SUPERVISOR 6. OPERATION: PRODUCTION X DRILLING WORKOVER COMPLETION HELICOPTER MOTOR VESSEL PIPELINE SEGMENT NO. OTHER 8. CAUSE: X EQUIPMENT FAILURE HUMAN ERROR EXTERNAL DAMAGE SLIP/TRIP/FALL WEATHER RELATED LEAK UPSET H2O TREATING OVERBOARD DRILLING FLUID OTHER 9. WATER DEPTH: 4970 FT. 10. DISTANCE FROM SHORE: 134 MI. 11. WIND DIRECTION: SPEED: M.P.H. 12. CURRENT DIRECTION: SPEED: M.P.H. PROCEDURES <=$25K 13. SEA STATE: FT.,,,,NATURE OF DAMAGE: Two heat blankets and tubing Fire ESTIMATED AMOUNT (TOTAL): $300,NO,24. SPECIFY VIOLATIONS DIRECTLY OR None,,Anadarko Petroleum REPRESENTATIVE: TELEPHONE: CONTRACTOR: REPRESENTATIVE: TELEPHONE:,B,ok,,80494632315964125324eda329960d16b7ab49809c1fc4d2edebc8487acdde02
GC-787-20180508-0915,EXPLORATION(POE) X DEVELOPMENT/PRODUCTION (DOCD/POD),HISTORIC INJURY REQUIRED EVACUATION LTA (1-3 days) LTA (>3 days RW/JT (1-3 days) RW/JT (>3 days) Other Injury FATALITY POLLUTION FIRE EXPLOSION LWC HISTORIC BLOWOUT UNDERGROUND SURFACE DEVERTER SURFACE EQUIPMENT FAILURE OR COLLISION HISTORIC >$25K DEPARTMENT OF THE INTERIOR AND ENVIRONMENTAL ENFORCEMENT OF MEXICO REGION INVESTIGATION REPORT STRUCTURAL DAMAGE HOURS CRANE OTHER LIFTING Inc. DAMAGED/DISABLED SAFETY SYS. INCIDENT >$25K H2S/15MIN./20PPM REQUIRED MUSTER X SHUTDOWN FROM GAS RELEASE OTHER REPRESENTATIVE/SUPERVISOR,PRODUCTION X DRILLING WORKOVER COMPLETION HELICOPTER MOTOR VESSEL PIPELINE SEGMENT NO. OTHER,EQUIPMENT FAILURE HUMAN ERROR EXTERNAL DAMAGE SLIP/TRIP/FALL WEATHER RELATED LEAK UPSET H2O TREATING OVERBOARD DRILLING FLUID OTHER,7050 FT.,NATURE OF DAMAGE: none n/a ESTIMATED AMOUNT (TOTAL):,,"On 09-20-2018 an Incident of Non-Compliance (INC G-110 (W)) was issued from the Houma District Office for the incident occurring on May 08, 2018. The INC states as follows: ""On May 08, 2018 a gas release incident occurred on the Sales Gas Skid due to an improper Teflon seal or seals placed in the Sales Gas Meter #3 during a transmitter change-out 18 days prior to the incident. This was the third gas release incident on the facility due to the Teflon seals since October 07, 2008. BP was aware of the fault in these seals and did not verify that the 3rd party measurement technician installed the proper seals during the transmitter change-out."" 28. ACCIDENT INVESTIGATION",PANEL FORMED: NO,REPRESENTATIVE: TELEPHONE: CONTRACTOR: REPRESENTATIVE: TELEPHONE:,C,ok,,a173db4d7adebc8cdacf2ab467b5774ec4ac82025c3669fe3dcdd18854e44a9e
GI-22-0850,[] EXPLORATION (PO E) ~ DEVELOPMENT/PRODUCTION (DOCD/POD),[] HISTORIC INJURY X REQUIRED EVACUATION 1 x LTA (1-3 days) 1 LTA (>3 days RW/JT (1-3 days) RW/JT (>3 days) Other Injury FATALITY ~ POLLUTION X FIRE EXPLOSION ~ LWC HISTORIC BLOWOUT UNDERGROUND SURFACE DEVERTER SURFACE EQUIPMENT FAILURE OR D D COLLISION 0 HISTORIC >$25K DEPARTMENT OF THE INTERIOR ENVIRONMENTAL ENFORCEMENT MEXICO REGION INVESTIGATION REPORT STRUCTURAL DAMAGE CRANE OTHER LIFTING DEVICE DAMAGED/DISABLED SAFETY SYS. INCIDENT >$25K H2S / 15MIN. /20PPM REQUIRED MUSTER SHUTDOWN FROM GAS RELEASE OTHER REPRESENTATIVE/SUPERVISOR 6. OPERATION: X PRODUCTION DRILLING WORKOVER COMPLETION HELICOPTER MOTOR VESSEL PIPELINE SEGMENT NO. OTHER 8. CAUSE: X EQUIPMENT FAILURE X HUMAN ERROR EXTERNAL DAMAGE SLIP/TRIP/FALL WEATHER RELATED X LEAK UPSET H20 TREATING OVERBOARD DRILLING FLUID OTHER 9. WATER DEPTH: 55 FT. 10. DISTANCE FROM SHORE: 7 MI. SE 11. WIND DIRECTION: 10 SPEED: M.P.H. 12. CURRENT DIRECTION: SPEED: M.P.H. PROCEDURES <=$25K 13. SEA STATE: FT.,,,,NATURE OF DAMAGE: FLEX PIPING Flash fire,YES,G-110 W 107(a) was issued for personnel performing repair maintenance operations on the Gas Booster Compressor (Unit 72900) did not provide for the protection of all personnel. Unsafe practices and procedures resulted in a flash fire injuring one personnel.,,"Energy XXI GOM, LLC REPRESENTATIVE: TELEPHONE: CONTRACTOR: REPRESENTATIVE: TELEPHONE:",B,ok,,f2a1d99f27186e20ab7073b1598a7ce9352b2c5df2a05384a9978f9dfc1e2fef
HI-110-20151117-0700,EXPLORATION(POE) X DEVELOPMENT/PRODUCTION (DOCD/POD),HISTORIC INJURY 1 REQUIRED EVACUATION X LTA (1-3 days) LTA (>3 days 1 X RW/JT (1-3 days) RW/JT (>3 days) Other Injury FATALITY POLLUTION FIRE EXPLOSION LWC HISTORIC BLOWOUT UNDERGROUND SURFACE DEVERTER SURFACE EQUIPMENT FAILURE OR COLLISION HISTORIC >$25K DEPARTMENT OF THE INTERIOR ENVIRONMENTAL ENFORCEMENT MEXICO REGION INVESTIGATION REPORT STRUCTURAL DAMAGE CRANE OTHER LIFTING DEVICE DAMAGED/DISABLED SAFETY SYS. INCIDENT >$25K H2S/15MIN./20PPM REQUIRED MUSTER SHUTDOWN FROM GAS RELEASE OTHER REPRESENTATIVE/SUPERVISOR 6. OPERATION: PRODUCTION X DRILLING WORKOVER COMPLETION HELICOPTER MOTOR VESSEL PIPELINE SEGMENT NO. OTHER 8. CAUSE: EQUIPMENT FAILURE X HUMAN ERROR EXTERNAL DAMAGE SLIP/TRIP/FALL WEATHER RELATED LEAK UPSET H2O TREATING OVERBOARD DRILLING FLUID OTHER 9. WATER DEPTH: 45 FT. 10. DISTANCE FROM SHORE: 18 MI. 11. WIND DIRECTION: SPEED: M.P.H. 12. CURRENT DIRECTION: SPEED: M.P.H. PROCEDURES <=$25K 13. SEA STATE: FT.,,,,NATURE OF DAMAGE: N/A N/A ESTIMATED AMOUNT (TOTAL):,23. POSSIBLE OCS VIOLATIONS RELATED,24. SPECIFY VIOLATIONS DIRECTLY OR,,"W & T Offshore, Inc. REPRESENTATIVE: TELEPHONE: CONTRACTOR: REPRESENTATIVE: TELEPHONE:",B,ok,,23bed5f6357f1f3cce9f5eeb54169d396f93fc570387a2778917160324f09543
HI-536-20130718-1200,,[]HISTORIC INJURY X REQUIRED EVACUATION 1 LTA {1-3 days) X LTA (>3 days 1 RW/JT {1-3 days) RW/JT (>3 days) Other Injury FATALITY ~ POLLUTION FIRE EXPLOSION LWC ~ HISTORIC BLOWOUT UNDERGROUND SURFACE DEVERTER SURFACE EQUIPMENT FAILURE OR D D D COLLISION HISTORIC >$25K DEPARTMENT OF THE INTERIOR ENVIRONMENTAL ENFORCEMENT MEXICO REGION INVESTIGATION REPORT STRUCTURAL DAMAGE CRANE OTHER LIFTING DEVICE DAMAGED/DISABLED SAFETY SYS. INCIDENT >$25K H2S/ 15MIN./20PPM REQUIRED MUSTER SHUTDOWN FROM GAS RELEASE OTHER REPRESENTATIVE/SUPERVISOR 6. OPERATION: DRILLING WORKOVER COMPLETION HELICOPTER MOTOR VESSEL PIPELINE SEGMENT NO. OTHER CAUSE: 8. EQUIPMENT FAILURE X HUMAN ERROR EXTERNAL DAMAGE SLIP/TRIP/FALL WEATHER RELATED LEAK UPSET H20 TREATING OVERBOARD DRILLING FLUID OTHER 9. WATER DEPTH: 200 FT. 10. DISTANCE FROM SHORE: 79 MI. 11. WIND DIRECTION: SPEED: 8 M.P.H. 12. CURRENT DIRECTION: SPEED: M.P.H. PROCEDURES <=$25K 13. SEA STATE: FT.,,,,NATURE OF DAMAGE: None ESTIMATED AMOUNT (TOTAL):,YES,"Two (2) Incidents of Non Compliance were issued to the lessee. G-110 'C' At the time of the Accident Investigation, It was determined that the IP was not wearing gloves in accordance with BJSA stipulations. This violation was verified by witnesses. P-430 'C' At the time of the Accident Investigation, Blowdown Separator MBF-1350 was not stamped in accordance with the ASME Boiler and Pressure Vessel code. The bracket that the ASME code stamp was supposed to be attached to had corroded and fallen off. This was the point of impact that caused the severe laceration to the IP's left index finger.",,McMoRan Oil & Gas LLC REPRESENTATIVE: TELEPHONE: CONTRACTOR: REPRESENTATIVE: TELEPHONE:,B,ok,,b5343d161b631f75164a031594b9f881da8afb25573b95c4df25e3df0035dc26
HI-20160828-0800,EXPLORATION(POE) X DEVELOPMENT/PRODUCTION (DOCD/POD),HISTORIC INJURY 1 REQUIRED EVACUATION X LTA (1-3 days) LTA (>3 days RW/JT (1-3 days) 1 X RW/JT (>3 days) Other Injury FATALITY POLLUTION FIRE EXPLOSION LWC HISTORIC BLOWOUT UNDERGROUND SURFACE DEVERTER SURFACE EQUIPMENT FAILURE OR COLLISION HISTORIC >$25K DEPARTMENT OF THE INTERIOR ENVIRONMENTAL ENFORCEMENT MEXICO REGION INVESTIGATION REPORT STRUCTURAL DAMAGE CRANE OTHER LIFTING DEVICE DAMAGED/DISABLED SAFETY SYS. INCIDENT >$25K H2S/15MIN./20PPM REQUIRED MUSTER SHUTDOWN FROM GAS RELEASE OTHER REPRESENTATIVE/SUPERVISOR 6. OPERATION: PRODUCTION X DRILLING WORKOVER COMPLETION HELICOPTER MOTOR VESSEL PIPELINE SEGMENT NO. OTHER 8. CAUSE: EQUIPMENT FAILURE X HUMAN ERROR EXTERNAL DAMAGE SLIP/TRIP/FALL WEATHER RELATED LEAK UPSET H2O TREATING OVERBOARD DRILLING FLUID OTHER 9. WATER DEPTH: 336 FT. 10. DISTANCE FROM SHORE: 106 MI. 11. WIND DIRECTION: E SPEED: 10 M.P.H. 12. CURRENT DIRECTION: E SPEED: 2 M.P.H. PROCEDURES <=$25K 13. SEA STATE: 1 FT.,,,,NATURE OF DAMAGE: NONE ESTIMATED AMOUNT (TOTAL):,YES,"G-112 (W) Pre-task hazard inspection checklist ""Ladders are not in good condition or tied off"" was marked N/A. - Construction JSEA inspect all PPE prior to beginning task line ""Safety Harness & Anchor Device 100%, Fall Protection Rescue System was not checked on all three pages. - The Facility Person In Charge (PIC) did not sign the JSEA on page 3. G-110 (C) Injured Person (IP) failed to ensure that someone spotted him or anchor the ladder at the deck securing it before ascending up the ladder. The IP was approximately 6 to 7 feet up, the ladder slid on deck, IP fell landing on his right elbow and shoulder.",,Fieldwood Energy LLC REPRESENTATIVE: TELEPHONE: CONTRACTOR: REPRESENTATIVE: TELEPHONE:,B,ok,,464f3eb78910c2a7874b9467305750cea6ce271924e274b85857b9bbc2f8142d
UNKEYED-b2febb71716d,EXPLORATION(POE) DEVELOPMENT/PRODUCTION X (DOCD/POD),INJURIES: HISTORIC INJURY OPERATOR REQUIRED EVACUATION X LTA (1-3 days) LTA (>3 days) RW/JT (1-3 days) RW/JT (>3 days) FATALITY Other Injury POLLUTION FIRE EXPLOSION LWC HISTORIC BLOWOUT UNDERGROUND SURFACE DEVERTER SURFACE EQUIPMENT FAILURE OR COLLISION HISTORIC >$25K DEPARTMENT OF THE INTERIOR ENVIRONMENTAL ENFORCEMENT MEXICO REGION INVESTIGATION REPORT STRUCTURAL DAMAGE CRANE X OTHER LIFTING DAMAGED/DISABLED SAFETY SYS. INCIDENT >$25K H2S/15MIN./20PPM REQUIRED MUSTER SHUTDOWN FROM GAS RELEASE OTHER REPRESENTATIVE/SUPERVISOR,PRODUCTION DRILLING X WORKOVER 28.790953 COMPLETION -89.056403 HELICOPTER MOTOR VESSEL PIPELINE SEGMENT NO. OTHER,EQUIPMENT FAILURE X HUMAN ERROR EXTERNAL DAMAGE CONTRACTOR SLIP/TRIP/FALL 1 WEATHER RELATED LEAK UPSET H2O TREATING OVERBOARD DRILLING FLUID OTHER,1024 FT.,"NATURE OF DAMAGE: 2- sections of handrail ($) 1- tote tank ($) The cost to repair two handrails and replace one tote tank was a total of $2675.00. ESTIMATED AMOUNT (TOTAL): $2,675",NO,ACCIDENT CLASSIFICATION: 28.,ACCIDENT INVESTIGATION 29.,"EnVen Energy Ventures, LLC REPRESENTATIVE: TELEPHONE: CONTRACTOR: Nabors Offshore Corporation REPRESENTATIVE: TELEPHONE:",C,ok,,b2febb71716d60c5987b5f5a63f9dd5deed4eb1e3f87dcf5736abd234571e729
MC-437-20190506-0748,EXPLORATION(POE) X DEVELOPMENT/PRODUCTION (DOCD/POD),HISTORIC INJURY REQUIRED EVACUATION LTA (1-3 days) LTA (>3 days RW/JT (1-3 days) RW/JT (>3 days) Other Injury FATALITY POLLUTION FIRE EXPLOSION LWC HISTORIC BLOWOUT UNDERGROUND SURFACE DEVERTER SURFACE EQUIPMENT FAILURE OR COLLISION HISTORIC >$25K DEPARTMENT OF THE INTERIOR AND ENVIRONMENTAL ENFORCEMENT OF MEXICO REGION INVESTIGATION REPORT STRUCTURAL DAMAGE HOURS CRANE OTHER LIFTING X DAMAGED/DISABLED SAFETY SYS. Power Loss INCIDENT >$25K H2S/15MIN./20PPM REQUIRED MUSTER SHUTDOWN FROM GAS RELEASE OTHER REPRESENTATIVE/SUPERVISOR,PRODUCTION DRILLING WORKOVER COMPLETION HELICOPTER MOTOR VESSEL PIPELINE SEGMENT NO. X OTHER Construction,EQUIPMENT FAILURE HUMAN ERROR EXTERNAL DAMAGE SLIP/TRIP/FALL WEATHER RELATED LEAK UPSET H2O TREATING OVERBOARD DRILLING FLUID OTHER,7400 FT.,NATURE OF DAMAGE: ESTIMATED AMOUNT (TOTAL):,NO,None,,REPRESENTATIVE: TELEPHONE: CONTRACTOR: REPRESENTATIVE: TELEPHONE:,C,ok,,7088e4de863c77b481f96f7a8079a31d639b00214afc3dfd3c31376ab0280d38
MC-762-20141021-1805,EXPLORATION(POE) X DEVELOPMENT/PRODUCTION (DOCD/POD),­ HISTORIC INJURY 1 ­ REQUIRED EVACUATION X LTA (1-3 days) LTA (>3 days 1 X RW/JT (1-3 days) RW/JT (>3 days) Other Injury ­ FATALITY POLLUTION FIRE EXPLOSION LWC ­ HISTORIC BLOWOUT UNDERGROUND SURFACE DEVERTER SURFACE EQUIPMENT FAILURE OR COLLISION HISTORIC >$25K DEPARTMENT OF THE INTERIOR ­ ENVIRONMENTAL ENFORCEMENT ­ MEXICO REGION ­ INVESTIGATION REPORT STRUCTURAL DAMAGE CRANE OTHER LIFTING DEVICE DAMAGED/DISABLED SAFETY SYS. INCIDENT >$25K H2S/15MIN./20PPM REQUIRED MUSTER SHUTDOWN FROM GAS RELEASE OTHER REPRESENTATIVE/SUPERVISOR 6. OPERATION: PRODUCTION X DRILLING WORKOVER COMPLETION HELICOPTER MOTOR VESSEL PIPELINE SEGMENT NO. OTHER 8. CAUSE: EQUIPMENT FAILURE X HUMAN ERROR EXTERNAL DAMAGE ­ SLIP/TRIP/FALL ­ WEATHER RELATED LEAK UPSET H2O TREATING OVERBOARD DRILLING FLUID OTHER 9. WATER DEPTH: 3140 FT. 10. DISTANCE FROM SHORE: 45 MI. 11. WIND DIRECTION: NE ­ SPEED: 16 M.P.H. 12. CURRENT DIRECTION: W SPEED: 3 M.P.H. PROCEDURES <=$25K 13. SEA STATE: 0 FT. 30-JUL-2015 ­,,,,None ESTIMATED AMOUNT (TOTAL): 22. RECOMMENDATIONS TO PREVENT The BSEE New Orleans District,23. POSSIBLE OCS VIOLATIONS RELATED TO,24. SPECIFY VIOLATIONS DIRECTLY OR,,Shell Offshore Inc. REPRESENTATIVE: TELEPHONE: ­ CONTRACTOR: NOBLE DRILLING (U.S.) INC. REPRESENTATIVE: TELEPHONE:,B,ok,,fc429251c00ee1a66f8e5977fdd7288d53db95724bb34593929de4d2fc152a86
MC-778-20200713-1055,EXPLORATION(POE) X DEVELOPMENT/PRODUCTION (DOCD/POD),INJURIES: HISTORIC INJURY OPERATOR REQUIRED EVACUATION LTA (1-3 days) LTA (>3 days) RW/JT (1-3 days) RW/JT (>3 days) FATALITY Other Injury X POLLUTION FIRE EXPLOSION LWC HISTORIC BLOWOUT UNDERGROUND SURFACE DEVERTER SURFACE EQUIPMENT FAILURE OR COLLISION HISTORIC >$25K DEPARTMENT OF THE INTERIOR ENVIRONMENTAL ENFORCEMENT OF MEXICO REGION INVESTIGATION REPORT STRUCTURAL DAMAGE CRANE OTHER LIFTING Inc. DAMAGED/DISABLED SAFETY SYS. INCIDENT >$25K H2S/15MIN./20PPM REQUIRED MUSTER SHUTDOWN FROM GAS RELEASE OTHER REPRESENTATIVE/SUPERVISOR,X PRODUCTION DRILLING WORKOVER COMPLETION HELICOPTER MOTOR VESSEL PIPELINE SEGMENT NO. OTHER,EQUIPMENT FAILURE X HUMAN ERROR EXTERNAL DAMAGE CONTRACTOR SLIP/TRIP/FALL WEATHER RELATED LEAK X UPSET H2O TREATING OVERBOARD DRILLING FLUID OTHER,6200 FT.,NATURE OF DAMAGE: ESTIMATED AMOUNT (TOTAL):,,• G-132 (W) Failure to report a pollution event over 1 barrel of oil. • E-100 (W) Failure to conduct production operation in a safe manner resulting in a pollution event of 3 barrels of oil through the overboard produced water handling system into the Gulf of Mexico waters.,ACCIDENT CLASSIFICATION: 28. 29. ACCIDENT INVESTIGATION,BP Exploration & Production REPRESENTATIVE: TELEPHONE: CONTRACTOR: REPRESENTATIVE: TELEPHONE:,C,ok,,b4efd723ca8ddd8de27848f7bbbe8606551c9693b0918a5bfa632c388236f129
MC-942-20151130-0915,X EXPLORATION(POE) DEVELOPMENT/PRODUCTION (DOCD/POD),HISTORIC INJURY REQUIRED EVACUATION 1 X X LTA (1-3 days) 1 LTA (>3 days RW/JT (1-3 days) 1 X RW/JT (>3 days) X Medical Evac Other Injury 1 FATALITY POLLUTION FIRE EXPLOSION LWC HISTORIC BLOWOUT UNDERGROUND SURFACE DEVERTER SURFACE EQUIPMENT FAILURE OR COLLISION HISTORIC >$25K DEPARTMENT OF THE INTERIOR ENVIRONMENTAL ENFORCEMENT MEXICO REGION INVESTIGATION REPORT STRUCTURAL DAMAGE CRANE OTHER LIFTING DEVICE DAMAGED/DISABLED SAFETY SYS. INCIDENT >$25K H2S/15MIN./20PPM REQUIRED MUSTER SHUTDOWN FROM GAS RELEASE OTHER REPRESENTATIVE/SUPERVISOR 6. OPERATION: PRODUCTION DRILLING X WORKOVER COMPLETION HELICOPTER MOTOR VESSEL PIPELINE SEGMENT NO. OTHER 8. CAUSE: X EQUIPMENT FAILURE X HUMAN ERROR EXTERNAL DAMAGE SLIP/TRIP/FALL WEATHER RELATED LEAK UPSET H2O TREATING OVERBOARD DRILLING FLUID OTHER 9. WATER DEPTH: 4200 FT. 10. DISTANCE FROM SHORE: 76 MI. 11. WIND DIRECTION: SE SPEED: 9 M.P.H. 12. CURRENT DIRECTION: SE SPEED: 0 M.P.H. PROCEDURES <=$25K 13. SEA STATE: FT.,,,,NATURE OF DAMAGE: None None ESTIMATED AMOUNT (TOTAL): $,NO,"G-110(S) 250.107(A) After reviewing documentation and video involving the incident that occurred on 30- Nov-2015, BSEE inspectors determined that lessee did not perform all operations in a safe and workmanlike manner. This resulted in serious facial injuries to the injured person.",,Statoil USA E&P Inc. REPRESENTATIVE: TELEPHONE: CONTRACTOR: Maersk Drilling USA Inc. REPRESENTATIVE: TELEPHONE:,B,ok,,874f6265813639220f795de9263a518fd9fbc3f1fbd330fa313e1b2e3abf1249
MC-607-20181201-0339,X EXPLORATION(POE) DEVELOPMENT/PRODUCTION (DOCD/POD),HISTORIC INJURY REQUIRED EVACUATION LTA (1-3 days) LTA (>3 days RW/JT (1-3 days) RW/JT (>3 days) Other Injury FATALITY X POLLUTION FIRE EXPLOSION LWC HISTORIC BLOWOUT UNDERGROUND SURFACE DEVERTER SURFACE EQUIPMENT FAILURE OR COLLISION HISTORIC >$25K DEPARTMENT OF THE INTERIOR AND ENVIRONMENTAL ENFORCEMENT OF MEXICO REGION INVESTIGATION REPORT STRUCTURAL DAMAGE HOURS CRANE OTHER LIFTING DAMAGED/DISABLED SAFETY SYS. INCIDENT >$25K H2S/15MIN./20PPM REQUIRED MUSTER Inc. SHUTDOWN FROM GAS RELEASE X OTHER EDS REPRESENTATIVE/SUPERVISOR,PRODUCTION X DRILLING WORKOVER COMPLETION HELICOPTER MOTOR VESSEL PIPELINE SEGMENT NO. OTHER,EQUIPMENT FAILURE HUMAN ERROR EXTERNAL DAMAGE SLIP/TRIP/FALL X WEATHER RELATED LEAK UPSET H2O TREATING X OVERBOARD DRILLING FLUID OTHER,6582 FT.,N/A NATURE OF DAMAGE: ESTIMATED AMOUNT (TOTAL):,NO,,ACCIDENT CLASSIFICATION: 28. 04-DEC-2018 29. ACCIDENT INVESTIGATION PANEL FORMED: NO,REPRESENTATIVE: TELEPHONE: CONTRACTOR: Pacific Drilling Services REPRESENTATIVE: TELEPHONE:,C,ok,,1ece2626cebdad105abfd2188fe704526d9190275c5e2ef00013031a0938b1a0
MC-736-20180516-1015,EXPLORATION(POE) X DEVELOPMENT/PRODUCTION (DOCD/POD),HISTORIC INJURY REQUIRED EVACUATION LTA (1-3 days) LTA (>3 days RW/JT (1-3 days) RW/JT (>3 days) Other Injury FATALITY X POLLUTION FIRE EXPLOSION LWC HISTORIC BLOWOUT UNDERGROUND SURFACE DEVERTER SURFACE EQUIPMENT FAILURE OR COLLISION HISTORIC >$25K DEPARTMENT OF THE INTERIOR AND ENVIRONMENTAL ENFORCEMENT OF MEXICO REGION INVESTIGATION REPORT STRUCTURAL DAMAGE HOURS CRANE OTHER LIFTING DAMAGED/DISABLED SAFETY SYS. INCIDENT >$25K H2S/15MIN./20PPM REQUIRED MUSTER SHUTDOWN FROM GAS RELEASE OTHER REPRESENTATIVE/SUPERVISOR,PRODUCTION X DRILLING WORKOVER COMPLETION 28.26728694 HELICOPTER -88.39892063 MOTOR VESSEL PIPELINE SEGMENT NO. OTHER,X EQUIPMENT FAILURE X HUMAN ERROR EXTERNAL DAMAGE SLIP/TRIP/FALL WEATHER RELATED LEAK UPSET H2O TREATING OVERBOARD DRILLING FLUID OTHER,6050 FT.,NATURE OF DAMAGE: ESTIMATED AMOUNT (TOTAL):,,E100 Lessee failed to prevent unauthorized discharge of pollutants into offshore waters. G110 Lessee failed to prevent unauthorized discharge of pollutants into offshore waters.,,REPRESENTATIVE: TELEPHONE: CONTRACTOR: REPRESENTATIVE: TELEPHONE:,C,ok,,cb8c725ba1ed10305ebd9a1bff3809d4f704504c245a1eac67cfea0f6b2d390f
PL-23-20160229-1930,EXPLORATION(POE) X DEVELOPMENT/PRODUCTION (DOCD/POD),HISTORIC INJURY REQUIRED EVACUATION LTA (1-3 days) LTA (>3 days RW/JT (1-3 days) RW/JT (>3 days) Other Injury FATALITY POLLUTION X FIRE EXPLOSION LWC HISTORIC BLOWOUT UNDERGROUND SURFACE DEVERTER SURFACE EQUIPMENT FAILURE OR COLLISION HISTORIC >$25K DEPARTMENT OF THE INTERIOR ENVIRONMENTAL ENFORCEMENT MEXICO REGION INVESTIGATION REPORT STRUCTURAL DAMAGE CRANE OTHER LIFTING DEVICE DAMAGED/DISABLED SAFETY SYS. INCIDENT >$25K H2S/15MIN./20PPM X REQUIRED MUSTER SHUTDOWN FROM GAS RELEASE OTHER REPRESENTATIVE/SUPERVISOR 6. OPERATION: PRODUCTION X DRILLING WORKOVER COMPLETION HELICOPTER MOTOR VESSEL PIPELINE SEGMENT NO. OTHER 8. CAUSE: X EQUIPMENT FAILURE HUMAN ERROR EXTERNAL DAMAGE SLIP/TRIP/FALL WEATHER RELATED X LEAK UPSET H2O TREATING OVERBOARD DRILLING FLUID OTHER 9. WATER DEPTH: 61 FT. 10. DISTANCE FROM SHORE: 20 MI. 11. WIND DIRECTION: SPEED: M.P.H. 12. CURRENT DIRECTION: SPEED: M.P.H. PROCEDURES <=$25K 13. SEA STATE: FT.,,,,NATURE OF DAMAGE: Fire Tube Burner Box Pilot Burner Safety Low ESTIMATED AMOUNT (TOTAL): 22. RECOMMENDATIONS TO PREVENT The Houma District has no Investigations.,23. POSSIBLE OCS VIOLATIONS RELATED,24. SPECIFY VIOLATIONS DIRECTLY OR N/A,,Talos Energy Offshore LLC REPRESENTATIVE: TELEPHONE: CONTRACTOR: REPRESENTATIVE: TELEPHONE:,B,ok,,fc66b8542c5f0a46de4e5861c8474ab674c55d459fb95cbfaecfdd31e0660215
MC-809-20220820-1007,EXPLORATION(POE) X DEVELOPMENT/PRODUCTION (DOCD/POD),INJURIES: HISTORIC INJURY OPERATOR REQUIRED EVACUATION LTA (1-3 days) LTA (>3 days) RW/JT (1-3 days) RW/JT (>3 days) FATALITY Other Injury POLLUTION X FIRE EXPLOSION LWC HISTORIC BLOWOUT UNDERGROUND SURFACE DEVERTER SURFACE EQUIPMENT FAILURE OR COLLISION HISTORIC >$25K DEPARTMENT OF THE INTERIOR ENVIRONMENTAL ENFORCEMENT MEXICO REGION INVESTIGATION REPORT STRUCTURAL DAMAGE CRANE OTHER LIFTING DAMAGED/DISABLED SAFETY SYS. INCIDENT >$25K H2S/15MIN./20PPM X REQUIRED MUSTER SHUTDOWN FROM GAS RELEASE OTHER REPRESENTATIVE/SUPERVISOR,X PRODUCTION DRILLING WORKOVER 28.15402604 COMPLETION -89.10355357 HELICOPTER MOTOR VESSEL PIPELINE SEGMENT NO. X OTHER Suspended Operation,X EQUIPMENT FAILURE X HUMAN ERROR EXTERNAL DAMAGE CONTRACTOR SLIP/TRIP/FALL WEATHER RELATED LEAK UPSET H2O TREATING OVERBOARD DRILLING FLUID OTHER,3970 FT.,NATURE OF DAMAGE: N/A ESTIMATED AMOUNT (TOTAL): $,NO,The BSEE New Orleans District has no recommendations for the Office of Incident Investigations at this time.,,Shell Offshore Inc. REPRESENTATIVE: TELEPHONE: CONTRACTOR: REPRESENTATIVE: TELEPHONE:,C,ok,,4aa850016b01eeb4a182f7521444bd7a938aa61bd5039447d1551a4f4ff120ad
SP-93-20141020-1000,EXPLORATION(POE) X DEVELOPMENT/PRODUCTION (DOCD/POD),HISTORIC INJURY - REQUIRED EVACUATION LTA (1-3 days) LTA (>3 days RW/JT (1-3 days) RW/JT (>3 days) Other Injury - FATALITY POLLUTION X FIRE EXPLOSION LWC - HISTORIC BLOWOUT UNDERGROUND SURFACE DEVERTER SURFACE EQUIPMENT FAILURE OR COLLISION HISTORIC >$25K DEPARTMENT OF THE INTERIOR - ENVIRONMENTAL ENFORCEMENT - MEXICO REGION - INVESTIGATION REPORT STRUCTURAL DAMAGE CRANE OTHER LIFTING DEVICE DAMAGED/DISABLED SAFETY SYS. INCIDENT >$25K H2S/15MIN./20PPM REQUIRED MUSTER SHUTDOWN FROM GAS RELEASE OTHER REPRESENTATIVE/SUPERVISOR 6. OPERATION: PRODUCTION X DRILLING WORKOVER COMPLETION HELICOPTER MOTOR VESSEL PIPELINE SEGMENT NO. OTHER 8. CAUSE: X EQUIPMENT FAILURE HUMAN ERROR EXTERNAL DAMAGE - SLIP/TRIP/FALL WEATHER RELATED LEAK UPSET H2O TREATING OVERBOARD DRILLING FLUID OTHER 9. WATER DEPTH: 446 FT. 10. DISTANCE FROM SHORE: 17 MI. 11. WIND DIRECTION: - SPEED: M.P.H. 12. CURRENT DIRECTION: SPEED: M.P.H. PROCEDURES <=$25K 13. SEA STATE: FT. 16-MAR-2015 -,,,,ESTIMATED AMOUNT (TOTAL): 22. RECOMMENDATIONS TO PREVENT The BSEE New Orleans District makes,23. POSSIBLE OCS VIOLATIONS RELATED TO,24. SPECIFY VIOLATIONS DIRECTLY OR,,"Energy XXI GOM, LLC REPRESENTATIVE: TELEPHONE: CONTRACTOR: - REPRESENTATIVE: TELEPHONE:",B,ok,,ff69a0b9c1c3b088f0378e5d1a21527adee51e26bb82f4a22ebdbbad9a9effbf
SS-154-20161223-1550,EXPLORATION(POE) X DEVELOPMENT/PRODUCTION (DOCD/POD),HISTORIC INJURY REQUIRED EVACUATION LTA (1-3 days) LTA (>3 days RW/JT (1-3 days) RW/JT (>3 days) Other Injury FATALITY POLLUTION X FIRE EXPLOSION LWC HISTORIC BLOWOUT UNDERGROUND SURFACE DEVERTER SURFACE EQUIPMENT FAILURE OR COLLISION HISTORIC >$25K DEPARTMENT OF THE INTERIOR ENVIRONMENTAL ENFORCEMENT MEXICO REGION INVESTIGATION REPORT STRUCTURAL DAMAGE CRANE OTHER LIFTING DEVICE DAMAGED/DISABLED SAFETY SYS. INCIDENT >$25K H2S/15MIN./20PPM REQUIRED MUSTER SHUTDOWN FROM GAS RELEASE OTHER REPRESENTATIVE/SUPERVISOR 6. OPERATION: PRODUCTION X DRILLING WORKOVER COMPLETION HELICOPTER MOTOR VESSEL PIPELINE SEGMENT NO. OTHER 8. CAUSE: X EQUIPMENT FAILURE HUMAN ERROR EXTERNAL DAMAGE SLIP/TRIP/FALL WEATHER RELATED X LEAK UPSET H2O TREATING OVERBOARD DRILLING FLUID OTHER 9. WATER DEPTH: 54 FT. 10. DISTANCE FROM SHORE: 28 MI. 11. WIND DIRECTION: SPEED: M.P.H. 12. CURRENT DIRECTION: SPEED: M.P.H. PROCEDURES <=$25K 13. SEA STATE: FT.,,,,"NATURE OF DAMAGE: Fire Tube Corrosion/pitting ESTIMATED AMOUNT (TOTAL): $175,000",NO,N/A,29. ACCIDENT INVESTIGATION,"Ridgelake Energy, Inc. REPRESENTATIVE: TELEPHONE: CONTRACTOR: REPRESENTATIVE: TELEPHONE:",B,ok,,48ff712c061b1410d92e5a0d9c642bea082ab20b39c8138b9ab309252d042535
VR-131-20120917-1330,EXPLORATION (PO E) ~ DEVELOPMENT/PRODUCTION (DOCD/POD),[] HISTORIC INJURY REQUIRED EVACUATION LTA (1-3 days) LTA (>3 days RW/JT (1-3 days) RW/JT (>3 days) Other Injury FATALITY ~ POLLUTION FIRE EXPLOSION LWC ~ H ISTORIC BLOWOUT UNDERGROUND SURFACE DEVERTER SURFACE EQUIPMENT FAILURE OR 0 0 COLLISION 0 HISTORIC >$25K DEPARTMENT OF THE INTERIOR ENVIRONMENTAL ENFORCEMENT MEXICO REGION INVESTIGATION REPORT For P ublic Release STRUCTURAL DAMAGE X CRANE OTHER LIFTING DEVICE DAMAGED/DISABLED SAFETY SYS. X INCIDENT >$25K $100000.00 H2S / 15MIN. /20PPM REQUIRED MUSTER SHUTDOWN FROM GAS RELEASE OTHER REPRESENTATIVE/SUPERVISOR OPERATION: 6. PRODUCTION X DRILLING WORKOVER COMPLETION HELICOPTER MOTOR VESSEL PIPELINE SEGMENT NO. X OTHER Construction CAUSE: 8. EQUIPMENT FAILURE X HUMAN ERROR EXTERNAL DAMAGE SLIP/TRIP/FALL WEATHER RELATED LEAK UPSET H20 TREATING OVERBOARD DRILLING FLUID OTHER 9. WATER DEPTH: 57 FT. 10. DISTANCE FROM SHORE: 32 MI. 11. WIND DIRECTION: W SPEED: 10 M.P.H. 12. CURRENT DIRECTION: SW SPEED: 2 M.P.H. PROCEDURES <=$25K 13. SEA STATE: FT. 3,,,,"NATURE OF DAMAGE: Crane box boom Boom was bent beyond repair ESTIMATED AMOUNT (TOTAL): $100,000",YES,"I-102 The operator failed to follow proper crane operating practices for moving the load in accordance with API RP 2D, paragraph 3.2.1(c) which stipulates ""The Crane Operator should verify that the hook load is within the crane's applicable Onboard or Offboard Rated Load",,Stone Energy Corporation REPRESENTATIVE: TELEPHONE: CONTRACTOR: REPRESENTATIVE: TELEPHONE:,B,ok,,f6e1a6e1d5376950331475bf9d5d6d2cb1007a3962e7385ab75d4349af77b91d
VR-214-20130512-1345,EXPLORATION(POE) ~ DEVELOPMENT/PRODUCTION (DOCD/POD),[] HI STOR I C INJURY X REQUIRED EVACUATI ON 1 LTA (1-3 days) LTA (>3 days RW/JT (1-3 days) x RW/JT (>3 days) 1 Other Injury FATALITY ~ P OLLUTION FIRE EXPLOS I ON ~ LWC H ISTORIC BLOWOUT UNDERGROUND SURFACE DEVERTER SURFACE EQU IPMENT FAILURE OR D D COLLISION 0 HISTORIC >$25K DEPARTMENT OF THE INTERIOR ENVIRONMENTAL ENFORCEMENT MEXICO REGION INVESTIGATION REPORT STRUCTURAL DAMAGE CRANE OTHER LIFTING DEVICE DAMAGED/DISABLED SAFETY SYS. INCIDENT >$25K H2S / 15MIN. /20PPM REQUIRED MUSTER SHUTDOWN FROM GAS RELEASE XOTHER Foot Injury REPRESENTATIVE/SUPERVISOR 6. OPERATI ON: PRODUCTION DRILLING WORKOVER COMPLETION HELI COPTER MOTOR VESSEL PIPELINE SEGMENT NO. X OTHER API#177054011100 Well A-14 8. CAUSE: EQU IPMENT FAILURE X HUMAN ERROR EXTERNAL DAMAGE SLIP/TRIP/FALL WEATHER RELATED LEAK UPSET H2 0 TREATING OVERBOARD DRILLING FLUID OTHER 9. WATER DEPTH: 127 FT. 10. DISTANCE FROM SHORE: 57 MI. 11. WIND DIRECTION: SPEED: M.P.H. 12. CURRENT DIRECTION: SPEED: M.P.H. PROCEDURES <=$25K 13. SEA STATE: FT.,,,,NATURE OF DAMAGE: None N/A ESTIMATED AMOUNT (TOTAL):,NO,,29. ACCIDENT INVESTIGATION,Chevron U.S.A. Inc. REPRESENTATIVE: TELEPHONE: CONTRACTOR: REPRESENTATIVE: TELEPHONE:,B,ok,,f2ac16378054741c64659f7f8339a8ae2b5bcf2c5660f932adea66e77f63139c
398-20120801-0020,EXPLORATION(POE ) ~ DEVELOPMENT/PRODUCTION (DOCD/POD),[] HISTORIC INJURY REQUIRED EVACUATION LTA (1-3 days) LTA (>3 days RW/JT (1-3 days) RW/JT (>3 days) Other Injury FATALITY ~ POLLUTION FIRE EXPLOSION LWC ~ H ISTORIC BLOWOUT UNDERGROUND SURFACE DEVERTER SURFACE EQUIPMENT FAILURE OR D D COLLISION D HISTORIC >$25K DEPARTMENT OF THE INTERIOR ENVIRONMENTAL ENFORCEMENT MEXICO REGION INVESTIGATION REPORT X STRUCTURAL DAMAGE CRANE OTHER LIFTING DEVICE DAMAGED/DISABLED SAFETY SYS. INCIDENT >$25K H2S / 15MIN. /20PPM REQUIRED MUSTER X SHUTDOWN FROM GAS RELEASE OTHER REPRESENTATIVE/SUPERVISOR OPERATI ON: 6. PRODUCTION DRILLING WORKOVER X COMPLETION HELI COPTER MOTOR VESSEL PIPELINE SEGMENT NO. OTHER 8. CAUSE : EQU IPMENT FAILURE X HUMAN ERROR EXTERNAL DAMAGE SLIP/TRIP/FALL WEATHER RELATED LEAK UPSET H20 TREATING OVERBOARD DRILLING FLUID OTHER 9. WATER DEPTH: 381 FT. 10. DISTANCE FROM SHORE : 102 MI. 11. WIND DIRECTION: SPEED: M.P.H. s 12. CURRENT DIRECTION: SPEED : 10 M.P.H. PROCEDURES <=$25K 13. SEA STATE: FT. 3 23-0CT-2012,,,,"NATURE OF DAMAGE: Loss of 3.5"" work string(approx. 800'), Exterior damage to traveling block and traveling block, elevators, BOP stack elevators, distortion and kinking of replaced, choke manifold, accumulator workstring being used as well as rupturing unit and umbilicals to stack. of an umbilical hose from the accumulator Approximately 1200' of drill line was unit to an HCR valve. Drill line was also also damaged. damaged(approx. 1200')due to kinking. ESTIMATED AMOUNT (TOTAL): $289,636",NO,N/A,29. ACCIDENT INVESTIGATION,"McMoRan Oil & Gas LLC REPRESENTATIVE: TELEPHONE: CONTRACTOR: BLAKE OFFSHORE ENERGY,LLC REPRESENTATIVE: TELEPHONE:",B,ok,,22d15a5547b11e7c97fdccbd9dcb86d8a74463d235375a85997eace348750ab5
VR-261-20151216-1845,EXPLORATION(POE) X DEVELOPMENT/PRODUCTION (DOCD/POD),"HISTORIC INJURY REQUIRED EVACUATION LTA (1-3 days) LTA (>3 days RW/JT (1-3 days) RW/JT (>3 days) Other Injury FATALITY POLLUTION FIRE EXPLOSION LWC HISTORIC BLOWOUT UNDERGROUND SURFACE DEVERTER SURFACE EQUIPMENT FAILURE OR COLLISION HISTORIC >$25K DEPARTMENT OF THE INTERIOR ENVIRONMENTAL ENFORCEMENT MEXICO REGION INVESTIGATION REPORT STRUCTURAL DAMAGE X CRANE OTHER LIFTING DEVICE DAMAGED/DISABLED SAFETY SYS. X INCIDENT >$25K $54,269.62 H2S/15MIN./20PPM REQUIRED MUSTER SHUTDOWN FROM GAS RELEASE OTHER REPRESENTATIVE/SUPERVISOR 6. OPERATION: PRODUCTION X DRILLING WORKOVER COMPLETION HELICOPTER MOTOR VESSEL PIPELINE SEGMENT NO. OTHER 8. CAUSE: X EQUIPMENT FAILURE X HUMAN ERROR EXTERNAL DAMAGE SLIP/TRIP/FALL WEATHER RELATED LEAK UPSET H2O TREATING OVERBOARD DRILLING FLUID OTHER 9. WATER DEPTH: 153 FT. 10. DISTANCE FROM SHORE: 70 MI. 11. WIND DIRECTION: NW SPEED: 0 M.P.H. 12. CURRENT DIRECTION: SPEED: 0 M.P.H. PROCEDURES <=$25K 13. SEA STATE: 5 FT.",,,,NATURE OF DAMAGE: • Crane boom • Bent chords on lower section of boom • Boom stops • Bent boom stops ESTIMATED AMOUNT (TOTAL):,YES,"G-892 (W) Operator did not verbally notify the Lake Charles District Manager immediately following the crane incident that occurred on Dec. 16, 2015 I-112 (C) Boom hoist limit device failed to automatically stop the boom hoist winch when the boom reached its maximum predetermined high angle. I-114 (C) Boom angle indicator is not readable from the operator's station. The boom angle indicator is faded and has paint overspray.",29. ACCIDENT INVESTIGATION,Fieldwood Energy LLC REPRESENTATIVE: TELEPHONE: CONTRACTOR: REPRESENTATIVE: TELEPHONE:,B,ok,,2ee8150719c0051c5567e55cfb975e975c5c500643a3f3330376ab3b48cb0982
205-20120905-2030,EXPLORATION(POE) ~ DEVELOPMENT/PRODUCTION (DOCD/POD),[] HISTORIC INJURY X REQUIRED EVACUATION 1 LTA (1-3 days) x LTA (>3 days 1 RW/JT (1-3 days) RW/JT (>3 days) Other Injury FATALITY ~ POLLUTION FIRE EXPLOSION LWC ~ HISTORIC BLOWOUT UNDERGROUND SURFACE DEVERTER SURFACE EQUIPMENT FAILURE OR D D COLLISION D HISTORIC >$25K DEPARTMENT OF THE INTERIOR ENVIRONMENTAL ENFORCEMENT MEXICO REGION INVESTIGATION REPORT STRUCTURAL DAMAGE CRANE X OTHER LIFTING DEVICE Air Tugger Cable DAMAGED/DISABLED SAFETY SYS. INCIDENT >$25K H2S / 15MIN. /20PPM LLC REQUIRED MUSTER SHUTDOWN FROM GAS RELEASE OTHER X Injury to Fingers REPRESENTATIVE/SUPERVISOR 6. OPERATI ON: PRODUCTION DRILLING WORKOVER COMPLETION HELI COPTER MOTOR VESSEL PIPELINE SEGMENT NO. X OTHER P&A 8. CAUSE : EQU IPMENT FAILURE X HUMAN ERROR EXTERNAL DAMAGE SLIP/TRIP/FALL WEATHER RELATED LEAK UPSET H20 TREATING OVERBOARD DRILLING FLUID OTHER 9. WATER DEPTH: 53 FT. 10. DISTANCE FROM SHORE : 34 MI. 11 . WIND DIRECTION: S SPEED: 10 M.P.H. 12. CURRENT DIRECTION: SPEED : M.P.H. PROCEDURES <=$25K 13. SEA STATE: FT. 3,,,,NATURE OF DAMAGE: N/A ESTIMATED AMOUNT (TOTAL): 22. RECOMMENDATIONS TO PREVENT The Lake Charles District has of Safety Management.,23. POSSIBLE OCS VIOLATIONS RELATED,24. SPECIFY VIOLATIONS DIRECTLY OR N/A,,"Apache Corporation REPRESENTATIVE: TELEPHONE: CONTRACTOR: Spartan Offshore Drilling, REPRESENTATIVE: TELEPHONE:",B,ok,,d69585cc80dfd897f754dc06879ceb53ea37b4ad69667a796546ecc966b5051a
WD-152-20190117-0930,EXPLORATION(POE) X DEVELOPMENT/PRODUCTION (DOCD/POD),"HISTORIC INJURY REQUIRED EVACUATION LTA (1-3 days) LTA (>3 days RW/JT (1-3 days) RW/JT (>3 days) Other Injury FATALITY POLLUTION X FIRE EXPLOSION LWC HISTORIC BLOWOUT UNDERGROUND SURFACE DEVERTER SURFACE EQUIPMENT FAILURE OR COLLISION HISTORIC >$25K DEPARTMENT OF THE INTERIOR AND ENVIRONMENTAL ENFORCEMENT OF MEXICO REGION INVESTIGATION REPORT STRUCTURAL DAMAGE HOURS CRANE OTHER LIFTING DAMAGED/DISABLED SAFETY SYS. X INCIDENT >$25K $500,000 H2S/15MIN./20PPM REQUIRED MUSTER SHUTDOWN FROM GAS RELEASE OTHER REPRESENTATIVE/SUPERVISOR",PRODUCTION X DRILLING WORKOVER COMPLETION HELICOPTER MOTOR VESSEL PIPELINE SEGMENT NO. OTHER,X EQUIPMENT FAILURE X HUMAN ERROR EXTERNAL DAMAGE SLIP/TRIP/FALL WEATHER RELATED LEAK UPSET H2O TREATING OVERBOARD DRILLING FLUID OTHER,373 FT.,"NATURE OF DAMAGE: GLYCOL REBOILER UNIT, COMPRESSOR BUILDING FIRE ESTIMATED AMOUNT (TOTAL): $500,000",,G-110 DOES THE LESSEE PERFORM ALL OPERATIONS IN A SAFE AND WORKMANLIKE MANNER AND PROVIDE FOR THE PRESERVATION AND CONSERVATION OF PROPERTY AND THE ENVIRONMENT? • Renaissance Operators left the glycol skid unattended during startup.,ACCIDENT CLASSIFICATION: 28. 29. ACCIDENT INVESTIGATION,REPRESENTATIVE: TELEPHONE: CONTRACTOR: REPRESENTATIVE: TELEPHONE:,C,ok,,6bebe999bb099492d8a12e1f806ba25848bf7fcb0d75643f269f86e635319bc0
UNKEYED-36d99d167a36,EXPLORATION(POE) DEVELOPMENT/PRODUCTION X (DOCD/POD),INJURIES: HISTORIC INJURY OPERATOR REQUIRED EVACUATION 0 X LTA (1-3 days) LTA (>3 days) 0 X RW/JT (1-3 days) RW/JT (>3 days) FATALITY Other Injury POLLUTION FIRE EXPLOSION LWC HISTORIC BLOWOUT UNDERGROUND SURFACE DEVERTER SURFACE EQUIPMENT FAILURE OR COLLISION HISTORIC >$25K DEPARTMENT OF THE INTERIOR ENVIRONMENTAL ENFORCEMENT OF MEXICO REGION INVESTIGATION REPORT STRUCTURAL DAMAGE CRANE OTHER LIFTING DAMAGED/DISABLED SAFETY SYS. INCIDENT >$25K H2S/15MIN./20PPM REQUIRED MUSTER SHUTDOWN FROM GAS RELEASE OTHER REPRESENTATIVE/SUPERVISOR,PRODUCTION X DRILLING WORKOVER COMPLETION HELICOPTER MOTOR VESSEL PIPELINE SEGMENT NO. OTHER,EQUIPMENT FAILURE X HUMAN ERROR EXTERNAL DAMAGE CONTRACTOR SLIP/TRIP/FALL X 1 WEATHER RELATED LEAK 1 UPSET H2O TREATING OVERBOARD DRILLING FLUID OTHER,168 FT.,NATURE OF DAMAGE: ESTIMATED AMOUNT (TOTAL):,NO,ACCIDENT CLASSIFICATION:,28. ACCIDENT INVESTIGATION 29. PANEL FORMED: NO,"Cox Operating, L.L.C. REPRESENTATIVE: TELEPHONE: CONTRACTOR: Crosby Energy Services REPRESENTATIVE: TELEPHONE:",C,ok,,36d99d167a3671e161e9b42f282ad7b851de2014802f01fc8bc0756ca5e7e1a9
