Incident Number,Cause number,Cause Description,Cause type,Risk Management Cause,Human Factors  Cause, Failed PSM Framework Element
GC-478-20240502-1620,1,Equipment failure – The structural limits of the sprag clutches were exceeded causing them to shear. This led to the uncontrolled descent of the water bag.,,,,
GC-478-20240502-1620,2,Personnel training – individuals performing the task did not have proper training on AOPS functionality.,,,,
GC-478-20240502-1620,3,Management system – No procedure to reset the lift area when performing a 5-year load test over the side of the vessel.,,,,
GC-478-20240502-1620,4,Communication – Job instructions were inadequate because testing safety systems are mentioned after the 5-year load test instead,,,,
EI-259-20120304-1330,1,The CE failed to properly observe the walkway crane cab. The CE stepped off the edge of the the CE to step wrong and over extend his left,,,,
EI-259-20120304-1330,2,was taken and indicated tears and a to repair. The CE will miss before attempting to walk towards the walkway into the containment pan causing knee.,,,,
EI-259-20120304-1330,3,"As per the Job Safety Analysis, the CE should have utilized the hand held radio before attempting to climb the ladder to communicate with the crane operator;",,,,
EI-259-20120304-1330,4,Always clean oil from decks and walkways;,,,,
EI-259-20120304-1330,5,Maintain containment pans so they do not cause oil to splatter onto decks and walkways;,,,,
EI-259-20120304-1330,6,Cover all openings in and around falls.,,,,
UNKEYED-974899945cce,1,"II Upon investigation on the platform, the one line drawings were reviewed. Th~ drawing shows that there is a switch at transformer #1 (35Kv to 4160v) & a breaker at the MCC-1. Power was removed at the beach from the sub-station where the was break~r opened. This happened on 10/01/12. Power was locked out at that point. Breaker on the 35Kv transformer on the platform was left in the closed position & the incommi~g Hillhouse & shore site main breaker was opened in the MCC-1. The cable was verified to now have power on it by the contract electrician & also the DCOR electrician. Work began & the conduit was replaced & new wires were pulled. On 10103112, the plan was to power up the cable from the beach to the platform. The 35Xv transformer was closed up & the breaker was verified closed. This was don$ so that they would not have to close the breaker with 35Kv on it. Communication was made from the beach to the DCOR rep on the platform. The DCOR rep on the platform a$ked the electrical contract form.an if it was ok to power up the line. He stated that all was good & they were clear & ready to go. When the DCOR rep contacted the rep on the beach, the rep on the beach said he needed 15 minutes to fix something. The rep on the· beach called back & said that they were ready to go. At the time the breaker on the beach was closed & powered up to then trip out on a ground fault. The IP was working on the wires that ran from the transformer to the MCC-1. Th$ lines arc flashed causing the injuries.",,,,
UNKEYED-974899945cce,2,// The findings are as follows: It was found that there was no isolation permit completed for the isolation of the transformer or for the switch gear in the MCC-1.,,,,
UNKEYED-974899945cce,3,// The findings are as follows: A hot work permit was filled out for the use of electrical tools.,,,,
UNKEYED-974899945cce,4,// The findings are as follows: A JHA was filled out but was not completed.,,,,
UNKEYED-974899945cce,5,// The findings are as follows: Personnel did not make sure that all personnal were clear of work areas & if work was completed before powering up the 35Kv line. OS) personnel relied on the one line drawings & did not do a job walk to verify the lines that they were working on. One line drawings do not show the J-Box in line.,,,,
UNKEYED-974899945cce,6,// The findings are as follows: Personnel did not follow DCOR 1 s LOTO procedures.,,,,
UNKEYED-974899945cce,7,// The findings are as follows: Personnel did not follow DCOR 1 s electrical safety policy.,,,,
UNKEYED-d34a71a29a8c,1,The failure originated in one of six inserts (nut) in the female connector of joint,,,,
UNKEYED-d34a71a29a8c,2,"The failure of the first insert transferred additional loads to the adjacent inserts and bolts, which subsequently failed. The high tensile loads from normal operation produced high stresses which were magnified by the design of the insert. Cracks were either initiated in the inside shoulder area from the high stresses or were created in the manufacturing process. These cracks provided a means for the initiation and propagation of hydrogen embrittlement, leading to environmentally assisted cracking (EAC) and ultimate failure. After the first insert failed, the load it was holding was transferred to the adjacent bolts and inserts, increasing their tensile loads and stresses. These additional loading stresses made the adjacent inserts more susceptible to EAC. Consequently, four of the five remaining inserts failed in a similar manner and the last bolt failed under tension.",,,,
UNKEYED-d34a71a29a8c,3,Three conditions must exist for EAC to propagate: 1) the material must be stressed;,,,,
UNKEYED-d34a71a29a8c,4,it must be susceptible to EAC; 3) it must be in an environment that has some means of transferring hydrogen atoms to the material. The potential for EAC increases as the potentials of these circumstances increase.,,,,
UNKEYED-d34a71a29a8c,5,STRESS,,,,
UNKEYED-d34a71a29a8c,6,The inserts were designed with an inherent stress riser (stress concentration area) in the inside corner. This design increases the surface tensile loads in that area.,,,,
UNKEYED-d34a71a29a8c,7,It was determined that cracks initiated in the inside shoulder of the inserts. They were either formed in the manufacturing process or they were caused by extreme tensile stresses due to the stress riser.,,,,
UNKEYED-d34a71a29a8c,8,MATERIALS,,,,
UNKEYED-d34a71a29a8c,9,The insert material was hardened steel. Hardened steel lends itself to hydrogen embrittlement and EAC.,,,,
UNKEYED-d34a71a29a8c,10,HYDROGEN SOURCE,,,,
UNKEYED-d34a71a29a8c,11,Seawater can be considered a corrosive environment and could possibly have been the source of hydrogen.,,,,
UNKEYED-d34a71a29a8c,12,"Thermally sprayed aluminum (TSA) was used to coat the body of marine riser joints for corrosion protection. The contractor has performed tests that show when TSA is in the presence of hydraulic control fluid, it becomes cathodic to steel, creating an electro-chemical reaction. This would provide a transfer of electrons to the insert and cause hydrogen embrittlement. Evidence suggests that a reaction such as this may have taken place on the first insert that failed. The average safety factor in the design of the insert at the inside shoulder area was around 2.0. This is acceptable provided the service environment is considered, there are no flaws in the manufacturing process and it sustains no damage throughout its life. A better design would have a much higher safety factor to overcome the effects of the environment and to negate flaws that are not discovered.",,,,
UNKEYED-d34a71a29a8c,13,LIST THE ADDITIONAL INFORMATION:,,,,
UNKEYED-d34a71a29a8c,14,(Cont.) INVESTIGATION FINDINGS:,,,,
UNKEYED-d34a71a29a8c,15,EAC was confirmed as a failure mechanism.,,,,
UNKEYED-d34a71a29a8c,16,"Stress analysis showed stresses alone were not a. Tension in flange at time of incident - 1.7 MM b. Rating of flange - 2.5 MM lb sufficient to explain failure. lb c. Flanges above failed location subject to higher tension. d. All five failed inserts exhibited low-energy fracture surfaces versus 100% ductile, which would be associated with an overload failure.",,,,
UNKEYED-d34a71a29a8c,17,No evidence was found to support metallurgical findings and analysis,,,,
UNKEYED-d34a71a29a8c,18,Investigation supports unzipping and progressing to adjacent inserts,,,,
UNKEYED-d34a71a29a8c,19,"Metallurgical analysis points to work ongoing to determine source of fatigue as the primary mode of failure, based on of recorded current data. hypothesis of cracking initiated in insert 39-6 until final failure of the riser connection. hydrogen charging as most probable root cause with hydrogen.",,,,
UNKEYED-d34a71a29a8c,20,Deadman sequence began approximately 24 seconds after the riser parted with the casing shear ram closed approximately 29 seconds after the start of the sequence and the wellbore secured via the lower blind shear ram approximately 30 seconds later. It is believed that the drill pipe had parted when the riser collapsed just above the LMRP and fallen into the wellbore before the casing shear ram closed.,,,,
UNKEYED-d34a71a29a8c,21,(Cont.) RECOMMENDATIONS TO PREVENT RECURRENCE NARRATIVE:,,,,
UNKEYED-d34a71a29a8c,22,"Course of Action for MMS (Cont.) According to API RP 16Q (a non-referenced document) all riser systems should be inspected yearly with liquid penetrant or magnetic particle inspection performed in all critical areas, unless there is evidence that the inspections are not needed that frequently as determined by the manufacturer and contractor. The Safety Alert should cite ABB Vetco's Product Advisory of October 24, 2003 recommending a 6-month inspection frequency for their HMF Type F, G, and H riser systems. There is a general consensus that risk of failure is low and complacency is now the norm. Operators should also be encouraged to create and follow QA procedures for inspection and installation practices.",,,,
UNKEYED-d34a71a29a8c,23,"NOTE: Transocean has met these requirements on the Discoverer Enterprise. All other vessels with suspect riser (Transocean's Discoverer Deep Seas, Discoverer Spirit, Deepwater Millennium, and Deepwater Pathfinder) have had visual inspection, dimensional inspection, hardness testing, stress relieving and TSA removed on all risers in service. Magnetic particle inspection was not an in-house requirement to return to service. New Orleans District inspected Discoverer Enterprise more often (in accordance with MOC policy). During inspections, verify that operations are being conducted in accordance with newly implemented riser operating procedures.",,,,
UNKEYED-d34a71a29a8c,24,"Course of Action for Industry a) Reduce the susceptibility of suspect riser to EAC through replacement of the bolts and inserts with new design as follows: i) Reduce the stress in the insert shoulder to an acceptable level. Possible redesign considerations are changing the thread engagement, thus placing the shoulder in compression instead of tension; increasing insert length; increasing bolt diameter; stress relieving. ii) Reduce the hardness of the insert and bolt material to eliminate crack propagation. The original maximum hardness criteria set by the insert manufacturer was 40 HRC. The average hardness measured for 103 inserts after the incident was 37.5 HRC with 99 inserts harder than 35 HRC. Transocean has reduced the hardness criteria for its Class F riser inserts to a Rockwell Hardness below 35 HRC. iii) Remove all TSA from insert and bolt areas and modify procedures to eliminate overspray from the manufacturing process. iv) Increase quality assurance to eliminate cracked inserts and bolts from entering service.",,,,
UNKEYED-d34a71a29a8c,25,"NOTE: ABB Vetco has redesigned the insert and bolt combination to achieve the requirements above. Transocean is in the process of repacing all existing inserts and bolts with the new design. Replacement will begin in the 4th quarter of 2003 and will continue until all suspect risers have been modified with an estimated completion in the 4th quarter of 2004. All new risers on order will be outfitted with the new design. Once all original design HMF Type F bolts and inserts are replaced with the new design, inspection frequencies can be increased. b) It has been suggested that the combination of subsea control fluid (hydraulic fluid) and TSA was the source of hydrogen atoms transferred to the inserts; studies are still ongoing to determine if this is the case. An investigation into a recent incident involving the failure of a kill line has produced recommendations to reduce the potential of recurrence. It is recommended that additional steps be taken to decrease the likelihood of hydraulic line leaks as follows: i) Operator/Contractor to develop detailed inspection program of riser seals and stabs. ii) Operator should review policies regarding operational limits and sea currents for running riser. Durations should be established for leaving riser hanging beneath vessel unlatched from wellhead. iii) Encourage BP and other operators to participate with contractors and manufacturers to improve choke, kill and hydraulic line seal design for VIV condition.",,,,
LB-6488-20030504-0740,1,"been engaged, slippage of the boom to fall resulting in the failure of the Boom pawl was not engaged by operator. With mechanical cranes the potential for clutch slippage is generally present especially during heavy rain or foggy conditions. These weather conditions existed and contributed to this incident.",,,,
LB-6488-20030504-0740,2,"In reviewing the reason for the boom hoist clutch becoming wet, it was determined that preventive maintenance activities need improvement as they relate to maintaining the crane house seals.",,,,
LA-6709-20041104-0735,1,-Employee was not properly tied-off while climbing into -scaffolding plank was not properly secured.,,,,
MI-622-20040121-0314,1,"The electric motor and brake are designed and built together so that when power applied to the electric motor, the brake releases and the motor applies torque. When electric power is removed, the electric/mechanical brake is set. The mechanic did not read the procedures for removal of the motor for this mode of crane. Other types have brake bands on the cable drum. The mechanic failed to remove the load off the boom, which consisted of the boom, boom lifting pulleys and cable.",,,,
MI-622-20040121-0314,2,"Mechanic failed to read the manufacturers recommended motor removal instructions, by cradling the boom and removing all loads from the motor and gear train.",,,,
HI-20040219-2045,1,Internal corrosion,,,,
HI-20040219-2045,2,A pinhole in a weld leaked glycol and condensate,,,,
EW-826-20040222-1445,1,"It is believed that the cause of this accident is the buildup of static electricity which produced a spark in the drum. This is believed to be the ignition source. There were no procedures and/or Job Safety Analysis {JSA} for this operation. British Petroleum {BP} stated in their report that the operator may not have had a sufficient understanding of static electricity. If this is the case, then a lack of education would have also been a factor in this incident. Also BP has a policy relating to the usage of non-metal drums. The following is BP's General Safety Rule #28, taken rom their Safe Practices Manual. ""Use only metal containers that are grounded by metal-to-metal contact or ground straps while drawing hydrocarbons samples from pressurized vessels or lines. Transfer of depressurized sample from metal container to glass or plastic container is permitted after isolation from supply source.""",,,,
HI-20040223-1400,1,"Low pressure gas vented into common venting going to the skimmer, released to atmosphere and migrated into the MCC room from below, through opening (approximately four inches in diameter) into the MCC room and was ignited by an automated switch or relay. The door was opened, causing room. The percentage of gas in the than in the room.",,,,
HI-20040223-1400,2,LIST THE CONTRIBUTING CAUSE(S) OF Failure to install FSV at the water the atmospheric vent on the skimmer. conduit passages into the MCC room. penatrations into MCC room.,,,,
SM-149-20040328-0800,1,The welder apparently failed to realize that the weight of the 5 inch mooring line would excellerate the mooring line rate of descent to the point that it was uncontrollable. The welder inadvertently placed himself between the handrail and mooring line as the mooring line was being lowered,,,,
SM-149-20040328-0800,2,None,,,,
ST-260-20040329-0130,1,"Since no vessel operator has come forth to claim responsibility for this accident, one can only speculate for the reason of the collision.",,,,
HI-47-20040519-0830,1,"In the instant that Byron King switched open the SSV, he realized his error, and then switched to close the SSV. Grasping the magnitude of the fire, Byron King then left the well control panel, ran down the adjacent stairs and closed the ESD switch located at the lower deck level. The time lag in the activation of the ESD would have been about one and one-half minutes to full closure. The blast of gas out of the open choke body which was about 2 feet above the deck was like a blow torch aimed directly toward the living quarters. The living quarters were constructed of aluminum, and it and its contents were completely destroyed along with the adjacent 2-300 gallon plastic fresh water tank next to the living quarters. No dry chemical system, deluge water system or safety shut down sysem could have saved the living quarters or anything else within the blast flame direction from the choke body within the closing time of the SSV. The 150 pound dry chemical wheeled unit adjacent to the living quarters would not have slowed the blaze. There was no fire wall or shield (such as an A-60 barrier) located between the choke manifold, production equipment, meter runs, and the living quarters.",,,,
HI-47-20040519-0830,2,"The main cause of the fire appears to be the inadvertent opening of the SSV at the control panel while the choke body cap was removed. There were three valves that could have been closed that would have prevented this fire; the master valve, the swab valve, or the ""wing valves"" on the swab flow line ahead of the sand knockout. None of these manual valves were closed, and there was nothing to hold back the full wellhead pressue from dischardging through the open choke body.",,,,
WC-237-20041106-0800,1,The structural beams being cut and not returned,,,,
WC-237-20041106-0800,2,The hatch cover not being secured in place.,,,,
WC-237-20041106-0800,3,Lack of on site supervision.,,,,
WC-237-20041106-0800,4,Lack of hazard recognition training. to their original design.,,,,
WC-237-20041106-0800,5,Lack of structural hazard analysis upon completion of the well work.,,,,
WC-237-20041106-0800,6,The lack of communication between the rig personnel and ATP with regards to cutting the beams as well as the absence of an on site ATP supervisor possibly contributed to the accident. The contract operators not being familiar with the sequence of events which have taken place on this platform and the personnel not recognizing the hazard of placing the unsecured hatch cover back in place contributed to the accident.,,,,
EI-327-20041223-1420,1,"An air/hydrocarbon fuel mixture inside the sparks from the cutting operation. It is most leak around one of the Float Cell hatch cover Float Cell {ABM-600) was ignited by likely that a small hydrocarbon vapor gaskets came in contact with one of the sparks from the cutting operation. Such a trail of vapor could have acted as a ""fuse"", conducting the flame into the interior of the Float Cell, where the explosion occurred when the air/fuel mixture was ignited. Two vessel vents had flame arrestors, thus the vents can be ruled out as a potential flame path.",,,,
EI-327-20041223-1420,2,"a. The blanket gas was shut off to reduce the chance of gas leaking from the interior of the Float Cell This allowed air to infiltrate into the vessel, creating a flammable mixture. b. The Float Cell was not covered with a fire blanket, allowing sparks to contact the area near the hatch seals, nor were the flammable substances rendered inert. This is a violation of 30 CFR 250.113{a).",,,,
EI-32-20041227-0250,1,The direct cause of the pollution incident was due to a section of wire line wire that had lodged in the water dump valve on the outlet of the (FWKO). The wire caused the valve to stay in the open position allowing all liquids from the (FWKO) to over flow to the skinuner. The SDV on the inlet to the skinuner did not function properly due to a build up of scale and corrosion inside the valve. The LSH on the skinuner performed its design function and shut in the platform. The dump valve on the (FWKO) was replaced and the SDV on the inlet of the skinuner was repaired.,,,,
EI-32-20041227-0250,2,Wireline rope left in one of the wells from a flowed through the production process system dump valve of the (FWKO) causing the valve to,,,,
LA-6660-20110526-1130,1,"Human error, not sure if hand slipped off valve or if it. was set down.",,,,
LA-6660-20110526-1130,2,Hand was in a pinch point.,,,,
LB-6437-20110528-0945,1,"Lack of Training, going to fast.",,,,
WC-280-20050114-1145,1,Personnel not properly isolating the energy source {gas pipeline) allowed gas to . migrate from the gas sales pipeline back through the production train and escape through openended piping at the coalescer.,,,,
WC-280-20050114-1145,2,"Personnel complained of being pushed to finish the job, which allowed for hasty decisions to be made. Multiple jobs being performed at the same time and the absence of an on site supervisor dedicated to oversee the safety aspect of each job being performed pevented personnel from focussing on specific job details. The failure to develop a detailed written procedure {JSA) for the work to be performed prevented personnel from identifying and properly isolating the energy source. The lack of communication between the production personnel and the failure to utilize the companies stop work authority policy allowed critical warning signs leading up to the incident to be overlooked. Personnel were working with insufficient lighting at the time of the incident and the 16"" pipeline check valve not performing it's designed function also contributed to the incident.",,,,
SS-92-20050119-0900,1,"An unknown co:mmercial shrimping vessel struck leaving part of the outrigger on the platform,",,,,
SS-209-20050119-1800,1,"This accident was caused by the 3"" nipple cracking.",,,,
SS-209-20050119-1800,2,Normal vibration from the compressor and fan pump caused resulting in the nipple cracking.,,,,
WR-508-20050120-2230,1,"During refueling of the starboard crane, the CO returned to the crane cab and forgot about the refueling operation. The diesel filled up the tank and began overflowing. Approximately 15 gallons of fuel overflowed from the tank. All fuel, oil and fire fighting agents were contained within the engine compartment and crane pedestal.",,,,
WR-508-20050120-2230,2,N/A,,,,
ST-308-20050210-0430,1,Human error. The signal man should have noticed that the cranes fastline had become entangled and at that time all crane operations should have been stopped immedately and corrective actions taken.,,,,
ST-308-20050210-0430,2,Night (early morning hours).,,,,
MC-772-20050220-1100,1,Lack of Pre-job planning,,,,
MC-772-20050220-1100,2,Lack of coillill.unication,,,,
MC-772-20050220-1100,3,Procedures not followed,,,,
MC-772-20050220-1100,4,n/a dealing with clogged hosed and,,,,
MC-772-20050220-1100,5,* * * * * 19-APR-2005,,,,
EI-261-20050225-1043-efe9d45e,1,Liquid hydrocarbons that were discharged from the flare boom came in contact with the hot surfaces of the exhaust systems of the gas compressor and/or generator resulting in ignition..,,,,
EI-261-20050225-1043-efe9d45e,2,"The test separator was being operated as a ""0"" pressure vessel with the pressure safety high and low (PSH/L) sensors and level safety high (LSH) in a bypassed mode to enhance the flow back of completion fluids from the loaded up Well A-13. The test separator PSH/L sensors and LSH were being monitored at the master panel by Grasso Production Management (GPM) B operator Jarrid Armentor. The failure to hold sufficient back pressure on the test separator to dump liquids to the low pressure (LP) separator resulted in additional fluid and gas carry over to the vent scrubber when Well A-13 kicked hard. Prevailing winds carried the liquid hydrocarbons from the tip of the flare boom back onto the platform top deck and onto the generator and compressor. Platform operators failed to accurately determine the source of the initial leak on the IP header weld-a-let. Failure to accurately determine and properly correct the weld-a-let leak generated a second more intense leak in the IP header weld-a-let. The second leak in the IP header weld-a-let further contributed to the carry over of the vent scrubber due to the THEC consultant opening the IP header to the vent scrubber in an attempt to relieve the pressure on the leaking weld-a-let.",,,,
MC-807-20050228-2330,1,The actions associated with this discharge were deliberate in order to keep the cement out of the rig's mud pits. Mis-interpretation of the pressure increase seen when the second isolation ball entered the smaller pipe.,,,,
MC-807-20050228-2330,2,The operator did not have a contingency plan to prevent synthetic base mud from entering offshore waters during cementing operations. The operator's acceptable practice for dumping the interface (usually less than 20 bbls of SBM) maybe in question.,,,,
ST-242-20050308-2015,1,The probable cause of the accident was equipment failure. Hunt believes the lock down dog in the wellhead flange blew off during an annular squeeze. They are not sure if the lock down dog blew off or became unscrewed because of sand erosion on the flange while the annulus was flowing.,,,,
ST-242-20050308-2015,2,Annular flow after cementing caused the initial,,,,
GC-157-20050311-1510,1,"In summary due to poor procedures and human errors the hoses were crossed on the wellhead connector for the Yellow Pod circuit. To verify this the pilot lines at the hose reels were switched and the proper operation of the connector confirmed by functioning of the Yellow Pod circuits. Several opportunities to correct the above errors were missed, the hoses to the Yellow Pod were not installed properly and were not detected during the shipyard shake out inspection. The Subsea Function Test Checklist Procedures failed to detect the improper operation when testing the BOPs in the moon pool. A further opportunity to detect improper operation of the connector was missed during the landing and latch up operations on the seafoor.",,,,
GC-157-20050311-1510,2,Miscommunication between the Subsea Engineer and the assistant Subsea Engineer during the function verification process as to the position of the latch indicator on the H-4 type connector when switching from the Blue to the Yellow Pod.,,,,
MC-822-20050315-1500,1,The failure of the hydraulic packer was a direct regulator supplying the packer.,,,,
MC-822-20050315-1500,2,result of a failure of the hydraulic The output supply pressure on the regulator for the hydraulic packer could have been better sized to fit the service pressure of the packer. There was no alarm system for the air or the hydraulic pressure on the slip joint packer. This alarm would alert the operator when a predetermined low set point pressure is detected.,,,,
SP-62-20050317-0400,1,The crane operator failed to track the position of the,,,,
SP-62-20050317-0400,2,The anti-two block system failed to function properly.,,,,
SP-62-20050317-0400,3,ball on the fast line. The flagman was in the process of repositioning himself and was not watching the operation.,,,,
MC-807-20050318-1115,1,The cutting box was not large enough to handle activation of the PSV.,,,,
MC-807-20050318-1115,2,a) The PSV on the mud pump was faulty. the amount of fluid generated by the b) The PSV was not tested to set pressure before it was put into service.,,,,
ST-21-20050323-2300,1,The VR plug was damaged during driving over wellhead.,,,,
ST-21-20050323-2300,2,It is unknown why there was gas leaking after the intital initial sniffing indicated no gas.,,,,
MC-429-20050330-1400,1,"Weld failure, subsea vendor is performing an analysis.",,,,
MC-429-20050330-1400,2,LIST THE CONTRIBUTING CAUSE(S) OF,,,,
EI-100-20050403-2130,1,"A preliminary report, of the upper 6-5/8 inch regular pin connection failure on the 650 ton top drive quill shaft has resulted in the following additional findings: (a) The toughness of the quill material in the region where the upper pin connection failed was observed to be 12.7 ft-lbs average at a test temperature of (-) 4 degrees F as compared to the required material toughness of 31 ft-lbs minimum at (-) 4 degrees F. This toughness is less than half of the minimum required material toughness. (b) The metal in the quill shaft had a less than optimal microstructure. (c) The combination of an irregular (flat) thread root form and sharp cornered, groove like features would be expected to act as stress risers, resulting in a crack initiation site which was followed by complete failure of the quill shaft.",,,,
EI-100-20050403-2130,2,"A chemical analysis completed on the quill shaft material was reflective of commercial 4330 Modified alloys used for the manufacturing of drilling tools. At the time of the preliminary report, TESCO had not provided the chemical requirements for the quill material. Once the chemical requirements have been provided by TESCO, they can be compared to the chemical analysis provided in the attached report. Depending on the results, the chemical composition of the quill shaft could be identified as a possible contributing cause.",,,,
ST-77-20050405-1800,1,The probable cause of the incident is shock load,,,,
ST-77-20050405-1800,2,caused by the seas. The possible contributing causes are the sling rating and the sea conditions.,,,,
ST-41-20050411-0355,1,The boat skipper failed to see the caisson in time to avert the collision. Radar should have detected the caisson before the collision.,,,,
ST-41-20050411-0355,2,n/a,,,,
HI-110-20050502-1332,1,The exact location of 24-inch gas pipeline was unknown and there was no attempt to locate the as-built position. While jacking down the lift boat 2 legs were set down on the pipeline.,,,,
HI-110-20050502-1332,2,"Pipeline was not buoyed, reflectors were not placed on the pipeline and a variance request from NTL 98-20 to not buoy pipelines during a rig move was not submitted to the MMS Pipeline Section. Transco was not notified prior to the incident that the lift boat would be jacked in the vicinity of their 24-inch gas pipeline.",,,,
SP-67-20050506-0945,1,The deck drain filters were clogged with sand allowing oil to spill overboard and pollute gulf waters. Produced sand passing through a centrifugal pump over time wore the pump housing thin causing it to burst when pressured up leaking oil on the deck.,,,,
SP-67-20050506-0945,2,"Operator failed to take the proper and necessary precautions such as initiating a shake out program and monitoring related equipment involved with produced sand, thus causing equipment failure resulting in pollution.",,,,
GC-236-20050516-1200,1,The PES packer leaked and the came in.,,,,
GC-236-20050516-1200,2,ZnBr brittled the elements on the PES packer. handle the sand once the packer leaked. The the mud on location. There was inadequate mud weight to crew had to wait 30 hours to receive,,,,
GC-236-20050519-1245,1,The safety pin was not in the valve stem.,,,,
GC-236-20050519-1245,2,Lack of hazard recognition by personnel on the 23 pounds fell 49 his hard hat. The eye and on the back and top of his rig.,,,,
SM-99-20050526-1045,1,"The cause of the fire remains unknown. However, it is apparent that fuel from an unknown source came into contact with an ignition source. The ignition source is probably a surface heat source that includes the engine mainfold, air compressor and a diesel prime mover. Potential fuel sources include: (1) The diesel fuel supply hose was leaking or became disconnected; (2) The oil-air separator relief device opened or the oil-air separator discharge hose became disconnected releasing oil and contacting a heat source on the air compressor.",,,,
SM-99-20050526-1045,2,"Once the fire occurred, fuel sources that contributed to the fire include: hydraulic oil, diesel fuel, plastic coating for wiring, hydraulic or diesel hoses, styrofoam insulation, plastic filter housing, or a plastic diesel tank.",,,,
MU-762-20050529-0830,1,"After talking with Apache personnel, Island Operating personnel, and other personnel, and after visiting the platform, seeing the floodlight, the crane, and the site of the accident, the MMS inspector believes the two rubber mounts that connected the floodlight and the swivel and also supported the weight of the floodlight was a contributing cause of the accident. Another contributing cause may have been that the floodlight was hung on the wrong spot on the boom and was hit by the main block. The crane was built in 1981 for Arco by American Aero, and at least one floodlight was installed on the crane when it was built. This information was obtained from Energy Crane, the company who bought American Aero. The rubber shock mounts were made by Rig-A-Lite. The engineer manager for Rig-A-Lite said they stopped making the mounts about ten years ago, and they were not designed to be used on a crane boom, only for stationary use. The rubber mounts were probably used for too long of a period of time and failed to hold the floodlight due to deterioration. One of the rubber mounts looked very deteriorated. The engineer manager sent the MMS Inspector (Bernie Fink) a drawing of the mount, but said he could not find any specifics about the rubber mounts. The floodlight that fell was also hung on the boom in the same area where the main block is kept when it is not being used. The boom was in a very high position, at the point where the override for the boom stop would need to be used to go higher. With the boom in this position , the main block could have hit the floodlight if the operator had not adjusted the block. The crane operator said he did not think the main block hit the floodlight. Based on the condition of the materials that were holding the floodlights and the fact that the floodlights were removed and re-installed by a crane inspector in March, 2005, to change out the two top sections of the boom; it was obvious to the MMS inspector that at least one of the rubber shock mounts should have been changed out due to the corrosion of the nut and bolt that held the mount to the swivel,and also considering the deterioration that could be seen on the rubber which was probably worse that the corroded nut. Additionally, the outside ring that held the swivel in place on the other floodlight was not there. A nut and a bolt was used, which would eventually be worn into by the swivel, because the swivel was not properly installed. The crane mechanic, in the opinion of the inspector, did not do a good job in maintaining the materials used to hold the floodlight and should not have hung the floodlight in the same area that the main hoist normally hangs when not being used.",,,,
MU-762-20050529-0830,2,Human error and equipment failure.,,,,
PL-13-20050610-0930,1,"The removal of the bolts from two 2-inch flanges on the water dump line which in turn caused uncontrolled flow of water and then oil from the flanges to the gulf waters. Also, oil flowing into the treater skid drained to the sump tank (ABH-110). The sump pumps were unable to keep up with the amount of oil being drained into the tank, causing the oil to eventually be discharged through the sump tank overboard water line to the gulf waters. It should also be noted that the containment skid located under the oil treater had at least nine holes in its bottom permitting oil to rain down into the gulf waters.",,,,
PL-13-20050610-0930,2,Poor job planning by the operating personnel prior to performing the work on the treater's water line. The oil was not removed from the vessel before disconnecting the flanges on the dump line. No risk assessment or job safety analysis was performed prior to beginning the job.,,,,
MU-757-20050618-1700,1,"The use of personnel as test subjects jumping up and down on an 80 foot flare boom, and the failure of the well testing employee to wear fall protective gear before he crossed over the handrails of the flare boom.",,,,
MU-757-20050618-1700,2,"NOTE: Many in the Well Testing Industry, when asked to test the flare boom refuse to wear fall protective equipment when there is a chance of the flare boom failing, and they do not want to be dragged to the ocean floor with the equipment. Service personnel routinely must go out on the flare boom to re-light the burner as there are no reliable flare boom igniters in this industry. They must climb out on the flare boom for rigging up and rigging down the flare burner.",,,,
MU-757-20050618-1700,3,"Jumping up and down on the extended part of the flare boom created stress on the pedestal that was welded to the deck of the MODU. The weld broke causing the boom to fall 3-5 feet caught only by the rig crane, causing a failure of the primary load-bearing components of the flare boom system.",,,,
EC-272-20050618-2315,1,Liquid level dump controller on the H.P. by to the oil stock tank. separator malfunctioned allowing gas blow-,,,,
EC-272-20050618-2315,2,Secondary VPSV's on the oil stock tank relieved a large volume of gas which accumulated in a hazardous area.,,,,
EC-272-20050618-2315,3,Generator building not being properly isolated allowed a high concentration of gas to migrate inside the building.,,,,
EC-272-20050618-2315,4,LIST THE CONTRIBUTING CAUSE(S) OF,,,,
EC-272-20050618-2315,5,Operators were not very familiar the platform.,,,,
EC-272-20050618-2315,6,ACCIDENT: with the entire process flow and panel logic on,,,,
EC-272-20050618-2315,7,Operator failed to address critical warning signs which occurred early during the day. a. Several gas alarms in the gas generator building. (doors to building open) b. LSL liquid level switch on the H.P. separator malfunction. c. Liquid level dump controller on the H.P. separator malfunction. d. Increase fluid production in the H.P. separator. e. H.P. separator panel logic problems not allowing both H.P. wells to shut-in.,,,,
GC-652-20050623-1915,1,The cause of the spill was an inadvertent loss of pressure on the slip joint packer and was a direct result of human error and failure,,,,
GC-652-20050623-1915,2,none,,,,
WD-62-20050624-1100,1,The internal components of the oxygen regulator lubricant.,,,,
WD-62-20050624-1100,2,were contaminated with an oil base The regulator was placed into service without adequate inspection. The contamination of the regulator was a result of improper storage and handling. There was a lack of equipment inventory control since it was learned that the regulator was manufactured in 1958 and was of a type not used by the contractor.,,,,
HI-20050630-1205,1,"The cause of the fire is believed to be tubing fitting failure due to the glycol pump vibration. The section was 1/2"" inch and about two feet long (wet glycol return line) and parted from the fitting at the base of the glycol contact tower, allowing condensate, glycol, and gas to spray onto the reboiler and ignite. The fire was contained by the glycol unit firewall.",,,,
MC-778-20050708-1525,1,"Findings indicate that failures associated with the hydraulic control system and its isolation on evacuation led to the partial opening of multiple hydraulically actuated valves in the ballast and bilge systems of the vessel. This allowed ballast water migration to take place, causing the initial listing (to approximately 16 degrees) of the vessel shortly after the hydraulic system was isolated. The findings also indicate that ballast water migrated into manned spaces in the lower hull, via faulty and improperly installed check valves in the integrated ballast/bilge piping system. As the degree of list increased beyond the 16 degree mark, downflooding of seawater occurred, initially through overboard discharge lines and/or vents, and possibly later through the deck box as it entered the water. Since the PDQ was already listing at a 16 degree angle prior to the passage of Hurricane Dennis, wave action associated with the passage of the hurricane may also have contributed to the downflooding of seawater. Although not an initiating event, failed Multiple Cable Transits (MCTs) and two unintended openings in the bulkheads allowed water transfer between watertight compartments, which led to extensive flooding and water damage in the lower hull.",,,,
MC-778-20050708-1525,2,"The failure of BP, the operator, to develop standard operating procedures for the isolation of the Danfoss HPUs to be used during evacuation is considered a possible contributing cause of the event. Further, the failure of the operator to perform a HAZOP review of the Danfoss HPU system and/or inquire from the manufacturer as to possible hazards created from the improper operation of the HPU system is also considered a possible contributing cause of the event. The failure of the operator to conduct onsight verification inspections during the installation phase of the multiple cable transits is also considered a possible contributing cause. The failure of the MCTs increased the severity of the event. The failure of the operator to have remote monitoring and operation capabilities of the ballast control system prior to evacuation is also considered a possible contributing cause of the event. If this system had been operational at the time of evacuation, the HPUs may not have been been remotely monitored and controlled",,,,
HI-20050720-1800,1,"The empty cannon plug socket could be the ignition source, or it could have been the metal to metal grinding of the starter and the fuel source is the unplugged SDV control line. Even though the cannon plug was removed from the 'Altronic-CPU' and all of the spark plug wires were unplugged, it is possible that a spark was generated and ignited the gas from the fuel line.",,,,
HI-20050720-1800,2,"When gas is used for instrumentation rather than air, all leaks need to be sealed off to prevent incidents such as this.",,,,
MU-787-20050721-0001,1,The probable cause of the accident is unknown.,,,,
MU-787-20050721-0001,2,"A contributing cause of the incident is the lack regards to the process alarm on the glycol unit. investigate the cause of the alarm, he may have ordinary, which in turn could have prevented the",,,,
GC-782-20050722-1500,1,BP's investigation team determined the root cause of the incident was the failure of four telescopic joint running tool j-pins. Sometime during the normal use of the telescopic joint running tool the stress loading on the j-pins exceeded the equipment design limits. This probably occurred during the handoff from the crane to the drill floor and righting of the telescopic joint into the derrick.,,,,
GC-782-20050722-1500,2,"A contributing factor was the lack of documented manufacturer telescopic joint running tool operating perimeters. Kvaerner's ""Installation, Inspection and Maintenance",,,,
GC-782-20050722-1500,3,"Procedures"" states: ""The lifting and operational capacity of the tool is determined by the yield capacity of the heads of the four socket head cap screws and is determined to be 100,000 pounds."" No manufacturer reference was found with regards to the maximum length of lifting sub attached to the running tool vs. stress loads on the j-pins. Kvaerner’s “Installation, Inspection and Maintenance Procedures” also states: “Inspect the lift sub thread for any sign of wear or damage. Check the four socket head cap screws are in place and tight and check that there are no signs of damage, replace if necessary. Visually check all welds for any signs of damage or cracks. At least once each year all welds should be inspected using ultrasonic or other NDT methods.” Prior to each use the rig personnel visually inspect the running tool for sign of damage. During tool preparation and visual inspection no sign of external damage was found. Had the socket head cap screws been over stress at the neck of the bolt, routine visual inspection would not have discovered any damage.",,,,
SS-114-20050725-1930,1,"Based upon the location of the pressure washer prior to the lift, the fact it was lifted about one foot off the deck by the hoist, the boom was used to continue the lift, and the resting place of the pressure washer hanging on the front of the Crane's can (approximately 1.5 ft.), the conclusion is the boom was higher and moved quicker than assumed by the operaror. The inertial movement and weight of the boom caused it to break the bolts on the cylinder end cap due to improper fast operation under the circumstances. The boom was lifted too high and too fast thus exceeded the maximum angle limit and fell over backward. The bolts that were broke were eight 2.5-inch long,5/8-inch diameter, grade 8. They broke one inch below the head.",,,,
SS-114-20050725-1930,2,LIST THE CONTRIBUTING CAUSE(S) OF There are no contributing causes of,,,,
SS-349-20050729-0150,1,The traveling block and top drive fell due to the drill line parting. The drill line was damaged by the sheaves due to excessive viberation in the drill line caused by impact loading while running the 13.625 inch casing.,,,,
SS-349-20050729-0150,2,A contributing cause of the incident could be isolated defective drill line manufacturing.,,,,
HI-197-20050731-0820,1,"The extended use of the mouse hole, breaking out and making up pipe and subs along with over torquing could cause hair-line cracks and metal fatigue at the pipe guides and failure of the pipe at this point.",,,,
HI-197-20050731-0820,2,None,,,,
ST-37-20050802-1300,1,The gas seawater heat exchanger developed a leak in the gas tube and the gas went out the overboard didcharge line. Hot slag ignited the gas thus causing a fire on the water surface.,,,,
ST-37-20050802-1300,2,"Further investigation discovered that due to the low volume of gas present from the gas seawater heat exchanger, and that the wind was blowing from the south at 5 mph that there was no measurable quanity of gas presence on the boat landing to indicate a potential ignition source.",,,,
GC-821-20050803-0100,1,"No failure point could be found after the BOP and riser were brought to surface. However, BP will change their procedures in order to prevent a possible future failure. The boost line will be pressure tested prior to circulation.",,,,
GC-821-20050803-0100,2,none,,,,
ST-86-20050813-0730,1,Hot welding slag burning the cutting torch's oxygen,,,,
ST-86-20050813-0730,2,Very tight confined space in the lower wedge room. hose.,,,,
SS-80-20050820-0900,1,One of the pipeline pump packing glands failed engine exhaust which in turn ignited.,,,,
SS-80-20050820-0900,2,"and allowed oil to spray onto the According the Lessee investigation, no pump internal failure could be identified. The platform operator was running both pumps simulanteously. This caused cavitation. This cavitation caused the pumps to have severe vibration which lead to packing failure. There was no barrier installed between the pump and the drivers to prevent oil from spraying onto the engine exhaust hot surface in the event of a leak.",,,,
GC-237-20050923-0600,1,"The key findings of this investigation indicate that the most probable cause of the capsizing of the Typhoon TLP facility was the loss of integrity of the mooring systems on pontoon 1; specifically the bottom connector system at piles 1 & 2. This is supported by evidence of loss of integrity in the damage is evident in piles 1, 2, 4, & 5. Further material from inside the shrouds (1 & 5) which is load shoulder in piles 1 & 2. This metallurgical analysis of recovered believed to be from the load shoulder reveals evidence of shear ductile overload, plastic deformation, and deformed surfaces. The failure of the mooring system on pontoon 1 would cause a capsizing rotation around a center axis located from the center-line tip of pontoon 3 and the center-line tip of pontoon 2. This is first supported by the extensive damage to the flare boom and #2 lifeboat. These components were located on the side of the structure that would impact the water first. This is also supported by the evidence of major damage to the tendon porches for tendons 3, 4, 5, & 6.",,,,
GC-237-20050923-0600,2,"There are several potential causes that have been determined to be unlikely. The first is the loss of tension due to a down stroke. This has been ruled out due to no indication of wave impact on the TLP production deck and visual observations inside of pile 1 & 2 receptacle do not provide clear evidence to support. Failure of the lock ring has been ruled unlikely because the lock ring material by design is stronger than load shoulder material and the lock rings have not been located. There is no evidence of direct collision. There are no impact marks on the hull, pontoons, or topside. No MODU paths coincide with Typhoon TLP at time of capsizing. The MODU damage does not support collision with the TLP. Also, there is no evidence of snagging of risers, umbilicals, SCR's or tendons. There are no drag marks to support this. The observed ""failed"" state of equipment is consistent with recoil or dropping after parting from the TLP after capsizing. Other contributing causes that have been ruled unlikely are that metocean conditions exceeded the survival design and/or the TLP motions differed from expected response in storm conditions. There is no evidence of large wave striking the production deck. Maximum conditions during Rita were below the 1000 year storm criteria (Hs = 49'). Further, the TLP motion responses predicted from original design and Morpeth model tests were consistent with DNV computer part of the RCA investigation.",,,,
SS-258-20051005-1230,1,Access holes were cut into the deck grading and were cut.,,,,
SS-258-20051005-1230,2,Lack of communication between crews during crew left without barracades after they change,,,,
PL-12-20051010-1200,1,"The cause of the incident was the vessel's pilot diverting his attention from his vessel's forward path. When the pilot's attention returned to forward observations, the F Platform was approimately 25 feet off of the vessel's port bow. Also the platforms lack of working lighting was probably a factor in this incident.",,,,
PL-12-20051010-1200,2,"Poor placement of bow lights off/on switch. Failure to have two personnel in the helm station, when needed. If two personnel were in the bridge or the off/on switch for the bow lights were in the Helm Station, this may have prevented the incident. Also the vessel's pilot could have used radar to check the area near the vessel for platforms and/or stopped the vessel.",,,,
ST-99-20051014-1130,1,Too much weight stress was placed on the bottom failed.,,,,
ST-99-20051014-1130,2,none ladder attaching points and they,,,,
SS-149-20051026-0505,1,"The barricade, surrounding the opening in the deck, was not constructed to the Contractor's normal standards and not strong enough to support a man leaning against it. To this same point, the welding beads that held the barricade together, had gaps and were not substantial. A Job Safety Analysis (JSA) was not prepared which may have prevented the need to throw a radio up to the rig floor. Also the poor safety practice of throwing objects from one deck to another can cause injury to people and damage to equipment. The early removal of the rotary and pan from the drill floor (deck) was not part of their normal routine and left a large opening in the drill longer than necessary.",,,,
ST-21-20051030-1500,1,Trapped gas in the hanger that was released when,,,,
ST-21-20051030-1500,2,Nuts that were unable to be unscrewed. the nut was cut.,,,,
GC-826-20051031-1630,1,The possum belly dump valves were inadvertently opened with mud in the possum belly tank. The primary and secondary dump valves were not secured for oil base mud procedures.,,,,
GC-826-20051031-1630,2,"When the secondary barrier was installed, the oil base mud valve checklist was not updated. Due to years of operating with synthetic drilling fluids, complacency exists with auditing the implementation of the oil base mud procedures on board the rig.",,,,
ST-308-20051102-2330,1,The manifold choke was left open.,,,,
ST-308-20051102-2330,2,None,,,,
GC-158-20051108-1600,1,The shaker hand did not realize that the valve,,,,
GC-158-20051108-1600,2,was not fully closed. The shaker hand was new to the position and the driller was new to the rig. There was lack of communication between the driller and the shaker hand.,,,,
HI-22-20051118-1730,1,High sales gas pressure may have caused the separation of the one inch supply line.,,,,
HI-22-20051118-1730,2,Possibly the hurricane damaged or weakened the one inch supply line at the point of separation.,,,,
HI-22-20051118-1730,3,"Due to the low relative humidity of the atmospheric conditions, it is possible the ignition source was static electricity caused by the rapid movement of gas.",,,,
MC-126-20051123-1930,1,(A) Inadequate make-up torque on casing. (B) Poor cement job on surface casing string.,,,,
MC-126-20051123-1930,2,(A) Possible poor alignment of rig. the Gulf of Mexico. Sixty,,,,
MP-280-20051124-0615,1,Due to the busy hurricane season the operator reported having to shut the well in on a number of occasions. Opening the well up and then having to choke back so many times in order to get the desired flow rate was a probable cause of the incident. Also an increase of sand production could have the cut the choke body on the well was a probable cause of the incident,,,,
MP-280-20051124-0615,2,Operator should have inspected the choke after so much stress had been put on the choke during the hurricane season.,,,,
PN-891-20051205-2200,1,"Prior to viewing evidence that a small fire had occurred, it was believed that the compressor went down on low suction pressure, thus causing the platform to shut-in on a PSL from the fuel gas. Ultimately, the compressor mechanic, Mr. Pete Rocha, suggested that the oil line feeding the turbo-charger malfunctioned with a leak, allowing oil to come in contact with the back (hot) side of the turbo-charger. Just as enough oil came into contact with the extremely hot turbo-charger, a flash fire was likely to have occurred. A list of probable causes contributing to the accident includes: low suction pressure on compressor unit (suction scrubber)",,,,
PN-891-20051205-2200,2,"Prior to viewing evidence that a small fire had occurred, it was believed that the compressor went down on low suction pressure, thus causing the platform to shut-in on a PSL from the fuel gas. Ultimately, the compressor mechanic, Mr. Pete Rocha, suggested that the oil line feeding the turbo-charger malfunctioned with a leak, allowing oil to come in contact with the back (hot) side of the turbo-charger. Just as enough oil came into contact with the extremely hot turbo-charger, a flash fire was likely to have occurred. A list of probable causes contributing to the accident includes: oil leakage from turbo-charger feed line",,,,
PN-891-20051205-2200,3,"Prior to viewing evidence that a small fire had occurred, it was believed that the compressor went down on low suction pressure, thus causing the platform to shut-in on a PSL from the fuel gas. Ultimately, the compressor mechanic, Mr. Pete Rocha, suggested that the oil line feeding the turbo-charger malfunctioned with a leak, allowing oil to come in contact with the back (hot) side of the turbo-charger. Just as enough oil came into contact with the extremely hot turbo-charger, a flash fire was likely to have occurred. A list of probable causes contributing to the accident includes: carbon build-up on turbo-charger impeller blades created off-balance rotation, instability & friction of blades",,,,
PN-891-20051205-2200,4,"Prior to viewing evidence that a small fire had occurred, it was believed that the compressor went down on low suction pressure, thus causing the platform to shut-in on a PSL from the fuel gas. Ultimately, the compressor mechanic, Mr. Pete Rocha, suggested that the oil line feeding the turbo-charger malfunctioned with a leak, allowing oil to come in contact with the back (hot) side of the turbo-charger. Just as enough oil came into contact with the extremely hot turbo-charger, a flash fire was likely to have occurred. A list of probable causes contributing to the accident includes: worn-out oil seal on discharge side of turbo-charger enabled oil to come in contact with back (hot) side",,,,
PN-891-20051205-2200,5,"Prior to viewing evidence that a small fire had occurred, it was believed that the compressor went down on low suction pressure, thus causing the platform to shut-in on a PSL from the fuel gas. Ultimately, the compressor mechanic, Mr. Pete Rocha, suggested that the oil line feeding the turbo-charger malfunctioned with a leak, allowing oil to come in contact with the back (hot) side of the turbo-charger. Just as enough oil came into contact with the extremely hot turbo-charger, a flash fire was likely to have occurred. A list of probable causes contributing to the accident includes: inadequate oil quality for compressor operability",,,,
ST-134-20051226-1030,1,"Accident investigation revealed that electrical wiring in the horizontal wire tray was secured with a metal tie wire. The metal tie wire eventually cut into a 480 volt electrical cable due to vibration thus causing the wire to arc. The sparks contacted nearby Dynacell EMD air filters which are presoaked from the manufacturer with oil. The air filters ignited and the fire spreaded to rope, rubber goods and other supplies inside the storeroom. There were about 12 Dynacell EMD air filters inside the storeroom.",,,,
6683-20090607-1645,1,The crane operator did not take the time to change from a single line stinger and hook to two stingers and two hooks to make this lift. The use of a single line and hQok resulted in a shallower sling angle from the hook to the basket. This caused one set of the basket slings to disengage from the crane stinger hook.,,,,
6683-20090607-1645,2,LIST THE CONTRIBUTING CAUSE(S) OF The vessel deck hands (riggers) did created when they hooked the basket,,,,
LA-6660-20110609-1230,1,The cause of the incident: {Whip line parted),,,,
LA-6660-20110609-1230,2,Human error (Failed to follow load chart) •,,,,
LA-6660-20110609-1230,3,Excessive weight on whip line.,,,,
LA-6660-20110609-1230,4,Anti 2 block (Safety Device) failed.,,,,
SM-6524-20050106-0026,1,Exterior and Interior are probable factors in the rupture.,,,,
VK-989-20060111-0121,1,A) Job plan was not followed nor was it revisited when the job sequence changed. B) The two workers on the +15 deck violated the lifting procedure by not using tag lines. C) There was no supervisor oversight of this operation. D) Job should have been stopped when tugger began spooling improperly.,,,,
VK-989-20060111-0121,2,A) A lack of understanding of the stop work authority by contract employees. B) A lack of understanding by Contract personnel of Operator's lifting policy as well as other policies pertaining to the job. C) Lack of understanding of workers of understanding of equipment and equipment limitations.,,,,
VK-989-20060111-0121,3,"Actions In Progress: A policy for tugger use is being developed. The Contractor Performance & Evaluation Team is planning to meet with Dynamic to discuss BP's expectations for Contract Supervision and Control of Work. A periodic assessment of JSEA quality will be performed by Performance Unit Leader, Operations Manager, or HSE Advisor. A new platform orientation will be developed which includes sections on adherence to BP Policy and Practices on the use of JSEA's and lifting practices.",,,,
MP-299-20060114-0300,1,"Condensate in the fuel gas system prevented the Pilot Burner from attaining a full flow of fuel. Although the Pilot Burner was ignited, the flame was not sufficient to allow the BSL (U V-Eye) to detect the flame or to ignite the Main Burner in a timely manner. High winds at the time may have also inhibited ignition of the Main Burner, as has been experienced in the past. Failure of the SDVs on both the Fuel Gas for the Main Burner and the Fuel Gas for the Pilot Burner to close fully.",,,,
MP-299-20060114-0300,2,"The operation of the re-circulating fan, used for waste heat recovery, may have been a contributing factor. The operation of this fan introduced air in sufficient quantities to create a gas/air mixture below the LFL - incapable of being ignited by the pilot burner. As time into the startup procedure progressed, the introduction of ignitable vapors by both the main burner and the re-circulating fan into the firing chamber contributed to a concentration in excess of that required for normal ignition. The operator failed to follow the Hot Oil Heater start up procedures. The two isolation valves, upstream and down stream of the temperature control valve (TCV) were left open during start up.",,,,
MP-299-20060114-0300,3,ADDITIONAL INFORMATION FROM ITEM 22: The Start Up procedures (see attachment) for EAL 410 and 420 has been revised and implemented. New steps included in this procedure are: a) Increase purge time from five to fourteen minutes. b) Damper on the coil section (gas recirculation) will be full open during the first four minutes of the purge cycle and will then be closed for the last ten minutes of the purge. The recirculation ion damper will remain closed until the main burner has been lit.,,,,
MC-734-20060118-1745,1,The Roustabout felt rushed to help and grabbed the slips incorrectly exposing his thumb. The position of the slips on rotary was positioned in a way that caused the toe of the slip to catch the rotary and cocked the slip upward.,,,,
KC-292-20060129-1016,1,The probable causes of the accident are as follows: The inspection of the Dril-Quip S-60/Multi Thread Connectors indicates that the Anti- Rotation Vertical Slot Keys were improperly installed . The Anti- Rotation Vertical Slot Keys when properly installed provide significant torsional resistance to assist in maintaining connector preload when subjected to open water environmental conditions. Most of the Anti-Rotation Slot Keys were not driven deep enough into the slot of the pin end to achieve full engagement. Many were less than half engaged. This is particularly apparent upon Dril-Quips inspection of the pin of joint number 11 and the box of joint number 3 which are the two connectors which backed out. The teeth of the anti-rotation keys for each connector had minimal engagement (10-15%) and thus did not provide the normal margin of additional safety to maintain torque and preload. The 22 inch casing was also exposed to severe environmental conditions while being suspended below the false rotary at the BOP cart . The currents ranged from 1.0 to 1.6 knots. A winter front moved through the area and the sea state was over 10 feet for a portion of the time the 22 inch casing was suspended from the BOP transporter in open water. These open water conditions imparted enough cyclic action and possible vortex induced vibrations to cause the connections to back out.,,,,
KC-292-20060129-1016,2,"The contributing causes of the accident are as follows: The casing string was suspended for approximately 74 hours before it was detected that the 22 inch casing had parted (January 26 at 0800 hours began picking up 22 inch casing through January 29 at 1016 hours when the ROV found bottom three joints missing). The connectors were made up by the Weatherford casing crew with intermittent supervision by the Dril-Quip Service Tech. Anti-rotation Vertical Slot Keys were made up by a combination of the Dril-Quip Service Tech, Weatherford casing crew, and rig crew. The Dril-Quip Service Techs split time between running equipment at the main rotary, checking equipment as it was unloaded from the boat, and running equipment at the BOP cart.",,,,
MP-299-20060201-0800,1,The cause of the sheen appears to be carry-through of entrained oil from the Float Cell 107 treating Chevron production. The issue in this instance is the absence of heat in the treatment system results in a need for greater retention time in the Float Cell.,,,,
MP-299-20060201-0800,2,"Although Chevron water treatment specialists had identified an upper limit for production rates during cold treating, Chevron operating personnel exceeded this production limit without warning Freeport-McMoRan operations and the excessive production rate was not identified.",,,,
MP-61-20060205-1100,1,"The separator was not completely drained of condensate before the pumps were restarted, allowing condensate associated flash gas via saturation of glycol combined with steam causing expansion, then migrated out the top of the still column, where it ignited the stack.",,,,
MP-61-20060205-1100,2,The stack was not insulated. There was no sight glass to indicate the level of condensate in the glycol separator. There was a west wind blowing across the glycol system which blew the condensate on the stack.,,,,
WD-73-20060206-0230,1,"It is concluded that when the valve stem failed at the threads, the gas mixture was released and ignited by contacting the external skin (temperature of 1140 F) of the combustion chamber of the # 5 compressor. Based upon the evidence at the scene the initial fire would have been relatively small and directed away from the area which sustained the most severe damage. However, the position of the broken valve was directly in line with the flange bolts of the discharge check valve on the # 5 compressor. It is believed that the initial fire went undetected for several minutes heating up the flange bolts to a point where the 8"" flange separated releasing gas at 1100 PSIG into the compressor building. This theory is supported by the observation after the fire that five (5) of the twelve (12) bolts on the flange were no longer tight. This second release and fire most likely caused the bulk of the damage within the building. This second fire would have been the one that raised the temperature to a level which actuated the CO2 I Fire Loop system which in conjunction with the ESD extinguished the primary fire.",,,,
WD-73-20060206-0230,2,"The mechanical failure of the valve was possibly due to the misuse while closing or opening the valve with a wrench, for the wheel or handle on the valve was missing and the valve stem was bent.",,,,
SP-75-20060209-1330,1,"Contract employee was not using fall protection equipment. Contract employee did not follow the JSA or Apache's Fall Protection Policy, which states 100% tie off when the tisk of a fall is present.",,,,
SP-75-20060209-1330,2,Employee lacked the understanding of Apache Corporation's Offshore Safety Orientation Handbook.,,,,
WD-71-20060210-0800,1,Execution of prodedures/polices; everyone (6-man crew) at the job site crossed over the open hole with no mitigation of hazards and nobody stopped the job. a) Violation by group b) Improper decision making or lack of judgement c) Inadequate guards or protective devices. Major desire by the crew to demonstrate some productivity for the days work.,,,,
WD-71-20060210-0800,2,Poor judgement Improper supervisory example at job site. Employee perceived haste Inadequate leadership a job site (GIS & BP QP) Inadequate identification of worksite/job hazards Inadequate communication of PSP (GIS barricade policy) Confusing directions/demands Inadequate management of change Inadequate work planning Lack of JSEA or work plan fo the redefined scope of work,,,,
MC-822-20060212-0630,1,Improper operation of equipment.,,,,
MC-822-20060212-0630,2,Extended Use of BOP without inspection/maintenance Debris accumulation behind packing element Damage to piston by debris Seal Failure,,,,
MP-299-20060214-1800,1,The hole in the drain header on the B-Train float cell was caused by corrosion. There was a lack of maintance on the Header for the B-Train float cell.,,,,
PL-13-20060215-1400,1,"The maximum safe angle that the crane can boom up to is made adjustments to the crane that allowed the crane to degrees, which is beyond crane's safe operating limits. to be cause of the crane incident.",,,,
PL-13-20060215-1400,2,"5 degrees. The operator extend an estimated 84 This adjustment is believed A crane mechanic, with Oil States, was sent out. He arrived on board the Champion the same day of the incident. Upon his initial investigation, he noted that the heel boom section of the crane was bent beyond the acceptable tolerance limits, resulting in having to make the necessary repairs to get it back into compliance. He also noted that there was an air build up in the hydraulic controls, upon start up of the crane, or trash which could result in contributing to the problem of the uncontrolled rising of the boom. The crane's placement and it's close proximity to the the vessels legs was a contributing cause of this incident. If the crane had been placed further away from the legs, the crane operator may not have felt the need to adjust the boom's maximum angle. On Thursday, February 9, 2006, (five days before the incident) an AB/Crane operator was operating the crane when the boom to continued to rise after he let up on the lever, to stop lifting the boom. He first tried to boom down to stop the upward movement. When this was not successful, he moved the throttle to idle and boomed down. This action was successful in stopping the boom from rising. This incident was noted by the crane operator on a Biweekly Crane Inspection Report dated 2/9/2006 which was signed off by the vessel captain in addition to verbally informing the captain of the incident. However, no one in the office was notified about this crane event. The Following are Corrective Action Recommendations submitted by El Paso's",,,,
PL-13-20060215-1400,3,Ivestigation Team: Upon the investigation the high angle appropriate angle of 81 degrees.,,,,
PL-13-20060215-1400,4,"Ivestigation Team: Ensure communications are established indicator was immediately corrected to the between fleet personnel and office staff regarding alterations to any crane safety device and conduct a management of Change, to avoid improperly trained individsuals to make mechanical adjustments.",,,,
PL-13-20060215-1400,5,"Ivestigation Team: Send out Health Safety and Environment (HSE) alert to the Fleet on item #1 stated above also, any other type of equipment failure, to ensure that HSE Mangement System Communication Procedures are being followed as stated in the HSE Management System book.",,,,
PL-13-20060215-1400,6,Ivestigation Team: Install an air pressure relief valve to purge control lines.,,,,
PL-13-20060215-1400,7,Ivestigation Team: Relocate crane engine kill switch from behind crane operator for easier access. out excess air pressure inside crane the crane operator to right side of,,,,
PL-13-20060215-1400,8,Ivestigation Team: Conduct appropriate disciplinary action on Captain Rich to stress impotance of following Communication Procedures.,,,,
VR-218-20060217-1000,1,STICKY BOOM LEVER. FAULTY BOOM KICKOUT DEVICE.,,,,
VR-218-20060217-1000,2,CRANE OPERATOR STARTED LIFT WITH NO COMMUNICATIONS INFORMATION ON PRECAUTIONS ON JSA. WITH THE BOAT. INSUFFICIENT,,,,
ST-21-20060222-0825,1,The probable cause of the fire were small gas upstream of the unbolted flange.,,,,
ST-21-20060222-0825,2,leaks in the valve and checkvalve,,,,
VR-218-20060306-1130,1,"HOT WELDING SLAG FROM TOP DECK. IT IS BELIEVED THAT METHANOL WAS INADVERTENTLY RELEASED INTO CHEMICAL TANK SKID PRIOR TO EXPLOSION/FIRE. THE WELDING WAS TAKING PLACE DIRECTLY OVER THE METHANOL TANK WHICH IS LOCATED ON THE BOTTOM DECK. A PIECE OF PLYWOOD WAS PLACED OVER THE TANK AND SECURED WITH ROPE, BUT DID NOT COVER THE ENTIRE SKID, ALLOWING THE IGNITION SOURCE TO IGNITE THE METHANOL IN THE SKID AND BEGIN HEATING THE METHANOL CONTAINER. AT THIS POINT A BLEVE OCCURRED. (boiling liquid expanding vapor explosion)",,,,
VR-218-20060306-1130,2,"THE PLYWOOD THAT WAS PLACED ON TOP OF THE METHANOL TANK ACTUALLY RESTRICTED THE VENT, THIS IN TURN ALLOWED PRESSURE TO BUILD IN THE VAPOR SECTION OF THE TANK AS IT WAS BEING HEATED. PROCEDURES LISTED ON HOT WORK PERMIT WERE NOT FOLLOWED. THE METHANOL SKID COULD HAVE BEEN MOVED OR THE WELDING COULD HAVE TAKEN PLACE AT A SAFER LOCATION. THE FIRE WATCH WAS PLACED ON THE TOP DECK WHERE THE WELDER WAS POSITIONED, AND NO ONE WAS MONITORING THE BOTTOM DECK WHERE THE WELDING SLAG WAS FALLING TO THE BOTTOM DECK. THE JSA FOR THE JOB AT HAND HAD NO MENTION OF REMOVING COMBUSTIBLE OR FLAMMABLE LIQUIDS AWAY FROM THE WORK AREA. THE HOT WORK PERMIT THAT WAS UTILIZED DOES NOT CLEARLY DEFINE THE NAME AND RESPONSIBILITY OF THE FIRE WATCH. THERE IS NO DOCUMENTATION OR PROOF THAT THE CHEMICAL SKID IN QUESTION WAS CHECKED FOR FLAMMABLE LIQUIDS PRIOR TO JOB. NEITHER OF THE PLATFORM OPERATORS (LEAD AND ""A"") WERE OUTSIDE SUPERVISING THE WELDER AND HIS OPERATION. THEREFORE A LACK OF SUPERVISION CAN VERY WELL BE INCLUDED AS A CONTRIBUTING CAUSE.",,,,
AC-856-20060310-1630,1,The probable cause of the accident was the failure of the banksman and crane operator to maintain communications during the lifting operation.,,,,
AC-856-20060310-1630,2,There are several possible contributing causes. One possible contributing cause of the accident was the failure of the personnel involved to recognize that the logging unit could position itself in such a way to close off the banksman's escape route. Another possible contributing cause of the accident was the failure of the other personnel involved to give an emergency stop signal to the crane operator when the banksman dropped the radio.,,,,
MC-204-20060317-0800,1,Auger system should have been locked out while,,,,
MC-204-20060317-0800,2,attempt was made to clean dryer frame. The clean up operation should have been preformed with the supervisor present or in the presence of another employee.,,,,
VK-956-20060318-1900,1,"Cable wear in the ""stress zone"" [exposed segment of rope that repeatedly travels back and forth over the sheaves] caused interior lubrication to break down. The inside of the rope dried out allowing moisture to get in and interior corrosion to occur resulting in the failure of the cable. This allowed the tote tank to free fall to the deck rupturing the tank spilling glycol to a deck skid pan, the glycol was processed through the sump system before discharging in the Gulf.",,,,
VK-956-20060318-1900,2,Lubricant did not effectively penetrate the cable because of the compact windings. Broken core strands are not visually detectable because they can't find their way to the outside. The stiffness of the high strength cable causes broken outer strands to remain laid down making them difficult to visually identify. Relatively flat fatigue curve (compared to softer cables) means cable does not elongate very much before reaching its failure point.,,,,
MC-194-20060319-1000,1,It appears that the biocide treatment was not sufficient and the bacterium growth over the months may have contaminated the saltwater contained in the vessels and generated.,,,,
WR-544-20060320-0822,1,The engine #7 fuel leak and its subsequent unavailability increased demand on the remaining engines.,,,,
WR-544-20060320-0822,2,"High winds and currents, originating from the same general direction, combined to drive total power consumption above 80%.",,,,
AT-140-20060322-0850,1,The cause of the incident was due to leaking packing seal on the air operated valve which caused the valve to open. There was no preventive maintenance schedule on the diverter valve.,,,,
AT-140-20060322-0850,2,There was no alert system to monitor the valve when not in use.,,,,
WD-29-20060331-0845,1,The crane operator was complacent or not focused prior and during the lift and operated the crane outside of crane operating limits.,,,,
WD-29-20060331-0845,2,"Pre-use crane inspection form did not prompt operator awareness of lifting hazards, was largely based on crane specific criteria and not outside variables. Informal Pre-lift discussions noted during upcoming activity session prior to days events but no formal JSA or permit to work were performed. Increase of morning activity on the date of incident decreased effectiveness of Morning Safety Meeting.",,,,
MP-30-20060407-2245,1,Hawk at 18:30 hours. Time of injury was Employees appear to be accustomed to fixing the chain on the spinning wrench with their hands whenever it's not lying properly. The culture onboard accepted this as common practice and didn't recognize the hazard. Injured Person has been on this rig and in this position for a significant amount of time and apparently has performed this action repeatedly in the past while operating the spinning wrench.,,,,
MP-30-20060407-2245,2,"The Spinner Hawk was not recognized as needing to be isolated (Lockout, Tagout) before making adjustments or repairs to unit. No equipment specific JSA was written on use of this Spinner Hawk. Hazards are mentioned in the JSA for tripping pipe (JSA # 117-DRL-C-00l) which was reviewed before the operation. However, it is not extensive enough to ensure a safe operation. Control levers on unit are not marked as to which lever is the clamp and which is the spin lever. The two levers are only one inch apart and apparently came this way from the manufacturer.",,,,
GC-243-20060409-0945,1,The cause of this incident was the on-duty vessel engineer on the Cape Hope activating the emergency fuel shutdown for the entire vessel instead of the shutting off only fuel to the vessels transfer pumps. This caused the vessel to lose power and drift into and under the Arctic I.,,,,
VR-256-20060411-1400,1,"At this time probable causes include, but are not limited to, faulty hose, faulty check valves on torch assembly, and faulty regulators causing overpressure of hose.",,,,
MP-101-20060413-0730,1,"The incident was caused by the mechanics failing to follow proper procedures. The piping for the starter exhaust was not reconnected before the engine was rolled in conducting a compression test. The gas that was released found an ignition point, possibly from the loose spark plug wire going to ground, or possibly from the engine backfiring through the open air intake hose.",,,,
MP-140-20060423-0830,1,"The crane operator continued to raise the boom pass the ""boom stop"" which is a safety devise used to limit the angle of the boom at the highest recommended position.",,,,
EI-360-20060427-0530,1,A gas leak that had developed in the 2 inch fuel gas piping that supplies fuel to the turbine generator was ignited by an apparent faulty junction box located next to the fuel gas piping where a heat trace tape was connected.,,,,
EI-360-20060427-0530,2,The gas source leak originated from under the original permanent fitted piping insulation. The leak in the fuel gas piping apparently developed due to excessive deterioration of the piping and 90 degree ells. Excessive corrosion and deterioration of the fuel gas piping is credited primarily to the original permanent insulation. The existing breaker did not provide the required protection for the heat trace tape as per NEC article 427 Fixed Electrical Heating Equipment for Pipelines and Vessels.,,,,
GC-157-20060507-0400,1,"The probable cause of this incident was the absence of a swivel link at this anchor line connection. The Operator stated that due to a lack of equipment spares, a swivel was not installed. A swivel would have dissipated any stored torque energy in the anchor line.",,,,
WR-544-20060509-0641,1,"The cause of this event, were rig personnel not checking and walking through the pathways and valving before this transfer was performed, thus allowing the Synthetic Based Drilling Mud to be pumped into the Gulf.",,,,
WD-34-20060525-1500,1,Hole in bottom of storage tank due to corrosion.,,,,
WD-34-20060525-1500,2,Platform safety system was inert due to Hurricane Katrina damage. a) Tank sump unable to contain overflow and sump pump out of service.,,,,
SM-106-20060529-1530,1,Mr. Gregory Rhodes was not wearing fall protection equipment as he was working at an elevated height of approximately eleven (11) feet above the deck below. Mr. Rhodes was not working from an acceptable walk/work platform as he was working at an elevated height of approximately eleven (11) feet.,,,,
SM-106-20060529-1530,2,Failure to follow Mariner's Safe Work Procedure Manuel and failure to conduct a pre- job safety meeting (JSA) prior to initiating the work.,,,,
GC-743-20060530-0009,1,It was not identified that when the ACS stopped the traveling block in the auto driller mode that the auto driller program would continue to count.,,,,
GC-743-20060530-0009,2,A design in the software program.,,,,
GC-645-20060604-0703,1,The friction pads on the brake rotors were out of tolerance. The excessive wear exceeded the parking brake capacity (spring force) once the pressure was bled from the dynamic brake.,,,,
GC-645-20060604-0703,2,Incorrect system maintenance due to incorrect interpretation of maintenance procedure. 3,,,,
EB-165-20060607-1130,1,The hose used to transfer the methanol was not constructed or designed for transferring chemicals.,,,,
EB-165-20060607-1130,2,Damage to the two-inch transfer hose caused the methanol to leak or be sprayed on hot surfaces and equipment. An attempt had been made to repair the damaged hose with duct tape.,,,,
EB-165-20060607-1130,3,Another probable cause was the location of the chemical storage and transfer area.,,,,
EB-165-20060607-1130,4,"Not having a written operating procedure for transfer volatility or highly flammable liquids from one container to another. Additionally, not locating chemical storage areas away from high temperature equipment into an unclassified area is a contributing cause.",,,,
EI-391-20060616-0830,1,Crane limit switch failure due to corrosion on,,,,
EI-391-20060616-0830,2,the limit switch wiring. The counter weight can was pulled into the boom sheave by either a burr on the fast line cable or excessive tar build up on the can.,,,,
MU-20060622-1345,1,Failure to pay attention,,,,
MU-20060622-1345,2,Complacency to his surrounding work area,,,,
MU-20060622-1345,3,Work area was not barricaded or roped off,,,,
MU-20060622-1345,4,Failure to don fall restraint harness,,,,
MU-20060622-1345,5,Employee had only 4 months offshore experience.,,,,
MU-20060622-1345,6,"The man's job description was ""rigger"" and he was",,,,
MU-20060622-1345,7,Supervisor was a working supevisor and not paying doing welding work. attention to his employees.,,,,
HI-193-20060623-1230,1,"The derrick parts submitted for metallurgical examination and analysis failed due to lack of fusion in the weld between the post and the base plate of the pad eye. The lack of fusion created a stress riser or concentration that allowed a crack to initiate. Under certain loading conditions, as at the time of failure, the crack propagated until the remaining area could not sustain the load and failure occurred.",,,,
HI-193-20060623-1230,2,"Cracks had initiated at other locales from the point of failure and could have caused failure on any of the sides of the weld. Failure of the weld on the ""upper"" portion was due to orientation dring loading and use.",,,,
HI-20060629-0810,1,The rigger allowed himself to be caught outside of,,,,
HI-20060629-0810,2,The ball was not centered over the load.,,,,
HI-20060629-0810,3,"The deck was cluttered with equipment, allowing the the rigger had suffered a the ""safety zone of the lift"". rigger no escape.",,,,
MI-555-20060702-1715,1,"The employee who was injured was greasing the cable on the entry side of the sheave and as the cable was pulled into the sheave, his gloved hand was pulled into the sheave by a splintered wire. He was a new employee with only two days on the job and should have been visibly supervised.",,,,
MI-555-20060702-1715,2,The supervisor was in the cab of the crane at the controls and could not visually supervise the injured man.,,,,
GB-668-20060703-0730,1,A faulty weld in the subsea umbilical termination,,,,
GB-668-20060703-0730,2,assembly.,,,,
GC-608-20060711-1715,1,"A 3/4"" street ell connected to a drain valve installed on the first stage discharge bottle parted (broke at the threads). This released gas which was ignited by the right bank turbo charger. The Lessee is conducting engineering assessment in order to determine what caused the fitting to break.",,,,
GC-608-20060711-1715,2,There are no possible contributing causes for this incident.,,,,
VK-823-20060718-2200,1,LIST THE PROBABLE CAUSE(S) OF was not properly sealed. was no JSA or work permit for this job.,,,,
VK-823-20060718-2200,2,"ACCIDENT: The operator failed to secure the needle valves to the prover, which were left in the open position and the access door was not properly sealed, when the pumps kicked on the needle valve and access door started to leak which caused the pollution event.",,,,
VK-823-20060718-2200,3,"Proving the meter was considered a routine operation. There were no work permit,no JSA, and no procedure to insure the proving was preformed and completed in a safe manner.",,,,
MP-299-20060718-0815,1,"with the facility, resulting in impact in the resulting in the Surges in production rate of fluids from Chevron's incoming pipeline caused less retention time for oil to break free of water in the Bulk Separator. This allowed excessive oil development in the CPI which in turn, flowed to the Float Cell and discharged through an 8"" overboard produced water discharge line located 150 ft below sea level. The 8"" overboard line had a buildup of hydrocarbons/oil that accumulated over time that was flushed out of the overboard line due to increase fluid rate.",,,,
MP-299-20060718-0815,2,"The difficulty of effectively monitoring the CPI water handling vessel at night, due the way the vessel sight glass is set up. The LSH component is installed only approximately 4 to 6 inches or so from the very top of the CPI, resulting in not much room for error during a vessel LSH upset. Some inexperience level of the operators on duty the night of the spill occurrence. Excessive oil inflow into the CPI vessel causing the oil to overcome the vessel, the oil bucket pump not being able to overcome the oil inflow into the vessel, the excessive oil coming in to the vessel, forcing the water level down in the CPI, the water level being overcome by the oil in the float cell forcing oil down the water discharge down comer into the Gulf. The FSV on the CPI oil bucket pump leaking allowing backflow. If the LSH on the CPI did not shut in the facility; which it did not on the night of the spill as stated in the interviews, the upset could have gone unobserved if the operators on tower where of not sufficient experience with facility operations. The operators on duty, have not been on the facility for enough time to be sufficiently experienced with such a complex operation to fully be aware of such a facility's full process operation. The gas buy back line being installed in this common piping system with no FSV in line.",,,,
182-20060730-1445,1,The vessel was brought in too close to the platform and did not allow for a safety zone in case of human error or mechanical failure.,,,,
182-20060730-1445,2,Human error in judgment along with a lack process is considered to be the root cause of,,,,
182-20060730-1445,3,The anchoring operation was deemed by the not done differently then in the past.,,,,
182-20060730-1445,4,The barge was solely under control of the of a documented safe work plan or the incident. vessel crew to be routine in nature and No.3 winch wire. (Starboard stern),,,,
182-20060730-1445,5,"The Barge Superintendent stated when a bow lookout with radio communications,",,,,
MP-77-20060801-0730,1,The operator exercised poor judgment by not immediately shutting in the platform during this event.,,,,
MP-77-20060801-0730,2,"The level on the Run Tank is isolated from the suction line on the Run Tank Circulation Pump by a valve. The valves was opened when the pump was running. The pump suction lowered the level in the bridle several feet below the actual level in the tank. This is what is believed to have prevented the LSH from actuating the high level alarm. The Flow Control Valve (FCV) that pressures up the Secondary Vent Scrubber Blowcase was determined to be leaking when closed. This allowed pressure on the Blowcase preventing the Secondary Vent Scrubber (SVS) from draining and allowing oil to accumulate in the scrubber and flow out of the Vent Boom when the platform blew down. The drain lines on the SVS and Primary Vent Boom were left open to the Vent Scrubber skid which allowed oil to go into the Sump System. Residual oil was drained from the spill over line. The oil spill over line between the two Sump Scrubber Tanks and the Sump was plugged allowing oil to build-up in the sump, carrying under the oil bucket and discharged out of the water line.",,,,
EI-331-20060802-1645,1,The crane operator was apparently depending on the crane safety system to detect the maximum working angle of the crane boom and was unaware that the crane boom override was inoperable.,,,,
EI-331-20060802-1645,2,The manual boom override valve was stuck in the override position. The malfunctioned override valve allowed the boom to make contact with the boom stops.,,,,
ST-148-20060804-1200,1,Slow response of the hydraulic choke operator.,,,,
ST-148-20060804-1200,2,"occurrances. There was no pollution, Once it was realized during the operation by the supervisor that the choke operator was too slow to react to gas kicks, the job was not shut down.",,,,
MP-306-20060810-0715,1,The hose failed due to abrasion.,,,,
MP-306-20060810-0715,2,LIST THE CONTRIBUTING CAUSE(S) OF water since the shear was being used,,,,
VK-432-20060814-1330,1,A) The employee was not following or adhearing to the warnings given in the pre JSM. B) Having body parts in the pinch points of the work being performed.,,,,
MC-776-20060815-0800,1,The probable cause was human error. The blank was not returned to the transfer/overboard line after finishing the previous job of dumping water from the reserve tank and the gate valve at the end of the overboard line was also left open.,,,,
MC-776-20060815-0800,2,"The procedure for filtering brine, for lining up lines, and monitoring pits were not followed.",,,,
MC-776-20060815-0800,3,The procedure that requires removal of the blank on the transfer (overboard) line did not include the replacement of the blank at the completion of the procedure.,,,,
MP-296-20060815-1240,1,"The rigger did not follow the JSA, by not using the on the beam with the holes on the shoe. As a result his hand in pinch point location causing a crushing",,,,
MP-296-20060815-1240,2,"The load shifted downward from a static position in movement 6"" downward. This movement resulted while load line. alignment bar to align the bolts of this action, the rigger placed injury to his right thumb. and abrupt and unanticipated operating the friction brake on the",,,,
MP-296-20060815-1240,3,The Crane operator was not certified,,,,
MP-296-20060815-1240,4,The crane operator had approximately on the crane he was operating. 4 weeks experience on the Unit 500 Crane.,,,,
GI-47-20060815-1745,1,Leaking casing valve on Well C-7,,,,
GI-47-20060815-1745,2,Platform destroyed by Hurricane Katrina. (Submerged on bottom),,,,
AT-574-20060817-0200,1,"On 08/16/06 the BOP was tested, at 18:30 hours the Subsea engineer switched from Sem A to Sem B on the inactive blue pod on the BOP stack. (Sem is a control computer in the pod). The switching resulted in a spurious signal being sent the BOP control computer on surface indicating that the LMRP had released. The BOP control computer then sends a signal to the riser tensioner system which in turns actives the valves, Olmsted valves, on the tensioners venting hydraulic fluid. However, in this case the venting went unnoticed for 7 hours. In total 500 gallons were vented, 50 gallons remain in the vent tanks, 200 gallons was contained on the deck and a catch pan and 250 gallons spilled into the sea.",,,,
AT-574-20060817-0200,2,Recoil alarm is set at the lowest priority which does not give the Driller an audible alarm and there is no pop up screen.,,,,
SS-138-20060820-0330,1,The combination of the fast 300 fph ROP and the high 700 gpm pumping rate overloaded the cutting return system causing it to overflow when a spacer sweep came up the hole. The 16 inch flowline and the 6 inch overflow line did not have the capacity necessary to handle the heavy cutting returns when the spacer sweep reached the gumbo box.,,,,
SS-138-20060820-0330,2,There was no communication equipment available for the shaker hand to quickly let the driller know to shut down pumping on the wellbore when plugging occurred. So the shaker hand could not inform the driller quickly enough to prevent the spill during a spacer sweep returned at the gumbo box.,,,,
WD-71-20060825-1620,1,"Upon investigation it was determined that the cause of the incident was due to several mechanical failures. The boom hoist slipped due to improper band adjustment and an oily residue, which was found on the surface of the brake band. Secondly, the ratchet pawl device was in the open position and exhibited no indication of being engaged. It was determined that the racket pawl tension spring was not connected causing the device not to engage. The ratchet pawl mechanism on the boom hoist, on this type of crane, is present to prevent a loss boom control in the event of a brake failure.",,,,
MP-299-20060905-0900,1,Multiple operational problems caused an excess of oil to build up in the Skim Pile over time. A large amount of water flowed to the Skim Pile as a result of other operational issues and heavy rain fall which forced some hydrocarbons out of the Skim Pile through the water leg discharge overboard line.,,,,
MP-299-20060905-0900,2,Continued from Item 22.,,,,
MP-299-20060905-0900,3,Pumped down/checked Skim Pile to make sure it is free of oil. Instituted a program to check Skim Pile oil level more frequently.,,,,
MP-299-20060905-0900,4,Cleaned LP Vent scrubber discharge lines and installed skillet on discharge to skim pile. The L.P. Vent Scrubber was opened and visually inspected. The liquid outlet line to the Sour Water Sump was plugged. The debris was removed and the vessel closed.,,,,
MP-299-20060905-0900,5,"Cleaned Acid Gas Deluge Tower LSH bridle of iron sulfide, then eventually replaced with new bridal because a hole was found in the float.",,,,
MP-299-20060905-0900,6,Operators test bridles for obstructions and function test weekly. This replaces original monthly testing schedule.,,,,
MP-299-20060905-0900,7,Replaced a drain valve on the sour water sump drain line to Skim Pile.,,,,
MP-299-20060905-0900,8,Placed security seals on manual drain valves from sour water and rain water sumps and established an inspection and repair log book.,,,,
MP-299-20060905-0900,9,Replaced Skim Pile LSH and LAH controllers.,,,,
MP-299-20060905-0900,10,Sandblasted and painted interconnecting piping and Skim Pile.,,,,
MP-299-20060905-0900,11,Raised the internal operating level in Skim Pile.,,,,
MP-299-20060905-0900,12,Pulled suction line out of Skim Pile and cleaned obstruction in line.,,,,
MP-299-20060905-0900,13,Replaced FSV on discharge of Skim Pile pumps.,,,,
SS-33-20060906-0800,1,The wrench slipped and the momentum,,,,
SS-33-20060906-0800,2,LIST THE CONTRIBUTING CAUSE(S) OF,,,,
SS-33-20060906-0800,3,Improper footing may have been a caused him to fall overboard.,,,,
SS-33-20060906-0800,4,ACCIDENT: contributing cause to this incident.,,,,
SS-33-20060906-0800,5,Improper valve maintenance.,,,,
SS-33-20060906-0800,6,Improper tool for the job. Valve valve. When it becomes difficult to has a tool specfically manufactored for the operate valve needs mantenance.,,,,
MP-299-20060921-0630,1,"The lead operator involved in the accident failed to follow PMI's safety practices and policies (no JSEA, no continuous gas monitoring, did not don a SCBA for respiratory protection) and did not mentor his support personnel (SSEs) in performing the facility test separator orifice plate change.",,,,
MP-299-20060921-0630,2,No morning daily safety meeting was held to review the day's planned work.,,,,
MP-299-20060921-0630,3,"The support personnel, day roustabout and night operator (both SSEs) were not mentored in the utilization of proper procedures and proper PPE.",,,,
MP-299-20060921-0630,4,"No JSEA was formulated to plan the changing of the orifice plate and to identify all job steps, any possible safety hazards during the performing of the task and identifying solutions to identified",,,,
MP-299-20060921-0630,5,No continuous gas monitoring was,,,,
MP-299-20060921-0630,6,No SCBA's were donned during the safety hazards or issues. done to assure safe atmospheric conditions. changing of the orifice plate; which presented a hazardous H2S release to the atmosphere.,,,,
MP-299-20060921-0630,7,Continued from Item 22:,,,,
MP-299-20060921-0630,8,If a job task creates the possibility or necessity,,,,
MP-299-20060921-0630,9,H2S system: (a) Continuous monitoring utilizing a gas (b) SCBA must be donned to perform the task in an H2S of the opening of a closed loop detector must be implemented. exposure environment. (c) Continuous gas monitoring and SCBA usage to be monitored/audited weekly by the area Superintendent and Foremen.,,,,
MP-299-20060921-0630,10,Proper PPE usage by all PMI employees is to be continuously monitored by the field Foremen and reported to the field Superintendent.,,,,
MP-299-20060921-0630,11,Mandatory H2S re-education for all employees (MP-299 Field).This includes Superintendents and Field Foremen. (Employees who fail to attend this mandatory training will not be allowed to return to duty at MP-299 and will face disciplinary action to include possible termination).,,,,
AT-574-20061006-0140,1,Diverter seal failed.,,,,
AT-574-20061006-0140,2,"was 3bbls, consisting of 18% solids, The rig examined the seal and found no obvious reason for the seal to fail. These seals are energized by control fluid, there was a leak of control fluid from the seal and the seal de-energized. Once de-energized the seal allowed mud to pass.",,,,
GB-873-20061008-0200,1,"After performing dimensional analysis, metallurgical testing and analytical evaluation of the slips the probable cause of the accident is as follows: The Finite Element Analysis (FEA) and testing effort performed by National Oilwell Varco (NOV) indicate an unmatched set of slip segments as the probable cause. Slip segment number 4 (the only intact segment) was found to have a slightly lower yield strength than specified by the manufacturer. Using a laser based dimensional inspection, slip segment number 4 was found to have been outside the dimensional tolerances due to wear. With slip segment number 4 being outside the dimensional tolerances, this caused the other 3 slip segments to pick up a disproportional share of the casing load causing the failure.",,,,
GB-873-20061008-0200,2,"The contributing causes of the accident are as follows: It was also noted that the load rings were welded directly to the slip segment versus using retainers as called for in the design. It is possible that the heat affected zone could weaken the load ring and segment toe area. Also, the welding of the load ring can change the load distribution created by the slip inserts relative to the NOV design basis for the tool and is a contributing cause of the failure. Additionally, tests also demonstrated that the old design slip segments can be positioned so that the toe of the segment is unsupported. This is not a problem with the newer 1992 slip segment design. NOV does not currently recommend suspending the slips in a flush mounted configuration in the rotary, as they were on this well, but suggests a base plate so the casing can be more easily centered for proper load distribution in the slip segments. Uneven loading of the slips was identified as another contributing cause of the failure.",,,,
SM-236-20061009-1830,1,The probable cause of this incident is that the M/V crew failed to maintain control of the vessel to prevent striking the satellite well.,,,,
SM-236-20061009-1830,2,It is undetermined whether or not weather may have been a factor and it is undetermined whether or not the nav-aid lights and foghorn were operating properly.,,,,
ST-52-20061010-0950,1,The rig crew had trouble controlling the tubing during the time it was being lowered out of the v-door and catwalk other than manual guiding. The roustabouts believed that manually guiding the tubing joints was part of their job. Laying out singles and manually unlatching the elevators was not the best procedure for this job.,,,,
ST-52-20061010-0950,2,n/a,,,,
EI-330-20061011-2345,1,Mr. Whitney K. Hisaw fell to the plus 10 level and location.,,,,
EI-330-20061011-2345,2,"of the platform from an unknown height There were no witnesses to Mr. Hisaw's fall. Mr. Hisaw was unable to immediately communicate to the platform medic why and from where he had fallen. Mr.Hisaw later stated that he had a new pair of gloves on the last scaffold he checked. He crossed over from the stairs to the scaffolding, then crawled through the hand rail to another set of scaffolding. He reached for his gloves, and doesn't remember anything else about the fall. Mr. Hisaw failed to adhere to Devon's Energy Environmental,Health and Safety guidelines in that, he was not wearing any required personal protection equipment,(etc.hard hat,safety glasses,work vest, work boots and fall arrest equipment).",,,,
HI-20061013-1530,1,It is believed that the generator battery lead rubbed on the diesel fuel line over an extended period of time. It is believed that sparks form arcing caused the battery to explode. The diesel fuel line was blown apart and diesel fuel fed the fire until it was extinguished.,,,,
HI-116-20061028-2030,1,The drains were not washed and filled with water.,,,,
HI-116-20061028-2030,2,of the drain to catch on fire.,,,,
MC-737-20061030-0800,1,Worn seals in riser connection.,,,,
MC-737-20061030-0800,2,Rig movement.,,,,
MC-737-20061030-0800,3,Underwater currents,,,,
HI-20061031-0920,1,Use of an improper tool is considered to be the,,,,
HI-20061031-0920,2,probable cause of the accident.,,,,
MC-566-20061104-1100,1,Human error. Employee did not verify that the valve was shut.,,,,
MC-566-20061104-1100,2,The valve had not been previously identified as having the potential to result in an unplanned release of SOBM.,,,,
MC-566-20061104-1100,3,Possibility of reverse circulating was not addressed on the JSA.,,,,
MC-566-20061104-1100,4,High seas causing a slow response time in detecting a loss of fluid.,,,,
MC-777-20061105-0657,1,"Port harmonic filter had failed and a dead short between phases at the port harmonic filter fuses occurred, causing an upset on the 11KV power bus. Emergency bus supply to essential services was interrupted when the circuit breakers that maintain this supply tripped. The cause of this is subject to further ongoing investigation. The essential services bus powers the main fuel pumps for the main generators and the 2 main generators connected to the bus where unable to deliver the required load of the thrusters that were in-service. A sequence of load shedding and under/over frequency events were initiated with the generators having a fuel rack setting of 100% but insufficient fuel being supplied to the engines. The generators eventually opened their breakers causing all 6 thrusters to drop offline. Following the black out event, the system restored itself normally from the dead bus position.",,,,
EI-88-20061111-1500,1,The probable cause of this incident is that the the vessel to prevent striking the satellite.,,,,
EI-88-20061111-1500,2,M/V crew failed to maintain control of It is undetermined whether or not weather may have been a factor and it is undetermined whether or not the nav-aid lights and foghorn were operating properly.,,,,
WC-294-20061112-0700,1,"Operators failed to follow proper steps for total shut-in of entire field and host facility. Operator failed to recognize critical warning signs indicated on the Scada log,PSH1 AND PSH2 tripped and operator acknowledged but no mitigating action was taken to prevent the pipeline from overpressure. The panel at WC-294-C was not properly designed and prevented the safety devices from performing their design function. (PSH-1&2 S/D signals were not connected to independent solenoids, so if this single solenoid failed then neither PSH would perform its function).",,,,
WC-294-20061112-0700,2,Operator failed to verify closure of well C2 at WC294C before initiating closure of the incoming pipeline SDV at WC294A. Operator not being familiar with all aspects of the Scada system allowed critical warning signs to be overlooked. The operators had no detailed written procedure to follow for shutting in the entire field including the host facility. Operations personnel relied on the cascading affect to initiate shut-in action of the satellite wells.,,,,
SS-242-20061115-1800,1,Weather and sea conditions are the probable causes of this incident. Seas were 16 - 18 feet with a occasional 20 foot. Winds were 30 - 40 MPH.,,,,
SS-242-20061115-1800,2,Improper air gap.,,,,
SP-49-20061117-1020,1,a. The Glycol Surge Vessel had been over filled and when the Glycol heated up it expanded and caused Glycol to bubble out the overfill port on and come into contact with the vessels surface at a temperature 355º f b. There could have been accumulation in the insulation from previous events.,,,,
SP-49-20061117-1020,2,a. Two 550 gallons tote tanks of Glycol had been added to the surge vessel and was too much according to operators on the structure.,,,,
WC-130-20061118-1315,1,Inadequate trainig of rig personnel. Failure backing out along with the hold-down pin.,,,,
WC-130-20061118-1315,2,Loss of circulation during liner cementing the formation. to recognize the packing gland nut was operations resulting in supercharging of,,,,
WC-130-20061118-1315,3,Failure of the liner top packer allowing formation pressure into the wellbore.,,,,
WC-130-20061118-1315,4,Failure to fill the hole while coming out of the hole with the drill pipe.,,,,
ST-300-20061123-1950,1,The cause of this incident was an apparent build,,,,
ST-300-20061123-1950,2,n/a of oxygen in a cavity of the anode.,,,,
EI-349-20061125-0715,1,Failure of a grease fitting on well A-17 production,,,,
EI-349-20061125-0715,2,casing valve. All decking in the wellbay area was comprised of grating and not solid decking.,,,,
SP-49-20061129-0830,1,a. Not properly trained for the facility b. Lack of supervision c. Unsafe work practices d. Operators being fatigued,,,,
SP-49-20061129-0830,2,a. Not being properly trained for the facility b. Lack of supervision c. Unsafe work practices d. Fatigue factor for personal High Leveled and filled the flare boom.,,,,
MP-69-20061204-2300,1,Improper installation of safety devices.,,,,
MP-69-20061204-2300,2,Relays on the E-1 Well's SSV and Wing valves designed function. The well could not shut in.,,,,
MP-69-20061204-2300,3,were pinned open. This by-passed the,,,,
MP-69-20061204-2300,4,Not implementing safety designed by MMS approved SAFE CHART. If the proper design had been installed the well would have shut-in on a PSH.,,,,
MP-69-20061204-2300,5,"Violations for Federal Regulations in flowing well E-1 in by-pass. E-1 well could not shut-in and caused the over pressure of the 4"" pipeline.",,,,
MP-69-20061204-2300,6,"One report from a subject matter expert states the E-1 well had to be pinned open in order to flow due to the panel logic at the time of the incident. At one point both wells flowed into the 6"" pipeline. The logic for the safety system would shut in both wells if there was a PSH/L activated on the 6"" pipeline. The interface had been disconnected after the E-1 well was switched to the 4"" pipeline. The panel tech states that there was no way the well would stay in service due to the fact that by disconnecting the interface it blocked the supply to the E-1 well SSV & wing valves relays and they would not stay in service. You would have to pin the relays out on both the SSV and WING Valves in order to get the supply pressure to the actuators to open the valves. He also stated even if the interface had been connected it would have been the same results because with the 6"" pipeline out of service it had 0 psi on it and the PSL would not have cleared to allow the supply to the wells relays. When the instrument Technician removed the interface all together from the well panel, Well E-l relays for the SSV and Wing valve came in service. (Continued in Item 20 Additional Information)",,,,
SS-129-20061209-0600,1,"There were several things that caused this incident. First, the LSH on the Heater Treater was placed in bypass. Second, the liquid outlet SDV's on the Heater Treater were closed due to the loss of fuel gas supply. Third, the LSH on the Vent Scrubber failed to operate.",,,,
SS-129-20061209-0600,2,There were several contributing causes for this incident. The temperature was near freezing at the time of the incident. The operator stated that he was confused with the panel logic and did not really understand what was going wrong.,,,,
EI-330-20061209-1015,1,Improper slings (nylon) were used for a flat iron,,,,
EI-330-20061209-1015,2,"The rigger, Mr. Kenneth J. Cannon deckhand on the sufficiently trained or experienced in the proper flat iron load. The rigger failed to double wrap load lift. M/V Ms. Jessica, was apparently not techniques to attach the slings to a the nylon slings around the load and align the center of gravity on the center top of the flat iron rather than the edge prior to the lift being initiated. The single wrap around the load resulted in the slings adjusting unevenly and out of balance with the weight of the load subsequent to initiating the lift. The crane operator was apparently not communicating with the rigger and not providing instructions to the rigger on how to double wrap the nylon slings around the flat iron load. The improper rigging of the nylon slings around the load was not observable by the crane operator from the + 70 feet level of the platform. The crane operator was not aware of the inadequate rigging of the flat iron load until the load began shifting and sliding through the single wrapped nylon sling.",,,,
MI-656-20061212-0740,1,"The solenoid on the brake bladder on the top drive failed to operate. This caused the brake to be fully applied while turning the drill string, whick caused frictional heat causing the brake bladder to melt and the brake shoes to burn.",,,,
MI-656-20061212-0740,2,Preventive maintenance does not require the replacement of the brake solenoid on a regular basis.,,,,
KC-785-20240307-1500,1,Equipment Failure. Improper Use of Equipment. The improper use a nylon web sling that lost its bite allowed the 2-inch diameter drill line to slip through the sling and fall freely to the rig floor injuring a Seadrill employee.,,,,
KC-785-20240307-1500,2,Management Systems: Inadequate management of change procedures. The Seadrill Crew deviated from the normal procedures for slip and cut drill line by tying of the drill line to the Cat Head.,,,,
KC-785-20240307-1500,3,Management Systems: Job procedures not followed. Poor pre-job task and the Permit to Work Standard Operation Manual for slip and cut drill line lacked instructions.,,,,
KC-785-20240307-1500,4,Supervision: Inadequate supervision. The Supervisor for the slip and cut drill line operations was not aware of the Seadrill Crew’s plan of using a nylon web sling.,,,,
KC-785-20240307-1500,5,"Communication: Inadequate job instructions provided. The Driller was informed by the Derrickman about that the Seadrill Crew’s decision to lift the 2-inch drill line, but he failed to communicate to the Driller how this operation was going to be performed.",,,,
SM-6374-20070207-1800,1,"LIST THE PROBABLE CAUSE(S) OF ACCIDENT, The electrician.attempted to remove the residue build up by using an aerosol product called Lectra-Clean, which is' an electrical grade cleaner· for de-energized electrical equipment. Safety Procedures & Administrative Controls not followed (no JSA or job plan prepared, no eriergy isolation permit, Lock-Out/Tag-Out procedures not followed and combination of aerosol cleaner and dust particulate matter providing conduit for phase-to-phase and phase-to-ground arc flash}.",,,,
SM-6374-20070207-1800,2,"LIST THE CONTRIBUTING CAUSE(S) OF ACCIDENT, Independent employee action {no supervisory PPB worn for working on energized electrical",,,,
UNKEYED-f2092c4221f5,1,"a. Describe any unsafe act(s} or lAt Risk Behavior(s}l that contributed the t~ incident as a causal factor, and why did the Worker make the wrong or exhibit decisi~n the behavior: Beta Offshore recognizes Mr. as being a highly skilled and experienced scaffold professional. He is a journeyman in the trade and has being working with offshore (and onshore) scaffolding for many years. Betals observation of Mr. work, management skills and professional demeanor over the years is consistent with this description. Nevertheless, the following conclusions have been reached during this investigation:",,,,
UNKEYED-f2092c4221f5,2,Mr. elected to perform an installation (of typically conducted by two people. At this point it is specific policy regarding such an installation.,,,,
UNKEYED-f2092c4221f5,3,"Although Mr. truly believed that Mr. position below, or even present in the work area below, the strong back) that is not known whether Brand has a was not in a vulnerable he did not apply preventative measures (such as barricades or signs) to ensure that no workers would enter the work area below while he was installing the strong back device. He thought Mr. knew what was going on and would take necessary precautions. In addition to Mr. being in the work area, Mr. also entered the work area as the strong baek fell to the deck. He was not in the path of its travel and he had the protection of the overhead plywood platform, but he was also potentially vulnerable to the deflection of a falling object. In addition to the items listed above, it is also noted that if Mr. requested the strong back to be installed, he should have been aware of an overhead hazard during its installation and should have remained outside of the work area until the installation was completed.",,,,
UNKEYED-f2092c4221f5,4,"a. Describe any failures or unsafe condition(s) related to facilities, equipment, tools, machinery, PPE, monitoring, etc. that contributed as causal factor(s) to· the incident: All proper PPE was worn by the injured person, Mr. In fact, it is quite certain that Mr. hard hat prevented much more serious injury to his head, as it was cracked by the impact. It is possible, but not conclusive, that the impact of the strong back device to Mr. safety glasses may have exacerbated the injury to the cheekbone area below his right eye. Additional details regarding the incident will be forthcoming over the next few days. The root causes of this incident are at this time considered to be primarily behavioral in nature. b. Describe any UNSAFE condition(s)· related to training, supervision, policy, procedures and practices that contributed as causal factors to the incident: Although both Mr. and-Mr. have had significant safety training and are aware of the policies and procedures that pertain to the work they were involved with, the fact that they exhibited the unsafe behaviors listed in box a. above indicates that additional specific training, or refresher training, is warranted. Both Brand and A&E take this incident very seriously and have expressed their full commitment to understanding exactly what happened, and necessary to prevent a similar incident",,,,
MC-127-20070124-1200,1,Not staying alert of the task at hand.,,,,
MC-127-20070124-1200,2,Employee on lower level not paying attention,,,,
MC-127-20070124-1200,3,Poor planning or the lack of planning.,,,,
956-20070126-1500,1,Cable pulled out of rope socket.,,,,
956-20070126-1500,2,"the cable failure was identified, Brand new cable not properly assembled by manufacturer. Manufacturer has taken responsibility for the failure.",,,,
EW-948-20070126-0800,1,The boat heaved due to sea conditions and moved,,,,
EW-948-20070126-0800,2,None,,,,
EW-989-20070130-0920,1,"The cause of the incident is the prolonged contact the individuals had with the Zinc Bromide. At first, the injured parties were unaware that they had even come in contact with the ZnBr.",,,,
EW-989-20070130-0920,2,The prolonged contact with the Zinc Bromide contributed to the severity of the burns that the injured parties received.,,,,
GC-743-20070201-1715,1,The failure of the motor on the shale shaker was not tied into an automatic shut-in device to divert the flow of the mud to another shaker or to an audible or visual alarm to warn the crew member working in the area of the motor failure. The lack of alarms allowed the motor failure to go unnoticed long enough to cause the three barrel spill by allowing the mud to coat over the screens and overflow the SBM in to the Gulf.,,,,
GC-743-20070201-1715,2,With seven shale shakers it is difficult for one crew member to monitor all the equipment continuously. The lack of additional personnel could have been a contributing factor in not noticing the motor failure before the screens coated over with mud and overflowed the SBM in to the Gulf.,,,,
MP-261-20070204-1225,1,Not paying attention to his surroundings.,,,,
EI-349-20070207-0900,1,Failure to install a siphon vent on the water leg of,,,,
EI-349-20070207-0900,2,"(INC) and ordered the B platform the sump tank. The water leg on the sump tank provides a means for the water to be discharged while an oil-water interface is maintained in the sump tank. The oil is maintained in the sump tank until it is pumped back into the process system. Failure to install a water leg siphon vent resulted in the inability to establish a necessary oil-water interface in the sump tank and ultimately a water and hydrocarbon carry under through the water leg until the sump tank had been evacuated of all liquids. Also, the adjustable up comer or baffles in the sump tank was not placed at the optimum level to minimize oil from being dumped into the gulf waters.",,,,
ST-245-20070208-2145,1,Fatigue failure of crane boom material is the,,,,
ST-245-20070208-2145,2,None,,,,
GC-468-20070209-0800,1,Cause of the leak was the failure of the threaded plug that was installed into the test port by the manufacturer of the Flex Joint after it was tested in the shop.,,,,
GC-468-20070209-0800,2,The tar in the fluid system could have created internal pressures in the flex joint that possible caused the threaded plug to fail.,,,,
ST-135-20070209-0801,1,"There were several causes that lead to this accident. First, the crew did not properly survey the area before starting the job and they did not realize that there were no padeyes in place to properly attach the chainfalls. Instead, the chainfalls were attached to a wire support tray. Second, there was minimal room between the tensioner frame and the gear housing to move the pump cover around. The crew failed to revise the JSA to reflect the support frame being modified. Third, they did not have enough people in the area of the job. They failed to realize that the hook was hitting the rail.",,,,
ST-135-20070209-0801,2,LIST THE CONTRIBUTING CAUSE(S) OF n/a,,,,
HI-154-20070210-1200,1,Hot work operations were being conducted over open grating with insufficient insulation to keep slag from falling into the production separator area. Simultaneous production operations were being conducted at the time of both of the fires. Hot work was being conducted within ten (10) feet of active production lines.,,,,
HI-154-20070210-1200,2,There was no production supervision on the platform (Fairways or contractor. Grasso Production is the contractor. Production personnel were not involved with Hot Work Permits or Job Safety Analysis (JSA). The only supervisor was a contruction superintendent who stated that he was only in charge of the construction work being conducted.,,,,
SS-253-20070214-0945,1,The cause of this incident was the failure of a high downstream of the third stage of the compressor.,,,,
SS-253-20070214-0945,2,The hose may have been worn from harmonic vibrations the hose.,,,,
EI-337-20070217-1000,1,The crane boom heel sustained a damaging bend when,,,,
EI-337-20070217-1000,2,The Nabors Sundowner XVI crane operator placed the position and continued to boom up. a result of this incident. it made contact with the boom stop. crane boom stop in the override The Nabors Sundowner XVI crane operator had operated the Devon platform crane for only two (2) days prior to the boom contact with the boom stop incident. It is believed that both the crane operator and the rigger failed to sufficiently monitor the boom to prevent damaging contact with the boom stop subsequent to placing the boom stop in override.,,,,
GC-177-20070217-1050,1,The valve on the drain line for the seawater side opened.,,,,
GC-177-20070217-1050,2,n/a,,,,
GB-244-20070219-2020,1,A hand tight lifting-sub backed out of its connection,,,,
GB-244-20070219-2020,2,"and fell to the rig floor. The driller did not lower the top drive elevators unit enough to prevent the weight of the production tubing from backing off the lifting sub which caused a friction bite that backed the lifting-sub out of its connection to the 2-3/8"" production tubing.",,,,
MP-77-20070222-1730,1,"One pipe in the cooling shroud was found to be corroded and rusted. It separated at its weakest point near a bend and allowed gas to vent. The gas then collected near the engine exhaust of the compressor, reaching its flash point it ignited. Additionally, a quantity of rust was found on the base of the shroud. It has been considered that with the intense air being distributed by the fan of the cooling shroud, the rust particles may have blown around and struck other items and sparked. It is possible this may have resulted in igniting the gas.",,,,
MP-77-20070222-1730,2,"Due to the fact that the cooling piping is behind a cover which is bolted closed to prevent personnel from entering the shroud during operations, it is difficult to detect the condition of the piping by the crew and thus making it next to impossible to know the condition of the pipes and associated devices within the shroud covering. Because of this the rusting of the piping was not detected, and preventive actions were not taken.",,,,
SM-275-20070226-1400,1,The Aggreko mechanic failed to follow proper lockout/tagout procedures outlined in Stone Energy's Safe Work Practices Handbook for maintaining and servicing rotating equipment (generator).,,,,
SM-275-20070226-1400,2,"Stone Energy's onsite representative failed to properly supervise the Aggreko contractor in the maintenance and servicing of rotating equipment. Also, Stone Energy failed to ensure that the mechanic followed Stone Energy's Safe Work Practices Handbook for maintaining and servicing rotating equipment.",,,,
GC-782-20070228-2014,1,"As the compressors began to spin down, anti-surge and recycle valves immediately opened, thus beginning the equalization of pressure from discharge to suction. As the compressors shut down, equalization pressure of the High Pressure and Low Pressure Compressors backflowed into the High Pressure and Low Pressure Compressor Feed Headers before the inlet compressor shutdown valves could close. The lack of check valves (FSV's) in the High Pressure and Low Pressure Compressor Feed Headers caused backflow to the High Pressure and Low Pressure Separator's FSV's and began pressurizing the High Pressure and Low Pressure Compressor Feed Headers. In response to this pressurization, the 8 inch flare valves (PV-21905 and PV-21307), located on the Compressor Feed Headers, opened and rapidly blew down the compressors. Process trending indicated during the time of the event that the High Pressure and Low Pressure Compressor Feed Headers built up to approximately 600 psig and 150 psig respectively while the flare valves relieved the compressor equialization pressure. The High Pressure and Low Pressure flare valves set pressure are 425 psig and 122 psig respectively. Normal operating pressures in the High Pressure and Low Pressure Compressor Feed Headers prior to blowdown are 360 psig and 115 psig. The resulting backpressure on the Flare System built up to at least 100 psig in the Flare Scrubber and thereby caused the rupture disc failure on the Compressor Discharge Coolers.",,,,
GC-782-20070228-2014,2,"The Booster Compressors (Low Pressure, High Pressure, and Export) are equipped with direct Seawater-to-Process Gas Discharge Coolers. A tandem rupture disc assembly is installed on the seawater discharge of each cooler to protect the cooler from overpressure in the event of produced gas ingress into the system (tube rupture, tube sheet leak, etc). The tandem rupture disc assembly is made up of a primary rupture disc, designed to rupture at approximately 225 psig, the design working pressure of the seawater piping system. Immediately downstream of the primary rupture disc is a secondary rupture disc designed to rupture at 100 psig in the forward burst direction. A pressure transmitter and local gauge are installed between the two rupture discs to notify operators of failure or leakage of one or both of the rupture discs. The secondary rupture disc ruptures in the reverse direction at 50 psig, while the primary disc has a pressure rating of 225 psig in the reverse direction. During this event, visual inspection indicated that the secondary rupture disc failed backwards and impacted the primary rupture disc causing the primary disc to also fail. The failure of both rupture discs caused an open path for gas to enter the seawater cooling piping.",,,,
GC-743-20070228-1500,1,The cause of the chain runaway was cavitation of all four hydraulic motors. This can happen with these types of motors when insufficient hydraulic fluid is supplied to make up normal case drain leakage during normal operation at very low speeds.,,,,
GC-743-20070228-1500,2,"The mechanical brakes are activated by releasing the 30 bar hydraulic pressure that holds them open. The control for this circuit is by Program Logic Control (PLC). The PLC automatically provides a three second delay in brake activation whether by manual stop, automatic stop or emergency stop. The delay is to allow the hydraulic motors to come to a halt before the brakes engage to extend their life. In the case of a runaway, this delay only serves to increase the damage since the cavitation had occurred and the chain is accelerating.",,,,
GB-426-20070302-0615,1,"Equipment Design Issues: The associated control system did not include the necessary breaker trips, thus a system short circuit was detected by two separate fault detection functions (Input Transformer 1 Cycle Fault and Excess Power Supply Losses Fault). Neither of these tripped the main power, as the control system had not been configured to utilize this protective function.",,,,
GB-426-20070302-0615,2,"Equipment Design Issues: The safety system was configured to interrupt the main power only after the transformer had overheated as a result of the fault. With proper fault detection features, the short circuit within Cell A6 would only have persisted for two seconds, instead of the estimated seventy seconds, and the damage would likely not have been as extensive.",,,,
GB-426-20070302-0615,3,"Equipment Design Issues: If the vendors had communicated to determine the proper or optimum fuse sizes for the control system, the fuses would have been sized to melt/blow at the short-circuit current, and the fault between the primary and secondary winding of the transformer may not have developed.",,,,
GB-426-20070302-0615,4,Equipment Design Issues: The control system lacked proper lockouts that would prevent reclosure of the circuit breaker while an alarm condition continued to exist.,,,,
GB-426-20070302-0615,5,Operational Issues: The CAOO Operator did not follow the Lessee's Electrical Safe Work Practice policy by resetting the circuit breaker while an alarm condition existed.,,,,
GB-426-20070302-0615,6,Operational Issues: The CAOO Operator did not take the time to display and comprehend all fault messages displayed by the Robicon safety system before attempting to reset the system.,,,,
GB-426-20070302-0615,7,Failure of the safety system to interrupt the main power as a result of the safety system not configured to interrupt the main power on that condition.,,,,
GB-426-20070302-0615,8,The safety system was configured to interrupt the main power only after the transformer had overheated as a result of the fault.,,,,
GB-426-20070302-0615,9,"The associated control equipment did not include the necessary breaker trips for Excess Power Supply Losses Fault, Input Transformer 1 Cycle Fault, Capacitor Share Fault, IGBT Out of Saturation Fault, Cell Link Fault, Cell Count Mismatch, and DC Bus Over Voltage.",,,,
GB-426-20070302-0615,10,"Interfacing of different manufacturer components was delegated to those respective manufacturers, rather than the Lessee reviewing the design of the safety system.",,,,
GB-426-20070302-0615,11,"The Lessee purchase specifications did not specify what protective circuitry was to be included in the equipment. Rubicon, the manufacturer of the Variable Frequency Drive equipment, had not been previously asked to provide a complete list of Critical Faults and Alarms, nor provide recommendations of what should be included in the breaker trip circuitry.",,,,
GI-37-20070310-1525,1,Not alert to his surroundings. Not paying attention to the load and his position.,,,,
WR-627-20070312-1103,1,Rupture of the drilling riser tensioner hose due to resulted in the entanglement and failure of the air joint packer element. The lack of air pressure on allowed the SBM to leak into the Gulf.,,,,
WR-627-20070312-1103,2,back up. This reading was was determined that a total of 9 the water ( 57.5% oil content or exposure to three major hurricanes supply line connection to the slip the slip joint packing element The routing or plumbing of air supply hose to the slip joint packer connection point exposed the slip joint air supply line to damage when the number four drilling riser tensioner hose ruptured.,,,,
ST-21-20070314-0200,1,"The cause of the incident was a build up of gas under the set storm packer. During release/retrieval of this storm packer, rig personnel were not aware of this gas bubble that formed under the packer. If the Annular Blowout Preventers had been closed before the release (unseating) of the packer, the fluid would not have reached the rig floor, thus eliminating the incident. It was later revealed that a Halliburton tool man was not present during the unseating of the storm packer. If a Halliburton tool man had been present, this incident may not have occurred. Also the lack of a detailed procedure covering the have also been a major contributing factor in this",,,,
EI-330-20070316-1345,1,The IP failed to connect his full body fall arrest harness to the inplace retractable life line as he worked in the immediate vicinity of an open hole in the deck grating.,,,,
EI-330-20070316-1345,2,"Devon failed to ensure that all personnel in the immediate vicinity of the four (4) feet by forty (40) feet opening were following the fall protection procedures outlined in Devon's Environmental, Health and Safety Handbook and Behavioral Job Safety Analysis (JSA)Worksheet. Devon's JSA documents state that fall protection equipment must be worn with a 100% tie off.",,,,
GC-645-20070328-0515,1,The hose is believed to have been punctured from the outside during the fluid transfer operation.,,,,
GC-645-20070328-0515,2,LIST THE CONTRIBUTING CAUSE(S) OF General hose deterioration/abrasion,,,,
MC-726-20070330-0650,1,"The driller did not verify the engagement of the high clutch prior to answering the phone. While his attention was momentarily diverted, he momentarily lost control of the traveling block.",,,,
MC-726-20070330-0650,2,Immediate Cause: Lack of Awareness/Attention - The high clutch was not engaged when the driller attempted to hoist the traveling block.,,,,
MC-726-20070330-0650,3,"Underlying Cause: Training - Directly after attempting to engage the high clutch, the driller answered the phone momentarily diverting his attention from the traveling blocks.",,,,
ST-41-20070330-0900,1,"The sea conditions were rough and the boat captain should have cancelled the lift. Also, the diver should not have jumped on the basket. He should have allowed the cargo to be transported first or should have put the equipment in a cargo basket instead.",,,,
ST-41-20070330-0900,2,LIST THE CONTRIBUTING CAUSE(S) OF The boat drifted away from the crane,,,,
ST-41-20070330-0900,3,ACCIDENT: causing an unsafe angle to make the lift.,,,,
ST-193-20070401-1645,1,"The blade of the saw got stuck causing the saw to jump. The IP moved his hand to try and get out of the way, but his hand was struck with",,,,
ST-193-20070401-1645,2,None.,,,,
MC-696-20070405-1800,1,Packer failure on the Slip Joint.,,,,
MC-696-20070405-1800,2,Slip Joint upper packer had a mechanical failure,,,,
BA-20070417-0200,1,"The connection between the pin on the joint of drill pipe and the box of the top safety valve backed out during the make-up process, allowing partial separation of the connection. This probably occurred because the joint of drill pipe suspended in the elevators stopped rotating with the assembly.",,,,
BA-20070417-0200,2,"When utilizing the pipe spinner on the Irom RoughNeck, the driller and drill crew failed to notice that when making up the third and fourth valves and pump-in sub that the pipe was un-screwing from the upper valves. The jaws of the pipe spinner sit about five feet above the rig floor. Each valve is about three feet in length, so the spinnet jaws were around the first valve when making up the second, third, and fourth valves. When the jaws are around pipe, all of the valves get turned to the right or simply tightened. When the valves were in the jaws of the spinner, all below the valves are tightened, all above are loosened. It is possible that the valves were loosened on the third and fourth valves, since none of the valves were tightened to their",,,,
GI-37-20070419-1045,1,"Improper lifting procedures. Possibly, he was not in good physical shape.",,,,
GI-37-20070419-1045,2,Awkward position.,,,,
SS-266-20070428-2030,1,"The probable causes of this incident were the partially plugged Flame Arrestor, and the suspected partially restricted Stack Arrestor. to determine if the Stack Arrestor was restricted, apart when the operator tried to disassemble it.",,,,
SS-266-20070428-2030,2,None,,,,
MC-29-20070507-1930,1,Not aware that his hand was in danger. Not paying attention to what was going on in his work,,,,
HI-20070513-0630,1,"The configeration of the facility is: MCC and generator spaces; stacked on top of them are the platform offices, galley, TV room and several bed rooms; stacked on top of this more bedrooms and bath room. Carbon Monoxide gas entered the living quarters through the galley exhaust vent. The exhaust fan in the galley was turned off, but the metal flapper was missing from the exhaust duct.",,,,
HI-20070513-0630,2,"With the prevaling winds calm, it is presumed that carbon monoxide gas and fumes from the gas generators migrated into the living quarters through the galley stove exhust vent(without a one way flow metal flapper and the exhaust fan turned off) and possibly sucked in due to air leaks from door seals and air conditioning fresh air intakes.",,,,
ST-204-20070518-1715,1,"The crew rigged down the night before to move the equipment to another platform. The following morning, the decision was made for the equipment to stay at the platform. When the operator rigged up again, they forgot to secure the wireline unit with chains.",,,,
ST-204-20070518-1715,2,Wireline procedures were not followed by the crew.,,,,
GC-243-20070518-1455,1,The light fixture had a safety chain on one end but was not secured on the other end. The light not being properly secured allowed the light fixture to vibrate loose and swing downward.,,,,
GC-243-20070518-1455,2,None,,,,
SP-83-20070519-0045,1,Chain hook on air tugger releasing causing drill drive.,,,,
SP-83-20070519-0045,2,Slack in tugger line,,,,
SP-83-20070519-0045,3,Hook on tugger chain releasing,,,,
SP-83-20070519-0045,4,Drill pipe binding on finger board,,,,
EW-947-20070520-0430,1,"Although it was not determined what caused the LSH on the glycol unit, platform start- up problems that could have contributed to the LSH included the glycol pump being shut down even though there was a continued influx of fluid to the glycol unit, overpressure in the system resulting in the glycol unit's high fluid level, or the glycol unit's media being cool during shut down then expanding subsequent to start up resulting in an increased flow and level. It was determined that the source of the fuel for the fire was a leaking Temperature Safety Element (TSE) on the glycol unit, and a pressure regulator located on the contactor.",,,,
EW-947-20070520-0430,2,None.,,,,
VK-817-20070522-0930,1,Human Error: Employee did not follow the safety procedures of the Safety Pre-Job Meeting. Employee was working around a hole that was unprotected without fall protection.,,,,
VK-817-20070522-0930,2,LIST THE CONTRIBUTING CAUSE(S) OF Not properly supervised. Not staying focused while working in,,,,
GC-743-20070531-1940,1,The drilling crew put the doughnut protector equipment into service conditions that it was not adequately designed.,,,,
GC-743-20070531-1940,2,None,,,,
MO-1002-20070605-1830,1,Inattention to duties being performed.,,,,
GC-680-20070611-0230,1,The cause of this incident was determined to be a caused by vibration over time.,,,,
GC-680-20070611-0230,2,The ball valve is oversized with respect to that are not physically achievable with this type,,,,
871-20070613-1948,1,Took cap off of a hot radiator.,,,,
SM-106-20070623-0730,1,Torch cutting operations were initiated above an that had not been rendered inert. The atmospheric wet-dry oil storage tank was not from falling onto and into the tank.,,,,
SM-106-20070623-0730,2,"atmospheric wet-dry oil storage tank properly shielded to prevent hot slag Tetra personnel failed to fully assess the current hydrocarbon status of the atmospheric wet-dry oil storage tank prior to initiating torch cutting operations. The precautions taken (fire tarp placed under the cantilever deck and the shield of water) were inadequate to prevent hot cutting slag from falling to the second deck in the vacinity of and possibly into the atmospheric wet-oil storage tank. A failure of quality communications between the Tetra P&A crew and Mariner Energy, Inc. Management/Supervision. No Mariner Energy, Inc. Supervisory representative on board when hot work was initiated. Tetra crew initiated hot work operations with out a copy of Mariner Energy, Inc.'s ""General Welding, Burning and Hot Taping Practices and Procedures Plan"" on site.",,,,
707-20070627-1800,1,Ensure master dump valve is closed and locked.,,,,
707-20070627-1800,2,(1) Master dump valve not closed and locked. (2) Improper handover at tour change to relay,,,,
EI-158-20070705-2100,1,Gas sources that had been blocked and isolated from flow to the low pressure gas compressor 1st stage suction scrubber apparently leaked through the closed automatic shut down valve (SDV) and closed manual block valve to the 3rd stage cylinder and into the compressor building.,,,,
EI-158-20070705-2100,2,The source of ignition may have been the high surface temperature of the compressor exhaust manifold system. All electrical connections and junction boxes in the area of the compressor were inspected to verify that the integrity of the electrical system had not been compromised.,,,,
MC-809-20070721-1100,1,Carelessness,,,,
MC-809-20070721-1100,2,Not paying attention to what he was doing.,,,,
GC-743-20070731-1300,1,The leak resulted from the hydrate seal interferring with the metal to metal seal area causing the wash out area on the BOP connector during the high pressure setting of the 13-5/8 inch casing pack-off.,,,,
GC-743-20070731-1300,2,Hydrate seal laid across the ring during initial BOP landing operation.,,,,
MP-61-20070801-1815,1,a. Platform was shut-in for extended period of time. b. Sump tank being flooded with iron sulfate particals contaminated with liquid hydrocarbons. c. Sump system water section agitation due to,,,,
MP-61-20070801-1815,2,a. Operators failed to take shake outs before b. Operators did not shut in the P/F or close discharge water had become questionable.,,,,
VK-786-20070807-1930,1,Driller's attention to the operation was interupted when the Assistant driller entered the driller shack to ask a question.,,,,
VK-786-20070807-1930,2,a. Improper communication with the floor hands was well clear of rotary table area. b. Unknown reasoning why the block slacked off stuck between the elevator and the top drive.,,,,
VR-408-20070808-2118,1,"Pipeline pump packing nut backed off of packing, allowing oil to spray some 30 feet. During that process, oil contacted the hot exhaust system of the other pipeline pump causing it to ignite. ""Wrap around"" insulation blankets were being utilized on both of the gas driven pipeline pump engines, instead of a rigid/ sealed type insulation that provides a better form of protection.",,,,
VR-408-20070808-2118,2,"The hatch/ cover on the pipeline pump packing rod box was not secured with nuts and bolts as it was originally designed. This in turn allowed the velocity of the leak to push the hatch/ cover open and spray oil all over equipment and engines. If hatch/ cover would have been properly secured, the leak could have (should have) been contained in the packing box which drains directly to the skid.",,,,
ST-254-20070811-1820,1,"The probable cause of this event was a malfunctioning before and after the release, but failed to bleed off inspection on 13 August 2007.",,,,
ST-254-20070811-1820,2,The only contributing cause of this event was that,,,,
GC-743-20070815-1230,1,The main flow line to shaker house was inadvertantly and spill over the containment.,,,,
GC-743-20070815-1230,2,"closed, causing fluid to back-up The valve on the overboard shunt line was opened three weeks previously and left in the open position from a previous operation. The valve was specified to be closed at the end of that respective operation but had been inadvertantly left open. This provided a path for fluid to flow out of containment to the overboard line.",,,,
WD-29-20070822-1500,1,Gas and air mixture in the crankcase of the # 1 compressor,,,,
WD-29-20070822-1500,2,Source of ignition coming from the backfire of the engine on the # 1 compressor,,,,
WD-29-20070822-1500,3,Engine was shut down for three hours,,,,
WD-29-20070822-1500,4,Leaking packing on the # 1 compressor piston rod allowing gas to enter the crankcase,,,,
WD-29-20070822-1500,5,Possible fuel mixture was to rich causing the # 1 compressor engine to backfire,,,,
WD-29-20070822-1500,6,The backfire passed through the power piston rings into the crankcase. This ignited the gas and air mixture in the # 1 compressor engine crankcase which caused the explosion,,,,
WD-29-20070822-1500,7,The wall and window in the compressor building redirected the hot oil onto the operators.,,,,
WD-29-20070822-1500,8,"Compressor # 1 was shut-in for 3 hours and due to a failed pneumatic relay, the suction SDV was still open and the BDV was still closed. This went undetected until the operator tried to start the compressor back up.",,,,
WD-29-20070822-1500,9,Crankcase access doors were made of cast iron and had a non-flame arrestor type relief area of only 25.25 square inches per panel. This was identified in a Safety Alert (Service News Bulletin 810) provided by Cooper Bessemer (issued in 1988 and then re-issued in September 1995) as a potential hazard.,,,,
SP-57-20070823-1510,1,Inattention to what he was doing.,,,,
SP-57-20070823-1510,2,Boards possibly should not have been there.,,,,
VR-167-20070828-1430,1,"Corroded two inch fill-up line, routed through rig pre-load tank developed a leak and allowed the transfered fluid to migrate from the pre-load tank and out the open ended valve on the pre-load tank.",,,,
VR-167-20070828-1430,2,Lack of diligence with regards to checking all equipment for pollution prevention measures before starting the transfer of diesel based,,,,
VR-167-20070828-1430,3,Lack of preventive maintenance (Corrosion),,,,
VR-167-20070828-1430,4,Pre-load tank dump valve partially open,,,,
EC-109-20070830-1400,1,Sand in vessels caused carryover of condensate,,,,
EC-109-20070830-1400,2,Operation not monitored allowing Condensate to,,,,
VR-167-20070907-0615,1,Cement sheath failure allowing gas to vent to,,,,
VR-167-20070907-0615,2,Possible contamination of the cement slurry the surface. during primary cementing operations.,,,,
VR-167-20070907-0615,3,Possible formation of a channel in the cement sheath caused by gas migration from the shallow gas sand below the drive pipe.,,,,
VR-167-20070907-0615,4,Possible propagation of the channel caused by thermal expansion of the cement sheath due to the high temperature of the circulating drilling fluids.,,,,
VR-167-20070907-0615,5,Possible propagation of the channel caused by mechanical vibration.,,,,
EI-175-20070907-1630,1,Uncontrolled hydrocarbons that were released through the open-ended flowline of Well F-7 came in contact with the welder's cutting torch.,,,,
EI-175-20070907-1630,2,The open-ended flowline for Well F-7 was not properly isolated or blind flanged from the process header and pressure relief vent piping.,,,,
EI-175-20070907-1630,3,The flowline piping from Well F-7 to the process header was not isolated at the header to prevent liquid hydrocarbons and gas from migrating through the header to the open-ended flowline of Well F-7.,,,,
EI-175-20070907-1630,4,One (1) inch manual block valves on the common pressure relief system to the vent scrubber were open for both Well F-9 and F-7.,,,,
EI-175-20070907-1630,5,The leaking manual wing valve on Well F-9 subjected the 1440 psi working pressure flowlines of Well F-9 and F-7 to the 2400 psi shut-in tubing pressure of Well F-9.,,,,
SS-92-20070917-0845,1,"The injured party fell in an open, non-barricaded manway while walking across the deck on a supply boat.",,,,
SS-92-20070917-0845,2,N/A,,,,
GC-949-20070920-1000,1,The riser is designed to have two seals for each connection. There is an o-ring seal and a flat seal. The flat seal was found to be missing when the riser was pulled to surface and inspected.,,,,
GC-949-20070920-1000,2,Inclement weather may have caused movement of the riser such that the one seal in the connection could not prevent the mud from discharging into the water.,,,,
MC-807-20070923-1923,1,Human Error: Placing hand near striking point.,,,,
GI-78-20070926-1925,1,Human Error: Inattention to the job being performed.,,,,
GI-78-20070926-1925,2,Human Error: Lack of communication between mechanic and,,,,
WR-29-20070930-1145,1,The driller proceeded ahead in the job procedure by prematurely disabling the Crown Motion Compensator because he was trying to speed up the process for crew change.,,,,
WR-29-20070930-1145,2,LIST THE CONTRIBUTING CAUSE(S) OF The procedure did not have detailed cautious of and look out for.,,,,
MP-30-20071001-1205,1,Human Error: The pilot should have had the boat under control of the jack up barge.,,,,
MP-30-20071001-1205,2,Human Error: The employee should not have been standing near lifted from the boat.,,,,
MP-30-20071001-1205,3,Workboat not under control. tear of a major tendon in his possibly as early 10-3-07. He is so it would not have hit the leg the load that was about to be,,,,
MP-30-20071001-1205,4,Employee not following safety procedures by wheelhouse.,,,,
SS-209-20071003-1345,1,The probable cause of the incident was a faulty,,,,
SS-209-20071003-1345,2,None.,,,,
MC-683-20071020-2250,1,Trip Hazard: IP was walking backwards and not looking where,,,,
GC-726-20071021-0915,1,The cause of the incident was insufficient riser tension. This allowed for keyseating to occur which led to the rupture of the termination joint.,,,,
GC-726-20071021-0915,2,"The correct tension to be pulled on the riser was not done prior to changing the fluid from seawater to 15 ppg mud within the riser as prescribed by API RP 16Q. In addition to insufficient tension being pulled on the riser, the configuration of the riser was incorrect. Even if the proper tension had been pulled on the riser with the configuration that the rig was utilizing, it still would have been insufficient because the riser was actually heavier than the rig was aware.",,,,
GC-726-20071021-0915,3,Non-Rotating Drill Pipe Protectors (NRDPP) were not being used at the time of the incident. Keyseating is wear caused by the whipping of the drill string against the riser wall while the drill string is rotating.,,,,
MO-916-20071023-0700,1,Human Error: Placing hand near striking point.,,,,
MO-916-20071023-0700,2,Human Error: Inattention to work being performed.,,,,
MC-683-20071023-0320,1,Human Error: Inattention to job being preformed. The floor hand have insured that area was clear before the spider,,,,
MC-711-20071024-1815,1,Worn/defective drill bit or improper drill bit being used for the job.,,,,
MC-711-20071024-1815,2,Equipment was not thoroughly inspected before,,,,
73-20071025-1830,1,Weather Related: Oil and water on the deck of the crane mount due,,,,
73-20071025-1830,2,Slip Hazard: Employee was not aware of slip hazard.,,,,
WD-45-20071030-1400,1,Human Error: IP strained his back by bending at the waist.,,,,
VR-167-20071031-2245,1,"A piece of metal 18""x4""x1"" and weighing 22.4 pounds fell unnoticed through a gap between a 30"" drive pipe and the rotary table and became lodged in the rigs permanent diverter package. When the string of drive pipe was raised approximately 2 feet through the rotary opening the piece of metal was positioned in a manner that allowed it to fall through the opening between to 30"" drive pipe and the diverter package.",,,,
VR-167-20071031-2245,2,The personnel performing the cutting on the drive pipe failed to ensure that the scrap metal from his cutting operation was properly gathered and accounted for.,,,,
VR-167-20071031-2245,3,"Although a ""horse shoe"" type cover was being utilized to seal around the drive pipe, there was still 1/4 of the gap (seven inches wide) exposed to allow material to fall below it.",,,,
VR-167-20071031-2245,4,There was no mention of falling objects in the operation below the rig floor.,,,,
VR-167-20071031-2245,5,There was no mention of loose material falling JSA that was conducted for the into the open gap left between the drive pipe and the rotary in the JSA conducted for the operation on the rig floor.,,,,
VR-167-20071031-2245,6,"Although there was a ""safety watch"" is not clearly defined.",,,,
VR-167-20071031-2245,7,"Inattentiveness or unwillingness of safety hazard. appointed in the work permit process, his role welder to stop work and correct a potential",,,,
VR-167-20071031-2245,8,Ineffectiveness of supervision on the rig floor to maintain a safe and uneventful work environment.,,,,
MC-765-20071102-1445,1,"Weather related when high swells caused by rough weather caused the vessel to roll and the chain to tighten, resulting in the binder to whip",,,,
MC-765-20071102-1445,2,Possible location of the binder bar to the IP.,,,,
SS-266-20071103-2015,1,"The operator's investigation revealed that the winch was mounted off center, creating a side load affect. The torque on the shaft caused abnormal wear. Also, when the winch was taken apart, it was noted that there was a shortage of gear oil in the winch. It was also noted that the input shaft was 7/8"" shorter than the specifications called for. The shaft showed signs of wear.",,,,
SS-266-20071103-2015,2,None,,,,
GB-260-20071104-1615,1,The nylon sling exposure to the extreme heat of 800 degrees from the turbine generators exhaust caused melting of the sling to the point of sling failure.,,,,
GB-260-20071104-1615,2,"The decision by platform personnel involved in the lift to use a nylon sling instead of using wire rope slings. As a result, the slings were place in an area of high temperature which exceeded their design use, causing the slings to fail.",,,,
89-20071106-2000,1,Human Error: Placing hand near striking point.,,,,
MP-73-20071107-0415,1,Trip Hazard: Employee was not aware of trip hazard.,,,,
MC-568-20071113-1000,1,"Investigation Results: Due to a previous electronic malfunction of the starboard crane's main block weight indicator, a temporary repair had been instituted prior to this incident whereby the main block's weight indicator signal was simulated using a spare output from the fast line weight indicator. This repair allowed continued operation of the fast line while the main block was out of service and awaiting permanent repairs. During a subsequent fast line lift, which resulted in the incident, the crane's computer factored both the actual fast line load and the simulated load of the out-of-service main line. This resulted in the computer perceiving the crane as being overloaded and the activation of the Gross Overload Protection (GOP) system. Once the GOP system activated, the crane automatically lowered the load back onto the deck. Operations and Maintenance personnel were not aware of the potential to activate the temporary repairs.",,,,
SP-78-20071115-0530,1,Human Error: Lack of communications between crew member,,,,
SP-78-20071115-0530,2,LIST THE CONTRIBUTING CAUSE(S) OF,,,,
GA-151-20071118-0630,1,"When the left hand torque was applied to the drill pipe, the torque was not transferred down-hole to the desired location. Instead, the torque remained shallow in the hole. Then it unexpectedly backed off at a higher location (at 1922 feet), causing the violent release of energy at the rig floor. Additionally, rig personnel were in position pulling the slips when the release of energy occurred, causing drill pipe, pipe slips, and rig tongs to strike personnel.",,,,
MO-914-20071129-1410,1,Pressure on the pump when performing repairs.,,,,
MO-914-20071129-1410,2,Faulty expansion boot.,,,,
21-20071201-1615,1,Human Error: Galley hand knocked the shower door loose.,,,,
21-20071201-1615,2,Shower door may not have been properly installed.,,,,
GC-652-20071202-1330,1,"Once it was realized that there was corrupted data, the DPO and Captain where quickly acting to try to resolve the problem when the DP system became overloaded with commands given by the DPO. The DP system is able to process a single command about every two seconds. Overloading the DP system with commands will slow down its processing capability and decrease its ability to respond to commands. The DPO was not aware of this command processing time and possibility of overloading the system. The DPO was familiar with operating the DP system under normal conditions, but had never before operated the DP system in an emergency situation. DP simulator training was not offered by Global Santa Fe.",,,,
GC-652-20071202-1330,2,It has been determined that the erroneous data can be transferred during routine preventive maintenance procedures. The DP system did not give an indication that the corrupted data was transferred between consoles. The program logic that gives this alarm was inadvertently omitted when the system was upgraded.,,,,
MC-822-20071204-1230,1,Human Error: Not watching where IP was going.,,,,
GC-953-20071206-1645,1,The IP recognized the hazard but believed he had enough and drill pipe before the PRS would move.,,,,
GC-953-20071206-1645,2,The IP was new to the position and rig floor crew. The understand the IP's role or duties and as operation the team and lost by the 'buddy system'. time to move between the PRS rig floor crew did not progressed he became detached from The IP was in a new position as Trainee Assistant Driller. His activities at the time were self directed and there was an apparent lack of direct supervision. At the time of the event the IP had become preoccupied with correcting the grease gun line and walked into a crush point between the PRS and drill pipe.,,,,
GI-39-20071210-2330,1,Pilot error.,,,,
MP-44-20071211-0540,1,Human Error: Pilot error.,,,,
MP-44-20071211-0540,2,LIST THE CONTRIBUTING CAUSE(S) OF,,,,
WD-27-20071217-0200,1,Pilot error: Pilot did not see platform lights.,,,,
WD-27-20071217-0200,2,Weather: Partly to mostly cloudy,,,,
SP-38-20071229-1550,1,Equipment failure/Human error,,,,
SP-38-20071229-1550,2,Helicopter at a low level and not able to recover,,,,
SS-118-20071230-0844,1,"A union connecting the oil meter for the Test Seperator failed to result in the line to part, allowing gas and condensate to be released into the atmosphere. The escaping gas and condensate contacted the Heater Treater burner and ignited.",,,,
SS-118-20071230-0844,2,"Subsequent investigation revealed the union end that failed showed evidence of insufficient thread contact prior to failure. Preliminary measurements of the meter showed a thread length of 1 1\16"" and the length of thread engagement of the meter at the good end was 9/16"" while at the failed end it was slightly less than 3/16"". This indicates insufficient thread contact. Where the piping came apart, there was only 3 threads of the meter into the union. On a 2"" screwed fitting the make-up should be a minimum of 5/8""(about 6 threads).",,,,
SS-118-20071230-0844,3,"It should be noted that this meter is changed or swapped out every month. Changing the meter monthly in all likelihood caused the threads on the union to become worn out over a period of time. Also, depending on the amount of times the union was removed and reapplied to the meter, and how tight it was reapplied, the throat of the union could have been flared causing the meter to fit improperly. When 1100 psi was applied to the line, the pressure caused the meter to pull from the union and the line to seperate causing the gas to be released into the atmosphere.",,,,
SS-118-20071230-0844,4,The piping at the flanges seemed to be off center which would have put extra stress on the piping.,,,,
SS-118-20071230-0844,5,Investigation revealed a lack of support bracing near the meter.,,,,
ST-23-20240708-1908,1,Human Performance Error – DR1 and FH1 were not paying attention to the task of POOH with drill pipe to check the COM and rack back the stand.,,,,
ST-23-20240708-1908,2,Management system – Inadequate hazard analysis of the traveling block contacting the crown block. Equipment failure - The barrel of the COM was not set properly. This allowed the drill line to move past the COM resulting in the the traveling block striking the crown block.,,,,
ST-23-20240708-1908,3,Communication – Inadequate job instructions were provided for POOH with drill pipe and checking the COM.,,,,
ST-23-20240708-1908,4,Management System – Inadequate fleetwide procedure for specific procedure for checking the (COM).,,,,
6659-20050108-1345,1,A hose connecting the crank case emissions absorber had a pin hole rubbed in it and blew oil over the top of the engine and landing on the intake manifold/Turbocharger and a piece of gasket material. The Turbocharger temperature is between 800 and 900 degrees.,,,,
6659-20050108-1345,2,Oil from the pin hole sprayed onto the hot,,,,
SM-6635-20120908,1,II Should have had more people to pull in load. mechanical means to pull load in to landing area.,,,,
MC-696-20080104-1115,1,Human Error: Wearing loose fitting jacket. Not aware of surroundings.,,,,
EC-220-20080106-0745,1,Boom cable parted,,,,
EC-220-20080106-0745,2,Boom cable worn and rusted,,,,
EC-220-20080106-0745,3,Weight indicator was not reliable,,,,
EC-220-20080106-0745,4,Crane was overloaded,,,,
EC-220-20080106-0745,5,Crane was consistently shock loaded due The job was shut down immediately and the medical evaluation. to eratic movement of the power swivel,,,,
EC-220-20080106-0745,6,Cable had lube on it so could not be inspected,,,,
EC-220-20080106-0745,7,Dampening screw on weight indicator was backed,,,,
EC-220-20080106-0745,8,Lead sheave in the bridle was not rolling free,,,,
EC-220-20080106-0745,9,Crane operator was utilizing static load chart thorougly enough out possibly giving a false reading instead of the dynamic load chart,,,,
EC-220-20080106-0745,10,Proper and complete pre-use was not performed since the crane stayed connected to the load overnight,,,,
EC-220-20080106-0745,11,Auxiliary hoist was being used to secure the arm of the power swivel and this weight was not accounted for,,,,
EC-220-20080106-0745,12,Load chart indicates that the block weight is this weight is deducted for the capacity chart,,,,
47-20080109-0930,1,Weather conditions prevented the pumping of oil,,,,
MC-522-20080111-1921,1,Human Error: Inattention to job being performed.,,,,
EC-286-20080117-0845,1,The injured person opened the 1/4 turn ball valve to begin the bleed-off process. The force generated by the discharging gas/fluid as it exited the bleed-off mainfold caused a portion of the bleed-off manifold assembly to rotate in a counter-clockwise or loosening direction. The rotating assembly struck the right hand of the injured person causing a severe injury.,,,,
EC-286-20080117-0845,2,"A contributing factor was the use of a 1/4 turn ball valve in the bleed-off manifold assembly. The 1/4 turn ball valve, in this case, did not allow adequate control of the discharge volume. The use of a needle valve may have prevented the accident from occurring. A needle would have given the operator much more control of the bleed down process. The use of a bleed-off manifold (1/2in Tee, 1/2in ball valve, 90deg.fitting, gauge) that has the tendency to create a pin-wheel effect when pressure is released also contributed to the accident.",,,,
SM-236-20080118-0500,1,"The probable cause of this incident is that the M/V crew failed to maintain control of the vessel to prevent striking the satellite well.Also,the mate piloting the vessel did not realize that they were located in a multi-jacket, multi-caisson field.",,,,
SM-236-20080118-0500,2,It is undetermined whether or not weather may have been a factor and it is undetermined whether or not the nav-aid lights were operating properly.,,,,
GC-652-20080128-1300,1,Incorrect valve position on the piping used to fill from the mud mix line into the cement unit's piping,,,,
GC-652-20080128-1300,2,The valve that allowed mud to enter was left in the the casing allowed mud to enter that was being flushed. open position from a previous job. The valve was not put back into its previous closed position.,,,,
VR-287-20080202-1545,1,A cleaning crew inadvertently bumped one of the heater treater's drain valves open allowing approximately one bbl of oil to drain to the overboard line and into the GOM.,,,,
VR-287-20080202-1545,2,"A contibuting cause of the spill was that a water polishing unit had been recently taken out of service. The original design / installation had the heater treater manual drain line connected upstream of the water polishing unit so that fluids would be properly treated when draining the bottoms from the heater treater. After, the water polishing unit was taken out of service, the heater treater manual drain line was piped directly to the skimmer's overboard line.",,,,
SP-49-20080205-1920,1,Human Error: Not working in a safe manner.,,,,
SS-209-20080209-1515,1,The resistive thermal detector thermo-weld was not installed properly. Visual observation of the detector indicated that approximately 1/4 inch of threads were screwed into the thread-o-let.,,,,
SS-209-20080209-1515,2,The two-inch third stage high pressure discharge piping was not adequately supported causing additional vibration. Chevron's investigation team was able to shake the piping easily by hand.,,,,
GI-32-20080213-2000,1,Equipment Failure.,,,,
ST-168-20080220-0915,1,"Probable cause was the crane arm traveling too far due to a possible broken secondary travel limit switch (STLS), the primary travel limit switch (PTLS) being intentionally bypassed and unintentionally moving due to a control panel malfunction. After the incident, technicians from the crane manufacturer, Le Tourneau Technologies Inc. (LTI), were dispatched to survey the crane damage and inspect limit/control devices. During inspection of the port bow crane, LTI technicians found the primary causes to be the following: The PTLS was in the bypass position. Interviews conducted immediately following the incident indicated that the primary limit switch was placed in bypass to provide access to the leg mounted raw water well on the bowleg, so installation of the water well was completed prior to beginning the installation of the boat tie-up ropes on the bowleg, but the primary limit switch was never reset. If the PTLS was operational, the PTLS would have stopped the electric motor and set the hoist brake.",,,,
ST-168-20080220-0915,2,"Probable cause was the crane arm traveling too far due to a possible broken secondary travel limit switch (STLS), the primary travel limit switch (PTLS) being intentionally bypassed and unintentionally moving due to a control panel malfunction. After the incident, technicians from the crane manufacturer, Le Tourneau Technologies Inc. (LTI), were dispatched to survey the crane damage and inspect limit/control devices. During inspection of the port bow crane, LTI technicians found the primary causes to be the following: The STLS also failed to activate, and the failure of the backup limit switch was not able to be determined, but the LTI technicians found the boom hoist breaker tripped, and that the breaker was possibly tripped by falling debris during the collapse. If the STLS was operational, the STLS would have tripped the hoist motor circuit breaker located in the main machinery house.",,,,
ST-168-20080220-0915,3,"Probable cause was the crane arm traveling too far due to a possible broken secondary travel limit switch (STLS), the primary travel limit switch (PTLS) being intentionally bypassed and unintentionally moving due to a control panel malfunction. After the incident, technicians from the crane manufacturer, Le Tourneau Technologies Inc. (LTI), were dispatched to survey the crane damage and inspect limit/control devices. During inspection of the port bow crane, LTI technicians found the primary causes to be the following: The inspection of the remote control panel used during the incident revealed that the boom joystick potentiometer (POT) wiper voltage was out of tolerance. Interviews indicated the original remote control panel had been damaged, and a new control box had been fabricated on the rig, and components from the damaged control box were transferred to the newly fabricated box. The newly fabricated box was not constructed to the same standard for protecting internal components from exposure to the elements as the original design. Based on crew interviews, the POT wiper voltage range was not calibrated to the neutral position prior to being placed into service. With the POT out of adjustment and the control lever being in the neutral position, the control system sensed a requirement to rotate at low speed. If the crane operator had followed Rowan's operational procedures, he would have shutdown the control panel when it was left unattended.",,,,
ST-168-20080220-0915,4,"The extent of operator error, maintenance deficiencies and equipment design flaws may have contributed to the boom arm encountering the travel stop, the winch pulling on the head assembly and causing the bail assembly to collapse to the deck. The possible contributing causes are as follows: The first of two limit switches was in bypassed and the second limit switch failed to perform its design function.",,,,
ST-168-20080220-0915,5,"The extent of operator error, maintenance deficiencies and equipment design flaws may have contributed to the boom arm encountering the travel stop, the winch pulling on the head assembly and causing the bail assembly to collapse to the deck. The possible contributing causes are as follows: The boom joystick control potentiometer was replaced but not calibrated.",,,,
ST-168-20080220-0915,6,"The extent of operator error, maintenance deficiencies and equipment design flaws may have contributed to the boom arm encountering the travel stop, the winch pulling on the head assembly and causing the bail assembly to collapse to the deck. The possible contributing causes are as follows: Investigation suggests that the crane operator did not check required items prior to crane operations.",,,,
ST-168-20080220-0915,7,"The extent of operator error, maintenance deficiencies and equipment design flaws may have contributed to the boom arm encountering the travel stop, the winch pulling on the head assembly and causing the bail assembly to collapse to the deck. The possible contributing causes are as follows: Training program requires testing of controls and limit switches prior to operations, but crane operator denies knowledge of the limit switch being in bypass.",,,,
ST-168-20080220-0915,8,"The extent of operator error, maintenance deficiencies and equipment design flaws may have contributed to the boom arm encountering the travel stop, the winch pulling on the head assembly and causing the bail assembly to collapse to the deck. The possible contributing causes are as follows: Failure to turnoff function switches left unattended.",,,,
MC-522-20080221-1210,1,Material (Expanded Sheet Metal) was set on sawhorses restricting an existing pathway creating a hazardous condition.,,,,
MC-522-20080221-1210,2,Material (Expanded Sheet Metal) sharp edges,,,,
GB-667-20080226-1900,1,"The gooseneck connection retaining pin was missing, gooseneck to the slip joint to disengage.",,,,
GB-667-20080226-1900,2,"allowing the main pin securing the The gooseneck connection retaining pin was either left out or broken off, allowing the main pin to work out of the saddle due to heavy seas striking the bottom of the hose. It is unknown as to why the gooseneck connection retaining pin was missing.",,,,
EI-43-20080301-0310,1,Failure by the M/V crew to monitor the onboard radar/navigational system while passing by the single well caisson during the night time hours. Due to the length of the tow the crew misjudged the barges distance from the caisson well.,,,,
EI-43-20080301-0310,2,It is undetermined whether or not weather or night time conditions may have been a factor or if the aids to navigation for thr caisson well were operating properly.,,,,
MC-727-20080306-1130,1,"Human Error: Equipment on deck of the boat was not secured properly. Injured Person was not in a safe place where he could move out of the way if equipment shifted. Equipment on boats, that is capable of movement should always be secured. Personnel should be aware of all hazards present and situations where an incident could occur. These should have been addressed in work.",,,,
MC-727-20080306-1130,2,LIST THE CONTRIBUTING CAUSE(S) OF High seas,,,,
SM-107-20080308-0815,1,"A loss of hydraulic system pressure due to mechanical failure of a relief valve on the main hoist, caused the undesired sequence of events. A drastic change in chemical composition and/or temperature of the hydraulic fluid caused the relief valve to crack and malfunction on the main hoist.",,,,
SM-107-20080308-0815,2,"Corrosion on the internals of the hydraulic relief valve failed, causing a loss of hydraulic pressure allowing the load attached to the",,,,
GC-65-20080312-0750,1,"The probable cause of the incident was damage and/or wear and tear of the heat trace element. This damage led to a short circuit, arcing and overheating of the insulation material. Eventually, an incipient fire occurred on the heat trace wrapped around a nozzle coming from the separator. The failed heat trace element was sent in to the provider for analysis which confirmed the above statement.",,,,
GC-65-20080312-0750,2,"The breaker did not trip and cut off power supply to the heat trace element because the current being drawn by the fault was too low to be cleared by the circuit breaker. In order for the breaker to trip, a continuous 15 amp current is required. The current was not high enough because it was an arcing fault with high impedence instead of a solid fault of low impedence. The heat trace continued to arc after the initial failure which caused a flame to return multiple times after extinguishing. The power source could not be found immediately because there was no local disconnect switch that would terminate the power.",,,,
EI-261-20050225-1043-374b5518,1,Liquid hydrocarbons that were discharged from the flare boom came in contact with the hot surfaces of the exhaust systems of the gas compressor and/or generator resulting in ignition..,,,,
EI-261-20050225-1043-374b5518,2,"The test separator was being operated as a ""0"" pressure vessel with the pressure safety high and low (PSH/L) sensors and level safety high (LSH) in a bypassed mode to enhance the flow back of completion fluids from the loaded up Well A-13. The test separator PSH/L sensors and LSH were being monitored at the master panel by Grasso Production Management (GPM) B operator Jarrid Armentor. The failure to hold sufficient back pressure on the test separator to dump liquids to the low pressure (LP) separator resulted in additional fluid and gas carry over to the vent scrubber when Well A-13 kicked hard. Prevailing winds carried the liquid hydrocarbons from the tip of the flare boom back onto the platform top deck and onto the generator and compressor. Platform operators failed to accurately determine the source of the initial leak on the IP header weld-a-let. Failure to accurately determine and properly correct the weld-a-let leak generated a second more intense leak in the IP header weld-a-let. The second leak in the IP header weld-a-let further contributed to the carry over of the vent scrubber due to the THEC consultant opening the IP header to the vent scrubber in an attempt to relieve the pressure on the leaking weld-a-let.",,,,
EC-346-20080320-1100,1,Personnel not wearing fall protection while inside of barricade protecting open hole.,,,,
EC-346-20080320-1100,2,"There was no ""hole watch"" designated",,,,
EC-346-20080320-1100,3,Operator has no documented policy or for open hole activities. procedure for open hole work.,,,,
EC-346-20080320-1100,4,LIST THE CONTRIBUTING CAUSE(S) OF,,,,
EC-346-20080320-1100,5,The safety meeting that was held of fall protection or hole watch.,,,,
EC-346-20080320-1100,6,The JSA that was performed prior,,,,
EC-346-20080320-1100,7,ACCIDENT: with regards to the task at hand made no mention to the task at hand made mention of hole watch vaguely and did not cover fall protection. JSA is generic in nature and actually refers back to hot work permit for isolation of procedure.,,,,
143-20080321-1105,1,External corrision on MEG system and internal Failure to shut-in and bleed down equipment.,,,,
143-20080321-1105,2,corrision on galvanized nipple. The nipple that failed was galvanized steel not carbon. High amounts of caustic probably contributed to the corrision of the nipple. Galvanized steel is more prone to corrision.,,,,
GC-158-20080326-0520,1,"The winch teardown inspection showed that the clutch normal wear. No component had evidence of ""failure"".",,,,
GC-158-20080326-0520,2,"was worn; the wear is considered The problem is unique for Braden-type planitary hoists, of which Shell has about 90% in their crane fleet. A brake test applies much more stress than the hoist brakes or cam clutch see in normal duty even at maximum line pulls. The cam clutch is the piece that takes the brunt of the shock loading and quite often cracks but actually still operates to a degree. Normally, it will fail a brake test but hold a load quite well. Upon a failed brake test, the hoist would be exchanged. In this incident, the hoist appeared to slip, but then upon 50+ brake tests could not be repeated.",,,,
VK-900-20080327-1400,1,Human Error: IP was inattentive to what he was doing. IP used poor judgment in kicking the workstation,,,,
PL-23-20080403-1630,1,"At the time of the collision at least one of the legs was in contact with the Gulf floor, thereby reducing maneuverability. The probable cause of this accident is simple pilot error. The chance for an occasional contact between a platform and a rig is always present in moving these large vessels",,,,
EI-63-20080405-0725,1,The MT failed to recognize that he was performing maintenance on a pressurized section of the meter and also failed to verify that the meter was properly isolated and bled down before starting his work activties. There the platform personnel and the MT in regard to down.,,,,
EI-63-20080405-0725,2,N/A,,,,
GB-876-20080408-1000,1,Debris and sediment lodged in the sample catch valve did not allow glycol to be safely removed for sampling. The PO elected to remove the two inch flange where the sample catch valve was located in order to,,,,
GB-876-20080408-1000,2,LIST THE CONTRIBUTING CAUSE(S) OF The PO's failure to follow Anadarko procedures and not using the proper this type of maintenance.,,,,
WD-94-20080412-1230,1,Employee was climbing on a piece of equipment,,,,
VR-318-20080413-0730,1,The CCF attempted to transfer from the M/V Miss Debbie to the boat landing on VR 318A platform without the assistance of a swing rope.,,,,
VR-318-20080413-0730,2,Testimony displayed in the operator's data revealed that the CCF's sense of urgency to complete the job in order to meet a personal deadline caused the CCF to demonstrate poor judgment and attempt the transfer without a swing rope.,,,,
VR-318-20080413-0730,3,The failure to utilize Stop Work Authority (SWA) by all parties enabled the CCF to jeopardize his safety by attempting the unsafe transfer.,,,,
VR-318-20080413-0730,4,"The autopsy report revealed that the CCF had two different prescription pain medications in his system at the time of the incident, but since blood levels were not identified, it can only be assumed that this could have been a possible contributing cause.",,,,
SS-269-20080415-1500,1,High natural gas accumulation in the work area due the engine.,,,,
SS-269-20080415-1500,2,The engine starter exhaust was not piped to a safe to repeated attempts to start location.,,,,
SS-269-20080415-1500,3,The engine inspection plates were removed while attempting to start the engine.,,,,
SS-269-20080415-1500,4,The crane engine exhaust valves may have provided for the flash fire.,,,,
SS-269-20080415-1500,5,"the heat as the ignition source There was no JSA performed with all individuals involved identifying any possible risks or hazards associated with the repair operations on the crane engine. An operable gas detector was not on location and in use during the operations on the crane engine. As the mechanic was making several attempts to start the engine, he could smell a ""strong scent"" of natural gas in the area but continued with the operations anyway.",,,,
GI-47-20080418-0255,1,Human Error: Inattention to job being performed.,,,,
MP-175-20080422-1430,1,"Human Error: (a) A main fuel line union, located inside the burner behind the eclipse burner tip, was not properly tightened. This allowed the gas to escape and ignite, thus creating excessive heat inside the fire chamber. (b) Internal heat from the fire tube burned the low-temperature paint on the outside of the Glycol Reboiler that ignited",,,,
MP-175-20080422-1430,2,LIST THE CONTRIBUTING CAUSE(S) OF,,,,
WD-109-20080425-0300,1,Humam Error: The pilot inattention to steering the boat.,,,,
WR-678-20080427-0800,1,A non-Original Equipment Manufacturer (OEM) O-ring was found to be installed in a flange on the fuel line. This prevented a metal-to-metal contact. Heat and vibration allowed two of the four bolts to back-out of the flange and the two remaining bolts sheared off. This allowed fuel to be released on the hot engine surface and subsequently ignite.,,,,
WR-678-20080427-0800,2,"Insufficient training of the person(s) who installed the O-ring. The O-ring did not match the part numbers specified in the technical bulletin for the engine. Also, insufficient training of the person(s) who perform periodic maintenance for verifiying the proper torque on the flange bolts. It is unknown if this occurred during fabrication, installation, or subsequent maintenance.",,,,
GC-158-20080427-0300,1,"There were two main causes of the incident. First, on the loadline throughout the lifting operations. falling debris. insufficient slack was maintained Second, the anti two-block failed allowing the block to hit the sheaves.",,,,
GC-158-20080427-0300,2,A contributing cause of this incident was poor operations.,,,,
MC-775-20080501-0800,1,Uncovered hole in deck.,,,,
MC-775-20080501-0800,2,Not paying attention to possible hazards in the,,,,
EI-342-20080506-2230,1,The probable cause of the incident is Mariner zone.,,,,
EI-342-20080506-2230,2,"drilling into an unknown shallow gas Drilled the 13-3/8 inch surface casing hole section with a 17-1/2 inch bit and a mud weight of 9.1 ppg gel mud, allowed too large a gas influx into the well bore while imposing additional hydrostatic pressure on the 18-5/8 inch conductor shoe.",,,,
WD-96-20080507-0705,1,Human Error,,,,
GI-39-20080507-1830,1,Human Error,,,,
GI-39-20080507-1830,2,"Failure to follow safe practices: Always make sure to check for possible trapped pressure from behind any device that is to be opened. Also, as a secondary measure, always point any device that could be released from trapped pressure in a safe direction away from personnel and deflecting equipment.",,,,
GI-39-20080507-1830,3,LIST THE CONTRIBUTING CAUSE(S) OF,,,,
243-20080507-0800,1,Equipment Failure: Loss of Dynamic Positioning System Power,,,,
WD-40-20080511-2250,1,Human Error: Inattention to job being performed.,,,,
MC-778-20080522-0415,1,Human Error: Lack of communication between the drill floor,,,,
GB-128-20080522-1535,1,"A corrosion pit on the bottom of the acorn nut (part of the 3rd stage compressor cylinder head) provided an initiation point for pitting and a fatigue crack. This crack, over a period of approximately 85 minutes, spread far enough to cause the failure and ejection of the acorn nut. This pitting and eventual crack was believed, due to the presence of chlorides found in the pitting/crack, to be caused by salt water entrained in the ambient air or in the process gas stream.",,,,
GB-128-20080522-1535,2,"Corrosion inside the cylinder head was noted during an overhaul in February 2008. The interior of the acorn nut was machined away to remove the corrosion, and a layer of chrome was applied to the machined surface. The post-incident examination revealed that all the corrosion was not removed from the acorn nut bore. Had this repair procedure been properly executed, the incident may have been averted.",,,,
VK-900-20080523-0200,1,Human Error: The high pressure water pump utilized for well operations was connected to the quarter's fresh water supply system,,,,
MC-773-20080524-1400,1,Human Error and Equipment Failure No visible pad eyes for proper lifting. Improper use of web sling instead of steel,,,,
MC-773-20080524-1400,2,LIST THE CONTRIBUTING CAUSE(S) OF,,,,
MP-310-20080526-1045,1,Human Error: Inattention to job being performed.,,,,
MC-948-20080526-1730,1,"Initial root cause findings from the investigation team are as follows: On the morning of May 26, 2008, a section of pipe (salt water service pump discharge T) was removed from the pump room's starboard forward column for maintenance.",,,,
MC-948-20080526-1730,2,Removal of the piping was done without following Transocean's HSE management system procedures.,,,,
MC-948-20080526-1730,3,Removal of the piping was not reported to the bridge's marine department.,,,,
MC-948-20080526-1730,4,"At approximately 1715 hours, the bridge, performing ballasting operations, remotely opened a ballast overboard valve to transfer ballast. Opening this valve exposed sea water to the open piping and initiated flooding as follows: a) Complete flooding of the column pump room; b) Partial flooding of the two thruster compartments no water reaching the thruster motors; c) Partial flooding of the column elevator trunk.",,,,
VR-380-20080526-1815,1,"Failure to maintain visual contact with the hook as the hoist chain was being lowered to the mat deck below the rig floor, allowed the hook and hoist chain to become a fall hazard when it became lodged on a component below the rig floor.",,,,
VR-380-20080526-1815,2,"Due to the location of the air hoist controls, the hoist operator had to rely on hand signals and/or verbal instruction from the designated ""flagger"".",,,,
VR-380-20080526-1815,3,"The hoist operator and designated ""flagger"" did not maintain communication while the hook and hoist chain were being lowered through the rotary.",,,,
VR-380-20080526-1815,4,"The hoist operator lowered the hoist chain without instruction from the designated ""flagger"".",,,,
VR-380-20080526-1815,5,"The designated ""flagger"" did not maintain chain during the lowering operation.",,,,
EI-327-20080530-1400,1,"Due to a hydraulic valve internal leak, insufficient hydraulic fluid pressure resulted in the boom winch not being properly engaged.",,,,
EI-327-20080530-1400,2,The boom was not secured to a boom rest or any process.,,,,
GI-41-20080605-1015,1,Human Error: The operator conducted a personnel basket crew change in unfavorable weather conditions. Both the sea state and winds were operation.,,,,
MC-809-20080606-1000,1,Human Error: Failure to don proper PPE required for the operation. the IP did not use them.,,,,
EI-56-20080610-2245,1,"Lessee failed to properly barricade an access hatch way on the top deck of the ""G"" platform while preparing the platform for removal. Slings that were to be used to lift the platform were attached to the structural pad eyes in preparation of lifting the platform. Also, lighting was at a minimal since the only lights were the ones installed on the crane boom of the derrick barge. The crane had to be repositioned and while doing so the lights were directed away from the platform.",,,,
EI-56-20080610-2245,2,LIST THE CONTRIBUTING CAUSE(S) OF Failure to properly communicate the lifting and transferring personnel.,,,,
AC-815-20080614-2122,1,"Probably combinations of events lead to the accidental release of the BOPs, however it is felt that the root cause was from a Leaking Pilot-Operator Check Valve (POCV) in the LMRP locking circuit, and a parted wire associated with the multi-pin connector for the lock mechanism on the riser connector.",,,,
AC-815-20080614-2122,2,"Contributing cause could have been that a Sub Plate Mounted (SPM) valve supplying hydraulic pressure to the LOCK side leaked, allowing the lock pressure to leak over to the UNLOCK side. Other possible contributing causes are the corrosion observed on two of the four multi-pin electrical connectors in the LMRM or the contaminated dielectric fluid that was discovered on the backside of the multi-pin connector. It is also possible that a combination of the above items may have contributed to the accidental release.combinations of the above items may have contributed to the accidental release.",,,,
GC-653-20080616-0716,1,"The drawworks has six motors to operate the top drive, but two of the motors were found not operating properly. As a result, the drawworks were not capable of operating at its full power capacity. The problem found with the two motors was within the motor shaft and pinion connection. The slip alarm, used for detecting if the TBA is slipping while traveling at a given speed, was set with an excessive delay of 10 seconds. The slip alarm is used for detecting if the block assembly is slipping while traveling at a given speed. The slippage sensing is observed on the pinion connection within the motors and allows the motors to share the load equally. This escessive delay did not give an early enough alarm that the TBA was slipping while descending and did not distribute the load equally among the motors. The total descent time was approximately 27 seconds. The emergency brake calipers were not designed for dynamic braking at the speed they were activated and were not able to stop the descent. It was also found that there was an excessive delay between the activiation from brake one to brake two of 6 seconds.",,,,
GC-653-20080616-0716,2,"The software logic for the drawworks did not allow for the emergency brake activation when the actual TBA speed was different from the speed the software sensed. This is due to the delay in the slip alarm. If the motor braking cannot hold the load, then the software logic did not allow the engaging of the emergency brake. It was also found that the amp output for the drawworks motors was only 906 amps, even though the motors are rated for 1120 amps. This lower amperage did not allow for full motor braking potential to be reached.",,,,
WC-202-20080624-0800,1,"Soot and or other contaminates were allowed to build up on certain electrical components of the Hercules 253 Jackup rig's SCR panel. This buildup of contaminates allowed an electrical arc to occur, causing severe damage and fire in the SCR room.",,,,
WC-202-20080624-0800,2,"A contributing cause to the incident is the lack of a proper inspection and maintenance program for electrical components in the SCR Room. According to Hercules personnel, a maintenance program that includes the inspection and cleaning of the main busbars on a yearly basis would have prevented the incident.",,,,
WC-102-20080710-1015,1,Hot slag from the metal being cut burned through and ignited the process fuel gas.,,,,
WC-102-20080710-1015,2,the synthetic tubing (poly-flow),,,,
WC-102-20080710-1015,3,No production personnel on the platform at the time of the incident,,,,
WC-102-20080710-1015,4,Construction crew not familiar with equipment in the area they were working.,,,,
WC-102-20080710-1015,5,"Flammable material containing process fuel gas for the wash-down pump was not blocked off, bled down and removed from the area before hot work began.",,,,
WC-102-20080710-1015,6,"Construction crew was working in an area not permitted on the ""hot work permit"". The hot work permit was issued for hot work that would be conducted on the jacket walkway/boat landing level only (plus 10 level), not on the top deck where the incident occurred.",,,,
WC-102-20080710-1015,7,The welder/fitter removed his PPE (gloves),,,,
ST-68-20080713-1530,1,"The exhaust pipe has a small trap at its end to catch oil and unburned fuel that drains to a catch basin. When the engine is running at low speeds, carbon/oil/fuel mixture will build up in the exhaust. When the engine was made to run at a higher speed, heat from the exhaust caused the mixture build up to ignite.",,,,
ST-68-20080713-1530,2,"There is an extended vertical section on the exhaust before it makes a horizontal turn, which then goes to the trap for the pipe. There is not enough flow in the veritical section of the exhaust to push the mixture to the trap when the engine is being run at low speeds.",,,,
EI-57-20080713-2250,1,"Due to the hand tight/loose chicksan connection, the suspended drill pipe was able to back out of its connection and fall on the drilling employee during the jetting/washing operation.",,,,
EI-57-20080713-2250,2,The Hercules Offshore personnel failed to follow guidelines within their HSE company policy manual in regards to conducting a Job Safety Analysis (JSA).,,,,
SS-204-20080719-1248,1,"The 26"" drive pipe casing patch became weakened from the cyclic loading of the CT injector, BOP stack, and the coil. The weight of the system was overrated for the patch job and the patch failed. In addition, after washing thru the perforations @ 12,302'-12,334' MD with C/T, the well kicked letting a gas influx into the 2.875"" TBG, which traveled to surface where holes in the tubing developed from corrosion, which in turn exposed the",,,,
SS-204-20080719-1248,2,"The 26"" drive pipe had not been repaired correctly.",,,,
SS-238-20080727-0045,1,"Different theories as to the cause of the fire were considered by the W & T Offshore, Inc. investigation team, but all were eliminated by the team with the exception of lightning. According to the Lessee, a great deal of lightning was observed in the area prior to and after the fire. A typical bolt of lightning can result in heat of up to 50,000 degrees Fahrenheit. The strike can carry a current from 10,000 - 24,000 Amps, but can exceed 200,000 Amps at 15,000,000 million to 100 million Volts. MMS Inspectors revisited the platform on September 25, 2008, to determine whether lightning had struck the platform's adjacent crane. The highest objects in the area were the buildings and crane, with the buildings located within 10 feet from the crane. The crane's Gantry is considerably higher than the buildings, and since lightning usually strikes the highest object in the area, no strike to the crane would most likely rule out a lightning strike as a probable cause. MMS Inspectors did not observe any indications that lightning had struck the fire is unknown.",,,,
SS-238-20080727-0045,2,Contributing/possible contributing causes of this,,,,
HI-20080730-1515,1,Allowing the flare scrubber to fill with fluid generator's hot piping.,,,,
HI-20080730-1515,2,Malfunctioning of the Low Production Separator carry over into the water outlet of the vessel,,,,
EI-196-20080731-1645,1,"Based on photos gathered during the investigation, a burnt cigarette butt was found in a classified and non-smoking area of the burnt building subsequent to the fire. Although there was no way to trace cigarette smoking to the actual cause, a probable cause is identified based on the fact that someone could have been smoking in the non­ smoking area prior to the fire.",,,,
EI-196-20080731-1645,2,Photo evidence indicates that several one gallon metal containers of possible liquid substances was stored inside the abandoned living quarters.,,,,
SM-212-20080804-0130,1,"Probable Causes of the Accident are listed below: The ND was focused on his instrumentation and missed the 2nd tool joint as it came through the rotary. The ND assumed that the 3rd tool joint through the rotary was the 2nd, but then glanced at the drum realize that it was the 3rd tool joint.",,,,
SM-212-20080804-0130,2,"Probable Causes of the Accident are listed below: Due to the speed of the TBA, the COM was unable to prevent the TBA from striking the crown sills. The COM did activate, however, due to the speed of the TBA the momentum was sufficient to allow the TBA to hit the Crown Block.",,,,
SM-212-20080804-0130,3,Probable Causes of the Accident are listed below: Lack of communication between Chevron and Parker personnel led to the ND not following the standard Parker 76-B rig operating procedure of not POOH in high/high gear.,,,,
SM-212-20080804-0130,4,Possible Contributing Causes of the Accident are listed below: There was a sense of urgency by all parties to POOH and trip back in the hole due to an approaching tropical storm.,,,,
SM-212-20080804-0130,5,"Possible Contributing Causes of the Accident are listed below: Although the ND had 7 years drilling experience, 3 months of that with Parker Drilling, he had never POOH in high/high gear on the Parker 76-B rig.",,,,
SM-212-20080804-0130,6,"Possible Contributing Causes of the Accident are listed below: A pre-job safety meeting was conducted prior to POOH. A decision was made to ping the 3rd joint as it came through the rotary (the pinging procedure is conducted by the floor hands as they are counting each tool joint as it passes through the rotary table). This would have alerted the driller when the 3rd tool joint passed the rotary. No one person, however, was designated to ping the pipe. There was a lack of communication between the ND and floor hands on the importance of designating one floor hand to perform the pinging operation.",,,,
HI-20080804-1400,1,"The generator's fuel line developed a leak to become the fuel source of the fire.Although undetermined, the ignition source of generator because of its proximity to the fire.",,,,
HI-20080804-1400,2,A loose connection or pinhole in the fuel line was the fuel line leak.,,,,
VR-267-20080815-1200,1,"Failure to comply with regulatory requirement at 30 CFR 250.618(c), resulted in the W/L lubricator not being tested prior to RIH to pull the DX plug.",,,,
VR-267-20080815-1200,2,"Failure to follow the approved procedures in the APM for testing the lubricator, failure to begin each day/tower with a Job Safety Analysis (JSA), and failure to review previous well bore activity by use of W/L tickets available in well records.",,,,
VR-267-20080815-1200,3,Failure to follow SOP for pulling down hole plug out of wellbore. The decision was made to pull the DX plug without first equalizing the plug.,,,,
VR-267-20080815-1200,4,Improper W/L tool used for pulling modified DX plug out of wellbore.,,,,
VR-267-20080815-1200,5,No written JSA for the task at hand.,,,,
VR-267-20080815-1200,6,Management of Change (MOC) procedures were not implemented when the operation deviated from the original plan.,,,,
VR-267-20080815-1200,7,"Failure to exercise Stop work Authority (SWA) procedures allowed critical warning signs leading up to the accident to be overlooked. Requests from the WLO to the TPWIC were denied for a W/L Helper to assist the W/L Operator, in addition to acquiring a pump to test the W/L lubricator and pressure the production tubing above the DX plug prior to attempting to pull the plug.",,,,
EI-259-20080822-0926,1,"Boom cable fatigue and unnecessary stress resulted of the boom cable, thereby resulting in boom cable in reduced strength and integrity failure.",,,,
EI-259-20080822-0926,2,Sudden movement of controls during the lifting unnecessary stress to the boom cable.,,,,
SP-60-20080906-0400,1,Leak: Starter gas vent exhaust line separated.,,,,
SP-60-20080906-0400,2,Human Error: Wiring was exposed in the generator housing prior to,,,,
SP-60-20080906-0400,3,Human Error: The gas detector shut down function was by-passed.,,,,
SP-60-20080906-0400,4,Human Error: The ventilation fan was inoperable at the time of,,,,
WR-678-20080920-0100,1,"During the displacement procedure, the choke line and UVBR are opened to displace the BOP stack by taking returns up the choke line. The stack was shut-in around the EDPHOT with the Upper Blind Shear Rams (UBSR), LBSR, UVBR, Middle Variable Bore Rams (MVBR) and all the failsafe valves closed. After displacing the kill line through the annular bleed valve and the riser through the drill pipe, the choke line had to be displaced. The UVBR was opened with the Upper Inner Kill Valve (UIKV) and the Upper Inner Choke Valve (UICV) still closed. To displace the choke line, SBM was pumped down the kill line and across the stack to take returns up the choke line. When the UVBR were opened with the UIKV and UICV closed, a pressure drop was induced in the BOP. The pressure drop was induced by decreasing the volume in a closed system as a result of the ram being taken out of the system when the UVBR were opened. The seals on the bonnet doors for the LBSR were rated for a -660 psi negative differential. To collapse these seals, the pressure inside of the BOP would have to go 660 psi below the seawater hydrostatic pressure. With a water depth of 7,005 feet, the seawater hydrostatic pressure is equal to 3,133 psi. The pressure drop in the BOP from opening the UVBR was equal to approximately 6,900 psi. This results in a final pressure of approximately -3,767 psi. The pressure would only drop until the seal collapsed at 2,473 psi (660 psi below seawater hydrostatic) and then water would invade the BOP and equalize the pressure. Once the seals failed, the bonnet door and BOP body washed out creating a leak path to the inside of the BOP.",,,,
WR-678-20080920-0100,2,The Upper Outer Kill Valve (UOKV) and UIKV were opened and then the UIKV was closed immediately after opening but before the UVBR was opened. This created a closed system and allowed for the unequalization to occur. The standard operating practice to balance the pressure on both sides of a valve before opening was not conducted.,,,,
MC-941-20080927-2130,1,"Leak: The #3 mud pit dump valve did not fully close, possible due to the accumulation of solids preventing it from seating.",,,,
MC-941-20080927-2130,2,Equipment Failure: The master dump valve's manual operator/position indicator was incorrect for this valve and did not allow the full opening and closing of the valve.,,,,
MC-941-20080927-2130,3,LIST THE CONTRIBUTING CAUSE(S) OF,,,,
WC-661-20081002-1350,1,"The air hoist (tugger), not welded to the platform deck, shifted under load crushing the Tugger Operator's hand between the tugger and a 2"" pipe on the glymine unit skid.",,,,
WC-661-20081002-1350,2,Failure to follow Standard Operating Procedures (SOP) for tugger opreations when the decision was made to utilize the tugger without being secured (welded) to the deck.,,,,
WC-661-20081002-1350,3,Failure to perform an initial JSA for the task at hand allowed critical safety hazards to be overlooked.,,,,
EW-871-20081013-1620,1,The replacement valve was a new design type and was not installed correctly. The circuit flow for the hydraulic fluid was opposite from the original designed boom kick out valve. The boom kick out valve was installed per the original crane drawings which proved to be backwards. Hydraulic fluid was trapped in the valve causing the boom controls to lock-up (i.e. pressure could not be released). This hydraulic lock effect also rendered the cranes hydraulic shut down ineffective.,,,,
EW-871-20081013-1620,2,The Original Equipment Manufacturer (OEM) provided the drawings or documentation to show the circuit flow had valve.,,,,
ST-35-20081015-1400,1,The boom did not fully come in contact with the valve.,,,,
ST-35-20081015-1400,2,"hydraulic boom high angle kick out The model of crane involved was manufactured with a boom heel pin bore that was machined into the body of the upper revolving structure. With the boom secured to the upper revolving structure, the heel pin design allows about 1 3/4"" of side to side boom movement. When the boom is raised to a preset position it contacts the high angle kick out valve (Note- this valve is supplied with a spring type plunger assembly). In normal operation, when the boom contacts the kick out valve, they observed that it only matched up to about 1/3"" of the surface of the spring plunger. When they re-created the lift that the operator stated he was making, when the boom was bent, the boom shifted all the way to one side of the heel pin (i.e. the boom moved the total amount of allowable travel 1 ¾"" toward the crane operator). The shift of position of the boom allowed the boom to completely miss the surface of the spring plunger of the high angle boom kick out valve.",,,,
SM-130-20081023-1730,1,"Pipeline system pressure slowly leaked through two closed main 8"" manual isolation block valves located on the vertical run of the pig launcher. This allowed pressure to build up inside the launching/receiving trap behind the pig once it was placed in the launcher. The pig, being new, allowed for a complete seal with no blow-by. After initially bleeding down the pig launcher system, the LO failed to ensure the pig launcher remained depressurized while being isolated from all pressure sources.",,,,
SM-130-20081023-1730,2,"Although a Job Safety Analysis (JSA) was conducted prior to the operation, the LO failed to follow the JSA guidelines secondary to the LO's upper body and right arm being exposed to pig loading operation. This bodily exposure violated the JSA recommended procedure, as well as the ERT pig launching procedure, of not standing in front of the launcher/receiver during pigging operations.",,,,
VR-245-20081031-1430,1,"Large Hurricane Ike forces acted on the wellhead flange studs, causing the studs to stretch beyond their elastic limit. This resulted in loss of seal integrity of the tree flange connections.",,,,
VR-245-20081031-1430,2,"Forces generated during Hurricane Ike caused the stabilizers, which are supports or gussets that attach the well's caisson to the bell guide, to fail. The purpose of the stabilizers is to minimize movement of the caissons relative to the platform structure. Possibly the failed stabilizers contributed to the large forces acting on the flowlines, and the increased flowline forces could have imparted enough moment force to the wellhead studs to stretch them beyond their elastic limit. Excessive flowline forces were evidenced by the flowline Hurricane.",,,,
WR-678-20081101-1500,1,"The failed connection in the 16 inch Surface liner was due to drill pipe wear. The liner was more susceptible to wear due to instability and hole angle in the 26 inch rathole. Temperature and pressure changes can cause casing to become unstable after the pipe is cemented in place. This instability will buckle and deflect laterally, producing buckles within the casing. This is more significant in areas with a larger hole diameter to casing ratio (i.e. 16 inch casing in 26 inch rathole compared to the 16 inch casing in 18-1/8 inch hole). In this case, the hole angle of 4 degrees and dogleg of 0.93 degrees per 100 inch in the 26 inch rathole contributed to the internal buckling inside the 16 inch liner. Rotating and tripping the drill string will wear the casing in the buckled area faster than casing without an internal buckle. This buckling, combined with the extended amount of rotating and tripping hours, significantly contributed to the casing wear in the 16 inch surface liner.",,,,
WR-678-20081101-1500,2,"The risk for casing wear to be a potential threat was considered LOW due to near vertical geometry for the well. Therefore, no stability analysis was performed for the 16 inch Surface liner. No excessive metal was recovered from the ditch magnets during any short duration of time. This indicates that the casing was gradually eroded as a result of the extended time rotating and tripping. Preliminary analysis of the caliper log and USIT data did not identify significant casing wear. A 3D analysis of the caliper data the casing.",,,,
EW-305-20081102-1105,1,Human Error: Open hole in the deck.,,,,
EW-305-20081102-1105,2,Human Error: Open hole was left unattended without a barricade.,,,,
EW-305-20081102-1105,3,Human Error: Employee operating a pressure washer while walking,,,,
EW-305-20081102-1105,4,Poor Job Safety Analysis (JSA) detail of potential,,,,
EW-305-20081102-1105,5,"Previous JSA's have the same wording, with no potential hazard. backwards. hazards and associated risks. mention of an open hole as a",,,,
EW-305-20081102-1105,6,JSA at the time of the incident was not reviewed or signed by a company representative/supervisor to ensure company policy was followed.,,,,
EW-305-20081103-1415,1,Human Error: Improper placement of the hand on the load.,,,,
EW-305-20081103-1415,2,Human Error: Employee was not paying attention to possible pinch,,,,
EW-305-20081103-1415,3,No JSA performed for the rigging up of the unit.,,,,
GI-47-20081113-0100,1,Mechanical Failure: Wellhead failed.,,,,
GI-47-20081113-0100,2,LIST THE CONTRIBUTING CAUSE(S) OF,,,,
EI-98-20081119-0300,1,"The failed wireline rope socket, and resulting released wireline tool string, was possibly stressed beyond equipment design as a result of multiple impacts with the top drive and shock from the severing tool's downhole explosion.",,,,
EI-98-20081119-0300,2,"The close proximity of the upper wireline pulley to the rig top drive caused entanglement and impact problems throughout the wireline operation. This resulted in unnecessary stress to the wireline equipment; e.g., sheaves, wireline, rope socket, etc.",,,,
EI-327-20081123-0335,1,"During the casing lifting operation, the lift nubbin tool separated from the casing, resulting in an uncontrolled descent of the casing joint into the V-door. Improper make-up of the lift nubbin tool's connection was most likely the cause for failure.",,,,
EI-327-20081123-0335,2,"There were several contributing factors to the incident: (1) Metal wear (loss) on the lift nubbin tool and casing threads may have contributed to the failure. (2) The lift nubbin tool was cut with non-standard field grade quality threads, and this practice may not be endorsed by the premium thread manufacturers. The manufacturer of the lift nubbin tool being used during the incident cuts their nubbin threads in such a way that the thread interference for sealing pressure is removed. Therefore, this lift nubbin tool is properly made up when the connection shoulders upon the last thread. (3) The lift nubbin tool required a power torque device to properly engage the threads, but the connection was made up with only a hand torque bar. (4) A thread compound was reportedly used on the lift nubbin tool's connection, yet the lift nubbin tool's manufacturer specifically recommends against such practice since the lift nubbin tool is designed for a metal-to-metal seal. The size particles found in certain thread compounds may compromise the connection's integrity.",,,,
WD-40-20081130-0800,1,Human Error: The hot fueling process was unsafe for the following reasons:,,,,
WD-40-20081130-0800,2,The N2 Unit was not attended during the entire hot refueling process.,,,,
WD-40-20081130-0800,3,The 400 HP engine running at 1800 RPMs were used to run the pumps that fed the refueling hose.,,,,
WD-40-20081130-0800,4,The pump hose was not secured to prevent movement during the refueling process.,,,,
WD-40-20081130-0800,5,There was no Job Safety Analysis (JSA) or any type of written procedure for the hot fueling process.,,,,
WD-40-20081130-0800,6,No fire water system existed aboard the facility during the incident.,,,,
WD-40-20081130-0800,7,The hot refueling process occurred inside a building with a hot engine running.,,,,
WD-40-20081130-0800,8,High winds.,,,,
WD-40-20081130-0800,9,Poor communications between the operators and the third party contractor.,,,,
WD-40-20081130-0800,10,The discharge hose did not have a shut-down valve on the end of the hose going to the tank.,,,,
WC-504-20081201-1000,1,The fitter utilized a cutting torch to cut through the deck penetration surrounding an 8-inch pipeline riser and cut a hole into the pipeline.,,,,
WC-504-20081201-1000,2,Production/construction crew personnel failed to protecting the pipeline while performing hot work.,,,,
WC-504-20081201-1000,3,Production/construction crew personnel failed to potential hazard. follow regulatory requirements for identify the pipeline as a,,,,
WC-504-20081201-1000,4,The possibility of improper rigging practices may have contributed to the deck shifting while the fitter was cutting the deck penetration ring.,,,,
SM-149-20081203-1930,1,"The faulty (leaking) new butterfly valve #2, located on the suction line manifold, resulted in the undesired flow of completion fluid into the GOM through the open pre­ load tank #39. It is unclear from the investigation what exactly caused the failure of valve #2. According to the OIM, the entire system is new, but this particular valve may have been damaged due to weathering and inactivity since installation.",,,,
SM-149-20081203-1930,2,"The open pre-load tank suction valve #3 allowed unrestricted flow into the pre-load tank #39. Likewise, the open pre-load tank overflow valve #4 provided no means of protection from an undesired release into the GOM.",,,,
EI-98-20081211-1930,1,"Despite conflicting reports of what actually failed during this lift operation, the preponderance of the evidence supports the statement submitted by the CO. A crane boom fracture at the heel section, caused by metal fatigue, was the probable cause of this incident.",,,,
EI-98-20081211-1930,2,"As per the annual crane inspection dated August 28, 2008, the following significant findings were noted but not corrected: two bent lattices on the tip section of the boom, one bent lattice on the mid section, and metal fatigue at the mainframe under the rope drums. These deficiencies exacerbated, if not caused, the crane boom failure. Boom lattice damage can negatively affect the overall integrity of the boom by allowing excessive flexion and binding. According to the incident investigation submitted by Hercules Offshore, the boom's stop pawl failed to properly engage, due to a worn tension spring, resulting in the boom falling. While the worn tension spring is a significant finding, the crane's normal stop pawl function probably would not have prevented the boom failure, nor would it have prevented the descent of the fractured boom. According to the CO, the boom initially remained static while lowering the load, indicating that the boom stop pawl may have actually worked properly until the boom broke. The aforementioned documented deficiencies on the annual crane report, more likely than not, caused the boom to fracture and fall.",,,,
BA-20081218-1400,1,"Investigatory findings suggest the two (2) master when installed, causing the bolts to be stretched valve flange bolts were over-torqued and weakened.",,,,
BA-20081218-1400,2,Excessive motion due to high seas are also believed over-torqued bolts to fail.,,,,
EI-251-20081231-1045,1,"The probable cause of the incident was the failure of one of the crane's main 4-part hoist wire rope load lines. The load charts are based on 7/8"" 19x7 EIPS cable with a breaking strength of 65,000 lbs. One of the crane's 7/8"" main 4-part hoist wire rope load lines failed at the 20,000-25,000 pound range.",,,,
EI-251-20081231-1045,2,"An insufficient maintenance program in conjunction with an inspection program that failed to detect internal wire rope corrosion prior to the incident, were undoubtedly contributing factors to this incident. As per the attached lease operator's incident investigation report, dated December 31, 2008, the wire rope core was rusted. Photos of the broken wire rope taken by the lease operator immediately following the incident show significant corrosion, inadequate lubrication, localized fatigue breaks and ""cup and cone"" shaped rope wires. The most recent wire rope certification documentation provided during the onsite inspection was dated October 25, 2000.",,,,
UNKEYED-4429b8ff271c,1,c• LACT charge pump motor bottom bearing failed catastrophically and was coinpletely destroyed. The bearing had spun on the shaft andthere was evidence that the rotor shoulder had spun against the inner race. The bell housing was cracked in several places. The top bearing and bottom bearings were noted to be 6300 series ball and cage bearings. The wear on the lower bearing indicated excessive presure exerted towards the coupling end eventually leading to failure. During advanced stages of failure the bearing integrity was compromised allowing for axial movement of the rotor an c~eating excessive groove of the rotor shaft shoulder into the inner race resulting in metal to metal contact. These axial and radial forces were transmitted to the pump shaft and the mechanical seal through the rigid coupling.,,,,
UNKEYED-4429b8ff271c,2,"6300 series ball and cage bearingd are typically used in applications to provide radial support. Most vertical motors of this size have 7200 or 7300 series bearing at one end, usually the top side to provide axial load support. This motor should have been fitted with a 7200 or 7300 series upper bearing. The source of the excessive heat build up in the bearing could have been poor lubrication or excessive design load. This main seal was not catastrophically damaged, keeping m6st of the product (crude oil) from causing a lar.ger fire. During the bearing failure process it is likely the outer seal failed and the barrier fluid (Kerosene/Diesel) provided the fuel for ignition by the metal to metal bearing contact. Although it is possible the hydrocarbons in the process stream were the source, the seal failu.re analysis did not indicate excessive inner seal failure.",,,,
SM-6524-20040309-1130,1,"He had previously been tied off properly,but it appears that he tried to take a short-cut, rather than using a ladder 25 1 away, and attempted to span the area between the cable tray and the staircase structure without 3170",,,,
SM-6524-20040309-1130,2,being tied off..A distance of@,,,,
ST-308-20090108-0130,1,A failed check valve assembly on the #3 engine's diesel return line resulted in fuel escaping. The uncontained fuel came into contact with the engine and was ignited by its heat.,,,,
ST-308-20090108-0130,2,It was discovered that some of the threads on the connection for the check valve assembly were partially flattened. The nature of the damage to the threads gives way to an external side-loading force having been applied to the area. The specific nature of the force and exactly when it occurred is unknown.,,,,
GC-65-20090114-1530,1,"The support chain from the anti-two block weight to the anti-two block switch was 3 feet long. This did not leave enough time to stop the winch motion. Also, this crane had the old (crane smart) anti-two configuration which had a design delay of .5 seconds. While the investigation is ongoing, it is believed that the support chain came into contact with the cable as it is being hoisted, pulling the chain and device into the jib, putting tension back on the switch very quickly. Due to the short chain, the system did not detect a failure. The tacky cable pulled the chain up and separated the A2B weight immediately. This resulted in half of the weight falling onto the back of the boat and the other half falling overboard. The action of pulling the chain/weight into the jib sheave tore the switch apart and broke the strand of cable at the same time and resulted in the 40 foot bird nest.",,,,
GC-65-20090114-1530,2,"The auxiliary cable was installed on the crane in November. At the time of this incident, the auxiliary cable was still covered with heavy lube as indicated by the amount of lube on the support chain. The weather was cool at the time of the incident, causing the cable lube to have a sticky/ tacky feel.",,,,
EB-599-20090116-1710,1,Loss of hydraulic power on the Bow Thruster.,,,,
EB-599-20090116-1710,2,"The Bow Thruster could not hold up into the current, which was empty at the the time wind and seas thus causing the vessel to drift into the rig. The vessel contacted the crane operator to disconnect the hoses and untie the vessel but he could not respond in time to prevent the vessel from drifting into the rig.",,,,
EC-47-20090125-1125,1,"The combination of the factory designed radiator fan shroud (fan blades not concealed) and the FM not shutting down the unit before attempting to clean the radiator shroud, allowed the rag to come in contact with the fan blades and pull the FM's hand into the fan blades.",,,,
EC-47-20090125-1125,2,Human error by the FM as a result of the following: Poor judgment,,,,
EC-47-20090125-1125,3,Human error by the FM as a result of the following: Failure to shutdown the generator,,,,
EC-47-20090125-1125,4,Human error by the FM as a result of the following: Failure to recognize the hazard involved in the task,,,,
WC-168-20090127-2135,1,"The movement of the lubricator while in use caused the sharp edge of the lifting bracket to rub against the nylon sling and chafe to the point that it parted. Although the lubricator was equipped with a lifting bracket designed for use with a two part sling, the e-line operator elected to utilize a nylon sling.",,,,
WC-168-20090127-2135,2,Improper rigging practice when the decision was made to utilize a nylon sling cinched in a choker type manner just below the lifting bracket in lieu of using a two part sling on the lubricator's lifting bracket.,,,,
EB-643-20090213-2200,1,Improper Hand Placement,,,,
EB-643-20090213-2200,2,"Failure to identify pinch point JSA was not utilized to address the tasks, prevent the incident",,,,
EW-910-20090213-1000,1,The positioning of the lifting eyes.,,,,
EW-910-20090213-1000,2,"The air tuggers were not at full power due low and with no other incidents. air pressure. Compressed air volume was inadequate to support usage. Also, an air tugger cable parted due to shock loading. Low air pressure reduced holding capacity and brakes were not holding.",,,,
ST-300-20090213-1012,1,"At this time, Shell feels like a tagline wrapped around the bull plug assembly; the bull plug was tightened to 2 threads. Shell thinks that the load was being repositioned using the second tagline, the other tagline unknowingly became entangled with the bull plug.",,,,
ST-300-20090213-1012,2,(1) The bull plug was tightened to 2 threads. (2) properly communicated to all that were involved.,,,,
HI-39-20090215-1315,1,The drum was not properly secured prior to lifting since the Operator currently has no procedures in place to cover the securing and lifting,,,,
HI-39-20090215-1315,2,The drum was slick due to moisture allowing the sling,,,,
MP-41-20090217-0730,1,Equipment Failure: A blown gasket seal on the pipeline pump flange.,,,,
WC-639-20090227-1120,1,"The boom was not properly supported (""securely blocked to prevent dropping of the boom"")while attempting to remove the middle boom section and the boom fell to the deck after the bottom pins which connect the mid section to the heel were removed.",,,,
WC-639-20090227-1120,2,No site specific Job Hazard Analysis (JHA) pins. was performed prior to removing the boom,,,,
WC-639-20090227-1120,3,The JSA presented to the MMS representative was deficient in terms of detail. Although body positioning and pinch points were mentioned it was specific to back strains and hand placement. No attention was given to the possibility of the boom falling.,,,,
WC-639-20090227-1120,4,"Improper rigging of the boom through the use of an auxiliary winch that was unable to support the weight of the boom prior to removing the boom pins (the angle at which the auxiliary cable was attached to the heel section was insufficient). The crane company indicated that chain is normally used when rigging an alternate boom harness for support, but the Crane Inspector utilized nylon straps which have a tendency to stretch and slip out of position.",,,,
WC-639-20090227-1120,5,"Failure to recognize warning signs leading up to the incident (i.e. 2nd boom pin was under tension and hard to remove(sledge hammer was used), handrail had to be removed to allow the lowering of the boom to the job scope.",,,,
WC-639-20090227-1120,6,Personnel had to position themselves in harms alternate plan was in place to mitigate the risk,,,,
HI-165-20090227-1430,1,Unsecured grating (Loose Grating Clips),,,,
HI-165-20090227-1430,2,Failure to identify hazards - Employees failed hanging piece was secure before accessing. No this was scheduled to be a site survey.,,,,
SS-259-20090228-0415,1,The probable cause of the accident was water from a broken water line to the toilet that came in contact with electrical equipment/circuits.,,,,
SS-259-20090228-0415,2,LIST THE CONTRIBUTING CAUSE(S) OF The possible contributing cause was,,,,
MP-107-20090301-1200,1,Human Error: Rig personnel used an unstable hydraulic tong as wrench while breaking tubing.,,,,
MP-107-20090301-1200,2,Human Error: Rig personnel used 36 inch wrenches to break the the job were available on the rig floor.,,,,
MP-107-20090301-1200,3,There was no Job Safety Analysis (JSA) safety meeting prior to job. a back-up stop for a 36 inch tubing when the correct tongs for performed. Rig personnel only had a verbal,,,,
MP-107-20090301-1200,4,"There was poor job planning, since numerous safer options were available in lieu of a back-up wrench; e.g., chain, rig-up tongs, etc.",,,,
MP-107-20090301-1200,5,Rig personnel failed to use Stop Work Authority (SWA),,,,
MP-107-20090301-1200,6,"Rig personnel should have considered that the height of the tong as compared to the width of the tong, would make the tong top heavy and not suitable to have back-up force applied to it.",,,,
GC-847-20090309-1115,1,The need for a Management of Change (MOC) process operation. The repairs were being in a manner to was not recognized for this expedite the process in order to run riser and continue drilling operations.,,,,
GC-847-20090309-1115,2,The need for a lock-out tag-out of the BOP/wellhead observed.,,,,
EI-339-20080313-0715,1,"The probable cause of this incident is that the lessee and personnel engaged in the lifting operation failed to follow and adhere to safe rigging practices by removing the safety pin from the hook latch. Also, the lessee used careless practices and demonstrated complacency as apparent by ignoring signs of an unsafe condition by the improperly installed sling D-ring on the hook prior to making the lift.",,,,
EI-339-20080313-0715,2,"While in the process of rigging the lubricator, personnel directly involved with the lift failed to ensure that the load was properly secured prior to conducting the lifting operation. In addition, other personnel observing the lift failed to recognize the hazard which could have prevented this occurrence.",,,,
UNKEYED-13900eb22ec1,1,"During crew change operations, the crane operator coming on tour did not wait for the crane operator that was getting off tour to clear crane walk around before he resumed crane activities. Also the injured person tried to disembark the crane walk around while the crane was in motion.",,,,
UNKEYED-13900eb22ec1,2,Crane operators need to totally shut down crane activities to allow personnel time to disembark. They should visually check that everyone is clear before crane activities resume.,,,,
VR-376-20090321-1110,1,The liquid dump on the L.P. Relief Scrubber opened prior to the pumps on the Closed Drain Sump being reset and oil was discharged into the Gulf of Mexico from the local vent on the Closed Drain Sump. The L.P.Relief Scrubber is located one deck above the closed drain sump and its higher elevation provided the necessary hydrostatic pressure needed to force the oil out of the vent.,,,,
VR-376-20090321-1110,2,"Operations personnel were not familiar with the platform start-up ""from zero"" protocol.",,,,
VR-376-20090321-1110,3,Failure to make modifications to the panel logic (safety system) after the previous operator changed over from electric pumps to pneumatic pumps on the Closed Drain Sump.,,,,
VR-376-20090321-1110,4,"Design flaw with the point of discharge of the local vent line on the Closed Drain Sump. Due to the location of the Closed Drain Sump being located on the lowest deck elevation, the vent line discharged directly overboard from the same deck level rather than being extended to an elevation higher than the vessels that dump into the Closed Drain Sump.",,,,
SS-349-20090321-2000,1,"The initial cause of the event was that the well operation. This influx caused the SICP to break 15,624 ft MD / 14,529 ft TVD.",,,,
SS-349-20090321-2000,2,Having to address the problems of influx and prolonged control event.,,,,
EB-602-20090401-1520,1,"Grinding sparks landed on stored flammable items (i.e. sheets, towels, dry paper goods, aerosol cans, cleaners, etc.) located inside the hot work zone causing ignition of the fire. When workers went on break, the cutting torch was left unaccompanied inside the how work zone with charged fuel and oxygen in the hoses. The torch and hoses were melted and destroyed, allowing a continuous flow of fuel creating a larger fire.",,,,
EB-602-20090401-1520,2,LIST THE CONTRIBUTING CAUSE(S) OF,,,,
EB-602-20090401-1520,3,Personnel did not remain in the work ended.,,,,
EB-602-20090401-1520,4,There was not a designated fire,,,,
EB-602-20090401-1520,5,All flammable materials had not thirty-five foot perimeter of hot,,,,
EB-602-20090401-1520,6,Workers did not remove shut-off before leaving hot work zone.,,,,
EB-602-20090401-1520,7,ACCIDENT: hot work zone at least thirty-five minutes after watch with fire watch duties only being performed. been removed or covered properly within the work. oxygen and fuel gas bottles and bleed hoses down,,,,
EB-602-20090401-1520,8,Workers did not follow the issued and signed Diamond Offshore Permit to Work (hot work permit).,,,,
MC-72-20090419-1530,1,No clear and specific cause could be identified for the gas bubble to have traveled into the riser prior to the first surface observed trip tank gain and closure of the BOP Upper Annular subsequent to intentionally unseating the Champ IV Packer. Two (2) possible causes that may have prompted the event are presented below.,,,,
MC-72-20090419-1530,2,Unintentional momentary opening of the Champ IV Packer's concentric by-pass valve and/or relaxation of the Champ IV Packer's sealing element subsequent to perforating:,,,,
MC-72-20090419-1530,3,"It is possible for the reverse shock wave created by the 86 feet of 7-inch hollow carrier perforating guns to result in momentarily opening of the Champ IV Packer's concentric by-pass valve and/or relaxation of the Champ IV sealing elements. This would allow for a gas bubble flow path to the annulus above the Champ IV Packer. The ShockProTM simulation program estimated ½ inch of workstring upward movement, while the Champ IV Packer and Champ IV Packer's concentric by-pass valve are designed to open with approximately 5.5 inches and 2 inches of upward movement, respectively. At the moment of perforating there is a drop in hookload, but the scale used on the Driller's P-V-T screen makes it difficult to determine the order of magnitude of the drop. In addition, it is possible that some portion of the hookload decrease is attributed to the pressure applied to the work string and not just the shock force from the perforating guns. Lastly, shop post-testing and observation of the Champ IV Packer indicated sealing element damage to include cracking and bubbling and a significant amount of material removed from the top of the Champ IV Packer's sealing element.",,,,
MC-72-20090419-1530,4,"At 1250 hours (approximately 3 minutes after the perforating guns fire) the work string down-hole BHP reading at the start of the fist cycle of the OMNI Valve is approximately 200 psi less than the BHP pressure gauge reading prior to closing the BOP Upper Annular and testing the Champ IV Packer before perforating. After final cycling of the OMNI Valve at approximately 1305 hours, the BHP pressure gauge reading continued to increase steadily, the standpipe pressure increased by approximately 200 psi and the pit volume increased 10 bbl from 620-630 bbl; all indications of possible annular formation gas migration.",,,,
MC-72-20090419-1530,5,"The elapsed time from when the well was perforated to flow being observed at the trip tank was approximately 2 hours and 47 minutes from 1247-1534 hours, indicating a possible formation gas migration rate of approximately 4,650 feet per hour. This assumes, however, that the formation gas migration rate or slippage occurred against the reverse circulation pump rate of 5 bpm = 6,450 feet per hour in the 9-5/8-inch casing. This gas migration rate would have put the gas bubble at the closed BOP Upper Annular in approximately 2 hours and 15 minutes. The elapsed time from perforating to opening the BOP Upper Annular in order to unseat the Champ IV Packer was approximately 2 hours and 30 minutes. Therefore, the formation gas could have entered the riser from being trapped below the closed BOP Upper Annular or within minutes of unseating the Champ IV Packer after the BOP Upper Annular was opened.",,,,
MC-72-20090419-1530,6,"Gas slippage through another fluid has been known to occur without causing a pit gain and fluid moving in one direction resulting in an adjacent fluid to move in the opposite direction. If formation gas had been present and it reached the subsea BOP stack subsequent to closure of the BOP Upper Annular, the gas would have accumulated between the kill line inlet and closed BOP Upper Annular. It took approximately 200 bbl to fill the riser subsequent to the well unloading. Using this gas volume at ambient conditions, the gas bubble would be less than one bbl at down-hole conditions and on the order of 7.6 bbl when it reaches the subsea BOP stack. There is approximately 24 feet (7.5 bbl cavity) between the point of closure of the BOP Upper Annular and the entry point of the kill line. This 7.5 bbl cavity is a dead zone which cannot be swept by the circulating fluid, thus allowing any accumulated gas to remain trapped in place until the BOP Upper Annular was opened. Gas bubble slip velocity, unfortunately, is difficult to model as it is influenced by bubble size and the size of the gas void fraction (ratio or percentage of the gas cross-sectional area to the total flow area), wellbore geometry and inclination, fluid density differences, fluid viscosity and circulation rate. Therefore, possible formation gas influx from momentary opening of the Champ IV Packer's concentric by-pass valve and/or relaxation of the Champ IV Packer's sealing element subsequent to perforating, in conjunction with formation gas migration (slippage), is concluded to be a possible cause of the incident.",,,,
MC-72-20090419-1530,7,"Intentional elimination of the second reverse circulation step subsequent to unseating the Champ IV Packer: The completion procedure proposed a second reverse circulation step subsequent to releasing the Champ IV Packer in order to remove any gas influx that might have been trapped under the Champ IV Packer during perforating. Subsequent to the well going on vacuum following perforating, in addition to determining that the well was static subsequent to opening the Champ IV Packer's bypass and unseating the Champ IV Packer, the decision was made by LLOG to eliminate the second reverse circulation operation. At 1534 hours when the Champ IV Packer was unseated, the P-V-T system graph data shows that the pit volume increased 5 bbl to 620 bbl and the trip tank volume increased 3 bbl to 29 bbl. In addition, when the Champ IV Packer was unseated the work string down-hole internal pressure gauges equalized to a pressure less than the reservoir pressure, thereby indicating possible gas influx into the well. From 1529-1541 hours the pit volume increases 64 bbl from 615-679 bbl while the work string down-hole temperature gauges reflect an increasing temperature trend from 210 degrees Fahrenheit (F) to a maximum temperature of 230 degrees F as the hotter formation fluid was entering the wellbore. Although any possible gas front subsequent to immediately releasing the packer would not have reached the riser during the time the diverter flow event occurred, elimination of the second reverse circulation might have further complicated the well kill operation through any possible additional formation gas influx/migration. Therefore, elimination of the completion procedure's proposed second reverse circulation step subsequent to unseating the Champ IV Packer is concluded to be a possible cause of the incident.",,,,
MC-72-20090419-1530,8,"There are three (3) possible contributing causes as follows: Considering the loss of hydrostatic head as a result of the well going on a vacuum subsequent to perforating, in addition to the 230 bbl of 14.5 ppg Synthetic Base Mud loss during the open-hole drilling of the zone of interest, the lack of spotting a high-viscosity completion fluid brine pill utilizing bridging agents across the proposed interval prior to perforating is concluded to be a possible contributing cause.",,,,
MC-72-20090419-1530,9,There are three (3) possible contributing causes as follows: The wide scale range (-10 to 600 bbl) on the Driller's P-V-T screen made it difficult to observe the 5 to 20 bbl pit volume slope gains that occurred at different times leading up to the diverter flow event.,,,,
MC-72-20090419-1530,10,"There are three (3) possible contributing causes as follows: The lack of a consistently ""closed"" fluid system, as a result of several lines rigged-up to the trip tank to provide multiple pumping and flowing paths in/out of the wellbore, fluid being moved throughout the system (to a filter unit, to the Halliburton unit, filling/draining surface lines, and general semi-submersible rig movement), and undocumented trip tank piping arrangement during the different phases of the operation are concluded to be a possible contributing cause of the incident.",,,,
EI-259-20090422-1400,1,The placement of the welding electrode assembly into the welding rod box and electrically energizing the S-climber and associated support ropes caused this incident. The welding rod electrode assembly has a small hole in the protective plastic coating. A screw recessed in this hole holds the electrode assembly together. The welding electrode assembly was stowed in the metal box containing welding rods unknowingly in a position that allowed a rod tip to make contact with the unshielded electrode assembly screw. This provided the path necessary for the electrical current to flow from the electrode assembly throughout the S-climber system eventually heating the wire rope supports and igniting the nylon sling.,,,,
EI-259-20090422-1400,2,"Improper rigging of the S-climber equipment contributed to the severity of this incident. Contract representatives failed to use the best available technology (BAT) in reference to rigging the S-climber for welding operations from a suspended stage. The S-climber manufacturer provided relevant and precise recommendations specifically tailored for welding operations from the S-climber unit. However, the contractor chose to utilize the nylon sling to a wire rope anchor connection instead of following the manufacturer's recommendation to use a wire rope insulator assembly. Furthermore, the S-climber operator manual includes a recommendation for using arc guards, in addition to the wire rope insulator assembly, for an added level of protection against accidently contacting the S-climber unit or associated wire rope supports with a welding rod.",,,,
UNKEYED-1a4f1d9e603d,1,"Equipment Failure: Faulty Component - Two aged/worn contactors and broken hinge pin. It is suspected that a broken hinge pin allowed the contactors to twist, creating an uneven connection, thus causing the contactors to",,,,
HI-20090510-1115,1,Mechanical failure of the hydraulic boom winch motor.,,,,
MC-520-20090513-1936,1,Human Error: The driller was not paying attention to the position drill string above normal trip height.,,,,
MC-520-20090513-1936,2,Possible Equipment Failure: Crown saver system failure or crown saver system was recalibration.,,,,
MC-520-20090513-1936,3,The Daily Drilling Report shows the crown saver was,,,,
MC-520-20090513-1936,4,"Dectection: 145' Warning, 154' Stop of the block and he hoisted the not activated after recalibrated on May 13, 2009. The crown saver was recalibrated within 24 hours of the accident. When recalibrating the crown saver, the system is turned off at the driller's station. It is possible that the system was not put back into service after the calibration. There is no specific information/witness indicating the crown saver system was turned on or off.",,,,
GC-847-20090514-1500,1,The valve on the discharge line for the measuring tank containing SBM was not in the closed position. This valve should be in a closed position when SBM or other pollutant fluids are being held in the measuring tank.,,,,
GC-847-20090514-1500,2,"The cementer was attempting two operations simultaneously; BOP testing and function testing of the mixing equipment, without performing a Job Safety Analysis (JSA). The valves for the measuring tank were initially aligned in the open position for the testing of the BOP's but were not placed in the closed position prior to performing the function testing of the mixing equipment.",,,,
MC-736-20090515-1600,1,"Rolls Royce, DNV, and SBMA each performed forensic engineering studies to identify the root cause of the incident.",,,,
MC-736-20090515-1600,2,Rolls Royce performed internal re-analysis.,,,,
MC-736-20090515-1600,3,DNV performed a fitness report of original design which showed full thickness overstresses in windlass frame.,,,,
MC-736-20090515-1600,4,SBMA performed comprehensive finite element analysis of combined windlass and hull structure which showed overstresses and related buckling issues of the windlass frame structure. The forensic engineering studies indicated that the windlass frames were inadequate for the CSR loads experienced.,,,,
MC-736-20090515-1600,5,Chain stop design: There was a lack of secondary mooring line control when paying out.,,,,
MC-736-20090515-1600,6,Quality control flaws in design process: The design laod was inadequate since it not account for the prescribed CSR load.,,,,
VR-122-20090527-1200,1,"The diver failed to ensure that the hole-saw apparatus was properly centered, and operations were allowed to continue assuming that the hole-saw was off center to the extent that it would first land on the lip of the 10 3/4 inch casing. As operations continued, the diver failed to properly monitor the depth of penetration of the hole- saw, as evidenced by the first cut being actually made on the 7 5/8 inch casing instead of the 10 3/4 inch casing. It was at this point in the operation that the supervisor overrode the diver's concerns and instructed him to continue with the cutting operations by advancing the 4 inch hole-saw which prematurely breached the 2 7/8 inch production tubing. The hot tap supervisor and diver failed to exercise Stop Work Authority (SWA) and thoroughly assess the situation when the diver expressed his concerns about being unsure of the string of pipe he was cutting.",,,,
VR-122-20090527-1200,2,The fact that hot tap / hole-saw procedures are conducted underwater adds an additional degree of complexity to the operation.,,,,
VR-122-20090527-1200,3,"Working in the excavated area below the mudline in a water depth of 76 feet, may have limited the diver's visibility and led to the misinterpretation of which casing string was being cut.",,,,
KC-291-20090528-0250,1,"Improper seal of the telescopic slip joint resulted from the lack of hydraulic supply pressure, causing the undesirable loss of RSBM into the GOM. Further investigation revealed that the hydraulic supply block valve #37.5, used to energize the telescopic slip joint and diverter system, was inadvertently left closed following recent maintenance operations. As the system pressure bled off there was inadequate pressure to seal the slip joint packer and flow line seal, resulting in the aforementioned release.",,,,
KC-291-20090528-0250,2,"Due to the Drilling Team's (DT's) failure to follow required startup procedures following maintenance operations, hydraulic supply valve # 37.5 was closed resulting in no hydraulic supply to the accumulator bottle system that supplies high volume pressure to the diverter and telescopic slip joint systems. Furthermore, the diverter accumulator pressure high/low alarm failed to operate, as designed, possibly preventing earlier discovery of the RSBM leakage.",,,,
ST-100-20090528-1835,1,"The probable cause of the incident was a 1/4 inch plastic thread protector, being used as a threaded outlet on the engine's governor control assembly, blowing out while the engine was in service. The fire originated from engine oil being sprayed on the hot exhaust manifold and turbo charger resulting in the fire.",,,,
ST-100-20090528-1835,2,The contributing cause of the fire incident resulted from the installation of a new governor control assembly. The assembly was obtained from the compressor supplier in Lafayette and was installed on 25 May 2009. The new governor assembly was installed by a Stone Mechanic and the 1/4 inch plastic thread protector blew out while the engine was in service. The governor control assembly and 1/4 inch plastic thread protector had already been painted yellow when it arrived to the platform. The ¼ inch plastic thread protector was located in a threaded port common to the oil sensing port.,,,,
UNKEYED-dade5209955a,1,The lift nubbin was not properly made up in the joint,,,,
EI-295-20090603-1200,1,"The CO failed to react to the rigger's ""stop"" signal quickly enough to prevent the boom from colliding with the protective pipe barrier.",,,,
EI-295-20090603-1200,2,"The location of the designated hot work area posed significant challenges for the CO to conduct safe load transfers. Specifically, the far-reaching distance required the CO to boom down to maximum boom radius. In addition, the height, location and design of the original pipe rack protective barrier restricted the crane boom's range of downward motion. A job safety analysis (JSA) was not completed to communicate the various obstacles unique to this lifting operation. At the time of the incident, the CO did not meet API RP 2D certification requirements to operate offshore cranes since he was only certified for mobile land cranes. In addition, the CO's rigger certification had also expired.",,,,
GC-304-20090606-2130,1,The joint of casing was sticking out further than it spotters was not in the right position to see if the the tensioner assembly.,,,,
GC-304-20090606-2130,2,"was intended, and one of the two box end of the casing would clear The second spotter did not line up the markings on the catwalk machine properly and both spotters changed positions before the 57th joint was to be moved. Also, there was no discussion as to each spotters",,,,
ST-295-20090609-1001,1,"During the construction of the temporary boom rest, the incident was the failure of the individuals involved to materials of sufficient strength to properly handle the",,,,
ST-295-20090609-1001,2,The contributing causes of this incident include: The failure of all personnel involved to recognize with the task at hand. probable cause of this utilize a structure and weight of the crane boom. the potential hazards involved,,,,
ST-295-20090609-1001,3,"The contributing causes of this incident include: The failure of all personnel involved to properly evaluate the situation and/or obtain enough information from reliable sources to insure that the temporary boom rest, and associated equipment, would be strong and stable enough to be utilized for the intended purpose.",,,,
SM-18-20090615-0900,1,"Boards that were found in the containment pan under the methanol tank were charred on the edges indicating the boards were burning prior to the methanol tank explosion. The boards contained the pan under the tank and the pan was noted to have methanol residue. The welding and cutting operations provided the heat source to ignite the wood and/or pan residue. Therefore, ignition from welding and/or torch slag were probable causes of the accident.",,,,
SM-18-20090615-0900,2,"Prior to any welding or burning operations being conducted, personnel failed to adequately assess the area for flammables before issuing a hot work permit.",,,,
SM-18-20090615-0900,3,"As per the JSA, the designated fire watch had multiple duties.",,,,
SM-18-20090615-0900,4,"The current approved Area Classification drawing on file with MMS was not updated to show the current chemical skid configuration. Specifically, the drawings failed to include the methanol containment skid, which could have identified the worksite/skid location as being designated a hazardous area.",,,,
SM-18-20090615-0900,5,"As per the Material Safety Data Sheet (MSDS) for methanol, methanol containers should not be exposed to pressurizing, cutting, welding, brazing, soldering, drilling, grinding or exposure to heat, sparks, flame, static electricity or other sources of ignition.",,,,
SM-136-20090622-1000,1,Improper placement of the SE's safety lanyard contributed to the severity of this incident. The SE and the SCDS failed to recognize the unsafe condition. The SE should have secured the lanyard to an appropriate location instead of securing the lanyard to an improper anchoring point; the bridle.,,,,
SM-136-20090622-1000,2,"The lessee and all personnel engaged in the disassembling operations of the S70-P portable crane failed to follow and adhere to safe practices, procedures and guidelines. Although a bridle support stand designed to support the bridle during dismantling operations was installed on the boom, the bridle was not secured to the support stand prior to the pins being removed.",,,,
SM-136-20090622-1000,3,The lessee and all personnel engaged in the disassembling operations failed to adhere to the Section 17.0 of Mariner's Fall Protection Policy.,,,,
SM-136-20090622-1000,4,Lack of contract employee supervision/oversight by the NOVA contract employee that was representing Mariner.,,,,
SM-136-20090622-1000,5,The SMDP and JSA utilized for this operation did not provide detailed guidelines for the S70-P portable crane assembling and disassembling operations.,,,,
GC-787-20090701-1332,1,Improper or inadequate alignment and/or torque,,,,
GC-787-20090701-1332,2,applied to the flange. The lack of written procedures available from the pipeline representatives for installing and inspecting the flange-type instrumentation manifold assembly.,,,,
GC-743-20090704-0910,1,The Frank's Horseshoe Elevators are believed to have insufficient load holding capacity for the casing that was being run due to the tolerences of the outer diameter of the casing and inner diameter of 360 degree coupling of the casing. through the elevators when its load joint in the casing string.,,,,
GC-743-20090704-0910,2,LIST THE CONTRIBUTING CAUSE(S) OF,,,,
ST-245-20090712-2030,1,"The probable cause of this incident was possible mechanical swing gear bolt failure as a result of exceeding the crane's load capacity for the specific angle and distance. The load limit at an angle of 47.1 degrees was 11,971 pounds and the approximate weight of the 7-5/8"" casing being lifted was 22,230 pounds.",,,,
ST-245-20090712-2030,2,"Although the crane operator was qualified, he lacked actual operational time on this crane type and the boom angle was not considered during the lift.",,,,
ST-245-20090712-2030,3,"The crane operator did not have full view of the whole operation while pulling on the casing and the lift was performed without a weight indicator in the crane cab. Although a dynamometer was installed on the main block hoist, the crane operator could not see the dynamometer since it was positioned by the wellbay which was below deck.",,,,
ST-245-20090712-2030,4,There was no weight indicator in the crane cab for the crane operator's use.,,,,
GC-743-20090715-2150,1,"The Driller's lack of experience and supervision, in conjunction with the floor hands working on other tasks and not paying attention to the lift-sub make-up, are the leading causes to this incident. In addition, other Supervisors were focused on the main drill floor operations since the perceived risk of breaking-down the BHA was low.",,,,
GC-743-20090715-2150,2,"All hazards associated with the lift-sub backing-out during make-up were not identified in the TSTP. Since the lift-sub was not flagged in the TSTP, no one was assigned to watch it for movement.",,,,
UNKEYED-02d6ec4cdad0,1,"Human Error: The Driller failed to place the diverter panel in the ""Test"" mode before performing the diverter test.",,,,
UNKEYED-02d6ec4cdad0,2,The Driller was not familiar with the rig and,,,,
EI-243-20090802-0930,1,This incident could have been avoided if the auxiliary connected to the casing while preparing the casing for structural capacity of the crane was overloaded due to being applied to the auxiliary line.,,,,
EI-243-20090802-0930,2,Inadequate 3/8 inch CJHHF protection. line would not have been cutting operations. The the full weight of the casing,,,,
EI-243-20090802-0930,3,"Although Stone Energy submitted an Application for Permit to Modify (APM) for well abandonment operations to MMS, there were no detailed guidelines and recommendations on the appropriate time to connect the crane and casing string to prevent crane shock- loading.",,,,
EI-243-20090802-0930,4,Tetra's Job Safety Analysis (JSA) failed to recognize the the crush point hazard and provide detailed guidelines and recommendations on the appropriate time to connect the crane and casing string to prevent this incident.,,,,
GC-858-20090804-1130,1,"Gas break-out is believed to have been occurred from the bottom 13 feet of hole fill when the well was C&C at approximately xxxx feet, even multiple times with the well determined to be static.",,,,
GC-858-20090804-1130,2,Mud paramaters insufficent to control the gas influx. though the well bore was C&C,,,,
UNKEYED-80bbe9a5d121,1,Slag was carried to the second deck where it ignited a originated from a packing leak in the T-103 condensate,,,,
UNKEYED-80bbe9a5d121,2,small amount of condensate that pump.,,,,
UNKEYED-80bbe9a5d121,3,"The water used to keep the slag from burning, inadvertently carried the hot slag to the lower deck, while also causing the condensate to spread over a larger area.",,,,
UNKEYED-80bbe9a5d121,4,The tarp habitat built by the construction crew lacked sufficient design to prevent the red hot slag and water from falling,,,,
MU-739-20090822-1030,1,The Crane Operator was operating with limited visibility and no proper Signal Man.,,,,
MU-739-20090822-1030,2,LIST THE CONTRIBUTING CAUSE(S) OF N/A,,,,
VR-267-20090826-1311,1,"Damage to the master valve alone would not have resulted in a LWC, as the MMS requires additional barriers to flow. Such failures of mechanical integrity could include: a failure of the production tubing below the SCSSV, a failure of the production casing, or a failure of the packer integrity. Stone has developed a theory that a 2' section of 1/4"" SS control line to the SCSSV was flattened as the platform was toppled during the hurricane. It is believed that as the control line tubing was flattened, it expelled 11 cc of hydraulic fluid into the SCSSV which caused the SCSSV to open. The flattened section of tubing also sealed the hydraulic pressure in the valve, allowing it to remain in the open position even after the hydraulic pressure was bled off at the needle valve by a diver. The theory is supported by the diver opening the closed needle valve and observing the release of hydraulic fluid when the valve was opened. Since last production of this well was in July of 2005, and the SCSSV was being used as a tubing plug (with surface control rendered inoperative), the diver should have found the needle valve in the closed position with zero hydraulic pressure on the control line. The subject well has a history of sand production, and Stone feels that the LWC may have occurred though the open or partially open SCSSV (due to the flattened control line) when a sand bridge broke loose in the tubing allowing the well to flow uncontrollably.",,,,
VR-267-20090826-1311,2,Human error may be a possible cause of the loss of possibility that the control line needle valve may well control. There is a have been closed with hydraulic pressure remaining on the control line. This remaining in the open position.,,,,
EB-643-20090827-0900,1,"The IP moved from a safe location to a location too was lifted from the deck, it shifted pinning the IP restricted work. close to the load. Once the load against the emergency generator enclosure.",,,,
EB-643-20090827-0900,2,The IP was not involved with the lift and was,,,,
EB-643-20090827-0900,3,The IP redirected his attention away from the turned his back to the load.,,,,
GC-787-20090831-1624,1,The probable cause of this incident was the test compressor discharge line was left open. Because oil/air mixture was released into the instrument compressor's self-start.,,,,
GC-787-20090831-1624,2,The contributing cause of this incident was,,,,
HI-20090902-0555,1,"No one was manning the helm, even though the Captain on the 45 minute-out call to HI A-536.",,,,
HI-20090902-0555,2,It remained dark at the time of the incident.,,,,
GC-782-20090907-1145,1,Bearing damage was the probable cause of the incident.,,,,
GC-782-20090907-1145,2,The contributing cause of this incident was the inefficiency of the incorrect silicone-based lubricant.,,,,
UNKEYED-dbd10f3a2ecb,1,Improper rigging procedures from side loading of the torque wrench resulted in failure of the eye bolt and the wrench falling to strike the IP on the right hand. Failure of the eye bolt resulted from the load rating of the eye bolt being decreased to 25% at 90 degrees or 30% at 45 degrees.,,,,
UNKEYED-dbd10f3a2ecb,2,Lack of control of the lifting operation since the Job Safety Analysis (JSA) did not detail how to recover the wrench from the Moonpool.,,,,
UNKEYED-dbd10f3a2ecb,3,Hand placement of the IP.,,,,
UNKEYED-dbd10f3a2ecb,4,Size and shape of the riser wrench resulting in a tight clearance through the diverter housing.,,,,
WR-543-20090915-2000,1,"The probable causes of this incident was that the Crane Operator did not assess the lift conditions prior to lifting the BHA, while utilizing inexperienced Roustabouts and a Banksman.",,,,
WR-543-20090915-2000,2,"The Crane Operator never discussed the lift with the deck crew; therefore, all personnel were not aware of where the lift was being landed.",,,,
WR-543-20090915-2000,3,"The job task changed, yet the crew the new job requirements.",,,,
UNKEYED-13e74f9afe44,1,"According to the Operations Manager at Houma Armature, the probable cause of failure was the generator's stator windings grounding out due to thermal aging of the insulation. After the initial grounding started at the corner of the stator slot, the insulation broke down over time due to the increased heat.",,,,
UNKEYED-13e74f9afe44,2,"A possible contributing cause is contaminates in the winding. Once the insulation breaks down, contaminates, which include dust and grease, will hold moisture in the air and causes the stator windings",,,,
UNKEYED-0495f4451b88,1,Heat induced cracks found in the electrical control's cooling system allowed water to enter resulting in failure of the electrical devices that controlled the rig's DP system.,,,,
UNKEYED-0495f4451b88,2,Power demand voltage flucutations affected the DP system's logic electrical controls for thruster operation and performance. This caused an irregular functioning of the breakers for the electrical control's,,,,
EI-238-20091004-1515,1,The sheared swing gear shaft resulted in loss,,,,
EI-238-20091004-1515,2,The wind speeds (of up to 20 mph) contributed once the swing gear shaft had sheared.,,,,
UNKEYED-3069d249810d,1,"Gas migrated up through the air conditioner evaporator enclosure's drain line and accumulated inside the enclosure prior to ignition. Due to the severity of the damage caused by the fire, the source of ignition could not be determined but is believed to be a bare wire that made contact with a metal surface causing a spark and igniting the gas.",,,,
UNKEYED-3069d249810d,2,Failure to trace the drain line prior to making the tie-in.,,,,
UNKEYED-3069d249810d,3,Failure to investigate the source of the gas/condensate odor inside the MCC building.,,,,
UNKEYED-3069d249810d,4,The use of 1/2 inch stainless steel tubing for the AC evaporator enclosure drain line combined with the hazardous location in which the drain line was routed provided an easy and convenient tie-in point for the fuel gas manifold drain line.,,,,
UNKEYED-2ff79b6d37a2,1,The possible ignition source was a spark generated from the engagement of the starter bendix and the engine flywheel while the exhaust piping was disconnected from the starter.,,,,
UNKEYED-2ff79b6d37a2,2,Personnel involved in the compressor project failed to exercise Stop Work Authority (SWA) and re-evaluate the job scope after the starter problem was discovered.,,,,
UNKEYED-2ff79b6d37a2,3,"Without a task-specific JSA prior to removing the starter's exhaust piping, the associated hazards and mitigating measures were not identified.",,,,
UNKEYED-2ff79b6d37a2,4,Personnel removed the gas compressor starter exhaust piping in lieu of disassembling the starter that could have allowed the damaged bendix and bearing on the inside of the starter housing to be discovered.,,,,
UNKEYED-2ff79b6d37a2,5,Failure to thoroughly diagnose the possibility of a restriction in the starter exhaust piping by first installing a pressure gauge to observe the pressure on the line prevented personnel from safely ruling out the theory of excessive back pressure on the exhaust piping.,,,,
GC-512-20091023-1045,1,The assembly length and/or configuration was too long roller and grip roller jaws were forced open when the weight overloaded the HTV.,,,,
GC-512-20091023-1045,2,"The Operator's manual for the HTV has no for the HTV, and the HTV guide BOP test assembly length and horizontal load rating limitations for the length of pipe handled.",,,,
GC-512-20091023-1045,3,Clear operating parameters and equipment design of on-the-job training.,,,,
UNKEYED-9494b7e7a16c,1,"The pontoon hand did not read the rig log of 19 October 2009 which states that the fluid was transferred to tank MPP-02, but instead assumed that seawater was in the tank.",,,,
UNKEYED-9494b7e7a16c,2,LIST THE CONTRIBUTING CAUSE(S) OF,,,,
UNKEYED-9494b7e7a16c,3,No testing of the tank(s) fluids,,,,
UNKEYED-9494b7e7a16c,4,ACCIDENT: were performed prior to the discharge operation.,,,,
UNKEYED-9494b7e7a16c,5,No signs were installed on the tank(s),,,,
UNKEYED-83285068ed56,1,Moisture build-up in the area of the transformers while the transformers were de­ energized is the most probable cause of the incident.,,,,
UNKEYED-83285068ed56,2,"The combination of ambient warmth and humidity with the condensation of the air conditioning may have caused weakness in the transformer's insulation, resulting in moisture build-up on the transformer coils.",,,,
UNKEYED-b17ffe0f7e65,1,The weather conditions accounted for 2 1/2 to 3 inches of heave that was not recognized/planned to result in the service loop snagging beneath the frac hose gooseneck and eventually being pulled out of the top drive.,,,,
UNKEYED-b17ffe0f7e65,2,The dynamic drop monitoring was not effective since there was no specific monitoring of the swinging service loop.,,,,
UNKEYED-95bcafaf5818,1,The choke line detached from the slip joint's gooseneck.,,,,
UNKEYED-95bcafaf5818,2,The slip joint's gooseneck connection of service.,,,,
UNKEYED-51be4b52a5cd,1,Approximately 950 psi of natural gas emanated from igniting on the hot surface of the line heater.,,,,
UNKEYED-51be4b52a5cd,2,"when the fire occurred. There were the broken grease fitting before Although a task-specific JSA was conducted before the hot bolting project began, critical hazards and mitigating measures were not identified from an expanded ""walk­ through"" of the area as follows: Failure to identify the fired line heater in the immediate vicinity as a potential hazard and shutting down the unit prior to initiating the job.",,,,
UNKEYED-51be4b52a5cd,3,"when the fire occurred. There were the broken grease fitting before Although a task-specific JSA was conducted before the hot bolting project began, critical hazards and mitigating measures were not identified from an expanded ""walk­ through"" of the area as follows: Hot bolting the flange in close proximity to the fired line heater.",,,,
UNKEYED-51be4b52a5cd,4,"when the fire occurred. There were the broken grease fitting before Although a task-specific JSA was conducted before the hot bolting project began, critical hazards and mitigating measures were not identified from an expanded ""walk­ through"" of the area as follows: Failure to isolate and depressurize the inlet valve prior to initiating the job.",,,,
UNKEYED-51be4b52a5cd,5,"when the fire occurred. There were the broken grease fitting before Although a task-specific JSA was conducted before the hot bolting project began, critical hazards and mitigating measures were not identified from an expanded ""walk­ through"" of the area as follows: Failure to identify the close proximity of the grease fitting as being a potential hazard.",,,,
UNKEYED-95bfc2ec46fe,1,Equipment Failure: The boost line valve began leaking at the flanged connection between the actuator and mud boost line valve as a result of: (a) The valves's retainer plate could not return to the open position as a result of a gate retention pin that became loose and wedged on the retainer plate. (b) The actuator rod failed at the gate connection during the attempt to hydraulically open the valve. (c) The actuator by valve body flange washed-out as a result of having two gaskets installed.,,,,
UNKEYED-95bfc2ec46fe,2,"Although the bonnet was assembled and tested successfully with two ring gaskets, normal assembly requires only one ring gasket",,,,
UNKEYED-95bfc2ec46fe,3,Little to no movement between the seal seat the gate from returning to the fail safe open,,,,
UNKEYED-95bfc2ec46fe,4,The additional hydraulic jack force used in flexed the flange enough to allow a leak path,,,,
UNKEYED-fcf9c5ad6000,1,"Although all indications point to the IP wearing a harness, MMS was unable to confirm that the IP was properly secured to specific anchoring points to prevent falling.",,,,
UNKEYED-fcf9c5ad6000,2,Unsafe conditions were created by: Stacking the riser pipe higher than the riser bay design resulted in being unable to properly secure the existing fall protection equipment.,,,,
UNKEYED-fcf9c5ad6000,3,Unsafe conditions were created by: Slippery/wet surface conditions may have contributed to the IP's fall.,,,,
UNKEYED-fcf9c5ad6000,4,Unsafe conditions were created by: The IP used poor situational awareness straps to the risers for lifting.,,,,
UNKEYED-fcf9c5ad6000,5,"Unsafe conditions were created by: The IP was standing/stepping on unsafe while using only the outside handrail for and/or task complacency while fastening the areas (ventilation hoods, toe boards, etc.) support.",,,,
UNKEYED-fcf9c5ad6000,6,"Unsafe conditions were created by: The work crew was not abiding by the company's written ""THINK"" plan to include: (a) 100% tie off, (b) getting caught between loads, (c) not utilizing enough personnel and (d) safety while working at heights.",,,,
UNKEYED-78a34e923027,1,Water build-up in the breaker broke down the insulation between phase A and phase B. This resulted in an arc flash caused by a short between the two phases.,,,,
UNKEYED-78a34e923027,2,The water build-up was due to a loose cable gland connection. This loose cable gland connector allowed water to enter into the junction box and migrate by gravity feed to the Topside Control Center breaker enclosure through the void inside the power breakers.,,,,
UNKEYED-e3833d3c6d26,1,The welding operation ignited the flammable material,,,,
UNKEYED-e3833d3c6d26,2,The cleaning crew's failure to clean the separator beneath the oil weir. from within allowed the build-up of flammable material trapped beneath the oil weir to remain in place.,,,,
UNKEYED-e3833d3c6d26,3,Onsite supervisory personnel's failure to perform a physical inspection of the separator allowed the flammable material trapped beneath the oil weir to go undected.,,,,
UNKEYED-e3833d3c6d26,4,The Operator's failure to continuously monitor the separator's confined space during welding operations prevented personnel from being aware of the flammable substance located within the separator.,,,,
UNKEYED-29886c866616,1,The gumbo box drain valve inadvertently left in overboard discharge.,,,,
UNKEYED-29886c866616,2,the open position resulted in the,,,,
UNKEYED-29886c866616,3,There was not a valve positioning procedure in place to ensure a proper fluid flow path.,,,,
UNKEYED-29886c866616,4,The lack of communication between the rig and boat crew members on the initiation of circulation from the frac boat resulted in a lack of monitoring by the Derrickman to ensure that returns were received.,,,,
UNKEYED-29886c866616,5,The improper fluid flow path was not observed as a result of both the pit volume totalizer and downstream shale shakers not being monitored.,,,,
UNKEYED-29886c866616,6,Use of a lockout/tagout program for the gumbo box drain valve could have resulted in the gumbo box valve being properly closed during the fluid transfer operation.,,,,
UNKEYED-29886c866616,7,A better understanding by the rig crew on specific valve terminology should have reduced the risk of an improper flow path through proper valve alignment.,,,,
UNKEYED-29886c866616,8,The volume of discharge could have been reduced if the crew members had monitored the operations subsequent to returning from their meal break.,,,,
UNKEYED-5772bf2d6142,1,"Operations personnel manually closed the incoming boarding SDV for pipeline segment No.13264 and relied on ""cascading"" to shut-in production from the satellite platform since the well is not equipped with remote shut-in capabilities. As pressure increased on the pipeline, the line parted as a result of the corrosion issues associated with the pipeline riser.",,,,
UNKEYED-5772bf2d6142,2,The section of the riser above the splashtron that ruptured had no protective coating.,,,,
UNKEYED-5772bf2d6142,3,Corrosion issues are a result of the lack of maintenance to the pipeline riser and associated components.,,,,
UNKEYED-5772bf2d6142,4,A level one inspection conducted on 9 November 2008 failed to identify the severity of pipeline riser Segment No.13264.,,,,
UNKEYED-5772bf2d6142,5,The review of Stone's electronic pipeline tracking system revealed the database was not being updated with critical information.,,,,
UNKEYED-5772bf2d6142,6,Leaving tie-wraps hanging on the pull-to-reset relays is an unsafe work practice and was observed during the on-site investigation of the satellite platform.,,,,
UNKEYED-5772bf2d6142,7,Bird droppings on the pull-to-reset relays activating in a timely manner.,,,,
WR-543-20091208-1300,1,Miscommunication resulted in the VDM Operator opening the VDM grippers prior to receiving confirmation from the Weatherford Operator engaged.,,,,
WR-543-20091208-1300,2,N/A,,,,
UNKEYED-e49f19e46ece,1,The 16-inch joint of casing fell from the VDM due to hoisting the joint with the VDM Guides while the VDM Gripper remained open.,,,,
UNKEYED-e49f19e46ece,2,Operator error resulting from a lack of communication Weatherford Operator.,,,,
UNKEYED-6b53104ffcb5,1,A damaged mud seal o-ring between riser joints eleven,,,,
UNKEYED-6b53104ffcb5,2,Extensive rig heave resulting from rough sea states.,,,,
UNKEYED-8ef4b7d7462e,1,A faulty check valve allowed oil to enter the sump,,,,
UNKEYED-8ef4b7d7462e,2,The sump caisson was not designed properly because caisson center well. it violates CFR 250 300(b)(4) which states that the sump system must automatically maintain oil at a level sufficient to prevent discharge of oil into offshore waters.,,,,
EC-194-20091219-1400,1,The CO boomed down beyond the dynamic load capacity the crane boom to the point of collapse.,,,,
EC-194-20091219-1400,2,"I. Poor job planning as a result of the following: of the crane, thereby stressing",,,,
EC-194-20091219-1400,3,"A 25 bbl tank with 15 bbls of KCL (total weight of approximately 11,380 lbs) was sent to the job site, with the crane's maximum static capacity of 10,530 lbs and the dynamic load capacity of only 8,415 lbs at a maximum boom angle of 81 degrees. The weight limitation of the crane was not discovered until several days into the job.",,,,
EC-194-20091219-1400,4,The CO failed to:,,,,
EC-194-20091219-1400,5,Familiarize himself with the crane's load chart and boom angle indicator.,,,,
EC-194-20091219-1400,6,Recognize the corroded fittings associated with the main load winch during the crane pre-use inspection. Interviews conducted by BOEM also determined that the leaking main hoist winch check valve plug distracted the CO from the crane controls and the dynamic load capacity was exceeded during the attempt to lower the tank back on the boat.,,,,
EC-194-20091219-1400,7,"Follow company Rule ""O"" SOP for crane operations as a result of lifting the load without the weight marked on the tank.",,,,
EC-194-20091219-1400,8,Follow API RP 2D guidance for maintaining a minimum of 5 full wraps required on the drum. II. The three different JSA forms presented to the BOEM inspector were generic in nature and lacked specific details pertaining to the job as follows:,,,,
EC-194-20091219-1400,9,"The section identified ""Precautions Taken"" on the crane-specific JSA was missing a check mark for load chart and rating.",,,,
EC-194-20091219-1400,10,"On a general JSA form, the section identified ""Required Safety Procedures & Equipment"" was missing check marks for Material Safety Data Sheet (MSDS) Review, Operating Procedure and Hearing Protection. The job did include handling chemicals, working around high noise equipment and other task that required personnel to be familiar with specific company operating procedures.",,,,
EC-194-20091219-1400,11,None of the JSAs mentioned anything regarding weight of the load or load limit of the crane.,,,,
GC-432-20241110-0145,1,Human error performance – The IP has less than one year experience offshore. The IP was unaware of the hazard that wave action presented that night. The IP followed neither the direction of his supervisor nor procedure by entering a secure area.,,,,
GC-432-20241110-0145,2,Work environment – Other weather influences were the rising sea states and the unpredictable risk of waves striking the stern of the rig.,,,,
UNKEYED-84a5c8b61625,1,The investigation concluded that the most likely discharge and resulting flash fire of the diesel,,,,
UNKEYED-84a5c8b61625,2,"The Operator failed to: Complete a JSA for the refueling operation, mitigations for each step of the operation. source of the ignition was a static during the refueling process. thereby not identifying the hazards and",,,,
UNKEYED-84a5c8b61625,3,The Operator failed to: Review the MSDS describing the hazards and safety precautions associated with diesel.,,,,
UNKEYED-84a5c8b61625,4,The Operator failed to: Ground the fuel nozzle and hose to operation.,,,,
UNKEYED-84a5c8b61625,5,The Operator failed to: Stop the #1 generator from running,,,,
UNKEYED-1e5efb5f4b8d,1,The Well A-1 actuator housing bolts blew off as,,,,
UNKEYED-1e5efb5f4b8d,2,N/A,,,,
UNKEYED-2e1d12dcec11,1,"The Crane Mechanics used fuel gas instead of air for AAG, resulting in the fuel gas being ignited from sparks during the hot work operation.",,,,
UNKEYED-2e1d12dcec11,2,The Operator did not properly walk out the job with the Crane Mechanics.,,,,
UNKEYED-2e1d12dcec11,3,"The JSA was not properly planned, since it did not identify the proper air connections, the fuel gas line was not marked, properly isolated and rendered inert before performing the hot work operation.",,,,
UNKEYED-2e1d12dcec11,4,"The JSA and Hot Work Permit stated that fire tarps were to be used on the top level, but there was no designated monitor should any hot slag, sparks or flammable debris land on the flowing wells in",,,,
GC-244-20100123-2145,1,Failure of the slip joint packing elements in both the outer and inner split packing assembly.,,,,
GC-244-20100123-2145,2,"Due to supply shortages, the packing elements were of the OEM.",,,,
GC-244-20100123-2145,3,Wear was noted on the slip joint inner barrel.,,,,
UNKEYED-5a02678380bb,1,"The flowline valve malfunctioned by failing to open while pumping drilling mud, thereby resulting in synthetic oil base mud overflowing from the pollution pan to the Gulf of Mexico waters.",,,,
UNKEYED-5a02678380bb,2,The mimic panel incorrectly indicated the flowline valve as being open although the valve was actually closed.,,,,
UNKEYED-5a69fdbfeb8e,1,"The accident occurred when the joint of drill pipe being lifted with the air tugger wedged between the top drive and the rig floor, then bowed out to strike the IP and cause his fall.",,,,
UNKEYED-5a69fdbfeb8e,2,The simultaneous operation's rhythm of the Derrickman hoisting one joint with the air tugger while the Driller lowered another joint with the block was dissrupted by the Driller answering the phone call.,,,,
UNKEYED-5a69fdbfeb8e,3,Possible fatigue and/or rushing to complete the operation was involved as a result of the accident occurring during the last 15 minutes prior to shift change.,,,,
UNKEYED-5a69fdbfeb8e,4,A design flaw with the air tugger's wire pipe being pulled too close into the rotary,,,,
EC-321-20100206-0630,1,"The use of plumber's plugs to isolate the production process suction piping's open flanges, common with the in-service reciprocating compresor, allowed gas to activate the gas detection system inside the compressor building.",,,,
EC-321-20100206-0630,2,"All personnel involved in the task failed to familiarize themselves with the company's Lock-out & Tag-out (LOTO) policy based on the information gathered from the JSA. The JSA recommendations to eliminate or reduce hazards stated to ""use blind flanges or plumber's plug to close the line"". However, the plumber's plug was not the correct device to isolate the process piping. The company's LOTO policy in Section",,,,
EC-321-20100206-0630,3,"10 states that ""when isolating pressurized systems, a positive method of isolation such as double block and bleed or blinding is required"".",,,,
EC-321-20100206-0630,4,There was a lack of Operator oversight in,,,,
EC-321-20100206-0630,5,The JSA did not adequately address hazard,,,,
SS-349-20100215-0625,1,Failure of the pump's bottom shaft bearing and silicone oil being ignited from a spark generated from the metal parts.,,,,
SS-349-20100215-0625,2,"Improper utilization of silicon for a case gasket, and up an undersized O-ring.",,,,
GC-469-20100219-1905,1,"Human error by the Crane Operator was evident from the Banksman and both Roustabouts reporting that there were no instructions given to boom up or swing the crane; however, the Crane Operator boomed-up resulting in striking the wind-wall.",,,,
GC-469-20100219-1905,2,Contributing causes include: An ineffective pre-job briefing since there was no consideration given to the proximity of the crane boom to the walkway around the mast.,,,,
GC-469-20100219-1905,3,Contributing causes include: An improper walk-through resulting from the Crane Operator not involving everyone in the walk-around.,,,,
GC-817-20100227-2140,1,The fire was caused by the molten spray from the cutting operations contacting the black pipe insulation of an air line.,,,,
GC-817-20100227-2140,2,Failure to remove or protect the flammable substance operations began.,,,,
UNKEYED-29bbcc04bcf1,1,Mud U-tubing from the pipe pushed the flow back elevators resulting in a drilling line backlash,,,,
UNKEYED-29bbcc04bcf1,2,The mud weight was not properly balanced and casing.,,,,
UNKEYED-29bbcc04bcf1,3,The slug was not pumped soon enough to assembly off center of the casing and pollution event. caused U-tubing out of the top of the balance the U-tube.,,,,
EC-346-20100310-0140,1,"An improperly designed oil pumping system subjected a ½ inch nipple to abnormally high vibration stresses causing the nipple, sensing line and a pipe to fail. According to API RP 14E, the wall thickness of the failed nipple was too thin to be used in hydrocarbon service that was subject to vibration. Consequently, the ½ inch schedule 80 nipple on the gas driven oil pipeline pump #1 developed a crack at the base of the threads and sprayed produced oil on the engine exhaust and ignited.",,,,
EC-346-20100310-0140,2,"The Operator utilized a schedule 80 thin wall ½ inch nipple on a hydrocarbon service line that was subjected to vibration, while the API RP 14E recommends a schedule 160 rated nipple.",,,,
EC-346-20100310-0140,3,The Operator failed to address the vibration issues in a timely manner.,,,,
EC-346-20100310-0140,4,The insulation barrier surrounding the expansion joint for the gas driven oil pipeline pump #1 engine exhaust was insufficient and did not adequately protect oil from contacting the hot surface.,,,,
540-20100312-1330,1,"Without a retainer pin, the swinging open door allowed the riser joint gooseneck assembly to slide upward due to tugger line tension, resulting in the kill line gooseneck at the termination joint to become disconnected.",,,,
540-20100312-1330,2,Rig supervisory oversight failed to: Ensure that the kill line was properly connected,,,,
540-20100312-1330,3,Rig supervisory oversight failed to: Follow prescribed make-up procedures.,,,,
EI-208-20100402-1322,1,Seizure of the blower allowed temperature and pressure and air box until the air box cover was blown off. Air to build inside the crankcase was able to enter the air box and mix with the hot fumnes to create the fire.,,,,
EI-208-20100402-1322,2,"This 1977 model engine, blower and air box cover service life (approximately 33 years).",,,,
WR-543-20100407-1600,1,The cause of this incident was that the valving shakers to the shaker dumps and then overboard.,,,,
WR-543-20100407-1600,2,was lined up inadvertently from the There was no written procedure discussed or work conditioning the mud during circulation.,,,,
WR-543-20100412-2000,1,The opening pressure of the ILT was set at 1100 which rendered the fail-safe system inoperable.,,,,
WR-543-20100412-2000,2,"psi (approximately 350 psi too high),",,,,
WR-543-20100412-2000,3,There were no specific procedure exists for running casing using the ILT.,,,,
WR-543-20100412-2000,4,The Operator of the ILT lacked adequate understanding of the equipment he was using (lack of training).,,,,
WR-543-20100412-2000,5,There was no documented maintenance recording system for the ILT.,,,,
EI-20100417-1500,1,The fire was caused by the molten spray from the tarp covering the 30 bbls of flammable liquid.,,,,
EI-20100417-1500,2,"cutting operation, contacting the",,,,
EI-20100417-1500,3,"Prior to any welding or burning operations being conducted, personnel failed to adequately assess the area and remove the",,,,
EI-20100417-1500,4,There was no welding Job Safety Analysis operations.,,,,
GC-338-20100422-0120,1,The cause of the incident was the failed seal,,,,
GC-338-20100422-0120,2,on the hydraulic pump. The contributing cause was the location of the oil to spray onto the Turbo Charger exhaust.,,,,
SS-202-20100426-1445,1,"After investigation, the probable cause of the incident was a boom cylinder failure due to a faulty weld.",,,,
SS-202-20100426-1445,2,N/A,,,,
SS-181-20100514-0730,1,The probable cause was a cut out dump valve on,,,,
SS-181-20100514-0730,2,the Heater Treater. The Operator failed to shut in all production and then try to correct upset in system.,,,,
VR-398-20100521-1600,1,"The probable cause of the incident was the propagating combustion reaction of the volatile vapors and air mixture within the headspaces of the tanks and the torch cutting operation, as a result of the vapors not being properly vented through the flame arrestor. Cursory evaluation of the flame arrestor indicated the presence of corrosion deposits and occlusion of the arrestor, resulting in insufficient venting of the volatile vapors and air mixture. The most likely scenario for the volatile vapor/air mixture resulted from the ""breathing"" of the tanks through the thief hatch. This breathing allowed gas to escape during hot daytime hours and allowed air to enter the tanks during the cooler nighttime hours.",,,,
VR-398-20100521-1600,2,N/A,,,,
UNKEYED-90601dfd1ef7,1,The welder utilized a cutting torch to cut into rendered free of flammable contents.,,,,
UNKEYED-90601dfd1ef7,2,process piping that had not been Human error by the welder as a result of the following: Poor judgment in that the operation was performed without recognizing the hazard of the process piping not being rendered free of flammable contents.,,,,
UNKEYED-90601dfd1ef7,3,"process piping that had not been Human error by the welder as a result of the following: Failure to follow recommendations to eliminate or reduce potential hazards specified in the JSEA (i.e. ""Before cutting on pipes, drill and check with gas meter, have pipe open ended, cold cut if necessary, and cut away from body""). Furthermore, either of the following or a combination of these contributed to the incident: a) The company representative on board at the time of the incident failed to ensure that the construction crew adhered to company policy/procedures, specifically to control fluids and gases as stipulated on page 13 of the Lockout/Tagout procedures. b) The Job Safety Environmental Analysis (JSEA), signed by personnel on the date of the accident, failed to specifically address draining and flushing lines before",,,,
UNKEYED-90601dfd1ef7,4,process piping that had not been Human error by the welder as a result of the following: * * * * * PROPRIETARY * * * * * * cutting. c) The three crew changes in the week of preparatory work could have resulted in poor communication and the resulting incomplete hazard analysis and lack of corrective action t aken taken prior to the incident.,,,,
UNKEYED-bb49745cc61c,1,"The malfunctioned PSV allowed the pressure to relieve hose, resulting in ESD by the platform Operator.",,,,
UNKEYED-bb49745cc61c,2,Unknown malfunctioning of the PSV.,,,,
UNKEYED-8d01e9556a6d,1,A construction worker utilized an electric band saw had not been rendered free of liquid hydrocarbons.,,,,
UNKEYED-8d01e9556a6d,2,Human error by all parties involved as a result of to cut into process piping that the following: Poor judgment in that the cutting operation was performed without recognizing the hazards of the process piping not being rendered free of hydrocarbon before making the cut.,,,,
UNKEYED-8d01e9556a6d,3,Human error by all parties involved as a result of to cut into process piping that the following: Failure to adhere to written procedures stipulated in the company Lockout/Tagout procedures combined with the deficient JSA allowed critical safety hazards to be overlooked. The JSA form failed to address task specific hazards and mitigating safety measures.,,,,
EI-354-20100807-1747,1,The CD placed his left hand in a pinch point on the inadvertently increased cable tension that resulted finger of his left hand being smashed and partially,,,,
EI-354-20100807-1747,2,"cables of air tugger #3, where he in the index, middle and ring severed by the tension.",,,,
EI-354-20100807-1747,3,"Air tugger #1 was positioned opposite air tugger #3; therefore its control configuration acted in reverse. This contributed to the CD's hazardous operation of air tugger #3 as he had become accustomed to the ""opposite configuration"" used in air tugger #1.",,,,
EI-354-20100807-1747,4,Reviewing the safety hazards of the operations could have created better awareness that contributed to the CD'S injury.,,,,
EI-354-20100807-1747,5,The operator's failure to properly supervise construction operations in a safe manner to protect both equipment and employees.,,,,
UNKEYED-4a9bf3ad9070,1,Overheating triggered the high temperature alarm resulting in a fire/damage to the air compressor,,,,
UNKEYED-4a9bf3ad9070,2,"on the air compressor unit #1, unit. The overheating and resulting fire covering the air compressor with a into the unit.",,,,
EW-826-20100830-1000,1,A ring gear failure on the auxiliary winch.,,,,
EW-826-20100830-1000,2,Initial stress cracking of the rig gear from possible previous overloading.,,,,
UNKEYED-65308a371622,1,Preliminary review of the incident indicates the oil leaked overboard due to the crack located in the fire tube at the face plate penetration's sealed weld.,,,,
UNKEYED-65308a371622,2,Preliminary review of the incident indicates fatigue have contributed to the crack.,,,,
UNKEYED-bd641454b87e,1,"Installing the spool piece before removing the plumber's plug allowed gas to accumulate in the 12"" HP vent line. Verifying there was no pressure in the 12"" HP vent line should have been done before removing the plumber's plug. Two separators (MBD 2120 and MBD 2110), that included needle valves down stream of the relief valves, could have been used to verify pressure.",,,,
UNKEYED-bd641454b87e,2,"Prior to removing the plumber's plug, personnel failed to adequately assess the area for all possible hazards as follows: The welding machine ground clamps should have removed to a safe location, and verifying no gas pressure prior to removing the plumber's plug.",,,,
UNKEYED-bd641454b87e,3,"Prior to removing the plumber's plug, personnel failed to adequately assess the area for all possible hazards as follows: As per Contango's Lock Out Tag Out Procedure (Section 1.3 pg.3) Double Block and Bleed - Block valves should seal effectively and be secured with a chain and lock. The Contango operators used flagging tape to indicate the valves were closed and failed to verify that gas accumulation was present due to valves not sealing effectively.",,,,
UNKEYED-bd641454b87e,4,"Prior to removing the plumber's plug, personnel failed to adequately assess the area for all possible hazards as follows: Miscommunication occurred between construction personnel as to when the spool piece should have been installed. The spool piece should have been installed after the plumber's plug was removed.",,,,
UNKEYED-3d1590fb646f,1,"The cutting process produced hot, incandescent, molten slag that was ejected from the cutting tool with sufficient quantity and force to reach the inside wooden area of the office building wall through a gap between the fiberglass exterior covering and the building's wood framing.",,,,
UNKEYED-3d1590fb646f,2,"The severity of the fire could be contributed to the following: The JSA did not properly classify wood combustible materials that were located immediately adjacent to the torch cutting operation. Proper classification of the wood combustible materials as a Class ""A"" fire hazard would have shown that the cooling and quenching effects of water are of first importance. The initial response to the subject fire included the use of dry chemical type fire extinguishers that are better suited to fight a Class ""B"" type fire, such as flammable liquids, where the blanketing effects of the dry chemical are essential. The twelve (12) thirty pound and one wheeled unit dry chemical type fire extinguishers were used initially with no",,,,
UNKEYED-3d1590fb646f,3,The severity of the fire could be contributed to the following: * * * * * PROPRIETARY * * * * * * success.,,,,
UNKEYED-3d1590fb646f,4,"The severity of the fire could be contributed to the following: A water hose was specified in the JSA to be available to eliminate or minimize the fire hazard, but it was not initially in the immediate area of the fire; nor was it capable of delivering the pressure and volume required to effectively fight the fire. The fire was not extinguished until the attendant vessel used its fire water monitor to spray large quantities of water on the fire.",,,,
UNKEYED-3d1590fb646f,5,The severity of the fire could be contributed to the following: No shielding was present to prevent the hot slag from entering the wall of the building.,,,,
UNKEYED-3d1590fb646f,6,The severity of the fire could be contributed to the following: The fire was not observed until well position of the torch cutter precluded,,,,
EB-164-20100929-1845,1,"When the 9-5/8"" x 13-3/8"" casing strings were cut, a small volume of gas and liquid hydrocarbons trapped in this annulus was released and migrated to the Gulf waters.",,,,
EB-164-20100929-1845,2,The primary casing cement operations performed during drilling were the only annuli barriers. Additional remedial annular plugs being set during the initial TA could have acted as additional barriers to prevent annular flow through possible cement channeling.,,,,
UNKEYED-4d4f278c1ab0,1,"The bottom clean-out valve on the gas buster was in the open position while trying to establish fluid returns from well A-1. A significant amount of gas was allowed to vent from beneath the gas buster and in close proximity where personnel were working, thus creating a hazardous atmosphere. Furthermore, the wind direction across the deck of the lift boat caused the migration of gas vapors to the diesel engine associated with the pump unit. Gas vapors entered the engine through the air intake breather resulting in the backfire and subsequent flash fire.",,,,
UNKEYED-4d4f278c1ab0,2,"Human error by all parties involved resulting from failure to: Perform a thorough JSA and identify all potential hazards, including vented gas causing a hazardous atmosphere and potential ignition sources.",,,,
UNKEYED-4d4f278c1ab0,3,"Human error by all parties involved resulting from failure to: Utilize Stop Work Authority (SWA) to stop the job when operating in an abnormal condition; i.e., venting gasses through the gas buster clean-out valve.",,,,
UNKEYED-4d4f278c1ab0,4,Human error by all parties involved resulting from failure to: Locate and stage equipment in a an ignition source(s).,,,,
UNKEYED-4d4f278c1ab0,5,Human error by all parties involved resulting from failure to: Shutdown the pump unit's diesel gas buster when the initial engine,,,,
UNKEYED-7466eb877c3a,1,Gas vapors from the open drain system were ignited by the hot slag material during the production drain trough removal operation. The fire originated at the drain trough down piping at the unbolted flange where the drain piping connected to the open drain system going to the sump.,,,,
UNKEYED-7466eb877c3a,2,"The open drain was not properly isolated with Hot Work being performed adjacent to the open drain system as follows:(1) the open drain at the flange should have utilized a positive method of isolation such as blinding off the open drain piping prior to overhead Hot Work and (2) the open drain should have been properly flushed to eliminate the vapors prior to pulling the trough. The JSA specifically addressed the need to ""insure drains are plugged and all hazards have been removed from area"".",,,,
UNKEYED-7466eb877c3a,3,The JSA did not discuss the additional potential hazards of the gas-operated platform.,,,,
UNKEYED-17591ff980ab,1,Properly utilizing the fall protection that was available during wireline operations would have prevented this incident. The WO failed to recognize the fall hazard associated with the wireline operations being performed.,,,,
UNKEYED-17591ff980ab,2,"The WO's supervisor, overseeing the WO attempting to loosen the tree cap, failed to properly supervise the operation by not requiring fall protection. As per Apache's JSA, using fall protection was reviewed under the Potential Hazards of each Step and Recommended Hazard Control prior to the incident.",,,,
UNKEYED-17591ff980ab,3,"When the proper hazard analysis was not performed and a possible falling risk remained, the wireline crew failed to utilize the Stop Work Authority.",,,,
UNKEYED-698f7a0b942b,1,"After repairing the compressor, it ran for approximately 7 ½ hours before the fuel valve stuck open allowing exhaust gas to be pushed back into the fuel line. The fuel line coupling separated at the union due to excessive heat and vibration, resulting in ignition of the fuel line contents.",,,,
UNKEYED-698f7a0b942b,2,The fuel line consisted of hard piping in lieu of,,,,
UNKEYED-abadb99e97f2,1,The direct cause of this incident could not be determined during the investigations conducted by the BOEMRE Lafayette District and the Lessee. There was not enough sufficient evidence to determine a direct cause.,,,,
UNKEYED-abadb99e97f2,2,"Possible causes due to shock loading the crane prior to the incident or boom failure due to stress could not be confirmed. The Lessee will pursue their investigation in an attempt to determine the exact cause. In the event the Lessee or BOEMRE Lafayette District can determine the exact cause, the 2010 will be revised and reposted.",,,,
UNKEYED-29809623ff7f,1,The mud pit return line was improperly aligned into the open overboard dump line since the crew members were unaware that the transfer line from the reserve pits to the active pits were tied into the overboard dump line.,,,,
UNKEYED-29809623ff7f,2,Improper communication between the cleaning crew and drilling crew in order for the drilling crew to check the lines prior to conducting operations.,,,,
UNKEYED-29809623ff7f,3,Improper direction by Floor Hand to the Driller since the Floor Hand was not aware of overboard valve placement.,,,,
UNKEYED-29809623ff7f,4,Improper overboard valve position with skillets removed from the pits and dump lines as a result of the improper communication between parties.,,,,
UNKEYED-29809623ff7f,5,Improper labeling and identification of the valves.,,,,
UNKEYED-29809623ff7f,6,The modification of the transfer line from the reserve pits to the active pits being tied into the dump line had not been indicated on the rig's mud flow schematic.,,,,
UNKEYED-29809623ff7f,7,The procedure used for pumping directly from the reserve pit did not follow a restriction for unlocking the transfer line valve.,,,,
HI-5-20240711-0730,1,Human Performance Error- Inadequate knowledge of equipment operation: Engagement of Winch with Handle in Place: The primary cause of the incident was the engagement of the powered winch while the winch assist handle was still inserted and in bypass to allow winch to operate.,,,,
HI-5-20240711-0730,2,Failure to Follow Safety Protocols: The failure to remove the winch assist handle before engaging the powered winch directly led to the incident. It was learned after the initial investigation that a safety device was bypassed allowing winch to operate.,,,,
HI-5-20240711-0730,3,Human Performance Error- Not aware of Hazards:,,,,
HI-5-20240711-0730,4,"Lack of Job Safety Analysis (JSA): The task was considered routine, and no JSA or Job Safety and Health Analysis (JSHA) was conducted. The weekly checklist did not include the actual operation of the winch.",,,,
HI-5-20240711-0730,5,"Improper Equipment Handling: The winch assist handle was not removed prior to engaging the powered winch in bypass, leading to the incident.",,,,
SM-6636-1100,1,"LIST THE PROBABLE CAUSE(S) OF ACCIDENT, Pressurized fluids were trapped between the flow safety valve and a downstream header block valve. Once the flowline connection was partially opened, the trapped fluids were free to escape. Interviews with wellbay operators indicate that the system does not provide the means by which to bleed down trapped pressure downstream of the flow safety valve.",,,,
SM-6636-1100,2,"LIST THE CONTRIBUTING CAUSE(S) OF ACCIDENT, Worker may not have followed proper procedure or safe work practice in electing to remove threaded studs by cutting rather than unscrewing. Cutting of the studs may have resulted in a sudden separation at the connection flange rather than a gradual separation which may have been achieved by unscrewing. Worker may not have obtained prior approval from job foreman to replacement if threads were galled action.",,,,
UNKEYED-9a0160f1ea78,1,"The original charger's old nickel cadmium batteries internally shorted, resulting in melting of the battery casings and ignition of the released battery fluids.",,,,
UNKEYED-9a0160f1ea78,2,"The original battery charger's breaker was turned back to the ""on"" position without platform personnel being made aware of the breaker's status. Without this knowledge, a competent platform person could not ensure proper method of battery charger isolation and discharge of the storage energy.",,,,
UNKEYED-9a0160f1ea78,3,The old unused cadmium batteries were not inspected to ensure they were in good condition and being maintained in accordance with the manufacturer's recommendations.,,,,
UNKEYED-c6dcd98f450b,1,The IP did not take steps to clear the panel of gas accumulations or prevent sparks due to static or friction between the wrench and pump.,,,,
UNKEYED-c6dcd98f450b,2,Dry weather provided favorable conditions for static,,,,
UNKEYED-af35dbc9da75,1,A voltage spike of the Motor Side B Power Stack,,,,
UNKEYED-af35dbc9da75,2,"resulted in Thruster shut down. Investigation is still pending; however, the Transistor Drive Circuit Card in the Circuit Concentration Bay is believed to be the have Stack voltage spike.",,,,
UNKEYED-02284f005a77,1,"Electrical failure originating from the secondary make-up box of the transformer located above the bulk oil treater MBK 1070. Ignition was likely from overheating or an arc in exposed wiring, found where the DC connects to the diode bank in the secondary make-up box.",,,,
UNKEYED-02284f005a77,2,The fire spread as a flexible conduit line from the transformer leaked transformer dielectric fluid to the bulk oil treater located below the transformer. It is believed that vibration/metal fatigue caused the flexible conduit line to leak.,,,,
UNKEYED-c6f628663ff9,1,"Findings show that one fuel regulator had a small hole in the diaphragm which allowed fuel to enter the combustion area of the cylinder, burn off a section of the piston and cause gas to enter through the base of the breathers.",,,,
UNKEYED-c6f628663ff9,2,The engine fire resulted in burning a section of the enter the crank case base breathers.,,,,
UNKEYED-fb9c492d32e4,1,An electrical arc (pop) in the electrical wiring caused a short between the generator windings which lasted long enough to catch the insulation sleeve to the heater wire on fire.,,,,
UNKEYED-fb9c492d32e4,2,"The worn insulation between the winding wires sleeve, allowing the short to catch fire.",,,,
ST-291-20110429-0900,1,"The crane operator was not paying attention, and did not provide enough slack in the crane's fast line resulting in the crane wire parting.",,,,
ST-291-20110429-0900,2,The crane operator failed to maintain 2 feet of separation between the elevators and drill pipe box to keep the load off of the,,,,
UNKEYED-298d1d54daad,1,"By allowing the facility to stay online and only isolating the piping with a block valve, hydrocarbons were allowed to accumulate in the 2-inch piping upstream of the plumber's plug. A needle valve located near the condensate return tank (MBJ 1802) and upstream of the plumber's plug could have been utilized to prevent any pressure accumulation.",,,,
UNKEYED-298d1d54daad,2,"Prior to installing the plumber's plug, personnel failed to adequately assess the area for all possible hazards as per Merit Energy Company, LLC policies as follows: Welding and Burning Procedure - Welding and burning operations shall not be conducted on an OCS platform or structure until the ""Welding and Burning Safety Checklist"" specified in the Welding and Burning Safe Practices and Procedures Plan is completed.",,,,
UNKEYED-298d1d54daad,3,"Prior to installing the plumber's plug, personnel failed to adequately assess the area for all possible hazards as per Merit Energy Company, LLC policies as follows: Checklist of Operations Procedures Simultaneous Production and Major Construction Operations - The wellhead master valve shall be closed, and the process train depressured anytime burning and/or welding is performed in the immediate vicinity of the wellhead(s) and/or pressured equipment or piping.",,,,
UNKEYED-298d1d54daad,4,"Prior to installing the plumber's plug, personnel failed to adequately assess the area for all possible hazards as per Merit Energy Company, LLC policies as follows: Lock Out/Tag Out Plan was not utilized.",,,,
EI-175-20110510-0930,1,"The CO inadvertently pulled the auxiliary line lever while attempting to raise the load line, and then failed to react quick enough to prevent the auxiliary ball from making contact with the boom tip.",,,,
EI-175-20110510-0930,2,"The Apache Corporation's Offshore Crane and Maintenance Program Section 6.0 (d) Operating Practices, Procedures, and Requirements indicated that required crane safety devices (i.e., anti-two blocking mechanisms on hoist lines, high and low boom angle shutdowns) shall be functioning properly whenever the crane is in operation. The anti- two block system was inspected after the incident and failed to stop the auxiliary line once the anti-two block was actuated.",,,,
UNKEYED-27e150785bf0,1,"Once the (stop work) command was given, the barge foreman and the welding foreman should have assessed the hazards before boarding the bridge. The bridge was never disconnected from the nylon straps; therefore, the bridge would still be considered a load. Personnel should not have boarded the bridge until all safety concerns were addressed. As per Section 7.3.2 of the ( ) Lifting Operations manual, ""The PIC shall ensure that lifting operations are conducted in strict accordance with the approved lift plan. Any variation from the agreed lift plan shall",,,,
UNKEYED-27e150785bf0,2,"* * * * * PROPRIETARY * * * * * * result in the job being made unsafe, stopped and reassessed to ensure continued safe operation.""",,,,
UNKEYED-27e150785bf0,3,"All non-essential personnel and third parties should have been kept out of any area where they might be struck or crushed by a load or lifting equipment if it swings, shifts or falls. No one should stand or work directly below a load, and visible barriers may be required.",,,,
UNKEYED-27e150785bf0,4,"As per the manufacturer representitive ( ) of the nylon straps that were severed, ""The nylon straps should not have been utilized for this particular lift and the straps were cut due to being shock loaded on the edges of the angle iron supporting the bridge.""",,,,
UNKEYED-27e150785bf0,5,Loose piping and other unsecured objects were not removed to prevent injury to personnel or damage to equipment.,,,,
UNKEYED-27e150785bf0,6,Personnel utilized flashlights due to lack of lighting in the load area. The DO should have been postponed until daylight hours or until sufficient lighting could have been obtained.,,,,
UNKEYED-27e150785bf0,7,"As per Section 7.2 of the ( ) Lifting Operations manual, the load shall possess sufficient integrity to withstand the forces applied during lifting. The method of rigging the load shall ensure that it remains stable and cannot tip, slip swing or fall unintentionally. The crane operator should not have lowered six to eight feet of slack on the slings. A shock load to the nylon straps could have been prevented if the slings would have had a foot or less of slack.",,,,
UNKEYED-3e0634a006cb,1,"* * * * * PROPRIETARY * * * * * * The Heater Treater's fire tube developed a pin hole which allowed the produced oil to leak inside the fire tube. The oil, under normal Heater Treater system pressure of 20 to 30 psi, sprayed in the vicinity of the main burner and resulted in an intense fire which destroyed the Heater Treater fire box and associated components on the left side of the unit.",,,,
UNKEYED-3e0634a006cb,2,The inspection techniques utilized to inspect the fire tube in January 2011 failed to identify the thin spot on the tube.,,,,
UNKEYED-3e0634a006cb,3,The failure to repair or replace the extremely corroded and pitted section of the fire tube led to the fire.,,,,
UNKEYED-255996055f9d,1,The IP did not fully understand the scope of the work; one bolt at a time during the hot bolting operation.,,,,
UNKEYED-255996055f9d,2,"The IP: Did not sign the job safety analysis (JSA); therefore, removed more than",,,,
UNKEYED-255996055f9d,3,The IP: Was working alone without notifying control room personnel; and,,,,
UNKEYED-255996055f9d,4,The IP: Did not deenergize the equipment before performing maintenance.,,,,
MI-20110613-1045,1,The CO failed to provide enough slack to the fast line down the load that was hooked to the main load line. so the crane could safely lay,,,,
MI-20110613-1045,2,There was no weight indicator on fast line or,,,,
UNKEYED-cf445ebc1a8e,1,"The WPT bladder has a Schrader valve located on the top side of the tank. As per the manufacturer, ""The WPT bladder should be depressurized by utilizing the Schrader valve prior to disassembling any piping or fittings."" This incident could have been prevented if the WPT bladder were depressurized prior to disassembling the discharge piping.",,,,
UNKEYED-cf445ebc1a8e,2,There were no manuals from the manufacture located on the facility for the employees to access information needed to disassemble the WPT in a safe manner. The employees stated they were not familiar with the design of the WPT.,,,,
UNKEYED-cf445ebc1a8e,3,"A JSA was prepared to change the filters on the fresh water system, but not on the removal of the WPT. If a JSA would have been completed on the removal of the WPT, the depressurizing of the bladder would have been discussed in order to eliminate the hazard.",,,,
UNKEYED-127c3a98a347,1,A valve connecting the mud holding pit (F pit) to the inadvertently left open.,,,,
UNKEYED-0c3cc0769f1f,1,"As a result of excessive pressure (>2,000 psig) in the flowline, the screw type 1-inch stainless steel ball valve's body could have expanded and slipped the threads in the body, resulting in the separation of the valve and the subsequent pollution incident. As a result of the valve separation, the coupon extractor/holder became a projectile. The coupon extractor/holder hit the underside of the heliport shearing off its bleed valve and then landing on the deck below. Once the pressure and fluids inside the flowline were released into the atmosphere, the fuel gas pressure became depleted causing the well to shut-in.",,,,
UNKEYED-0c3cc0769f1f,2,"As a result of not adequately analyzing the task at hand, all required equipment (e.g.; adequate pressure rating of the isolation ball valve) needed for proper installation of the coupon extractor was not secured and identified on the JSA form.",,,,
UNKEYED-0c3cc0769f1f,3,"Management of Change (MOC) procedures were not implemented when the decision was made to install the coupon extractor on the existing flowline. Therefore, the platform contract Operators installed a 2,000 psi ball valve in the FA3 flowline segment rated at 5,000 psi. As a result the ball valve could have been exposed to the well's SITP of 3,900 psi.",,,,
UNKEYED-0c3cc0769f1f,4,Hall Houston did not provide the platform contract Operators with instructions for proper installation of the coupon extractor on the FA3 well's flowline segment.,,,,
VR-369-20110731-0749,1,"The auxiliary hoist cable has a safe working load limit of 6,000 pounds; therefore, was overloaded to the point that the cable parted when the crane operator lifted a basket of scaffolding material weighting 8,740 pounds.",,,,
VR-369-20110731-0749,2,Human error by all parties involved in the lifting operations to include:,,,,
VR-369-20110731-0749,3,Failure to accurately identify load weight to ensure that no overload condition existed.,,,,
VR-369-20110731-0749,4,Failure to follow safe lifting policies and procedures set forth by all parties involved in the lifting operations.,,,,
VR-369-20110731-0749,5,Physical appearance of the internal cable revealed lack of lubrication and preventative maintenance.,,,,
UNKEYED-c6be28170278,1,The Driller's lack of awareness of how many and what size drill pipes and how many stands were being pulled; expecting that there was one more stand of 90' drill pipe.,,,,
GB-72-20110829-0545,1,The hatch cover was left in the open position prior to the IE's attempt to board the top crane deck. w as the first time the IE was to operate this particular crane.,,,,
GB-72-20110829-0545,2,The IE was unaware of a hatch door being present while performing the crane pre-use inspection.,,,,
GB-72-20110829-0545,3,The IE should have had a proper orientation and made aware of any hazards prior to boarding the crane. -,,,,
GB-72-20110829-0545,4,"Due to the time of the incident, the IE did not locate the hatch cover due to insufficient lighting. There are no lights located on the second or top deck of the crane. The lights located on the bottom deck do not have any effect on the upper decks of the crane. A Safe Work Permit was done prior to doing the pre-use inspection which indicates on the Physical Hazard section of the permit (poor lighting) as a hazard. The poor lighting hazard was addressed on the permit but not corrected on the crane. As per 33 CFR Section 142.87 openings in decks accessible to personnel must be covered, guarded, or otherwise made inaccessible when not in use. The manner of blockage shall prevent a person's foot or body from inadvertently passing through the opening. On 22 May 2007, the lessee experienced an incident involving an employee falling through a hatch opening on the same type of crane structure but at a different facility. Recommendations were given on personal protective equipment but no recommendations were given on alleviating the open hole condition. (see attachment 8) This was the first time the IE was to operate this particular crane. There was no orientation or any warning of hazards given to the IE prior to boarding the crane.",,,,
UNKEYED-a0ede35dde91,1,"The eline wire rope was corroded and brittle which indicated the possible lack of wire rope preventative maintenance; therefore, the most probable cause of the electric line wire rope failure.",,,,
UNKEYED-a0ede35dde91,2,* * * * * PROPRIETARY * * * * * *,,,,
UNKEYED-a0ede35dde91,3,LIST THE CONTRIBUTING CAUSE(S) OF Human error by all parties involved,,,,
UNKEYED-a0ede35dde91,4,Failure by the eline operator to,,,,
UNKEYED-a0ede35dde91,5,ACCIDENT: in the lifting operation: recognize the excessive corrosion on the wire rope.,,,,
UNKEYED-a0ede35dde91,6,Failure by the Apache representative to to Modify (APM).,,,,
UNKEYED-a0ede35dde91,7,Failure by the Apache representative to with the workstring as defined in the JSA.,,,,
UNKEYED-a0ede35dde91,8,"This job required a lift and setting of required a worker to be within the 9 foot mitigation not addressed in the JSA. follow the approved Application for Permit include the lifting and setting of the CIBP a CIBP weighing 1000 pounds. It also fall radius of the lift, with this hazard",,,,
UNKEYED-a0ede35dde91,9,There was not any JSA risk assessment of the make the lift.,,,,
UNKEYED-6bea45fed113,1,"The injured persons did not fully bleed the pump's discharge pressure resulting in the discharge manifold being blown from the pump, resulting in the oil based mud and debris striking the two employees in their eyes and upper extremities.",,,,
UNKEYED-6bea45fed113,2,"A JSA was not completed prior to performing the work; therefore, all hazards were not identified;",,,,
UNKEYED-6bea45fed113,3,LOTO practices were not used before disassembly of the pump;,,,,
UNKEYED-6bea45fed113,4,There were no operating procedures for disassembly of the pump; and,,,,
UNKEYED-6bea45fed113,5,There was no bleed valve installed on the discharge line to allow for depressurization of the line and pump.,,,,
UNKEYED-ae6f15692e68,1,A mechanical failure of the pressure regulator allowed over-pressure on the vessel to relieve pressure.,,,,
UNKEYED-ae6f15692e68,2,"Pressure relief through the vent line allowed fluid to the atmosphere and entered GOM waters, because the drain line on the vent boom was clogged with debris.",,,,
UNKEYED-ae6f15692e68,3,The operator did not verify that the drain line on the vent boom was clear and fully operational.,,,,
UNKEYED-ab1367b7f872,1,"The employee failed to realize the mechanical lock was in the unlocked position when he gave approval to make the lift, resulting in the mechanical lock not engaging; thus, allowing the riser to become unlatched from the RHT.",,,,
UNKEYED-ab1367b7f872,2,"Although the JSA covered making sure that RHT was properly engaged and that the safety latch was in place before trying to move the riser, actual verification was not done prior to making the lift.",,,,
UNKEYED-ab1367b7f872,3,ENSCO's Level III procedure made no mention of the mechanical lock; only the hydraulic lock which engages the RHT but does not lock it onto the riser.,,,,
UNKEYED-ab1367b7f872,4,No testing of the seals was required either by the ENSCO's Level III procedure or by the OEM's pre-run checklist.,,,,
UNKEYED-ab1367b7f872,5,Neither the JSA nor the procedure covered the importance of making sure the riser was properly seated in the RHT before proceeding,,,,
UNKEYED-327dacb1e875,1,The crew did not identify the potential for stored pressure trapped beneath the wireline tool string prior to removing the night cap from the well.,,,,
UNKEYED-327dacb1e875,2,The well was bled off prior to installing the wireline lubricator without inititating the Management of Change (MOC) process.,,,,
UNKEYED-327dacb1e875,3,"No Stop Work Authority (SWA) was initiated when personnel used a 36"" pipe wrench to remove the night cap that was designed to be removed by hand torque.",,,,
UNKEYED-327dacb1e875,4,No Job Safety Analysis (JSA) was completed and discussed prior to conducting the operation.,,,,
SM-130-0330,1,The CB inadvertently touched the kick plate with the high speed rotating head of the blasting nozzle to cause the injury to the CB's right foot. The CB failed to maintain a safe distance between the kick plate and the rotating head on the blasting nozzle.,,,,
SM-130-0330,2,The blasting nozzle produced 30 to 35 pounds of resistance that assisted in the CB losing control of the blasting nozzle once the rotating head came in contact with the kick plate.,,,,
WC-294-0100,1,"The void surrounding the tubing hanger contained an undetermined amount of pressure with no attempt to bleed it to zero pressure before the start of the wellhead dismantling; therefore, the most probable cause of the tubing hanger.",,,,
WC-294-0100,2,Human error by all parties involved in the initial,,,,
WC-294-0100,3,Failure to have proper tools to ensure that all bled to zero. the tubing pin being ejected from dismantling of the wellhead: sections of the wellhead could be,,,,
WC-294-0100,4,Failure to bleed all sections of the wellhead to zero.,,,,
WC-294-0100,5,Failure of supervisory oversight to ensure all workers were properly trained on proper techniques for backing the tubing hanger pins,,,,
WC-294-0100,6,The Job Safety Analysis (JSA) failed to recognize dismantling of a wellhead.,,,,
616-20111101-1513,1,"The CLO disconnected a 2-inch union on the gas line and then manually activated the starter switch to open the Amot valve. Once the Amot valve opened, 150 psi of uncontrolled gas pressure caused the piping to swivel in a pinwheel motion and struck the CLO fracturing his ribs.",,,,
616-20111101-1513,2,"The following oversights contributed to the incident: a) The Company's policy to control hazardous energy was not followed as mandated on pages 2, 18, 19, 33, 34, and 35 of W&T's Health and Safety Manual. b) The JSA was not performed as indicated on page 15 of W&T's Health and Safety Manual. c) Without a task-specific JSA prior to troubleshooting, the starter gas supply pressure, the associated hazards and mitigating measures were not identified. d) Failure to thoroughly diagnose the possibility of a malfunctioning starter and/or Amot valve by first installing a pressure gauge to observe the pressure on the line between the Amot valve and the starter, prevented the CLO from safely ruling out the theory of insufficient supply pressure applied to the starter.",,,,
UNKEYED-d8aaf432f6bc,1,The probable cause of the leak was a seal failure on the boost line connection. Analysis conducted by Stress Engineering showed scratches on the pin surface was the most likely cause of the primary leak.,,,,
UNKEYED-d8aaf432f6bc,2,The scratches on the pin surface were caused by the pin repeatedly striking against hard particles embedded in the seals. The hard particles in the seals may have been pulled out of the coating.,,,,
MC-109-20111229,1,Negligence (No Stop Work Order Issued) - A contractor employee intentionally discarded the wireline jarring tool overboard,,,,
MC-109-20111229,2,LIST THE CONTRIBUTING CAUSE(S) OF Human Error - A contractor employee procedures.,,,,
SM-6524-20060812-1000,1,The cause of the accident was human error. An valve.,,,,
SM-6524-20060812-1000,2,"All of the operators have been trained on the process is not frequently done and an SOP did above are in close proximity to each other at is used in the re-route procedure, and the production deck drain tank (T-72) and the sump storage vessels (V-il and V-72).",,,,
6862-20081212-0750,1,"LIST THE PROBABLE CAUSE(S) OF ACCIDENT, Employee picked up the wrong hatch cover - there were with no hole under it, and the other covering a hole. picked up the cover and stepped forward into the hole",,,,
6862-20081212-0750,2,"LIST THE CONTRIBUTING CAUSE(S) OF ACCIDENT' Rig crew had finnished on a well, and witnesses finish clean up prior to days off.",,,,
SM-10-0420,1,Removing the grating from the containment skid The opening should have been made inaccessible CFR 142.87.,,,,
SM-10-0420,2,The wind screen covering the open hole made it condition.,,,,
SS-189-20240313-2010,1,Human Performance error – failure to identify degraded wire rope on stinger.,,,,
SS-189-20240313-2010,2,Equipment failure – Stinger was degraded inside the crimp on the wire rope making it difficult to identify.,,,,
SS-189-20240313-2010,3,"Management systems – the Preventive Maintenance Daily checklist, Permit to Work, and JSA all failed to specifically list inspecting the stinger.",,,,
UNKEYED-db53a54fcc91,1,The probable cause(s} of this accident are the failure & LSL to close the LCV.,,,,
UNKEYED-db53a54fcc91,2,A contributing cause was heavy polymer deposits (from float arms in V-33.,,,,
UNKEYED-db53a54fcc91,3,. LIST THE ADDITIONAL INFORMATION: N/A,,,,
EI-120-20120715-0730,1,"A. The CWH attempted to adjust the wire while the wireline unit was still running and the wheel was in motion. Precaution of clamping the wire before attempting to adjust it had not been taken. B. The CWH crossed the hazard tape barrier and entered a prohibited area without proper authorization, in violation to the wireline company's policies. ­ C. The wireline company failed to document and review the potential risks and hazards associated with the wireline operations taking place on the Job Safety Analysis (JSA).",,,,
EI-120-20120715-0730,2,A. The CWH had not attended the company's wireline school and was not aware of certain company policies. B. At the time that the CHW struck his ring finger with a wrench the wireline crew had worked shifts averaging 18 hours in violation of the wireline company's maximum allowable work hours of 12 hours. C. The Wireline Supervisor failed to give incident.,,,,
WR-29-20240216-1335,1,Human performance error – failure to identify the hazard of the impact zone getting smaller as the job continued. IP turning his back to a suspended load.,,,,
WR-29-20240216-1335,2,Communication – IP failed to listen to riggers when told to move out of the pinch point. SWA was not used.,,,,
WR-29-20240216-1335,3,Human performance error - Not following the hazards and mitigations of the JSA utilized. IP not maintaining situational from the riggers. IP was supervising the casing tally.,,,,
6659-20040216-0748,1,"LIST THE PROBABLE CAUSE(S) OF ACCIDENT, Operator believes root cause of incident to be that the well s relatively new ESP may 1 have grounded-out dOwnhole, which sent an over-amperage signal to the VSD and transformer. The VSD, in turn, sent a power spike to the pump causing the ove~­ amperage to occur. Circuit breaker(s) did not trip, which allowed amperage spike to travel to and overheat the unit and subsequently start an transforme~/VSD ele~trical fire.",,,,
6659-20040216-0748,2,"LIST THE CONTRIBUTING CAUSE(S) OF ACCIDENT, -Circuit breaker(s) did not operate properly which allowed over-amperage to flow to transformer component of VSD and result in -Smoke and/or fire was not readily detected no alarm sounded to alert operator nor was overheating and subsequent fire. electri~al by fire detection devices. ConseqlJ.ently, automatic shut in of platform initiated.",,,,
UNKEYED-fb1700c9389f,1,LIST THE PROBABLE CAUSE(S) OF ACCIDENT' Corroded 1 inch pipeing of£ of 4 inch mian line to HP,,,,
UNKEYED-fb1700c9389f,2,"LIST THE CONTRIBUTING CAUSE(S) OF ACCIDENT, Corroded 1 inch pipeing of£ of 4 inch to HP sump",,,,
GC-478-20240118-1303,1,Human Performance Error – Did not verify the makeup turn was not adequate. Did not visually inspect connection to ensure it wasn't cross threaded.,,,,
GC-478-20240118-1303,2,Communication – The JSA and running procedure did not indicate when to install the anti-rotation keys.,,,,
GC-478-20240118-1303,3,Supervision – The contractor’s trainee signal for the casing to be repositioned in the slips without the Contractor’s supervisor verifying the connection.,,,,
MC-778-20230218-2127,1,Human error: The Driller was not following the Work Instructions for Tripping Operations Pull Out of Hole (POOH) No. WI-TH-DR-OPS-096 and inadvertently opened the pipe elevators before the PRS was attached to the 4-1/2 inch drill pipe.,,,,
MC-778-20230218-2127,2,Poor communications between the Driller and the AD - with the AD that the PRS had secured the stand of pipe,,,,
LA-6912-20230618-1835,1,Human performance error – Inattention to task.,,,,
LA-6912-20230618-1835,2,Management system – Inadequate management of change procedure.,,,,
LA-6912-20230618-1835,3,Communication – No response to initiation,,,,
UNKEYED-ee2f98980408,1,"Pumping of fluids into the well to maintain sufficient hydrostatic (as overbalanc~ required by Venoco's approved APM and field rules) was discontinued for a long ~nough period of time to allow an underbalanced well condition to develop. Consequently, the well kicked, allowing formation fluids to enter the well and migrate uphole.",,,,
UNKEYED-ee2f98980408,2,"The lockdown pin was completely removed from the wellhead assembly, circumventing the BOP system.",,,,
UNKEYED-ee2f98980408,3,The well was not closely monitored for flow during this critical phase of the operation. The inadequate monitoring resulted in inattentiveness to developing ~ell conditions by workover/completion crew members.,,,,
UNKEYED-ee2f98980408,4,"Poor work practices and bad judgment combined with inadequate and/or inappropriate training with respect to performing the unsafe and precarious operation of remo~ing the lockdown pin from the wellhead assembly in a well with open perforations and an active, known thief zone.",,,,
UNKEYED-ee2f98980408,5,Operator failed to provide sufficient direction to contract employees on adhering to approved procedures contained in the,,,,
SS-224-20240720-2200,1,Supervision – The operator did not enforce the use of push poles to guide suspended loads as per their policy - Safe Operating Practices (TSOP-PCD-50) Material Handling.,,,,
SS-224-20240720-2200,2,Human error performance – IP used his hands to guide the load instead of using push poles. Human error performance - IP was not aware of the pinch between the crane’s cable and sheave.,,,,
SS-224-20240720-2200,3,Communication – The JSA’s were inadequate because they did not identify the hazard of blind lifts or the pinch point between the crane’s cable and sheave.,,,,
HI-547 B-20230105-1730,1,Build up and clogging of the Still Column Vent pipe.,,,,
HI-547 B-20230105-1730,2,None,,,,
AC-857-20230103-2217,1,"Failure of the Universal Power Supply, UPS-7560",,,,
AC-857-20230103-2217,2,None,,,,
EI-251-20170720-1645,1,BSEE's incident investigation revealed the primary cause of the incident was attributed to the drill line unspooling from the drawworks drum.,,,,
EI-251-20170720-1645,2,"The possible contributing causes identified by BSEE for this incident included: 1) failure to prevent the drill line from developing slack on the drawworks drum’s bottom layer and unseating from the LeBus grooves; 2) failure to include enough drawworks drum drill line wraps to ensure proper seating on the drum grooves; 3) failure to install the properly sized drill line cable clamp; 4) failure to install proper drum drill line clamp bolts; and 5) failure to identify the hazards in the pre-job job safety analysis of controlling a lighter traveling block load while maintaining drill line tension so that the drill line was properly seated in the drum grooves on the drawworks drum. The OIM, who was operating the traveling block at the time of the incident, was performing similar travel block operations that the driller performed the day before with the same light block load. The differences in the traveling block operator’s capability to operate the drawworks brake to ensure proper fast line tension could have been a contributing cause of the incident. Currently there is no evidence for this case. While evidence does exist that proper slacking on and off the drum spool during the time of the incident would cause the line to loosen its grip around the circumference of the drawworks drum thus exerting excessive load against the drum drill line clamp.",,,,
SM-50-20120620-1255,1,The IP was not aware that the mud pit floor grating had been removed when he returned from getting supplies nor were there any engineering controls such as a physical barrier to warn him that the mud pit floor grating had been removed.,,,,
SM-50-20120620-1255,2,"The PTW was not adheard to by the third party contractor, - The JSA was not implemented by the third part contractor, - The JSA did not address the need for continuous communication. -",,,,
WR-758-20230321-0230,1,Human Performance Error: Not following proper procedures,,,,
WR-758-20230321-0230,2,Personnel failed to install the slings on the riser flanges.,,,,
WR-758-20230321-0230,3,n/a,,,,
GC-389-20240422-0815,1,Personnel training – The IP was not properly trained on wireline tools.,,,,
GC-389-20240422-0815,2,Communication – There was inadequate communication between the helper and the IP about the hazard of lifting the tools too high and the pinch point between the C-plates.,,,,
GC-389-20240422-0815,3,Human performance error - The helper was not,,,,
LB-6438-20120922,1,LIST THE PROBABLE CAUSE(S) OF ACCIDENT',,,,
LB-6438-20120922,2,Improper PPE: Cable Technician did not utilize (voltage gloves) as required on his JHA (JSA),,,,
LB-6438-20120922,3,"A special test procedure was available to the cable technician, however was not. available onsite.",,,,
LB-6438-20120922,4,"LIST THE CONTRIBUTING CAUSE(S) OF ACCIDENT,",,,,
LB-6438-20120922,5,"Trainning: Although being a level 3 Certified Technician, did the technician need more skill/knowledge to perform the task or to respond to conditions or to understand system response?",,,,
LB-6438-20120922,6,Situation not covered on procedure. Did the procedure fail to address all situations that reasonably could have been expected to occur during the completion of the procedure?,,,,
LB-6438-20120922,7,No safe work permit issued for the task.,,,,
EI-364-20120622-0900,1,"The electrical system on the water maker malfunctioned and failed to allow the 5 amp breaker to trip, which allowed the water in the Clean/Flush to become energized. We are waiting on El Paso's findings as to why this occurred. At the time of the incident, the CE failed to isolate the power source to the water maker. If this would have been a scheduled event, the Lock/Out procedures would have been implemented as per El Paso's Energy Isolation Blue. Also, the manufacturer's recommendation states that when performing maintenance control panel switches to the Off Position.",,,,
EI-364-20120622-0900,2,N/A,,,,
6683-20040725-1700,1,Mr. did not follow the ExxonMobil 100% tie off requirement while atteIIipting to reposition himself.,,,,
6683-20040725-1700,2,Mr. and Mr. did not discuss three-chain falls. It is speculated that the pipe three chain falls attached to the pipe spool were the need to keep tension on the spool would not have shifted if all under tension at the time of the incident.,,,,
LA-6658-20060727-1200,1,Improper use of crane.,,,,
LA-6658-20060727-1200,2,No written procedures for flushing out a stuck rod pump. the untethered whipline boom tip section causing Failure to address maintenance issues with the weight indicator in a timely manner. Toolpusher•s instructions to the crane indicator during the pull.,,,,
SM-6374-20080627-1233,1,"PXP investigated the accident with the assistance of experienced, expert offshore helicopter pilots. PXP has determined that pilot error the accident. In light cau~ed of where the Pilot Flying was hovering the helicopter over the pad, and where the rig was located near the pad, the Pilot Flying should not have made the right pedal turn placing the tail rotor just a few feet from the rig and from two I-Beams prot~uding from the rig. Even under the light winds at the platform at the time ofthe accident, this maneuver allOwed .too little margin for error. The Pilot Flying misjudged the landing or otherwise had a momentary loss of situational awareness after placing the helicopter in a position with little margin for such error, which, in tum, caused the pilot to maneuver the helicopter into a position where the tail rotor blades atruck the structure. In addition to the loss of situational awareness discussed above, the pilot not flying• s response to the emergency increased ri.sks during the accident. The standard throughout aviation is to remain seated w In addition to the loss of situational awareness discussed above, the Pilot Not Flying 1 s response to the i.th the seatbelt, harness or restraint device securely fastened, until all motion has stopped. The Pilot Not Flying should not have removed his seat belt until the helicopter had ceaaed all motion. By releasing the seatbelt early, the Pilot Not Flying was thrown on top ofthe Pilot Flying, thereby pinning the Pilot Flying•s arms. The Pilot Not Flying put himself in an awkward position, where it became difficult to expedite the necessary engine/fuel lever shutdown. The crew did manage to shut doWn the engine, fuel and battery without fire.",,,,
SM-6374-20080627-1233,2,LIST THE CONTRIBUTING CAUSE(S) OF ACCIDENT',,,,
WR-51-20240328-2200,1,Communication – Instructions not understood - The roustabout on the lifting team did not communicate the open hole to all members of the Subsea BOP team after removing the damaged hatch cover. Human Performance Error - Failure to implement corrective actions for missing hatch cover.,,,,
WR-51-20240328-2200,2,Equipment Failure – Flawed Equipment Design - Poor design of the hinge connecting the hatch cover to the work platform. The hinge separated from the hatch cover causing the hatch cover to become a possible dropped object. Human Performance Error - Failure to put barriers in place prior to removal of hatch cover.,,,,
WR-51-20240328-2200,3,Work Environment – PPE - Failure to tie off fall protection.,,,,
WR-51-20240328-2200,4,Management Systems – No Hazards analysis - The IP failed to conduct a proper hazard assessment to identify the open hole prior to conducting BOP maintenance.,,,,
MC-243-20120429-1400,1,"The transfer of an electrical plug from a 20 amp receptacle to a 30 amp receptacle, ­ without first turning off the breaker, resulted in an electrical flash that caused the ­ plug and cord to explode.",,,,
MC-243-20120429-1400,2,Lack of complete understanding of all the safety procedures.,,,,
MC-243-20120429-1400,3,Lack of proper PPE for the task at hand. ­,,,,
MC-243-20120429-1400,4,Not being properly trained and not familiar with the equipment.,,,,
MC-243-20120429-1400,5,Nabors Offshore's glove and FRC policy was not followed. ­,,,,
GC-468-20230531-0900,1,Human Performance Error: Inadequate Knowledge of Equipment Operation: the safety catch within the I’D was bypassed when the excess rope was laid to the front of the device as opposed to below or behind it and it was not ran through a directional carabiner per manufacturer recommendations.,,,,
GC-468-20230531-0900,2,"Personnel Training: Personnel not trained/poorly trained: The Southey Supervisor failed to install the releasable anchor system per the manufacuters' recommendations: he did not thread the rope correctly through the anchor point I’D on RAT #2’s working rope, he did not pass the excess working rope from either of the anchor ID’s through directional carabiners to ensure function of the anti-error catch and did not tie-off all of the anchor devices to prevent accidental lowering of RAT’s. The Southey Supervisor then walked away from the work site and left three Level 1 RAT’s unsupervised conflicting with IRATA training guidelines. RAT’s #1 and #2 did not conduct independent assessments of the anchor point installations prepared by their Southey Supervisor and neither function testing nor buddy checks were completed on each other’s personal RA kits. The IP did not comply with his training and mechanically bypassed his personal backup Shunt device by grabbing and maintaining grip on his rope protector above the backup device. The Southey Supervisor did not follow his training or manufacturer recommendations: The rope was threaded through the I’D descender device improperly, the I’D was not secured/tied-off to prevent accidental lowering of workers per manufacturer recommendations, the IP did not install the rope pro properly- had he done so, his fall would have been minimal as his back-up device would have functioned- he did not secure the rope pro tightly. MMS - FORM 2010 EV2010R Despite his training on use of the Shunt, when RAT #2 began to free fall as his working rope slipped through the improperly threaded I’D at the anchor point, he maintained grip on the unsecured rope pro above his Shunt which mechanically bypassed and defeated the Shunt continually as it slid down his safety rope.",,,,
GC-468-20230531-0900,3,"Work Environment: Other weather influences: Wet Work Conditions- Pictures and video taken during CVI captured images of the wet work conditions created by the SWRC discharge leak continuously cascading water 90’ below to the waterline. The Southey NDT RA crew made an effort to stay dry by donning waterproof, hooded coveralls and attempting to seal them off by taping their pant legs around their leather boots. The Southey RAT’s reported they experienced burning mouth and suffered discomfort.",,,,
GC-468-20230531-0900,4,LIST THE ADDITIONAL INFORMATION:,,,,
GC-468-20230531-0900,5,"PROPERTY DAMAGED: 2 ropes, 2 ID's(descenders), 2- Shunt backup devices, 1 harness, rope protector, wire slings, nylon work sling, pulleys, multiple anchor point connections including locking carabiners",,,,
GC-468-20230531-0900,6,"ESTIMATED AMOUNT (TOTAL): $12,000",,,,
GC-52-20240531-0100,1,Human error performance – Failed to identify the hazard of leaving the stinger on the big block when not in use.,,,,
GC-52-20240531-0100,2,Supervision – The PIC failed to address the concerns of CO-2 when lowering the boom without lowering the main block.,,,,
GC-52-20240531-0100,3,Communication – Stop Work Authority (SWA) was not used when the boom was lowered without lowering the big block at the same time. SWA was not used after the damaged boom was identified.,,,,
GC-52-20240531-0100,4,Management systems – The JSA was inadequate. It did not hanging up on boom.,,,,
LA-6709-20040131-1410,1,Elongated screw on outer breaker switch cover manually threaded into the breaker assembly and electrical lead producing an arc.,,,,
LA-6709-20040131-1410,2,"to transfer power from jet water pump cover linkage, so crew member removed reinstalling the cover, the outer the breaker causing an electrical system and shut down the platform. became misaligned it was being ~hen came into contact with a live -Incompatible electrical equipment: Breaker switch handle was too short to be properly engaged by outer switch cover. -Incompatibility of the equipment resulted in the unsafe work practice of opening the breaker panel door and removing the outer switch cover to access and reset breaker. In this instance, the work was performed by",,,,
EI-338-20170531-1410,1,The rigger inadvertently placed himself in a hazardous location allowing the tool house and a handrail to be a possible pinch point hazard.,,,,
EI-338-20170531-1410,2,"As per Wood Group’s GOM-SWP-Cranes and Lifting Equipment Standard 4.10 Signals states signals to operators shall include use of the hand, voice and/or audible method. Means of transmitting the signals (direct line of sight, radio, etc.) must be suitable and appropriate for the site conditions. Signals between the Crane Operator and designated signal person shall be discernible, audibly or visually at all times. The Crane Operator shall not respond unless signals are clearly understood. A signal person must be provided for the following situations:",,,,
EI-338-20170531-1410,3,The point of operation is not in full view of the operator,,,,
EI-338-20170531-1410,4,The view is obstructed when the equipment is,,,,
EI-338-20170531-1410,5,The operator or the person handling the load specific concerns traveling determines it is necessary due to site,,,,
EI-338-20170531-1410,6,As per Island Operating’s Safe Practices Manual,,,,
EI-338-20170531-1410,7,"45 Crane movement shall always be governed by a standard set of signals, transmitted to the operator by a signalman.",,,,
EI-338-20170531-1410,8,"47 Signalers should be provided with a clearly identifiable marking, such as a conspicuous arm band, hat, glove or other badge of authority.",,,,
EI-338-20170531-1410,9,"48 Where visual or audible signals are inadequate, telephone or portable radio communication should be used.",,,,
EI-338-20170531-1410,10,As per Island Operating’s Job Safety Analysis dated watch out for your co-worker to insure that they are line of fire before making lift from the platform.,,,,
GI-22-20120304-1900,1,A. The Captain lost control of the vessel before the crane.,,,,
GI-22-20120304-1900,2,A. A failure in communications may have,,,,
SM-132-20120707-1415,1,"The IE should have utilized a better suited cutting e.g., a pair of snips. The kitchen knife should not duty. The lessee failed to lack of experience. device to remove the tie wrap; have been used to attempt to remove the tie wrap.",,,,
SM-132-20120707-1415,2,"With only three months experience, the Lessee failed training/mentoring.",,,,
GI-43-20120708-1030,1,A. Failure to check for thermal pressure. The line caused the plumbers plug to eject.,,,,
GI-43-20120708-1030,2,"A. Improper JSA for the job scope that failed build-up of thermal pressure in the 20"" to identify potential hazards. B. Failure to communicate with the GOM Shelf Consultant who could have overseen safety. C. Failure to read the warning labels for plug as the JSA should have directed. D. Personnel standing in a hazardous area that the JSA should have precluded.",,,,
AC-337-20241012-0540,1,"Policy Violation: During the operation, the IP repositioned himself from the safe observation area and onto the upper fingerboards to help mitigate the failure of the fingerboard latch. In doing so, the IP did not have the proper working-at-heights permit which would have informed all other rig workers to his location and would have shut down operations of the PRS while he was on the fingerboards, as per Noble’s stated safe-work practices.",,,,
AC-337-20241012-0540,2,Situational Awareness: There was a lack of situational awareness by multiple parties.,,,,
AC-337-20241012-0540,3,"As he was working on the malfunctioning latch, the IP lost focus on the PRS movements and was taken by surprise as the arm extended towards him. 2) Although the CCTV footage of the upper fingerboards was visible on the display monitor during the entire operation, all five crew member in the drill shack either failed to recognize the existing hazard, failed to recognize that having a worker on the fingerboards during operations was a hazard, or failed to stop work after recognizing that the hazard. 3) For the 10 minutes prior to the accident, the rig floor crew members either failed to look up and recognize the hazard, failed to recognize that having a worker on the fingerboards was a hazard, or failed to stop work after recognizing the hazard.",,,,
AC-337-20240927-0200,1,Human performance error. IP’s body position and grip did for the rolling of the vessel while landing the load.,,,,
AC-337-20240927-0200,2,Environmental. The deck of the support vessel was wet loading operations.,,,,
AC-735-20231208-0845,1,"Communication – Inadequate communication between IP and Driller, Driller was not aware of the IP’s position on the port pipe racker upper access platform. IP failed to notify the drill floor that they were moving from the port carousel access platform (IP’s expected location) back to the port pipe racker upper access platform and into the line of fire",,,,
AC-735-20231208-0845,2,"Management systems – Inadequate hazard analysis and engineering control. The TDS has a 3-inch clearance between TDS and the handrail of the port pipe racker upper access platform. An engineered barrier preventing access to the port pipe racker upper access platform during operations or until safe clearance is granted would have prevented the injury from occurring. Also, this hazard was not identified on the JSA used by the IP for drifting the drill pipe.",,,,
AC-735-20231208-0845,3,"Communication – There was no posted or visible warning, caution or moving equipment advisories on the port pipe racker upper access platform identifying the moving equipment hazard. This may have given the IP a false sense of safety while on the port pipe racker upper access platform.",,,,
AC-857-20241003-0900,1,Internal component failure. Buss Insulator.,,,,
AC-857-20241003-0900,2,Age of equipment,,,,
AC-857-20230904-1320,1,"Equipment Failure, inadequate equipment testing and inspection. Lessee failed to operate the degasser tank outlet and the master dump valves thus verifing their ability to seal and prevent an unauthorized discharge prior to transferring fluid to the degasser tank.",,,,
AC-857-20230904-1320,2,"-Human Performance Error. Complacency, H&P crew only used visual indicators to verify the valves were closed. Residual fluid in the bottom of the degasser tank (below the obstructed outlet valve) made it appear to the H&P crew that the degasser tank outlet valve was closed and containing fluid. The master dump valve for the processing pit was locked in the closed position but not fully sealed due to trapped debris. The trapped debris in both valves allowed the degasser tank to incur a slow leak while being filled but was not immediately perceptible. -Management of Change Procedures. The active pits master dump valve has a skillet installed to prevent unintentional discharge. The processing and reserve do not have a skillet installed at the master dump unintentional release.",,,,
AC-857-20230621-0920,1,Failure of the Variable Frequency Device-A.,,,,
AC-857-20230621-0920,2,None,,,,
AC-25-20260224-1715,1,Mechanical failure - deck stopper bolts.,,,,
AC-25-20260224-1715,2,Management Systems - Inadequate hazard analysis of the hardware.,,,,
BM-3-20250805-0740,1,"Equipment Failure - Inadequate preventative maintenance/Inadequate equipment repair- the crane’s aux hoist system was operated with documented mechanical deficiencies including excessive wear and degradation of the aux boom tip sheave and bearing assembly. These conditions were identified during prior inspections and confirmed during post-incident evaluations. Though this theory was not proven with certainty, the degraded condition of these components may have contributed to abnormal hoisting system behavior and is considered a primary factor in the incident.",,,,
BM-3-20250805-0740,2,Equipment Failure - Flawed equipment design or construction: The ATB’s design allows for wire rope to snag and foul on the striker plate.,,,,
BM-3-20250805-0740,3,Communication - Inadequate Coordination Between Operator & Maintenance Contractor: The investigation identified inconsistencies in communication and documentation between Cantium and third-party maintenance providers regarding the status of repairs to the aux sheave assembly. The absence of documented repair tracking or confirmation may have contributed to the unresolved condition and future incidents if not corrected.,,,,
BM-3-20250805-0740,4,"Supervision - No or inadequate supervision: Inspection findings identified multiple areas of degradation within the crane system, including the aux sheave, bearings, and other components. The continued operation of the crane under these conditions indicates insufficient oversight and prioritization of maintenance activities. The Cantium HESC signing the Deficiency Summary on April 15, 2025, indicates he was made aware that crane components were out of compliance with both manufacturer recommendations but also in contradiction with Cantium’s Crane Policy and prescribed service limitations of vital crane components.",,,,
BM-3-20250805-0740,5,Management Systems - Inadequate emergency procedures: Review of the timeline of events regarding the evacuation of the IP reveals miscommunication and a lack of emergency response preparedness. There were several examples exhibited within the timeline of the evacuation that strongly suggest the IP’s evacuation was delayed due to failure to plan for these events prior to the incident. BSEE recommends Cantium review their emergency plans and procedures event of future evacuations.,,,,
MP-42-20221108-0645,1,Human Performance Error: Improper hand placement - IP’s hand from a more severe The IP did not avoid a pinch point when he placed his left hand on the transporter the platform crane.,,,,
MP-42-20221108-0645,2,Human Performance Error: Inexperience doing the was not familiar with the precautions for crane transporters designated area of the platform.,,,,
EB-602-20250521-1345,1,Supervision,,,,
EB-602-20250521-1345,2,Pre-job safety meeting with all personnel should have mentioned the use of the 1/4- ton lever hoist and the intention to use the crane boom as an anchor point.,,,,
EB-602-20250521-1345,3,Prior to crane operations starting back up a safety walk through of the crane and boom could have been performed. According to Anadarko policy the crane operator is only required to perform a pre-use once a day. The prior to shutting down crane operations for lunch. Communication,,,,
EB-602-20250521-1345,4,Contract scaffold builder supervisor should have its intention to use the crane boom as a connection out and tagged out,,,,
EB-602-20250521-1345,5,The crane operator who seen personnel working mentioned to them he was going to lift the boom out pre-use had already been performed notified the lifting authority of point. Should have been locked under the crane boom should have of the cradle.,,,,
EB-602-20250521-1345,6,"Toolbox table talk, JSP, and JSEA's does not mention the use of a lever hoist to be used as a cantilever. Personnel Training",,,,
EB-602-20250521-1345,7,Third party personnel are unfamiliar with lessee,,,,
EB-602-20250521-1345,8,"standard operating procedures. Simultaneous Operations (SIMOPS) - Contract scaffold builder, crane operations, and rigging operations were ongoing in a relatively small area. Additional rigging - According to lessee policy, permission is required before attaching any items to the crane boom. Crane pre-use inspection - Only one-pre-use inspection is required for the day. There is no requirement to perform additional pre-use inspections if the crane is left unattended. Standard Operating Procedures - Insufficient knowledge and training among third-party personnel resulted in a failure to understand established standard operating procedures.",,,,
EC-338-20251207-2330,1,"Equipment Failure Corrosion-related equipment failure at the base of the Dry Oil Tank. The presence of stainless steel tubing in direct contact with the tank shell, without isolation or an isolation barrier, created additional conditions for vibration induced wear of the tank coating. Work Environment This failure occurred in a salt-rich environment where moisture accumulated at the tank bottom, accelerating metal loss.",,,,
EC-338-20251207-2330,2,"Equipment Failure The containment berm, which allowed oil to migrate beyond intended barriers. Work Environment High winds at the time of the incident further multiple deck levels.",,,,
EC-71-20230525-0115,1,"Human Performance Error: The wellhead casing valve was not fully closed during the zinc bromide pumping operation, which allowed approximately 79 barrels to flow from the 1 13/16-inch outlet into the environment.",,,,
EC-71-20230525-0115,2,Inadequate knowledge of the casing valve: The wellhead casing valve was previously opened by a different member of the drill crew other than the Floorhand attempting to close it during the operation. The position of the 1 13/16-inch outlet was beneath the deck and not visible to the Floorhand while attempting to close the casing valve. The wellhead casing valve was not visible at the time of pumping operations. Not monitored.,,,,
EI-158-20230921-0100,1,Human Performance Error – Improper body placement: The IP sat on an unsecured wellhead that rolled onto his left leg causing the injury. Equipment Failure - Improper storage of equipment: The wellhead was laid on the deck in an unstable and unsecured position.,,,,
EI-158-20230921-0100,2,Supervision – Not providing adequate tools for equipment for tasks: There were no available scrap baskets on location to contain and/or secure the load once on the lift boat’s deck.,,,,
EI-158-20230921-0100,3,"Management System – Inadequate hazard analysis/ written job procedures: Personnel failed to identify job steps, identify hazards, and mitigate hazards on a JSA for the wellhead removal.",,,,
EI-158-20230921-0100,4,"Work Environment – Other weather influences: - Over time, it is possible that movements of the lift boat due to weather conditions and crane activity could have caused the wellhead to shift between the time it was laid on its side and the time it rolled on the IP’s leg.",,,,
EI-252-20230820-1000,1,Inadequate knowledge of equipment operation: The crane operator failed to center the auxiliary line over the construction supply box as well as applying enough force on the crane boom to shear the jib bolts once the construction supply box was wedged.,,,,
EI-252-20230820-1000,2,Inadequate communication: The rigger failed he realized the construction supply box was,,,,
EI-259-20251003-1230,1,No or inadequate job instructions provided: The lessee conducted a pre-job safety meeting with the operators and the construction crew but failed to review the locations of where the crews would be located during the decommissioning operations. Having knowledge of where the crews were located would have prevented the contractors from cutting the pipe that caused the injury.,,,,
EI-259-20251003-1230,2,"Management Systems, no or inadequate hazard analysis/written job procedures. The Job Safety Analysis (JSA) failed to address the hazards of due to stored energy.",,,,
EI-259-20231013-1745,1,"Human Performance Error: Even though the Job Safety Analysis discusses the use of a safety harness, the CM failed to wear the safety harness when reaching over the handrail or climbing on the gantry to remove the brace.",,,,
EI-259-20231013-1745,2,"No Supervision: During the duration when the CM and the helper were replacing the winch, platform operators did not monitor or visit the site where the incident occurred.",,,,
EI-259-20231013-1745,3,"Management Systems: Inadequate hazard analysis - Also, the CM failed to conduct a stop work authority and readdress the Job Safety Analysis when the decision was made to remove the brace.",,,,
EI-259-20231013-1745,4,Work Environment: The guard rail onto the gantry was 38,,,,
EI-307-20250317-2140,1,Communication: Inadequate job instructions provided. The floor hand acting as the banksman in the elevated hydraulic jack basket and the crane operator had insufficient communications during pipe lifting operations.,,,,
EI-307-20250317-2140,2,Management Systems: Inadequate job procedures. The procedure for pulling out of the hole with work string was not followed since there was limited hand communication and no radio communication between the floor hand and crane operator.,,,,
EI-307-20250317-2140,3,Management Systems: Inadequate hazards analysis. The deck area where the 3.5-inch pipe was been laid down was very small and not clearly defined in the hazard analysis. There were no barriers in place to define a safe zone or identify potential hazard locations.,,,,
EI-307-20250317-2140,4,Supervision: Inadequate supervision. The Supervisor did not ensure that the floor hand acting as the banksman in the elevated hydraulic jack basket was identified with a fluorescent green safety vest or hard had net as stated in the Tubing Pulling Procedures.,,,,
EI-307-20250317-2140,5,Equipment failure: Inadequate preventive maintenance. The elevators that were being used for the 3.5-inch pipe lift were not properly inspected and maintained. The elevator’s latching mechanism malfunctioned and the manufactured spring that holds the elevator’s latch closed was worn and very,,,,
GB-215-20250717-0752,1,Human Performance Error: Not aware of hazards. There were no safety restraints or whip checks installed on the high-pressure hose as recommended in Oil States Standard Operation Procedure for Flow Iron and Restraint Installation.,,,,
GB-215-20250717-0752,2,"Equipment failure: Flawed equipment design. Laboratory analysis of the 0.375-inch high-pressure hose determined that the hose ruptured due to chlorides corrosion coupled with rapid oxidation of wire reinforcement strands. In addition, the 3000-psi rated hose was only in use for about 6 months and was only pressured to 2400 psi when it failed.",,,,
GB-215-20250717-0752,3,Equipment failure: Inadequate preventive maintenance. There was no preventative maintenance program to evaluate the hose’s operational condition. The hose failed due to internal corrosion along with rapid oxidation of the wire mesh reinforcement strands.,,,,
GB-215-20250717-0752,4,Equipment failure: Inadequate equipment inspection. There is no place.,,,,
MC-773-20250716-1810,1,"Equipment failure: Flawed equipment design or construction- The TLQ was designed and constructed to be used as temporary housing for overflow workers. The TLQ remained on site for twenty-three years after original installation, which it was not originally intended for.",,,,
MC-773-20250716-1810,2,Equipment failure: Inadequate equipment inspection- The TLQ inspections that were performed were visual inspections only. The visual-only inspections were inadequate for determining the integrity of the tab welds.,,,,
MC-773-20250716-1810,3,Equipment failure: Inadequate structural support- The welded tabs used for connection points to the TLQ lacked the proper welded surface to provide proper support. There was lack of support under the south side of the stairway which could have contributed to additional stress and structural vulnerability of the failed section.,,,,
MC-773-20250716-1810,4,"Work environment: Environmental factors- Due to the age of the TLQ and the natural marine environments, corrosion had become present on the tab welds, along with age- related fatigue.",,,,
MC-773-20250716-1810,5,"Management Systems: Improper management system for inspections- Due to the construction method and original intent of the TLQ being temporary, improper visual inspection criteria were used. Visual inspection failed to identify hazards associated with the structural support of the TLQ and walkways.",,,,
VR-38-20250712-1530,1,"Human Performance Error: Inattention to task diameter of 11.00 inches, was installed onto ring, which had a diameter of 11.44 inches.",,,,
VR-38-20250712-1530,2,"Human Performance Error: Inattention to task working load limit of the casing lifting pin section of stuck casing with the main hoist,",,,,
VR-38-20250712-1530,3,LIST THE CONTRIBUTING CAUSE(S) OF,,,,
VR-38-20250712-1530,4,Human Performance Error: Inattention to task,,,,
VR-38-20250712-1530,5,"A spool riser, which had an inside the wellhead on top of the exposed seal",,,,
VR-38-20250712-1530,6,The crane operator exceeded the safe while attempting to lift the second which was not free to be lifted.,,,,
VR-38-20250712-1530,7,ACCIDENT: The two-part sling was not installed correctly onto the casing lifting pin. The D-rings the casing.,,,,
WR-249-20250428-1022,1,"Equipment Failure: Capacity of Equipment Exceeded/Inadequate Equipment Used - The incident would have been prevented had the correct pressure safety valve been installed on the bottle. Pending the correct operation of the valve, overpressurization would have been prevented.",,,,
WR-249-20250428-1022,2,Human Performance Error: Inadequate Knowledge of Equipment Operation - Personnel failed to identify the proper pressure rating of the nitrogen bottle before the operation allowing for overpressurization.,,,,
WR-249-20250428-1022,3,Management Systems: No or Inadequate Hazard Analysis/Written Job Procedure - The JSA for the operation failed to identify the hazards in conjunction with over pressurization. Murphy does not have a formal written procedure with detailed guidelines on nitrogen bottle filling operations. A formal procedure as well as proper hazard identification would have allowed for detection of the incorrect valve that was installed.,,,,
WR-249-20250428-1022,4,"Personnel Training: Personnel Not Trained on Equipment Used - There is no training program in place for the nitrogen filling operation. Had personnel been properly trained, they would have been able to correctly identify the type of bottle and the pressure rating, as they relied solely on the valve indication.",,,,
EW-834-20260204-1705,1,"Inadequate hazard analysis / Stop work implementation. Work was not stopped after the stand became displaced to conduct a task-specific hazard assessment, evaluate changed conditions, assign recovery responsibilities, or establish appropriate controls.",,,,
EW-834-20260204-1705,2,Inadequate implementation of procedures. The displaced stand was not verified as secured and controlled before recovery continued and the available displaced pipe recovery procedure was not effectively implemented.,,,,
EW-834-20260204-1705,3,"Inadequate control of personnel exposure/line of fire controls. Red zones, exclusion area, or other line of fire controls were not established before tension was applied, allowing personnel to remain exposed within the potential path of movement of the displaced stand.",,,,
EW-834-20260204-1705,4,"Inadequate supervisory oversight during the recovery operation. Supervisory personnel did not ensure the job was paused, reassessed and controlled before recovery operations continued. Supervisory personnel also did not ensure that applicable recovery procedures were reviewed or that the available Drop Stand Kit was identified and utilized.",,,,
EW-834-20260204-1705,5,Inadequate communication and assignment of responsibilities. Roles and responsibilities for the recovery operation were not clearly assigned. The investigation could not determine whether the crew was aware of H&Ps existing procedure. This indicates the procedure and associated recovery equipment may not have been effectively communicated or recognized as applicable to the operation.,,,,
EW-834-20260204-1705,6,"Lack of a recovery specific toolbox talk. No toolbox recovery began, which may have prevented the crew from conditions, personnel exposure and controls needed for",,,,
EW-910-20260209-0608,1,"Human Performance Error – Failure to follow proper procedures The lean glycol suction valve associated with the active, outboard glycol pump remained in the closed position following pump changeover operations, preventing normal glycol circulation through the glycol regeneration system. Failure to verify valve lineup and restore normal circulation conditions following pump changeover activities contributed to upset conditions within the glycol regeneration system and subsequent hydrocarbon release in the vicinity of the glycol reboiler.",,,,
EW-910-20260209-0608,2,"Management Systems – Inadequate written procedures At the time of the incident, no formal documented procedure or checklist existed requiring valve lineup verification following glycol pump changeover operations. The absence of documented valve alignment verification procedures allowed critical valve positioning activities to rely solely upon individual operator actions and informal practices.",,,,
EW-910-20260209-0608,3,"Equipment Failure – Inadequate equipment condition The lean glycol suction valve associated with the active, outboard glycol pump was missing its valve handle at the time of the incident, making valve position difficult to verify visually during pump changeover operations. This equipment condition contributed to improper valve alignment remaining undetected.",,,,
EW-910-20260209-0608,4,"Management Systems – Inadequate hazard analysis / failure to identify system vulnerabilities Historical operational issues involving vapor loading, liquid carryover, entrained hydrocarbons within the glycol system, and possible vent restrictions associated with the still-column exhaust configuration had previously been identified within the glycol regeneration system. These conditions contributed to increased susceptibility for pressure buildup and hydrocarbon release within the glycol regeneration process.",,,,
GA-A 244-20240207-0855,1,"Equipment failure: Inadequate preventative maintenance has been identified in the maintenance and inspection of built scaffolding on this facility. Inadequate equipment inspection operators were not involved in the inspection process of the scaffolding ladder. Flawed equipment construction the scaffold ladder anchor points were unconventional & not best practices. The scaffolding ladder had only two attached anchor points which contributed to its instability. The legs of the ladder were not on the same plane as the platform deck, allowing some means to stabilize the ladder from unequal deflection which contributed to its instability. Inadequate out of service tags for equipment there was no other visual identifiers letting platform personnel know this scaffolding ladder was placed OOS.",,,,
GA-A 244-20240207-0855,2,Human Performance Error: Inadequate knowledge of equipment status Not aware of hazards Not following proper procedures been identified in the building procedures for scaffolding ladders.,,,,
GA-A 244-20240207-0855,3,Work Environment: Poor layout or design of work area. Prior to job equipment was not inspected. Prior to job improper selection of safety equipment,,,,
GA-A 244-20240207-0855,4,Communication: Inadequate communication between operator and platform personnel/contractors.,,,,
GA-A 244-20240207-0855,5,Management Systems: No bridging documents between operators and contractors.,,,,
GA-A 244-20240207-0855,6,"Supervision : Inadequate approval of work permits from platform lease operators not having any input into other JSA’s created by other contractors. No pre-job safety meeting between all parties were four separate work permits created. One for Williams Pipeline (Work Permit), two for Danos Each contractor did not sign the other contractors JSA respective toolbox/safety meeting on the platform.",,,,
GB-259-20250602-2230,1,Human Performance Error: The Transocean Second AHU belt’s tension by placing his left hand on between the belt and pulley causing his,,,,
GB-259-20250602-2230,2,Identification Prompt Card that was where personnel could be caught by Engineer made the decision to check the a moving belt that drew up his hand injury.,,,,
GB-259-20250602-2230,3,Work Environment: No lockout/tagout. The Transocean Second Engineer did not isolate the energy to the AHU using the lockout/tagout system.,,,,
GB-259-20250602-2230,4,"Supervision: No supervision. The Transocean Second Engineer had no supervision at the time of the injury, nor did he communicate his decision to check the belt’s tension to his supervisor.",,,,
GB-259-20250602-2230,5,Management Systems: Inadequate hazard analysis. A Transocean Hazard Identification Prompt Card was completed for identifying line of fire hazards where personnel could be caught by moving equipment but was not followed,,,,
GB-668-20241115-0837,1,Human performance error Abandonment crew failed to control returns through the choke and mud gas separator to prevent hydrocarbons passing through the liquid leg of the mud gas separator and entering the shaker house atmosphere.,,,,
GB-668-20241115-0837,2,LIST THE CONTRIBUTING CAUSE(S) OF,,,,
GB-959-20250803-1934,1,"Equipment Failure: Capacity of the equipment exceeded. An unforeseen high drill bit torque event while drilling salt that led to a top drive stall condition and torque impulse which exceeded the 120 KSI, 8.125-inch x 4.75-inch DS drill pipe connection limits.",,,,
GB-959-20250803-1934,2,"Equipment failure: Capacity of equipment exceeded. The failure was traced to joint 7 that was situated below the rotary on the 6.625-inch 34 lbs/ft V-150,120 KSI, DS pin connection. The DS connection separated due to a high-torque event placing excessive load on the DS connection. As a result, it caused severe pin thread damage, pin nose deformation and box swell reducing integrity of the connection and allowing separation under tension-weight and dynamic loadings.",,,,
GB-959-20251014-0510,1,Management System: Inadequate hazard analysis. Control measures for this operation involving the aerial lift man-riding work basket were ineffective or not implemented. The crew failed to recognize the hazards associated with using the aerial lift man-riding work basket as a lifting operation by pulling downward with rope. There was no lift plan in place for this operation.,,,,
GB-959-20251014-0510,2,"Supervision: Inadequate Supervision. There was inadequate supervision during this operation which resulted in an incident since it was allowed to use the aerial lift man-riding work basket outside of its design for man-riding basket and for pulling a load, simultaneously.",,,,
GB-959-20251014-0510,3,Human Performance Error: Not aware of hazards. The AD confirmed that he was aware of designed anchor points but had no memory of the event. The AD tied off to an open-ended handrail instead of the designated anchor point inside the man-riding work basket.,,,,
GB-959-20251014-0510,4,"Supervision: Inadequate Supervision. The MPD Toolpusher had three TBT meeting forms, but the Floorman signed the incorrect TBT form, and the IP did not sign any TBT forms.",,,,
GB-959-20251014-0510,5,"Management System: Inadequate management of change procedures. There was no Management of Change (MOC) performed when the radio remote controls failed to operate, resulting in the operator control station becoming the primary means of control, thus exposing the bypass functions to misuse. Additionally, there was no physical method of control to prevent unauthorized use of bypasses or overrides. The OEM manual and control panel signage state the deck control panel or operator station",,,,
GB-216-20230421-1200,1,Work Environment: Other weather influences – The TO Inspiration drillship encountered an unforeseen strong frontal passage with 67 knot winds with a 2.3 knot current.,,,,
GB-216-20230421-1200,2,"Management system: Equipment issues – Prior to the weather event, TO reported that all engines and thrusters were working and available; however, due to reasons unknown, two thrusters went into reduced power during the EDS incident.",,,,
GB-506-20240320-0700,1,"Human Performance Error: The BSEE Incident Investigation Team determined that the probable cause of the incident was due to human error/poor judgement by the Schlumberger Pump Operator, the IP, who attempted to jump across a 4-foot gap to the Coil Tubing Reel Platform from the Coil Tubing Cabin.",,,,
GB-506-20240320-0700,2,"Management Systems: BSEE’s investigation into this incident identified that the Schlumberger Pump Operator, the IP, failed to follow working at heights requirements as stated in the Working at Heights section of the Job Safety Analysis that included making use of a ladder of adequate height.",,,,
GC-205-20220913-1245,1,Equipment Failure: Improper tools being used. The nylon strap was too thick to properly secure the drill line for hoisting.,,,,
GC-205-20220913-1245,2,Supervision: No supervision. The nisgt WSR was not on,,,,
GC-205-20220913-1245,3,Management Systems: No written job procedure. Lack of performing the task.,,,,
GC-237-20251201-1843,1,"Equipment Failure (Inoperable Equipment): The inoperable Ram on the QCDC did not allow for the buoy to drop, resulting in a failed disconnect of production.",,,,
GC-237-20251201-1843,2,"Work Environment (Other weather influences): The abrupt change to extreme winds contributing to the sudden shift of the vessel and the need to disconnect. Talos was aware of weather passing north, but was not aware of the severity.",,,,
GC-432-20250217-1645,1,Human performance error- Changing of the OEM settings,,,,
GC-432-20250217-1645,2,Equipment failure- inadequate preventive maintenance. performed by a subcontracted third-party agency.,,,,
GC-432-20250217-1645,3,by unknown personnel. Insufficient inspections,,,,
GC-432-20250217-1645,4,Supervision- Inadequate supervision on maintenance checks and pre-use inspections. Work environment – Hoist operator could not maintain riding event.,,,,
GC-584-20241225-1330,1,Human performance error – IP1 and IP2 rushed to get the job done. They were not aware of the hazards of the plate falling from the lifting device prematurely. Management systems – The JSA did not have a proper hazard analysis. The JSA did not have a proper management of change. There was inadequate stop work authority.,,,,
GC-584-20241225-1330,2,Work environment – The walkway was blocked by the plate not allowing IP2 and the other roustabout enough room to pass with the pallets.,,,,
GC-584-20241225-1330,3,Supervision – IP1 did not take the time to review the JSA with IP2.,,,,
GC-584-20241225-1330,4,Equipment failure – It was noted by the manufacturer that the magnetic heavy lifting device was damaged and could not lift to its full capacity.,,,,
GC-608-20250115-1000,1,"Equipment Failure (Inadequate/Improper tools or equipment used): The logic cap that was installed was improperly rated for the service being utilized. As a result, the logic cap seals failed causing pollution to the environment.",,,,
GC-608-20250115-1000,2,"Work Environment (Weather Influences): A vessel was on location to reinstall the new logic cap. However, inclement weather moved into the area and the vessel was unable to reinstall the logic cap before returning to shore. Human Performance Error (Inadequate knowldge of equipment operation): Anadarko failed to adhere to the maufacturer's recommendations of service used for the logic cap, resulting in the incorrect logic cap being installed. Supervision (Inadequate pre-job safety and operation meeting): Anadarko held the proper meetings during shift change, however, no still pending replacement.",,,,
GC-868-20250508-0430,1,Equipment failure – flawed design of the storage rack,,,,
GC-868-20250508-0430,2,Human Performance Error – 2E and the IP were not aware pipe,,,,
GC-868-20250508-0430,3,Management system – Inadequate hazard analysis,,,,
GC-868-20250508-0430,4,Management system – No written job procedure,,,,
GI-47-20250425-1330,1,HUMAN ERROR: NOT AWARE OF HAZARDS - The IP was unaware of the hazards associated with the work he was performing. The IP did not adhere to manufacturer recommendations while working on the control valve and the PIC and IP did not ensure the gas line was free of pressure before starting work.,,,,
GI-47-20250425-1330,2,COMMUNICATION: INADEQUATE COMMUNICATION BETWEEN THE OPERATOR AND CONTRACTOR PERSONNEL,,,,
GI-47-20250425-1330,3,"The PIC and contractor (IP) did not communicate prior to the IP starting his work on the 6-inch gas line. Had communication been better, the IP would not have been able to start work without the PIC’s approval.",,,,
GI-47-20250425-1330,4,HUMAN ERROR: INEXPERIENCE DOING TASK RELATED TO THE INCIDENT - The IP was inexperienced with the GOM Shelf processes and policies pertaining to the work being performed. The IP had less than two years’ experience with an experienced mentor.,,,,
GI-47-20250425-1330,5,SUPERVISION: NO OR INADEQUATE WORK PERMITS PREPARED/APPROVED - The PIC was not aware of the scope of work being performed and did permits for the IP prior to the IP beginning specific permits required by GOM Shelf which PIC during platform orientation. The LSS JSA starting work.,,,,
GI-48-20260505-0300,1,"Human Performance Error: Inattention to task- Because the Master was engaged in unauthorized mobile phone use while on the bridge, in violation of company policy, the Master’s attention was diverted from maintaining proper vessel heading.",,,,
GI-48-20260505-0300,2,Human Performance Error: Not fully aware of hazards- The Master underestimated the immediate hazard posed by the vessel and barge’s proximity to the platform and did not adequately account for environmental factors influencing the vessel’s trajectory.,,,,
GI-48-20260505-0300,3,"Communication: Inattentiveness during communication- The Master did not fully recognize or appropriately assess the seriousness of the warnings communicated by the deckhands, resulting in a failure to respond with the necessary level of urgency.",,,,
HI-A 379-20230904-0900,1,Lessee and Subcontractor failure to follow Confined Space Entry Plan.,,,,
HI-A 379-20230904-0900,2,Failure to conduct Tri-Gas testing and continuous monitoring.,,,,
HI-A 379-20230904-0900,3,Crew member making entry into vessel without permit.,,,,
HI-A 379-20230904-0900,4,No Hole Watch identified and posted at hatch opening.,,,,
HI-A 379-20230904-0900,5,Stop Work Authority not used.,,,,
HI-A 379-20230904-0900,6,Improper Personal Protective Equipment.,,,,
HI-A 379-20230904-0900,7,Failed to have rescue equipment set up and at the location of the vessel before and during the cleaning operation. PIC not trained in Confined Space Entry yet is responsible issuing the permit. No vetting of personnel for specific job qualifications.,,,,
HI-A 382-20230602-1230,1,Crane Operator inattentiveness of the boom.,,,,
HI-A 382-20230602-1230,2,LIST THE CONTRIBUTING CAUSE(S) OF Failure of High Angle Kick Out safety,,,,
MC-127-20250509-1530,1,EQUIPMENT FAILURE: Inadequate equipment repair- Suspected leaking check valve. Anadarko states that in their internal investigation report that there is history of leaking check valves in the FW Main.,,,,
MC-127-20250509-1530,2,"COMMUNICATION: Inaccurate job instructions provided- Due to not having correct procedures in place, the instructions given were not accurate for the specific ESD event.",,,,
MC-127-20250509-1530,3,MANAGEMENT SYSTEM: Inadequate written job procedures- Incorrect/ inaccurate operating procedures in place for the specific ESD event.,,,,
MC-127-20250509-1530,4,COMMUNICATION: Instructions not understood and not followed- Correct Fire Water system procedure was not followed.,,,,
MC-127-20250509-1530,5,HUMAN ERROR: Inexperience knowledge of equipment operation- EnerMech not familiar with the operations of the air compressor system installed on the facility.,,,,
MC-127-20231021-1304,1,Management Systems: Inadequate hazard analysis.,,,,
MC-127-20231021-1304,2,Human Performance Error: Not following proper recommended procedure.,,,,
MC-127-20231021-1304,3,Equipment Failure: Inadequate equipment repair.,,,,
MC-127-20231021-1304,4,N/A,,,,
MC-243-20260409-0800,1,"Equipment Failure: Inadequate inspection. The RG failure was due to fatigue cracking at all 3-riser guard-to-hull connection points on the east side, resulting in loss of structural integrity over time.",,,,
MC-243-20260409-0800,2,"Management Systems: Inadequate hazard analysis. The operator classified the RG as a secondary structural appurtenance and was not included as a targeted inspection location under the American Bureau of Shipping (ABS) -approved In-Service Inspection Plan (ISIP), which is primarily focused on primary structural members. As a result, degradation at these connection points was not identified prior to failure.",,,,
MC-243-20260409-0800,3,"Work Environment: Other weather influences. The RG is affected by all sea conditions: waves, strong currents, temperatures, and boat strikes and normal swaying motion.",,,,
MC-300-20250328-1643,1,Human Error Failure to conduct Task Risk Assessment (TRA) prior to commencement of job as per Noble Company policy requirement. Failure to execute “Stop Work Authority” when AB1 felt uncertainty regarding completing the tasks solo.,,,,
MC-300-20250328-1643,2,"AB1 conducted unsafe operations by not verifying dampener line-item numbers or using stop work authority when he felt unsure of required work task, duties, and assignments. AB1 was not provided with a Task Risk Assessment TRA as required in Noble policy prior to beginning the job, at which time AB1 could have discussed personal concerns and possible issues with lack of knowledge/experience in fire dampener controls functioning. Rig personnel did not conduct a Task Risk Assessment TRA prior to performing the task. Rig management provided the TRA after observing that no TRA was prepared prior to the incident. No assistance from the NSL Bosun, also described as Marine Department Supervisor on duty and clear communications were not provided to AB1 who was relatively uncertain to work task as stated.",,,,
MC-300-20250529-1046,1,"The incident was caused by rapid and variable wind conditions that exceeded the rig’s maneuvering and station-keeping capacity. Multiple changes in wind direction caused the wind to impact the beam of the vessel, generating significant lateral forces that exceeded the rig’s station-keeping capability. The rapid and unpredictable nature of the wind shifts prevented the crew from adequately repositioning the vessel into the direction of the wind, ultimately leading to a loss of station.",,,,
MC-300-20250529-1046,2,Inaccurate Weather Forecasting: The meteorological forecasts available before the event did not predict the severity or rapid onset of the adverse weather conditions encountered at the location. This lack of accurate forecasting limited the crew’s ability to anticipate and prepare for the extreme environmental changes.,,,,
MC-300-20250529-1046,3,"Despite radar indications of a nearby storm and use of weather monitoring tools, the latest weather report received from DTN at 6:14 AM on May 29th did not indicate the potential for 60 knot winds. As the rig maintained a heading of 210°, wind conditions shifted rapidly, increasing to 60 knots on the beam. A waterspout contacted the rig, causing a sudden increase in thruster load and triggering a yellow alert.",,,,
MC-391-20240305-0415,1,"The extreme unexpected changes in wind speed and direction due to strong thunderstorms caused an excursion of the vessel's planned position. Due to these rapid changes, the vessel was unable to maintain position while being latched up to the well. This event subsequently resulted in an EDS from the well.",,,,
MC-391-20240305-0415,2,-The weather forecasts did not predict the adverse weather conditions that were witnessed on location. -The vessel’s radar did not show the actual location.,,,,
MC-474-20250208-0700,1,"Management Systems: Environmental Control programs: Although the chemical trial was approved by BSEE, the trial chemical proved to be non-compatible in the produced water system. The trial chemical caused frothing/foaming which eventually led to upsets within the production vessels, leading to the pollution event.",,,,
MC-474-20250208-0700,2,"Personnel Training: Personnel poorly trained No or inadequate hazard analysis: BP personnel were not trained properly on what to look for during this chemical trial. They failed to identify issues with the chemical trial, and the pollution event went unnoticed for 7 days before being stopped. The produced overboard water outlet is located 80 feet below the water surface. Strong currents, foaming within vessels caused by the trial chemical leading to topside vessel upsets, facility shut-ins, etc. made it difficult for control room operators to quickly identify and determine the unfavorable results of the chemical trial that led to the pollution event.",,,,
MC-520-20230607-1100,1,"Human Error: The Driller and Assistant Driller did not follow the guidelines and procedures and did not fill out the Elevator Pre-use checklist. Due to the Driller and Assistant Driller not following the guidelines, procedures and not filling out the checklist, the incorrect inserts were used in the elevators which resulted in dropping the 43- foot cleanout assembly 40 feet onto the pipe skate.",,,,
MC-520-20230607-1100,2,Human Error: The inserts that were installed were designed for use with 4.5 inch External Upset (EU) pipe. The pipe that was being lifted was 4.5 inch Internal-External Upset (IEU) which requires the smaller diameter inserts. The IEU pipe upset is approximately 1/4 inch smaller in diameter than the EU pipe upset.,,,,
MC-520-20230607-1100,3,Human Error: The Assistant Driller was not aware Pre-use Checklist was completed.,,,,
MC-520-20230607-1100,4,Supervision: The Driller did not verify that the satisfaction.,,,,
MC-520-20230607-1100,5,LIST THE ADDITIONAL,,,,
MC-547-20231224-0743,1,"Equipment Failure – Flawed equipment design or construction: the 90° elbow located on the oil separator’s piping failed, causing oil to spray out and ignite once in contact with the hot surface within the air compressor’s",,,,
MC-582-20250416-1500,1,Equipment failure: Inadequate preventive maintenance- The operator did not perform the recommended repairs that were noted on the annual crane inspection that specifically identified the major corrosion of the cable rollers.,,,,
MC-582-20250416-1500,2,"Equipment failure: Inadequate preventive maintenance- Due to the major corrosion on the cable roller, the cable roller was able to break off and fall to the deck below.",,,,
MC-582-20250416-1500,3,Human Performance Error: Not aware of hazards- Failure to secure the area underneath the crane prior to starting operations and preventing personnel from entering the hazard areas.,,,,
MC-582-20250416-1500,4,"Supervision: Inadequate pre-job safety and operation planning- Failure to properly identify the need to secure the area where the potential for dropped object were present on the Sparrows’ JSA, Murphy’s Cold Work Permit, and Murphy’s Working at Heights Permit.",,,,
MC-607-20240319-1330,1,"There was a loose wire on the riser cart shuttle brake, which caused a fuse to blow and not allow the cart to freewheel. The hydraulic brake on the riser cart shuttle did not release, causing riser joint #31 to come out the riser cart shuttle.",,,,
MC-607-20240319-1330,2,Job template is not detailed enough on how to inspect all load path components of the HRRT.,,,,
MC-727-20240605-1538,1,"The water-based paint coating on the cylinders did not effectively prevent corrosion in the marine environment. The inadequate integrity of the cylinder coating allowed for corrosion over time. Visual pre-fill inspections were conducted prior to mobilization offshore, but the rack was not disassembled for a thorough inspection of the individual cylinders or manifold components. This type of inspection did not allow for the bottom of the cylinders to be inspected for corrosion.",,,,
MC-727-20240605-1538,2,"The nitrogen cylinder rack is designed to securely hold multiple nitrogen cylinders in place, ensuring safety and preventing accidents during storage and handling. However, the absence of a material barrier between the cylinders and the rack presents several significant safety concerns. This can include dents, scratches, or other forms of wear that may compromise the integrity of the cylinder, potentially leading to leaks. The rack does not allow for proper drainage, cylinders to corrosive elements.",,,,
MC-759-20260220-1246,1,"Loss of winch gear mesh function. - The electric umbilical winch lost gear mesh function during recovery of ROV ML242, resulting in uncontrolled payout of the umbilical cable.",,,,
MC-759-20260220-1246,2,LIST THE CONTRIBUTING CAUSE(S) OF,,,,
MC-759-20260220-1246,3,"Inadequate lubrication practices - gear greasing had been completed, OEM",,,,
MC-759-20260220-1246,4,ACCIDENT: Although scheduled maintenance records indicated analysis identified inadequate lubrication conditions as the mechanism that led to progressive gear tooth damage and loss of gear mesh function.,,,,
MC-759-20260220-1246,5,Lack of independent emergency stopping capability – The winch’s emergency stopping function relied on the same gear arrangement associated with the failure and did not provide an independent means to stop the drum after gear mesh function was lost.,,,,
MC-807-20230224-1115,1,Supervision – No or inadequate pre-job safety and operation meeting: IP did not discuss cutting the wrench with coworker or supervisor.,,,,
MC-807-20230224-1115,2,"Supervision – Not providing adequate tools or equipment for tasks: JSA lists “Gather tools needed for job” as step 2, but the correct tool for the job task was not obtained.",,,,
MC-807-20230224-1115,3,Human Performance Error – Rushing to get job complete: IP made the decision to modify the wrench instead of obtaining the right tool for the job.,,,,
MC-807-20230224-1115,4,Human Performance Error – Improper hand placement: IP’s hand placement while making the cut to the wrench is a contributing cause to the incident.,,,,
MC-807-20250503-1730,1,Equipment Failure: The kingpost experienced structural failure resulting from long term fatigue cracking that originated from storm induced impact trauma. The capacity of the equipment was ultimately exceeded due to cumulative fatigue damage and compromised structural integrity.,,,,
MC-807-20250503-1730,2,"Equipment failure: Preventive Maintenance/ Inadequate Equipment Repair- Although inspections were performed, the latent hurricane related trauma hidden beneath intact exterior surface was not detectable through routine inspection methods, leaving the underlying initiation points unaddressed.",,,,
MC-807-20250503-1730,3,"Equipment Failure: Inadequate Equipment testing/Inspection- Standard inspection and monitoring practices were insufficient to detect micro tears or internal fatigue progression originating from the 2005 structural impact, allowing the damage to go undetected for nearly two decades.",,,,
MC-807-20250503-1730,4,"Equipment Failure: Capacity of Equipment Exceeded (Historical Contributor)- Over its 30 year service life, Crane #2 experienced approximately 156,000 lifts, potential shock loading, and possible lifts near or above Safe Working Load Limits, which accelerated fatigue progression in an already compromised structure.",,,,
MC-807-20250503-1730,5,Work Environment: Other Weather Influences- Severe storm impact during Hurricane Katrina created the original structural trauma that initiated the fatigue crack. This environmental event was the foundational contributor to the long term deterioration,,,,
MC-807-20250503-1730,6,"Management Systems: While Shell maintained documentation and inspection programs, the long term latent damage created by the hurricane remained undetectable through standard inspection protocols, representing a limitation in available diagnostic capabilities rather than a procedural deficiency.",,,,
MC-807-20230106-1300,1,"Equipment Failure - The tubing is suspected to be parted at a shallow depth along with the SCSSV control lines, allowing a leak path from control lines to the HP vent.",,,,
MC-809-20250223-0830,1,Supervision – Inadequate supervision while identifying the hazards in the work area during hazard assessment and mitigation for the hazards. Human Error - The lack of identifying the jagged edges on the I-beam in the work area by the IP.,,,,
MC-809-20250223-0830,2,Human Error – The lack of awareness by the IP concerning the uneven surfaces and foot placement during the job risk analysis and while performing the work.,,,,
MC-809-20250223-0830,3,"Slip, trip and fall hazards – Unidentified slip, trip and fall hazards present during the work being performed",,,,
MC-809-20250223-0830,4,Management system – Inadequate documentation of hazard the JSA that was being utilized for the operations.,,,,
MC-854-20230321-1645,1,Work Environment,,,,
MC-854-20230321-1645,2,Congested workspace: the basket was placed in a position against other baskets and equipment so that an individual couldn’t work around the basket without being in a pinch point.,,,,
MC-854-20230321-1645,3,Human Performance Error,,,,
MC-854-20230321-1645,4,Individual standing in a pinch point,,,,
MC-854-20230321-1645,5,DSP did not identify individual was in a pinch point,,,,
MC-899-20240213-2035,1,Human Performance Error: 1-Inexperience Offshore,,,,
MC-899-20240213-2035,2,Short service employee involved in the incident. 2-Not aware of hazards,,,,
MC-899-20240213-2035,3,Not wearing the proper PPE (The MSDS states; Eye Protection: wear safety glasses with splash shield or safety goggles/shield and Clothing: wear appropriate chemical resistant clothing and gloves). Only safety glasses were worn during this operation.,,,,
MC-899-20240213-2035,4,Disconnecting a hose with pressure on it (JSEA states; Drain lines before opening camlock connections and bleed off lines before removing hoses).,,,,
MC-899-20240213-2035,5,Work Environment: Hazard Analyses and JSEAs,,,,
MC-899-20240213-2035,6,"The JSEA used for this operation identified: chemical exposure, using PPE, pressure on lines, and using whip checks.",,,,
MC-899-20240213-2035,7,Supervision: Not ensuring the use of the proper PPE,,,,
MC-899-20240213-2035,8,The JSEA reviewed for this operation specified the exposure.,,,,
MC-941-20230510-0933,1,Human performance Error - Not aware of hazards: The possibility of residual fluids and/or trapped pressure in the dog leg bend above the flange was overlooked,,,,
MC-941-20230619-0800,1,Equipment Failure – Capacity of equipment exceeded: ML #9 most likely failed due to fatigue initiating at the top of the crown where stresses are high.,,,,
MC-941-20230619-0800,2,Management Systems – Weakness in maintenance management program for mooring system: Reliance on third party vendors to conduct corrective maintenance work orders on the mooring system caused delays due to unavailability.,,,,
MO-916-20231122-1130,1,"Communication – Inadequate communication between personnel: While lowering the section of piping, crewmembers involved did not communicate properly resulting in an individual being injured.",,,,
MO-916-20231122-1130,2,"Supervision – No or inadequate supervision: Lack of supervision was found to be a contributing factor to the incident. This being lowered, causing the IP’s finger to adjacent beam.",,,,
MP-153-20250503-0830,1,Human performance error: Not aware of hazards- Hazards were not properly identified before or during the blind lift and were not discussed with the personnel involved in the operations.,,,,
MP-153-20250503-0830,2,Communication: No or inadequate job instructions provided- Operators were not instructed to utilize tag lines failed to use tag lines or other means necessary to stabilize the lift that was being made.,,,,
MP-153-20250503-0830,3,Communication: No or inadequate job instructions provided- Failure to designate one single source of communication to the crane operator during the lift.,,,,
MP-153-20250503-0830,4,Supervision: No or inadequate pre-job safety and operation meeting- Supervision failed to account for all safety processes that should have been put in place and discussed with personnel during pre-job meetings such as the use of tag lines and establishing proper communication methods during the operation.,,,,
MP-153-20250503-0830,5,"Supervision: Inattention to worker safety- As personnel were not instructed to use taglines to guide the ESFWP into place, personnel had to reposition the load by hand, putting themselves into harm’s way.",,,,
MP-252-20250824-1530,1,Equipment failure – Inadequate preventative maintenance/inadequate equipment repair.,,,,
MP-252-20250824-1530,2,Equipment Failure – Inadequate equipment testing/calibration/inspection,,,,
MP-270-20230703-1545,1,Human Performance Error – Not aware of hazards: IP overlooked the thermal hazards associated with working with hot liquids and chemicals.,,,,
MP-270-20230703-1545,2,Supervision – Not ensuring the use of proper PPE: IP should have had on PPE that was in accordance with the MSDS for Triethylene Glycol as well as protection from the thermal risk of the hot Glycol.,,,,
MP-298-20260524-1138,1,Human Performance Error: Inattention to task.,,,,
MP-298-20260524-1138,2,Personnel failed to adequately secure or tighten the glycol pump installation after swapping out the glycol,,,,
MP-298-20260524-1138,3,Personnel failed to identify containment breeches in skid.,,,,
MP-298-20260524-1138,4,Equipment Failure: Inadequate equipment maintenance or this facility and other Cantium fittings associated with the pump. the Glycol Dehydration System equipment repairs.,,,,
MP-298-20260524-1138,5,Containment breeches under the Glycol Dehydration System allowed glycol to leak onto the hot exhaust piping of the Gas Compressor,,,,
MP-300-20251126-1239,1,"Equipment Failure: Inadequate equipment repair- PBA-1206 Electric Pump and coupling were not properly aligned during installation. This caused excessive vibration which led to the mechanical failure of the PBA-1206 LACT Charge Pump, coupling, and electric motor.",,,,
MP-300-20251126-1239,2,"Human Error: Not following OEM recommendations- During installation of the PBA-1206 electric motor and coupling, OEM recommendations were not followed pertaining to proper alignment practices and torque procedures.",,,,
MP-300-20251126-1239,3,Management Systems: Inadequate written procedures- Lack of documentation provided for installation procedures for the electric motor and coupling by operator.,,,,
MP-300-20251126-1239,4,Communication: Inadequate job instructions provided- Operator failed to provide the mechanic with the proper documentation to perform and document the installation properly.,,,,
MP-300-20251126-1239,5,Equipment Failure: Improper/ Lack of tools used- Torque wrench was not used to apply proper torque to multiple components during installation of the electric motor or coupling.,,,,
MP-311-20230312-1630,1,"Human Performance Error: Not aware of the hazards. The LSS Technicians were unaware of the hazard (extremely high gas pressure, 4330 psi) upstream of the 2 inch production casing valve prior to starting their job.",,,,
MP-311-20230312-1630,2,Equipment Failure: Capacity exceeded. Tthe 1 inch SS production casing tubing line (rated for approximately 3100 psi) was overpressured by the 4330 psi flowing from the well into the production casing.,,,,
MP-311-20230312-1630,3,Human Performance Error: Not aware of the hazards. Operators failed to monitor the casing pressure on the well.,,,,
MP-311-20230312-1630,4,Human Performance Error: Not following procedures. Operators failed to perform a casing diagnostic as required by regulations.,,,,
MP-42-20250427-1520,1,"Equipment Failure: Inadequate equipment/testing/calibration/inspection - One of the 12 (twelve) 300 cubic feet nitrogen bottles had corrosion at the base of the bottle. Had the bottle been properly inspected, the corrosion may have been noticed before the bottle had a chance to rupture.",,,,
MP-42-20250427-1520,2,"Management Systems: No or inadequate hazard analysis/written job procedures - Had a proper hazard analysis been performed, the corrosion on the base of the bottle may have been noticed prior to the explosion. Also, there was no maintenance/inspection program to require routine inspection of the nitrogen bottles being used offshore. After the inspection, Cantium later found out that the bottles were overdue for inspection.",,,,
MU-85-20260517-1515,1,The slot “C” 30-inch conductor had poor structural integrity due to corrosion at the top of the casing where the 30-inch stationary slips were set. The slot “C” conductor’s top section could not sustain the slip forces which allowed the slot “C” conductor to slip through the 30-inch stationary slips and fall back to the initial lift elevation.,,,,
MU-85-20260517-1515,2,"Sea conditions impacted conductor movement, but sea conditions remained within the operational requirements set by the Operator.",,,,
SM-128-20240116-0252,1,"Equipment Failure: The C1 compressor piston failure led to a sequence of events that resulted in the piston rod nut contacting the head end of the cylinder and separating from the frame. As the housing broke, the gas blowing down through the vent system ignited.",,,,
SM-128-20240116-0252,2,"Work Environment: It was also determined that the vibration switch tripped but failed to initiate a shut down at the panel. Due to the freezing temperature at the time of the incident (17F), it is suspected that the condensation froze in the tubing between the switch and the panel which would have allowed the switch to trip but not allow the signal to the panel. Desiccant dryers forming in the tubing.",,,,
SM-130-20230204-1405,1,"Human Performance Error: Not following directions listed in the Hot Work Permit. The Hot Work Permit asked if, combustible and flammable materials have been removed or covered with fire-retardant blankets in good condition and sparks associated with grinding or welding have been evaluated and contained utilizing metal shields, flame resistant guards or shields. The answers are checked off yes. If adequate barriers would have been provided for the thief hatch and the sparks contained, the threat of a fire would have been mitigated to low or no risk.",,,,
SM-130-20230204-1405,2,"Human Performance Error: Not follow directions of the Lockout /Tagout Procedure. No blind skillets were installed and the inlet and outlet valves were not locked and tagged on the ABJ-310 Dry Oil Tank. The following itemized bullets include, but do not limit, additional contributing/causal factors of the incident:",,,,
SM-130-20230204-1405,3,"During the interview process, it was determined that gas detector readings were taken near the Water Injection Pump where welding operations were taking place but had not been taken prior to hot work commencing and/or during the hot work operation near the thief hatch on the ABJ-310 Dry Oil Tank.",,,,
SM-130-20230204-1405,4,There was a fire watch assigned on the west side of the well bay and a fire watch assigned on the production deck near the sump. Both mentioned areas were not in the immediate area where the work was being performed.,,,,
SM-130-20230204-1405,5,Construction supervision had previously identified a potential for hydrocarbon accumulation near the ABJ-310 Dry Oil Tank thief hatch. Mitigations were to include installation of a tapped blind installed on the ABJ-310 Dry Oil Tank to replace the thief hatch and installing a hose to vent the hydrocarbon accumulation to a safe area. Neither of these mitigations were completed prior to the hot work commencing.,,,,
SM-130-20230204-1405,6,The lessee failed to identify the potential for hydrocarbons to enter the ABJ-310 Dry Oil Tank from the ABJ-320 Wet Oil Tank through a common vent line. The ABJ-320 Wet Oil Tank was in service during welding operations.,,,,
SM-130-20221114-0840,1,Human Performance Error: Not following directions. The IE attempted to move the 85 pound flange plate without any assistance or without the use of mechanical advantage. The IE did not wait for the PES employee to return to assist.,,,,
SM-130-20221114-0840,2,Human Performance Error: The IE failed to follow the Talos procedure which states the use of additional personnel and/or equipment when weights exceed 50 pounds and line- of-fire when moving equipment. This procedure was not listed on the Job Safety Analysis.,,,,
SM-130-20231215-0520,1,Equipment Failure: The flange failed due to wall loss and material property degradation failure of the flange.,,,,
SM-130-20231215-0520,2,LIST THE CONTRIBUTING CAUSE(S) OF,,,,
SM-130-20231215-0520,3,Equipment Failure – Inadequate preventative that was not performed prior to the severe OD corrosion that caused significant resulting in a circumferential brittle,,,,
SM-130-20231215-0520,4,ACCIDENT: maintenance:,,,,
SM-130-20231215-0520,5,"Due to the findings of the Level I inspection conducted on May 23, 2023, a mechanical integrity test was conducted on June 29, 2023. Rope access was needed to complete the mechanical integrity test for Segment 5114 near the waterline but was not performed prior to the incident.",,,,
SM-130-20231215-0520,6,"The mechanical integrity test on the Segment 5114 pipeline is required every 5 years. The last test that was completed prior to the incident was on September 16, 2015.",,,,
SM-281-20230909-1600,1,"Equipment Failure: Degradation of the well due to corrosion. The 26-inch conductor casing was severely corroded, and complete metal loss was observed. The complete loss of the 26-inch conductor casing exposed the 13.375-inch surface casing allowing active corrosion to begin due to exposure to oxygen and moisture.",,,,
SM-281-20230909-1600,2,Equipment Failure: Years of corrosion caused enough wall loss and metal integrity to part the 13.375- inch surface casing at the collar allowing it to collapse on itself.,,,,
SM-281-20230909-1600,3,Work Environment: Trapped gas lift pressure was released into the atmosphere when the valve on the 9.625-inch production casing,,,,
SM-130-20230512-1605,1,"Equipment Failure: Core Lifting is a testing and inspection company for cranes and crane cables located in Broussard, Louisiana. On July 20, 2023, Core Lifting conducted 4 break tests on 12’ sections of the failed cable. The BSEE Lafayette District Production SI and AI were onsite to witness the break tests. It was determined by Core Lifting’s inspection of the boom cable and the break test that the boom failure was caused by fatigue and overuse of a confined area of the boom cable.",,,,
SM-130-20230512-1605,2,"During the analysis, it was found that the “Lubriplate” lubrication used on the boom cable failed to penetrate the core of the cable. Talos is searching for an alternative lubrication that will provide ample penetration to the cable core.",,,,
SM-130-20230512-1605,3,Equipment Failure – Inadequate preventative maintenance: wire rope evaluations failed to recognize the fatigue occurring in the confined area of the boom cable.,,,,
SM-130-20240225-0930,1,Human Performance Error: The crane operator exceeded the load rating of,,,,
SM-130-20240225-0930,2,Human Performance Error: The crane should not have been connected to or an I-beam.,,,,
SM-130-20240225-0930,3,"the crane. used to lift a fixed object, such as",,,,
SM-130-20240225-0930,4,Management Systems – Inadequate Job Safety & Environmental Analysis:,,,,
SM-130-20240225-0930,5,"The Job Safety Environmental Analysis (JSEA), failed to discuss the hazards involved with raising the elevation of the beams.",,,,
SM-130-20240225-0930,6,The CCC failed to conduct stop work as per,,,,
SM-160-20240921-1630,1,Human Performance Error: The CCS failed to recognize the potential hazard material.,,,,
SM-160-20240921-1630,2,NA,,,,
SP-27-20250718-0730,1,HUMAN ERROR: Inattention to task- The boat captain was not paying attention to the MV’s heading once he set course to the WD field and turned his attention to performing computer tasks,,,,
SP-27-20250718-0730,2,HUMAN ERROR: Not aware of hazards- The captain of the MV failed to identify the hazards of nearby structures before setting the MV’s course to his next location.,,,,
SP-27-20250718-0730,3,HUMAN ERROR: Not following proper procedures- The MV captain did not use his electronic navigation chart system that has the structures clearly identified. This is a violation of the company safe navigation/voyage planning policy.,,,,
SP-27-20250718-0730,4,WORK ENVIRONMENT: Poor visibility- The boat captain could have experienced platform visibility issues due to the MV wheelhouse area sitting much higher than the low-lying structure.,,,,
SP-27-20260330-0935,1,Equipment failure: Inadequate preventive maintenance- Fast line hoist wire rope dead end termination in wedge socket was never “cut and slipped” per EBI policy. Failure to replace the wire rope in the wedge socket caused the wire rope to become corroded and weakened at the point of impact from the A2B weight.,,,,
SP-27-20260330-0935,2,"Equipment failure: Inadequate equipment inspection- Failure to identify the A2B weight cable pulley bolt being bent during inspections prior to the incident. Due to the bent bolt, the pulley was wedged sideways forcing a chaffing of the wire rope which ultimately caused the wire rope to separate and the A2B weight to fall.",,,,
SP-27-20260330-0935,3,Human error: Not following company policies/procedures- Crane mechanic/inspector failed to cut and slip the fast line hoist wire rope dead end termination in wedge socket. This allowed weakened and corroded cables to remain in wedge socket during operations.,,,,
SP-27-20260330-0935,4,Work environment: Other weather influences- The saltwater and corrosive environment caused excessive corrosion on the fast line hoist wire rope termination.,,,,
SP-28-20230921-0745,1,"Equipment Failure: Inadequate preventive maintenance. Corrosion, erosion.",,,,
SP-28-20230921-0745,2,Work Environment: Other weather influences: rough,,,,
SP-49-20250730-1310,1,"Uncontrolled release of mechanical energy: The ability for the bowls to slip past the centralizer with the “grease lock” keeping them together was not recognized or mitigated prior to movement, resulting in unexpected separation.",,,,
SP-49-20250730-1310,2,Improper hand placement: The Supreme operator positioned their hands in a pinch point during lifting operations.,,,,
SP-49-20250730-1310,3,"Inadequate securing of heavy components: The outermost bowl was not mechanically restrained prior to changing the cutter’s orientation (moving it from the vertical position to the horizontal position in the basket), allowing it to slide under gravity when separation occurred. While there is no specific procedural requirement to mechanically restrain the bowls, this incident demonstrated the need to implement such restraints, and the crew subsequently procured slings for use in future operations.",,,,
SP-49-20250730-1310,4,Insufficient hazard recognition during rig down: The potential for stored mechanical energy and the ability for the bowls to separate was not identified during pre-task hazard analysis or communicated in the Job Safety Analysis (JSA).,,,,
SP-49-20250730-1310,5,"Lack of engineered or procedural controls: No barriers, restraining devices or mechanical handling aids were utilized to protect personnel during transfer of the cutter.",,,,
SP-49-20250730-1310,6,Crew familiarity and procedural drift: Routine handling of similar assemblies and lack of training may have contributed to complacency and deviation from the service company’s “no hands” policy.,,,,
SP-49-20250730-1310,7,"No stop work intervention: The hazardous hand positioning was not corrected prior to movement, indicating an opportunity for improved hazard oversight.",,,,
SP-62-20251103-1205,1,Equipment Failure: Inadequate equipment inspection- Operators and third-party inspectors failed to identify the corroded area of the 8-inch gas vent line.,,,,
SP-62-20251103-1205,2,Equipment Failure: Inadequate equipment maintenance- Operators failed to perform necessary maintenance to prevent corrosion on production piping.,,,,
SP-62-20251103-1205,3,Management System: Inadequate job procedures- Operator a company specific policy to conduct routine corrosion third-party level 1 surveys conducted annually.,,,,
SP-83-20230921-1505,1,Human Performance Error – Not aware of hazards: The pig launcher cap was not secured to prevent it from falling in the event of a manual handling mishap during re- installation.,,,,
SP-83-20230921-1505,2,Human Performance Error – Inattention to task: Personnel were collectively focused on the reinstallation of the pig launcher and did not thoroughly evaluate the severity of the risk involved.,,,,
SP-83-20230921-1505,3,"Human Performance Error – Inattention to task: following the removal, and prior to re-installation, the sharp edges of the shaft of the pig launcher cap were not mitigated prior to performing the job, which would have shielded personnel from contact.",,,,
SP-83-20230921-1505,4,Communication – Inadequate communication: Lack of verbal communication and preparedness between the three workers before two of the three released their grip/hold.,,,,
SS-224-20230131-1045,1,Project personnel were unaware that there was no communication above or below the subsea wellhead tieback system where there was trapped pressure.,,,,
SS-224-20230131-1045,2,No wireline pressure control equipment was used,,,,
SS-229-20260418-0640,1,"Equipment Failure – Inadequate preventative maintenance/Inadequate equipment repair The crane auxiliary winch braking system exhibited reduced braking effectiveness under load conditions, as demonstrated during BSEE-observed dynamic brake testing where slippage occurred at multiple load intervals. The degradation in braking performance allowed unintended rotation of the hoist drum, resulting in loss of controlled lowering of the personnel basket. This condition directly contributed to the uncontrolled descent event.",,,,
SS-229-20260418-0640,2,"Human Performance Error- Not following directions of supervisor (or) proper procedures Crane operations continued after the initial abnormal descent of approximately one foot, despite clear indications of unsafe equipment behavior. Personnel failed to exercise Stop Work Authority (SWA) as required by company policy, and the crane was not removed from service prior to continuation of lifting operations. This failure to discontinue operations prevented reassessment of the lift and directly contributed to the subsequent uncontrolled descent, hard personnel.",,,,
SS-72-20211213-1115,1,Equipment Failure due to inadequate maintenance/inadequate equipment repair.,,,,
SS-72-20211213-1115,2,"Human Performance Error, not following",,,,
SS-80-20250307-0815,1,Equipment Failure: Inadequate Equipment Maintenance- The incident would have been prevented had the equipment been maintained by periodically tightening fittings.,,,,
SS-80-20250307-0815,2,Human Performance Error- Personnel were not aware of the hazards of loose fittings and the resulting release of and accumulation of gas and the combined hazards associated with backfires.,,,,
SS-80-20250307-0815,3,Management Systems: No/Inadequate hazard analysis- Personnel failed to identify the hazard associated with gas accumulation in an area where a likely gas engine backfire could occur.,,,,
SS-80-20250307-0815,4,Prior to job inspect equipment/personnel: Routine checks on all fittings associated with starter gas would have prevented the incident.,,,,
SS-80-20250307-0815,5,LIST THE CONTRIBUTING CAUSE(S) OF,,,,
SS-80-20250307-0815,6,"Supervision- Not ensuring the Proper the proper PPE at the time, they may",,,,
ST-229-20250509-0900,1,"Equipment Failure – Inadequate lubrication to component (internal obstruction)- An internal debris restriction in the sheave pin’s lubrication passage prevented grease from reaching the sheave bearings. One of the three sheave bearings failed, initiating the mechanical failure sequence.",,,,
ST-229-20250509-0900,2,"Equipment Failure – Component failure (bearing)- The lubrication starved sheave bearing failed and imposed abnormal rotational loads on the assembly, which directly precipitated loss of line tension and destabilization of the load block.",,,,
ST-229-20250509-0900,3,"Equipment Failure – Component failure (sheared dowel pin- anti-rotation/safeguard feature)- The excessive rotational force sheared the dowel designed to prevent sheave pin rotation. With the dowel compromised, the pin and spiral retainers rotated; friction unwound a retainer and dislodged from its groove, the pin backed out, leading to ejection of a sheave.",,,,
ST-229-20250509-0900,4,"Human Performance Error – Inattention to task / Not aware of hazards- Operators did not recognize or act upon potential audible, visual, or tactile distress indicators (e.g., block rocking, grinding/popping, reduced wire-rope tension) that should have triggered an immediate out-of-service action and inspection. Section 17 notes these indicators and the expectation to remove the crane from service if observed.",,,,
ST-229-20250509-0900,5,Personnel Training: Personnel not trained on equipment used or system operated (awareness depth)- The investigation identified the need to strengthen operator awareness of early mechanical distress signs and responses (later addressed via safety alerts and training). This gap contributed somewhat to the event by reducing the likelihood of early detection and intervention,,,,
ST-229-20250509-0900,6,"Management Systems: Inadequate documentation/procedural specificity- Prior to post- incident revisions, inspection/maintenance documentation did not explicitly require verification of internal lubrication flow paths or detailed retainer condition checks, which reduced the chance of discovering internal degradation short of disassembly.",,,,
ST-229-20250509-0900,7,"Management Systems – Inadequate hazard analysis- Unsafe Work Practice increasing consequence severity- Maintaining the load block at approximately 65 ft over the MV during positioning increased potential consequences once failure occurred. Even though it did not cause the mechanical failure, the injury could have been prevented by an adequate hazard analysis that identified the hazard of the suspended load at height and mitigation of lowering the load to its safest and lowest point before swinging over the boat. This inadequacy led to an injury.",,,,
ST-26-20260325-1550,1,Inadequate written job procedure – specific pinch points designated before starting task.,,,,
ST-26-20260325-1550,2,not identified. Banksman not,,,,
ST-26-20260325-1550,3,Inattention to task – IP did not maintain,,,,
ST-26-20260325-1550,4,Communication – CO lowered casing without,,,,
ST-26-20260325-1550,5,Not aware of the hazards – Crew estimated casing.,,,,
ST-52-20260314-0936,1,Equipment Failure (Capacity of equipment exceeded): Fluid intrusion into the 3rd stage discharge compressor cylinder caused a significant increase in hydraulic pressure within the cylinder pocket that exceeded the maximum pressure rating of the variable volume clearance pocket.,,,,
ST-52-20260314-0936,2,"Equipment Failure (Inoperable equipment): The 2nd and 3rd stage Gas Filter Separator internal fluid filter and extractor elements were found to be compromised after teardown inspection, contributing to liquid intrusion into the cylinder.",,,,
ST-23-20240129-1900,1,Human error- Packing section was not reinstalled properly.,,,,
ST-23-20240129-1900,2,Equipment Failure- Flawed equipment design column instead of expanded metal.,,,,
VK-817-20250816-0530,1,Human Performance Error: International Navigational Rule #5 and #8. The captain failed to safely operate the M/V Dry Tortugus. He admitted to falling asleep at the controls while the vessel was on autopilot.,,,,
VK-817-20250816-0530,2,Human Performance Error: Work-hour limitations exceeded. The captain’s excessive workload on the day prior to the incident may have contributed to his inability to stay awake and alert while at the helm.,,,,
VK-817-20250816-0530,3,"Equipment failure: At the time of the incident there was no Bridge Navigational Watch Alarm System installed on the M/V. There were no safety devices, monitors or alarms in use, either on the platform or the M/V, to detect the collision course of the vessel with the platform.",,,,
VK-817-20250816-0530,4,"Supervision- Inadequate Training in Fatigue Management. The crew, including the Master, did not receive training on recognizing and managing fatigue as part of their safety protocols. The crew lacked the knowledge and tools necessary to identify and mitigate fatigue-related risks during operations.",,,,
VK-817-20250816-0530,5,Supervision- Failure of Management to Implement fatigue Monitoring Systems.,,,,
VK-900-20230722-1300,1,Human Performance Error – Not aware of hazards: diesel transfer and extension cord out while they,,,,
VK-900-20230722-1300,2,Personnel left the hose used for the broke for lunch.,,,,
VK-900-20230722-1300,3,Management Systems – No or inadequate hazard analysis/written job procedure: Job Safety Analysis (JSA) for the transfer of diesel was not found.,,,,
VK-915-20241124-1710,1,Equipment failure – The 3/4 inch nipple that had broken suffered fatigue cracking due to compressor #1 vibrations for an extended period.,,,,
VK-915-20241124-1710,2,Flawed equipment design – The insufficient support for the sight glass level bridle causing excessive weight on 3/4 inch nipple.,,,,
VK-915-20250504-0445,1,"Human Performance Error: Inattention to the task. - Reports received indicate that the captain was not focused on captaining the vessel at the time of the incident. Instead, he was focusing on preparing paperwork for the upcoming “drift test.”",,,,
VK-915-20250504-0445,2,"Human Performance Error: Not following proper procedures. – Multiple procedures were not adhered to, which contributed to the incident. Specifically, the requirement there will always be a minimum of one other watch stander in the bridge during periods when the vessel is underway. The captain should not have allowed the 2nd captain to leave the bridge while underway, especially since the captain was focusing on other administrative tasks, taking his attention away from captaining the vessel.",,,,
VK-915-20250504-0445,3,"Human Performance Error – Rushing to get the job completed and trying to do to many tasks at once. - The captain should have assigned the task of performing paperwork for the upcoming drift test, or captaining the vessel to the 2nd Captain. Additionally, the 2nd captain should not have been allowed to leave the bridge, while the captain was multi-tasking, and not fully focused at the helm.",,,,
VK-989-20241202-0830,1,Equipment failure: Inadequate equipment repair- Possibility of an old field repair to the flowline being subjected to corrosion due to the repair being made in the field instead of in a controlled environment which may have caused the flowline to develop a leak.,,,,
VK-989-20241202-0830,2,Equipment failure: Flawed equipment design or construction- Suspected flaw in the field weld and testing of the weld during suspected past field flowline repair.,,,,
VK-989-20241202-0830,3,Work environment: Poor layout or design of work area- Suspected repair being performed in an uncontrolled environment allowing for environmental condition to affect the repair that may have been performed.,,,,
VK-989-20260108-0845,1,Human Performance Error: Not following proper procedures- Danos crew members did not follow their company Work Safe Oath Element-Energy isolation which calls to verify energy isolation before work begins.,,,,
VK-989-20260108-0845,2,Human Performance Error: Inexperience doing task related to incident- Danos stated in their investigation report that the “Crew was not familiar with cable demo procedure due to this type of task not usually in their scope of work.”,,,,
VK-989-20260108-0845,3,Communication: Inadequate communication between the operator and contract personnel- The Talos electrician pointed out the wrong cable to be cut. Danos personnel never verified the energy isolation and never verified that the cable pointed out during the pre-job walkthrough was the correct cable to cut.,,,,
VK-989-20260108-0845,4,Management Systems: No written job procedures- Danos management failed to provide the crew on location with the Cable Removal-Demolition Procedure prior to performing the work.,,,,
VK-989-20260108-0845,5,"Communication: Inadequate job instructions provided- Danos failed to provide the crew with the proper training to perform the task. Due to the crew not being familiar with the task, training should have been provided",,,,
VR-170-20230703-1500,1,"Management Systems: The spinning wrench rotated clockwise approximately a 30 inches, striking the AD at the wrench controls. The spinning wrench was not installed as the Only one back-up line was attached to the rear of the attached to the supplied shackle.",,,,
VR-170-20230703-1500,2,"Personnel Training: manual for the spinning wrench quarter round, or approximately manufacturer required in the user manual. wrench. A second shackle was The user manual for the spinning wrench was not readily available to the rig floor personnel. Rig personnel are trained procedures. Warnings, cautions, and notes in the followed during the installation and",,,,
VR-170-20240811-1910,1,Equipment Failure The three 24-inch hatches on the 500-barrel tank gas to escape through the unsealed hatches. Equipment Failure The generator’s faulty electronic control module valve from automatically shutting down the setpoint.,,,,
VR-170-20240811-1910,2,"Equipment Failure were not properly latched allowing prevented the air intake shut-off engine when it reached its over-frequency The O-rings and seating face on the three 24-inch hatches of the 500-barrel tank were not properly maintained. Work Environment The calm wind conditions allowed a gas plume to accumulate near the 500-barrel tank and generator, creating a hazardous atmosphere on the work deck. Management Systems There were no written procedures for commissioning or decommissioning the temporary well cleanup and test equipment. Management Systems There was an inadequate hazard analysis conducted for this situation. None of the JSAs mentioned the potential for a large amount of gas to be released during the emptying of fluids from the separator.",,,,
VR-369-20240404-2230,1,Work Environment: Lockout/Tagout was not implemented to ensure positive valves thus preventing accidental release of pressure pressure from a valve cavity.,,,,
VR-369-20240404-2230,2,Supervision/Personnel training: Renaissance designated an operator with no previous the sole operator on duty of the overnight shift.,,,,
VR-369-20240404-2230,3,Management systems: isolation of all A-15 well tree from the wellbore and escape of platform specific experience as There were no written procedures provided or instructions provided to personnel that would specify which valves had been isolated and ensure all pressure had been removed. No safe working surfaces were provided around the entire A-15 well which contributed to the poor body positioning of the IP and helper.,,,,
VR-369-20240404-2230,4,"Human performance error: The IP was on duty for 15.5 hours, from approximately 10:30 PM.",,,,
HI-A 379 B-20240221-1319,1,Work Environment – Hazardous Workspace. Storage and chemical tote tanks could have been moved to another area.,,,,
HI-A 379 B-20240221-1319,2,Human Performance Error – Not following proper procedures. Written procedures in submitted documents clearly states to remove hydrocarbons prior to hot work commencing.,,,,
HI-A 379 B-20240221-1319,3,Supervision – Inadequate pre-job safety meeting. As cited in the W&T investigation report “This is a failure in site leadership issue. Interviews with both the Zealous Foreman and the W&T PIC found that no discussion or consideration was given to the two written requirements cited in the Zealous JSA and the W&T Hot Work Safety Checklist. Both of these documents provided instructions for the removal of the flammable chemicals from the area. The JSA is not a list of recommendations or simple guidelines. It gives task specific instructions on how to complete the job safely and it is the responsibility of the PIC and Task Supervisor (Construction Foreman) to ensure control measures or in place and effective.”,,,,
HI-A 379 B-20240221-1319,4,Equipment – Grinder While grinding in the area sparks caused a fire by igniting hydrocarbons nearby.,,,,
HI-A 379 B-20240221-1319,5,"Helicopter Operations – Incoming Helicopter The W&T Offshore investigation report states, “In this case it would be likely that a spark generated by the grinding operation was unintentionally carried by the swirling winds generated during a helicopter landing operation, which was occurring just as the grinding work began.”",,,,
GB-783-20260307-2200,1,Human Performance Error: Not aware of hazards. The IP climbed up onto the wireline ram preventor to unlatch the D-ring from crane hook without identifying associated hazards.,,,,
GB-783-20260307-2200,2,"Management Systems: Inadequate hazard analysis. The JSEA was insufficient. Accu-Line’s JSEA required a designated signal man and to maintaining communications verbal or radio with the crane operator however, these measures were",,,,
WC-33-20230810-1735,1,Management Systems: The JSA did not address the possible hazards with adverse sea conditions with sea states at 5 to 7 feet (dynamic loading). The abrasive cutter hung up simultaneously to a wave surge introducing an undetermined amount of dynamic loading parting the two- foot single-leg sling.,,,,
WC-33-20230810-1735,2,"Management Systems: The JSA did not have the maximum lift weight for retrieving the abrasive cutter 2.5 tons, which was the safe working limit of the wire rope slings.",,,,
WC-33-20230810-1735,3,"Supervision: An all-stop was not called to address any new threats after the abrasive cutter hung up in the 48-inch caisson the first time. The JSA required personnel to “stay well clear of suspended loads”, personnel were allowed to stand near the suspended load.",,,,
WC-498-20260502-0215,1,"The IP noticed the half-moon plate was out of place and attempted to reposition it. While doing so, the IP failed to recognize the pinch point created by the moving casing and placed his hand between the plate and the casing, resulting in a severe hand injury.",,,,
WC-498-20260502-0215,2,LIST THE CONTRIBUTING CAUSE(S) OF Hard barricades were not installed to around the moving wells.,,,,
WD-152-20250827-1045,1,"Equipment Failure: (Failed Bearing) Inadequate equipment inspection- Due to not removing the crane boom cable bridle sheave pin, there was no way to properly identify the sheave pin wear. The failed sheave bearing was also unidentified.",,,,
WD-152-20250827-1045,2,Personnel Training: Inadequate training- Training provided by the third-party crane service company does not specify the removal of sheave pins to inspect sheave bearings.,,,,
WD-152-20250827-1045,3,Management Systems: Inadequate training documentation- Third-party crane service company failed to incorporate removing the sheave pin in its “Crane Sheave-Sheave Bearing-Sheave Pin Inspection Report” and sheave inspection training.,,,,
WD-152-20250827-1045,4,Management Systems: Inadequate crane maintenance policy- Operator failed to include the removal of sheave pins as part of their Crane safe guidelines.,,,,
WD-73-20230217-0430,1,Equipment Failure – Inadequate preventative maintenance: Lessee failed to provide adequate preventative maintenance that could have identified and prevented the gas release.,,,,
WD-73-20230217-0430,2,Management Systems – Environmental Control Program: Pipeline riser was not coated with protective lining at the riser hanger.,,,,
WD-90-20250421-1930,1,"Well control was compromised due to a breach at the spooling head. Concurrently, a failure within the tubing string enabled unintended hydraulic communication between the tubing and the annulus, resulting in an uncontrolled release of well fluids. Based on the available data and post-incident analysis, it is not possible to conclusively determine whether the act of pumping fluid into the wellbore induced a failure in the tubing above the isolation plug, or whether the breach originated from a malfunctioning completion component located below the plug. The loss of isolation became evident after the Slickline tool engaged and equalized pressure across the downhole plug.",,,,
WD-90-20250421-1930,2,"A breakdown in communication between successive work crews operating on the platform contributed to critical procedural oversights. The operational procedure in use was deficient as it failed to account for prior well activity conducted on 06-Apr-2019 and 17-Aug-2021. Review of historical well reports from these dates indicates the spooling head had a documented history of leakage, and that the DS plug had been installed in response to operators detecting gas emissions at the surface-specifically from the drive pip beneath the tree. This prior information was not integrated into the current operational planning. In the Apache procedure it directed the crew to remove the back pressure valve, an action that was not applicable, as the valve was no longer present in the well having been extracted during the well work previously mentioned. This inconsistency underscores a failure to reconcile historical well data with the current procedural framework, increasing the likelihood of operational error.",,,,
WR-425-20260411-0345,1,Managment systems - inadequate hazard analysis Communication - inadequate job instructions provided,,,,
WR-425-20260411-0345,2,Human Performance Error - inattention to task. Not aware of hazards.,,,,
WR-51-20230107-1920,1,Equipment Failure: PLS did not fully grip the,,,,
WR-51-20230107-1920,2,Verifiaction of the closure of the PLS gripper only.,,,,
WR-718-20251105-1623,1,"Equipment Failure (Inadequate Equipment Testing/Calibration/Inspection) - Even though the hose was not over pressured during the operation, some degradation was happening on the hose. At the time, only a visual inspection on fuel hoses was required prior to use. There was no formal inspection procedure or maintenance plan in place. It is probable that an in-depth inspection process as well as a proper preventative maintanence plan would have identified defects that a visual inspection cannot. Management Systems (Inadequate Hazard Analysis) - Proper hazard analysis would have brought awareness to the running air compressor next to the operation. A proper hazard analysis would have identified this as a heat source and possible ignition hazard. Shutting down both compressors prior to fueling would have allowed the exhaust to cool down and remove the ignition source.",,,,
WR-718-20251105-1623,2,"Work Environment (Poor Layout or Design of Work Area) - The air compressors were stationed relatively close together during the equipment layout process. Had the compressors been placed further away, the diesel spray may not have reached the exhaust of the compressor.",,,,
AC-25-20140222-1630,1,Accident was caused by using an improper technique to was put on restricted work. lower an 85 pound load from the crane landing.,,,,
AC-25-20140222-1630,2,LIST THE CONTRIBUTING CAUSE(S) OF The Injured Party (IP) was not aware railing of the crane landing. IP did and the railing to allow time to let,,,,
AC-25-20140222-1630,3,ACCIDENT: of how much weight he could safely lower over the not have sufficient space between his left hand go should control be lost.,,,,
AC-475-20160312-1006,1,"Preliminary findings suggested a wall mounted fluorescent light for marine use with receptacle, a universal adapter plugged into the light fixture, an Apple I-Phone ice cube type phone charger plugged into the adapter, and/ or a Samsung tablet left under the bunk pillow may have started the fire. The Apple I-Phone was not plugged into the charger at the time of the fire. However, after comprehensive analysis by a forensic engineering firm of all devices involved, it was determined none of the above devices could be definitively identified as the source of which started the fire. The Samsung tablet could not be eliminated as a possible source of the fire. The forensic engineering firm stated future testing could not definitively prove the tablet was the source; therefore, the investigation is closed and the source of the fire will be classified as “undetermined”.",,,,
AC-475-20160312-1006,2,"Preliminary findings suggested a wall mounted fluorescent light for marine use with receptacle, a universal adapter plugged into the light fixture, an Apple I-Phone ice cube type phone charger plugged into the adapter, and/ or a Samsung tablet left under the bunk pillow may have started the fire. The Apple I-Phone was not plugged into the charger at the time of the fire. However, after comprehensive analysis by a forensic engineering firm of all devices involved, it was determined none of the above devices could be definitively identified as the source of which started the fire. The Samsung tablet could not be eliminated as a possible source of the fire. The forensic engineering firm stated future testing could not definitively prove the tablet was the source; therefore, the investigation is closed and the source of the fire will be classified as “undetermined”.",,,,
AC-475-20151213-1637,1,Products on board the Maersk Valiant were improperly stored in the B-Deck linen closet containing combustible materials which were susceptible to spontaneous heating or chemical reaction resulting in a fire.,,,,
AC-475-20151213-1637,2,"Multiple offshore travel bags were being stored in the B-Deck linen closet. All offshore travel bags should be stored in designated lockers. Potentially flammable personal care products were not sealed properly and stored in a safe manner. The B- Deck linen closet was filled with pillows, significant fuel source.",,,,
AC-728-20180316-1630,1,"Potential unforseen forces and stresses working against the lifting gear may have occurred just prior to the chain hoist failure. These contributing factors may include: Friction (the load being caught up on a bolt or lip edge, sliding across a surface, etc.), shock loading, and the backup equipment (come along) pulling against the load. These contributing factors may have caused the chain hoist to be overloaded beyond its WLL, resulting in the chain hoist's mechanical failure.",,,,
AC-728-20180316-1630,2,"The lift plan did not identify the accurate weight of the load to be lifted. The lift plan did not identify all of the lifting gear which was to be used during the lift. The lift plan was not updated or changed when personnel decided to deviate from the original lift plan. The safety measures in place failed to ensure the lift plan was accurate, thorough, and completely understood by all personnel prior to conducting the work.",,,,
AC-772-20170225-0430,1,Crane Operator failed to ensure proper position of the vessel over the keel prior to making any riser joint.,,,,
AC-772-20170225-0430,2,of the riser joint in the centerline adjustments Forward or Aft with the Communication between the Flagger and Roustabouts(who was also spotting the load)did not provide the necessary effectiveness to prevent the Crane Operator from damaging equipment and losing control of the,,,,
AC-815-20220401,1,Human Error Operator failed to properly torque the drill pipe connection,,,,
AC-815-20220401,2,"Human Error. Drill crew failed to torque and verify the torque of the connection. Movement of the rig between the safe zone and well center, and underlying sea currents, provided the force required to unscrew the drill string",,,,
AC-857-20140613-0800,1,Stab-Rite equipment was not properly secured to eliminate the movement of the top plate when the bolt snapped causing the bolt to swing vertically. ­,,,,
AC-857-20140613-0800,2,Job Safety Analysis utilized failed to identify all hazards associated with the job task. ­,,,,
AC-857-20140613-0800,3,Hazard of bolts snapping while being cut was not Analysis until after the incident occurred. ­,,,,
AC-857-20140613-0800,4,Job Safety Analysis did not address the use of a addressed in the Job Safety band saw to cut bolts or the hazards of utilizing a band saw.,,,,
AC-857-20211029-1000,1,The incident occurred because the Pit-hand did not close and verify the valve alignment on the #1 auxiliary mud tank suction valve before actuating the pump. The provided JSA recommended a two-person verification for valve line ups which was not adhered to.,,,,
AC-857-20211029-1000,2,LIST THE CONTRIBUTING CAUSE(S) OF,,,,
AC-857-20211029-1000,3,"Lessee did not have a specific, mud tanks.",,,,
AC-857-20211029-1000,4,ACCIDENT: documented procedure for rolling the auxiliary,,,,
AC-857-20211029-1000,5,JSA did not reference available fluid fluid transfer procedure.,,,,
AC-857-20211029-1000,6,Pit-hand was new to the position (two transfer procedure. Crew did not review months) and lacked experience.,,,,
AC-857-20211029-1000,7,The auxiliary mud tanks’ audible overflow alarm failed to actuate. There is no level indicator on the auxiliary mud tank control visual indicator on the auxiliary mud tanks.,,,,
AC-857-20211029-1000,8,"Due to a lack of maintenance, the air actuated hand had to manually operate at least one valve.",,,,
AC-857-20211029-1000,9,Shell management has reduced crew onboard when,,,,
AC-857-20160505-1339,1,Injured person was unaware of foot placement and location of tagline when the blind lift began. The Designated Signal Person (DSP) failed to ensure all personnel involved in the lift were clear of all hazards prior to and during the blind lift.,,,,
AC-857-20160505-1339,2,"Lessee Standards & Guidelines Policy (OPS-0055) had limited guidelines relating to tag lines thus was possibly inadequate to prevent this incident. As per the operator's report, a large portion of the platform personnel have been transferred or demoted recently but due to misinterpretation, some employees were not re-verified for skills at the new job. Re-verification of the rigger qualifications of the IP may have reinforced awareness of tag line safety issues. Lessee failed to ensure personnel onboard the facility were complying with company policy for H&P Standards and Guidelines Section 29: Taglines - which states ""Personnel should not stand in the loop of a tag line."" Lessee failed to ensure all personnel were utilizing a Permit to Work, and Lift Plans as specified in (OPS-0055) prior to conducting any blind lifts. There were several management misunderstandings about the (OPS-0055) requirements of the lift due to location and proximity to the handrails. The pre-job meeting of the crane crew failed to include any tagline hazards or mitigation of those hazards.",,,,
AC-857-20160206-1815,1,"Work basket is unable to fully reach the work area, which requires the worker to overextend while removing the MUX cable clamps.",,,,
AC-857-20160206-1815,2,Working with an impact wrench while body is extended.,,,,
AC-857-20160208-1315,1,Flange connection released from the vice due to excessive force applied and improper body positioning within the line of fire.,,,,
AC-857-20160208-1315,2,"Vice had excessive wear on the jaws, it was replaced. prevented this injury.",,,,
AC-857-20151112-0100,1,Weld defects near the root of the weld between the web NOV Product Bulletin No. 87819987.,,,,
AC-857-20151112-0100,2,None,,,,
AC-857-20140211-1945,1,Contractor did not follow JSA in place for opening and closing overboard discharge valves.,,,,
AC-857-20140211-1945,2,Piping layout design did have an isolation valve barrier against accidental discharge of mud into for Diagram.,,,,
AC-25-20210718-0930,1,"The mooring chain link fractures initiated from hydrogen embrittlement. The material properties of the link were not satisfactory for Grade R4 mooring chain, nor any other grade of mooring chain recognized by ABS. The high hardness of the link made it susceptible to hydrogen embrittlement and was likely the result of improper heat treatment.",,,,
AC-25-20210718-0930,2,None,,,,
AC-380-20200929-1715,1,Work Environment - The work environment did not allow for enough space for horizontal swaying movement of the riser spider/ gimbal during the lift.,,,,
AC-380-20200929-1715,2,. Congested or hazardous workspace,,,,
AC-380-20200929-1715,3,. Poor layout or design of workspace,,,,
AC-815-20210717,1,"The power loss incident occurred due to transformer failure. When the transformer failed, high voltage transferred to ground. This caused the low voltage breaker to trip into the open position.",,,,
AC-815-20210717,2,The Vessel Crew had to visually identify the open breaker to determine the failure because the Automated Power Distribution System,,,,
AC-857-20180712-2215,1,"Even though a verbal risk assessment prompt card was utilized, the operational task was not performed safely. If the Subsea Engineer would have utilized the tagline to guide the load and not excessively pull on the avoided.",,,,
AC-857-20180712-2215,2,"tagline, this injury would have been None",,,,
AC-857-20210426-0100,1,"The visibility of the area where the pad eyes contacted the trolley beam was difficult. The pad eyes are the same color as the RBC connector, and it was 20+ feet above the head height of the workers.",,,,
AC-857-20210426-0100,2,"The Job By Design (JBD) and the Job Safety Analysis (JSA) in use, did not mention the tight tolerance between the trolley beams. The two swivel pad eyes mounted to the side of the RBC connector made it larger than the opening between the trolley beams.",,,,
AC-857-20210426-0100,3,None,,,,
AC-815-20220318-1800,1,Cause Category is Management Systems CIT1 valve was not fully closed during the operation. Operator failed to verify proper valve alignment prior to conducting the zonal isolation procedure,,,,
AC-815-20220318-1800,2,"Cause Category is Management Systems Shell procedure does not specify how to verify CIT1 valve is closed. The CIT1 mechanical position indicator, visually appeared to be CIT1 valve was not fully closed.",,,,
EB-602-20220123,1,IP disconnected both lanyards from the derrick ladder while on the derrick access platform. IP failed to remain tied off 100% as he lost his balance causing him to fall to the A-frame walkway.,,,,
EB-602-20220123,2,"SRL was left in the fully retracted position at the top of the derrick without an easily accessible tag line. If the SRL would have been available, it would have prevented the use of the loop back lanyard. This type of lanyard is slow and tedious to use, which may cause more physical and mental fatigue on the climber due to a slower pace while ascending and descending. IP failed to follow documented safety procedures (Blake International Personnel Safety Manual SG-4 Working at Heights) and remain 100% tied off while ascending or descending derrick ladder. There was no alternative ladder safety system, or a safety cage installed, which would have been a less fatiguing option than the personal fall protection used.",,,,
MC-82-20211203-1300,1,properly trained and did not know what,,,,
MC-82-20211203-1300,2,Engineering/Design Inadequate – The hydraulic control valve failed (stuck) showing a constant latch allowing the crane operator to pick up the riser joint when it was not latched and therefore safe to pick up. The riser elevation crane and riser capture device on the crane is designed to be run by a single person with no latch verification. The hydraulic flow control valve is designed to indicate to the crane operator a proper latch has been made and that it is safe to lift the riser. The crane operator did not get an indication of the failure which led to the crane being able to lift the riser when it was not safe.,,,,
MC-82-20211203-1300,3,The Site-Specific Procedure (SSP) being used encompass the activities/steps required to move riser cart.,,,,
MC-82-20211203-1300,4,The JSA did not cover the hazards associated the cart.,,,,
SS-229-20120708-0600,1,A third party investigation determined that the Fisher 1051 Actuator on the produced water dump was not operating correctly. The actuator was not fully closing when receiving the pneumatic signal from the KTEC Level Controller.,,,,
SS-229-20120708-0600,2,"A third party investigation found two contributing causes of the pollution incident. The first being poor installation and system design of the KTEK Level Controller to the Fisher 1051 actuator. The second cause involves poor operating practices. The equipment was not monitored throughout the startup process. Furthermore, poor communication was exercised in reference",,,,
PL-11-1045,1,The shut off valve for the manual transfer of the chemical tank was placed out of reach of the operator monitoring the fill operation. Crane operator was not at the crane controls and was unable to lower tank to shut,,,,
PL-11-1045,2,Storage capacity of tote tank #2 being filled could tote #1 had.,,,,
BA-20170426-0830,1,IP entered the hazard area after he had gave the signal to lift the load. IP failed to recognize the immediate hazard by not stopping the crane’s actions before entering the hazardous area.,,,,
BA-20170426-0830,2,"Investigation revealed the four part sling was fabricated with approximately eleven foot legs (11'), normally the slings are fabricated with four foot legs (4'). It was surmised that this length of sling may have contributed to the leg of sling wrapping around the shackle. Sea state at the time of the incident was reported at 7 foot.",,,,
BA-20140206-1900,1,Accident was caused by pre-esixting tendon deterioration unknown to the IP.,,,,
BA-20140206-1900,2,Routine physical examinations or stretching may have,,,,
BA-133-20210525-0700,1,Suspected that high pressure was introduced to control.,,,,
SM-23-20120805-0730,1,A. Failing to install the spacer on the brake/clutch assembly allowed the gears to shift causing the CO to lose control of the boom winch containing personnel. B. By not applying all the brake/clutch assembly parts to the Quality Assurance Program allowed the spacer to be overlooked while refurbishing the winch. C. The incorrect hydraulic line connections on designed function in the event of a boom winch,,,,
MC-778-20220606-1030,1,Equipment Failure: Rod piston seal failure.,,,,
MC-778-20220608-1310,1,Equipment Failure: Failure related to the design equipment.,,,,
MC-778-20220608-1310,2,"Equipment Failure: The leak was due to connector failure could have been caused by a design flaw, manufacturing defects.",,,,
BS-54-20191006-1700,1,"Human Performance Error – Inattention to Task: The Captain decided to approach the platform during rough seas on the upstream side of the platform and not on the downstream side, where if the engine were to kill, the seas would push the vessel away from the platform. The Captain’s decision to shift the gears from forward to reverse to prevent from colliding with the platform was an incorrect act. There is a 6 second delay when shifting from forward gear to neutral gear. When shifting from forward gear to reverse gear without allowing the 6 second delay, there is a safety feature that automatically shuts the engines down. When the engines shut down, the vessel allided with the platform.",,,,
BS-54-20191006-1700,2,Work Environment – Other Weather Influences: The swells. The winds were 15 to 25 knots out of the,,,,
UNKEYED-9767fa537124,1,Human Performance Error: The shrimp boat Master collided into the BS 55 EB platform.,,,,
UNKEYED-9767fa537124,2,n/a,,,,
ST-177-20120712-0130,1,The probable cause of the accident was determined to be an accidental slip/trip. A pre-job safety meeting occurred prior to the work being performed. All the hazards were addressed in the JSA. The injured person had used all safety precautions including using the three point method when walking down the stairs.,,,,
ST-177-20120712-0130,2,None,,,,
WR-634-20200921-2100,1,Not following procedure: The Driller did not follow Transocean's Slip & Cut procedure by retracting the CMC cylinders all the way down to the beams before proceding forward to the next step.,,,,
WR-634-20200921-2100,2,A software logic error allowed for the system to system have equalized pressure on both sides of the open the olmsted valve before the valve.,,,,
WR-634-20200921-2100,3,The CMC cylinders were not retracted down to the was completed.,,,,
HI-472 A-20221021-0910,1,Failure of the NBK 0420 Chemelecttric Oil Treater Back,,,,
HI-472 A-20221021-0910,2,None,,,,
MP-73-20220130-0530,1,"Equipment Failure – Flawed equipment design or construction: When the piston rod broke, a hole was created, allowing the engine oil to escape and come into contact with hot exhaust.",,,,
MP-73-20220127-1625,1,Human Performance Error – Inattention to task: Earlier maintenance performed on the compressor failed to properly tighten the JIC fitting which caused it to back off over time.,,,,
MP-73-20220127-1625,2,Equipment Failure – Inoperable equipment or safety devices: Exhaust FSV leaked.,,,,
WD-74-20220729-0900,1,Equipment Failure – Inadequate preventive maintenance: Lessee failed to maintain piping associated with KAH-F002 HP gas pipeline pig trap.,,,,
WD-74-20220729-0900,2,Management Systems – Environmental control programs: Lessee failed to develop an environmental control program to combat the corrosion that led to the gas leak.,,,,
ST-26-20210314-1050,1,Poor communication between the dock crane operator and basket weight to be mislabeled.,,,,
ST-26-20210314-1050,2,None,,,,
WD-109-20220406-1215,1,The ball valve striking the unit after being whipped around due to a rapid release of pressure. This caused the ball valve thumb causing a laceration.,,,,
WD-109-20220406-1215,2,LIST THE CONTRIBUTING CAUSE(S) OF,,,,
WD-109-20220406-1215,3,The IP allegedly fully opened the to break apart and strike the IP in his right,,,,
WD-109-20220406-1215,4,"ACCIDENT: ball valve at the same time the needle valve was in an open position, causing the rapid to release pressure through the needle down.",,,,
WD-109-20220406-1215,5,The Flexi-Coil hose was not secured uncontrollably moving around.,,,,
WD-109-20220406-1215,6,The IP was wearing latex gloves but gloves while working with high,,,,
WD-31-20221119-0430,1,Human Performance Error - Inattention to task/Fatigue: exact speed the vessel was Captain fell asleep at the helm.,,,,
WD-73-20220619-0930,1,"Human Performance Error: Not aware of hazards. Not following proper procedure. Rushing to get job done. The 8 personnel should not have stepped onto the personnel basket without ensuring that the M/V was positioned stationary enough for them to board. Also, the crane operator should not have responded to the drifting M/V by lifting up the personnel basket, especially, since the deckhand had not secured the tagline in hand. And the crane operator should not have lifted the basket without proper signaling from the deckhand/rigger.",,,,
WD-73-20220619-0930,2,Equipment Failure: Inoperable equipment: 1 Motor vessel engine failed. Crane operator handheld radio not functional.,,,,
WD-73-20220619-0930,3,Work Environment: Congested or hazardous workspace - The landing area for the personnel basket did not have sufficient space for the large 8-man personnel basket.,,,,
WD-73-20220225-0530,1,Equipment Failure: Inoperable equipment or safety Scrubber failed to shut in the platform on a high,,,,
WD-73-20220225-0530,2,Equipment Failure: Inoperable equipment or safety level float failed to operate due to a mechanical,,,,
WD-73-20220225-0530,3,"Human Performance Error: Fatigue - OP2’s witness fatigued.” The operator should have called a stop rested. devices - The LSH on the Vent fluid level. devices - The Water Skimmer liquid defect. statement said he was “extremely work, left the platform shut in, and",,,,
WD-74-20220513-0011,1,Human Performance Error – Not following proper procedures: JSA did not cover the proper sequence for performing a boom tip changeout and failed to use the company required Boom Connector Safety Pins.,,,,
WD-74-20220513-0011,2,Human Performance Error – Inattention to task: Mechanics failed to follow proper procedures and identify the hazards associated with changing out the boom tip.,,,,
WD-74-20220513-0011,3,"Communication – No or inadequate job instructions provided: According to the incident report obtained by Seatrax, the Lead Mechanic/IP signed the JSA without reading it and having a discussion of the job scope with the MH.",,,,
DC-398-20140814-2020,1,The Sub-sea Engineers failure to ensure that the locking dogs were fully engaged. -,,,,
DC-398-20140814-2020,2,There was no verification (visual or mechanical) that the actuating ring latch assemblies were set on the tensioner ring. -,,,,
DC-398-20140814-2020,3,The crew was unfamiliar with the proper procedures for verifying the locking mechanisms were properly engaged. -,,,,
DC-398-20140814-2020,4,Tensioner ring to slip joint locks were not properly engaged. -,,,,
DC-398-20140814-2020,5,Secondary lock also not properly engaged.,,,,
DC-398-20140814-2020,6,The Work Instruction Manual (WIM) was vague on proper procedures ensuring the locking of the tensioner ring dogs to tensioners and ring latch assembly. -,,,,
DC-4-20190625-2045,1,There was a breakdown in communication between the operator which lead to the winch operator to start winch operator and the E-line slacking off before the E-line operator was able to slack off of his tool string.,,,,
DC-4-20190625-2045,2,Breakdown in communication,,,,
DC-757-2230,1,"Both of the 1"" support cables for the HTV parted at",,,,
DC-757-2230,2,No contributing factors could be listed at the time,,,,
DC-4-20180430-2230,1,"The chemical injection lines, a Hydraulic Flying Lead (HFL) sustained breaches or breaks in two locations.",,,,
DC-4-20180430-2230,2,"Damage sustained to the outer jacket of the chemical jacket was damaged, the line's collapse resistance was injection line. Once the outer compromised.",,,,
DC-4-20180430-2230,3,Positive pressure was not maintained in in a collapsed and then torn line.,,,,
MP-260-20220624-1147,1,Human Performance Error – Not aware of hazards: possible hazards within the piping.,,,,
MP-260-20220624-1147,2,Workers were not aware of the,,,,
MP-260-20220624-1147,3,Management Systems – Inadequate hazard analysis/written job procedures: No purging or flushing of the piping was done prior to the work being done. Personnel failed to identify the possibility of pyrophoric materials within the piping.,,,,
EB-110-20130918-1600,1,Rig package was not correctly installed during initial construction. - Rig package was not centered correctly during initial construction. - Rig crew did not install the approved skidding guides as detailed on the approved rig skidding procedure. - The skid rollers were not utilized properly and were unpinned and rotated 90 degrees across the skid beams. -,,,,
EB-110-20130918-1600,2,Skid rollers were unpinned and rotated 90 degrees by rig personnel and not utilized properly as designed. - Skid beams were not marked as to where the rig would be located once it was moved over - the desired well slot as described in the approved rig skidding procedure. - Stop Work Authority was not utilized Stop Work Authority was not utilized Stop Work Authority was not utilized procedures were available on site. -,,,,
EB-110-20160921-1915,1,Crane Operator did not know the boom radius at only operated the crane for the the time of the incident and may have allowed the boom to extend beyond the safe lifting radius of the crane.,,,,
EB-110-20160921-1915,2,Crane Operator failed to hoist the load to a safe level above the boat allowing the tank to contact equipment on the boat several times prior to the incident.,,,,
EB-110-20160921-1915,3,Crane Operator was receiving signals from multiple personnel both on the boat and the platform.,,,,
EB-110-20160921-1915,4,Crane was shock loaded causing the wire rope and boom to fail.,,,,
EB-110-20160921-1915,5,Crane Operator was new to the platform and previous two weeks.,,,,
EB-159-20131103-1635,1,A flammable liquid mixture of condensate and water carried over from the Still Column onto hot surfaces of the Glycol Dehydration System.,,,,
EB-159-20131103-1635,2,The Glycol was contaminated with condensate and water. - The Reboiler temperature was increased too quickly during start up. -,,,,
EB-159-20170118-0400,1,"Pump pressure in excess of 2000 pounds per square inch (psi) during reverse circulation operations, resulting in failure of the 16"" casing butt-weld and 16"" riser welded collar.",,,,
EB-159-20170118-0400,2,Exceeded Limitations - BOP's and casing were only tested to 1000 psi. Inadequate Hazard Analysis - Pump safety devices were not adjusted to account for the decreased burst pressure. Management of Change - The JSA was not revised to reflect the implemented changes.,,,,
EB-159-20140105-1745,1,A leak in the replacement fuel filter.,,,,
EB-160-20151201-2200,1,"The work string, consisting of a 9 5/8 inch rock bit, a 9 5/8 inch casing scrapper, and 1,620 feet of 3 1/2 inch drill pipe weighing approximately 22,500 pounds was lodged in the 9 5/8 inch internal diameter well casing. The Crane Operator had pulled up to 30,000 pounds (25 percent over the estimated weight of work string) when the decision was made to utilize the hydraulic jack system.",,,,
EB-160-20151201-2200,2,"The amount of upward force (275,000 pounds) applied by the hydraulic jack system suddenly freed the lodged work string causing the string to rebound out of the hole approximately 6 feet. The rebound threw the traveling slips out of their position, eliminating support of the work string’s weight. When the work string fell back down into the hole, the force of the work string transferred to the still attached crane hoist system causing the crane to be shock loaded.",,,,
EB-160-20151201-2200,3,"Due to the P&A crew leaving the crane attached to the work string,conditions which caused the crane to be shock loaded were created. The shock load caused the crane’s boom to collapse on top of the hydraulic jack system work basket, then folding the boom in half sending the jib end toward the Crane Operator’s cab. This directly led to the failure and collapse of the crane boom and",,,,
EB-160-20151201-2200,4,Lessee failed to ensure control of the work stored energy was released while utilizing the other components. string would be maintained if the hydraulic jack system.,,,,
EB-160-20151201-2200,5,Poor planning and risk evaluation by the operator.,,,,
EB-160-20151103-1640,1,Improper tool selection to close the Used a thirty-six inch aluminum pipe,,,,
EB-160-20151103-1640,2,LIST THE CONTRIBUTING CAUSE(S) OF Improper body position Improper tool selection,,,,
EB-160-20160205-0640,1,Crane Operator failed to ensure the auxiliary line was played out so the wedge socket and ball would not come in contact with the boom tip while lowering the crane boom.,,,,
EB-160-20160205-0640,2,None,,,,
EB-160-20191209-0700,1,The Root Cause: Lessee failed to ensure personnel were ensure slips and bowls were properly inspecting the slips and bowls and operating all equipment as per Manufacturer's Operations/Maintenance Instruction Manual prior to use.,,,,
EB-160-20191209-0700,2,Personnel failed to ensure slips completely seated into the bowls.,,,,
EB-160-20191209-0700,3,Personnel failed to ensure the slips and bowls were properly lubricated prior to use.,,,,
EB-160-20191209-0700,4,Job Safety Analysis (JSA) did not contain steps to ensure slips and bowls were properly cleaned and greased prior to use.,,,,
EB-165-20150509-1730,1,"The MAK-F960A was found severely corroded the top to be secured to the body of vessel. derated the vessels pressure capability. on the tabs that anchor the T-bolts for The lack of mitigation of the corrosion,",,,,
EB-165-20150509-1730,2,"The Pressure Safety Valve (PSV) on PSI,it did not relieve until 390 PSI. would operated properly it would have",,,,
EB-165-20150509-1730,3,"The Pressure Safety Valve (PSV) on the MBF-V940 Fuel Gas Scrubber was set for 270 MBF-V940 is up-stream of the MAK-F960A if PSV helped to relieve the over pressurization. the MAK-F960B Fuel Gas Filter was set for 270 PSI, it did not relieve until 290 PSI. The MAK-F960B supply and discharge is common with supply and discharge of the A vessel. The lessee was flowing thru both A/B Fuel Gas Filters, the PSV would have helped relieve the pressure if operating properly.",,,,
EB-165-20150509-1730,4,"Lessee had modified both MAK-F960 A and B Fuel Gas Filter vessels from orginal design, Lessee removed differental gauges from the system, therefore Operators had no indication of when filters needed to be replaced. The change of location of Level Safety High (LSH) and Sight Glasses gave the Operators a false fluid reading, causing the filters to become soaked with fluids and clogged.",,,,
EB-165-20150509-1730,5,"The Daniel Senior Meter orifice plates were a sign of fuel gas system over pressurization. the pressure, system was reducing gas pressure high of 170 PSI.",,,,
EB-165-20150509-1730,6,"found to be dished (deformed); this is The fuel gas system had only one cut in from a operating high of 1290 PSI to a Investigation revealed the gas flows from the MBF-V620 Gas Scrubber and MAF-V500 Glycol Contactor at a normal operating range from 945 PSI to a high of 1290 PSI. The gas pressure is then reduced a single cut, to 170 PSI before it is sent to the MBF- V940 Fuel Gas Scrubber, which is first component up-stream of MAK-F960A. During testing of safety devices the PSV on MBF-V940 was set to relieve at 270 PSI; it did not relieve until 390 PSI, thus alowing 390 PSI or greater pressure to the MAK-F960A Fuel Gas Filter. The MAK-F960A was found severely corroded on the tabs that anchor the T-bolts for the top to be secured to the body of vessel. The corroded tabs weakened the vessels capability of handling any over pressurization above the Maxium Working Pressure. Lessee was flowing thru both MAK-F960 A and B at the time of the incident. The PSV on the MAK-F960B was set to relieve at 270 PSI; it did not relieve until 290 PSI. Lessee had modified both MAK-F960 A and B vessels from the original design. The Lessee had removed the differential gauges from system, therefore Operators had no indication of when filter elements needed to be changed. The location of the Level Safety High (LSH) and Sight Glasses were modified at the same time; thus giving the Operators false fluid readings. All modifications were completed according to Operators in August 2014. Lessee did not have any record of the filters being changed on the two filter units, as well operators stated they had never changed filters. Nearly every month in the year prior to the incident, the Daniel Senior Meter orifice plates were found to be dished (deformed) upon inspection by measurement personnel. The over pressurization most likely occurred when facility was being brought back on line after a shut-in, and appears to have been ocurring monthly. The combination of failed PSV's both up and down-stream of MAK-F960A; severely corroded tabs and modification of MAK-F960 A/B vessels lead to the incident.",,,,
EB-165-20160124-1700,1,Failure to properly store tools when not in use.,,,,
EB-165-20160124-1700,2,The IP failed to observe foot placement while,,,,
EB-165-20180509-0800,1,"Fire Investigator stated there was a slight possibility the bunk light bulb started the fire, but cause of the fire is undetermined",,,,
EB-165-20180509-0800,2,None,,,,
EB-602-20150321-1500,1,Improper tool selection was utilized to perform stud bolt and nut replacement when the Hydraulic Torque Unit was found to be equipped with a faulty Emergency Shut Down.,,,,
EB-602-20150321-1500,2,The Contractor and Lessee failed to initiate Stop Work Authority. ­ The proper tool was not equipped with,,,,
EB-602-20150110-1100,1,The IP failed to recognize the hazards of working,,,,
EB-602-20150110-1100,2,The isolation valve bolts were in a confined area hammer wrench with the 2# hammer. -,,,,
EB-602-20220910-1630,1,Human Performance Error: IP failed to control the movement of the TG door frame as stated in the JSA.,,,,
EB-602-20220910-1630,2,Management Systems: while manually pushing on the TG,,,,
EB-602-20220910-1630,3,"Inadequate written job procedures – JSA was titled install and removal of the TG, but JSA only discussed installation. Removal was said to be installation.",,,,
EB-602-20140919-1200,1,IP's boot tip hit tread plate causing a fall.,,,,
EB-602-20140919-1200,2,"Excessive tread wear or not utilizing non-slip or to cause of a slip, trip, or fall hazard to",,,,
EB-602-20130624-0015,1,Hazard analysis failed to identify improper torque on the studs. -,,,,
EB-602-20130624-0015,2,Procedures did not address the securing of the hydraulic umbilical lines of adjacent wells. -,,,,
EB-602-20130624-0015,3,Equipment and procedures utilized were inadequate to safely lift the buoyancy can. -,,,,
EB-602-20130624-0015,4,Procedures failed to utilize the use of a of a bolt failure.Studs were unable to be design.,,,,
EB-602-20130421-0745,1,Improper hand placement on equipment - Location of equipment - Position of equipment -,,,,
EB-602-20130421-0745,2,Rig was rocking causing side sub entry to spin around,,,,
EB-643-20191213-1715,1,The Root Cause of the incident was debris in the,,,,
EB-643-20191213-1715,2,"boom hoist counterbalance valve. Although not the cause of the incident, a contributing cause was the Crane Operator not fully releasing the joystick or setting the brakes.",,,,
EB-643-20150921-1747,1,Biological marine growth caused the umbilical centralizers to become stuck on the hard tank umbilical guide. This caused the pull head to lie over at an angle. The impact is thought to have cut the umbilical and three inner tubes.,,,,
EB-643-20150921-1747,2,"The umbilical guides are subsurface and located within the hard tank of the SPAR, therefore visual confirmation was not possible by the ROV or the winch operator. The Versabuild VB50-50 winch was not equipped with a weight indicator or tension monitoring system to alert the winch operator the umbilical (load) was not descending.",,,,
EB-690-20160116-1500,1,Improper hand placement,,,,
EB-690-20160116-1500,2,Sr. Subsea Engineer did not verify hand placement on the appropriate button prior to functioning.,,,,
EB-690-20160116-1500,3,No formal policy requiring two personnel present prior,,,,
EB-945-20151203-0420,1,Improper hand technique while descending stairs.,,,,
EB-945-20151203-0420,2,Handrails were damp at the time of the incident. evaluation and treatment.,,,,
EB-110-20170810-1350,1,Failure to remove (or shield) flammable substances prior to starting hot work (welding) operations.,,,,
EB-110-20170810-1350,2,"within 35’ radius of the work area The JSA did not include specific hazard identification and/or mitigation of hot work in close proximity to the Sump Pile, which contained hydrocarbon fluids.",,,,
EC-172-20140730-1620,1,The IP kept his hand on the handle trying to move the switch back to the forward position when his hand became caught between a piece of angle iron and the handle of the pallet jack.,,,,
EC-172-20140730-1620,2,"The IP stated the switch has become stuck in supervisor or maintenance. Additionally, the in an area with more working room to operate the past but never reported it to his pallet of material could have been placed the electric lift.",,,,
EC-321-20141025-1900,1,"Both crewmembers were not wearing proper personal protection equipment, chemical goggles and face shield where splashing hazard existed.",,,,
EC-321-20141025-1900,2,U-Tubing of the well forced completion fluid out of the tubing.,,,,
EC-321-20140617-2230,1,The IP was allowed to participate in tasks he was not assigned to complete and used poor judgment on hand placement on moving equipment.,,,,
EC-321-20140617-2230,2,The IP was not part of the drill crew or included on,,,,
EC-328-20140623-1030,1,The IP removed the TC prior to depressurizing vessel.,,,,
EC-328-20140623-1030,2,and allowing sufficient time for and lowering the oil level within the Operations personnel failed to recognize being installed directly into the vessel adequate mitigations were not identified the potential hazards associated with the TC instead of inside a thermo-well; therefore on the JSA and implemented prior to performing the TC replacement.,,,,
EC-346-20150221-0400,1,The vee-door gate on the rig floor was removed and leaned onto a storage container unsecured. The unsecured gate fell work bench.,,,,
EC-346-20150221-0400,2,LIST THE CONTRIBUTING CAUSE(S) OF 1 Ensco did not have any procedures 2 The vee-door gate removal was not,,,,
EC-346-20150221-0400,3,"375"" casing.",,,,
EC-37-1430,1,The IP was climbing on equipment that was unstable due facilitate rigging down of the lubricator.,,,,
EC-37-1430,2,Employee did not identify all hazards involved with,,,,
EC-37-1430,3,A safe and approved climbing device (ladder) was facility.,,,,
EC-381-20120810-1000,1,"The IPs personnel safety harness lanyard was attached to the non-stationary crane boom which moved unexpectedly when the Come-Along's chain slipped from its anchor point during the alignment process, resulting in the IP losing his balance and falling between the boom sections, injuring his right arm.",,,,
EC-381-20120810-1000,2,Human error by the IP.,,,,
EC-381-20120810-1000,3,Personnel had to position themselves in harm's way to align the boom sections. No safe alternate plan was in place to mitigate the risk of injury to personnel.,,,,
EC-381-20120810-1000,4,"The JSA presented to the BSEE representative was deficient in terms of detail. Although the JSA mentioned some of the typical potential hazards (e.g. pinch points, slips, trips, falls, tag lines and communications) associated with the task of ""Pinning the boom and Bridle"", it did not cover a very critical hazard, specifically, working with heavy equipment at elevated heights above 10 feet which required personnel to utilize safety harness. Therefore, the mitigation controls (e.g. proper anchor points and safe rigging practices, etc.) were not covered on the JSA.",,,,
EC-381-20120810-1000,5,"Personnel deviated from step 8 of the FC-150 rig up procedure and also utilized a Come-Along to aid in the boom alignment process, but the crew did not acknowledge such changes in the section titled ""Risk Assessment"" on the JSA, therefore important task specific potential hazards and associated mitigation controls were not covered on the JSA.",,,,
EC-381-20120810-1000,6,"Failure to exercise Stop Work Authority (SWA) procedures when the crew experienced problems aligning the two boom sections and then decided to utilize a Come-Along to assist with alignment and when two crew members recognized that the IPs safety harness lanyard was attached to a non-stationary anchor point, allowed unsafe actions to continue and critical warning signs leading up to the",,,,
EC-64-20120728-0600,1,"A catastrophic failure of the studs that secured the number 2 cylinder to the distance piece of the rental booster gas compressor initiated a sequence of events, as described in the Investigative Findings, which",,,,
EC-64-20120728-0600,2,Possibility that prior history of vibration catastrophically failed.,,,,
EC-64-20120728-0600,3,Possibility of repetitive tightening of the ignited and fueled the fire. caused damage to studs that studs that catastrophically failed as a result of re-using the same studs time after time caused the studs to stretch and become fatigued.,,,,
EC-64-20120728-0600,4,"Possibility of the studs being over tightened during the process of utilizing a ""breaker bar and socket with a 4 foot cheater pipe"" in an attempt to stop the oil leak that developed between the number 2 cylinder and the distance piece.",,,,
EC-64-20120728-0600,5,"The failure to follow chapter 7 of the ""SUPERCUB"" compressor operating and maintenance manual, may have led to the catastrophic failure of the studs that secured the number 2 cylinder to the distance piece.",,,,
EC-64-20120728-0600,6,The lessee failed to provide oversight of critical work being performed on the rental compressor onboard their platform.,,,,
EC-64-20120728-0600,7,"The lessee failed to recognize the hazards involved with mounting a 250 gallon poly lube oil day tank inside the compressor skid. As a result, the possibility of the violent vibration associated with the number 2 cylinder caused the poly tank to develop a leak which led to the fire being exacerbated.",,,,
EI-100-20140913-0900,1,It is believed the nozzle was activated due to piping.,,,,
EI-100-20140301-2215,1,The probable cause of this incident was the small gap other uneven surfaces or trip hazards in the area. in the grating. There were no,,,,
EI-100-20140301-2215,2,LIST THE CONTRIBUTING CAUSE(S) OF The incident took place at night but took place.,,,,
EI-107-0430,1,Misjudgment to identify the need to secure the stanchion prior to using the spinner hawk that employee when it was actuated.,,,,
EI-107-0430,2,"A Job Safety Analysis was completed; however, to secure the snubbing line to the appropriate hawk.",,,,
EI-11-20171019-2000,1,"There was no inspection of the condition of the davit and rod assembly prior to placing the weight of the manway hatch on the davit and rod assembly. The severe corrosion and location of the washer on the davit, and the corrosion of the davit was not detected.",,,,
EI-11-20171019-2000,2,The Job Safety & Environmental Analysis (JSEA) failed to capture the hazards associated with removing the skimmer manway hatch. The JSEA contained limited details specific to the operations being performed.,,,,
EI-133-1430,1,The Rowan investigation report stated that the probable cause of the accident was attributed to the injured Floorman not adhering to Rowan policies and procedures for mixing caustics.,,,,
EI-133-1430,2,"According to the Rowan investigation report, the following were listed as the contributing causes to the accident: 1) breakdown in communication and poor job hand over; 2) a specific Job Risk Analysis for mixing caustic materials with drilling mud was not completed; 3) personnel did not review Rowan's Rig Specific Procedure 3.4.1 for Mixing Caustics before initiating job; 4) the IP failed to don the proper personal protective equipment when handling hazardous materials; 5) inadequate maintenance of the caustic hopper; 5) equipment checks were not performed prior to initiating the job; 6) management failed to follow hopper); and 7) failure to exercise",,,,
EI-193-20130330-1715,1,"The CE failed to stop work and reassess the work area for hazards before climbing over the barricades to enter the open hole area. All parties involved in the pipeline removal failed to address the hazards prior to initiating work on the pipeline project. There were no meetings or review of the work area after the CE arrived on the plus 10 and detected the open hole hazard. Prior to starting the cutting operations, supervisors or safety technician failed to visit the work site to address the hazards with personnel. The lack of mechanical bracing to both of the pipeline sections prior to cutting operations. ­ Alternative equipment such as remotely operated cold (or flame based) cutting devices were not considered and were not available onsite. Failure to initiate stop work as the open hole and possible tension on the pipeline were discovered.",,,,
EI-208-20120819-1300,1,"At the time of the incident, the CPO was walking away from the Production Safety System Panel, he moved towards the stairwell going to the second deck. He was leaning forward with his head looking down towards the deck when he impacted the clean out assembly (nipple and isolation valve) at the bottom of the K-Tec control sight gauge level assembly on the Dry Oil Surge Tank.",,,,
EI-208-20120819-1300,2,"Due to the inclement weather (rain and 20-25MPH winds), these issues had an adverse effect with regards to personnel and personnel response on the Production Platform at the time.",,,,
EI-208-20140214-1445,1,The Ensco Incident Investigation Report stated that the probable cause of the finger injury was attributed to a casing joint slipping down the cat walk because it was not supported by the back stop.,,,,
EI-208-20140214-1445,2,"According to the Ensco Incident Investigation Report, the following were listed as contributing causes to the injury: 1) a worker was not assigned to verify that all casing joints were supported by the cat walk back stop; 2) workers did not recognize that a casing joint was not supported by the cat walk back stop; 3) the hazard analysis did not address potential pinch points created by slipping casing joints and",,,,
EI-208-20140214-1445,3,inadequate spacing of casing joints in the v-door.,,,,
EI-24-20171128-1400,1,The employee created the hazard by removing the 8 ½ inch sight glass cover that provided protection from a flash fire and placed his face in the opening. The cover was removed while the ignitor was in service and in the process of lighting the pilot.,,,,
EI-24-20171128-1400,2,"As per the Cox Heater Treater Operating Procedure – Job Preparation – Step 3. Have a clear understanding of consequences of deviation and corrective actions. Prior to removing the cover, the employee should have utilized the stop work and communicated his intentions with the other employee involved in the operation.",,,,
EI-24-20171128-1400,3,"Lessee failed to update steps 10 through 15 that detailed the start-up of the Heater Treater that should have been covered in the Cox Heater Treater Operating Procedure. The burner portion of the treater was taken out of service for a period of time and the steps were removed from the Operating Procedure. As service, the Operating Procedure was not updated.",,,,
EI-24-20171128-1400,4,As per the Cox Heater Treater Operating Procedure – Job the burner was placed back in,,,,
EI-24-20171128-1400,5,Preparation – Step 4. Review applicable Job Safety Analysis (JSA) and Cox Documents prior to starting any tasks. The lessee failed to prepare a JSA that covered the specific potential hazards associated with troubleshooting the ignition system while the system was in an “in service” status. The FA was reassembled and the lessee “put burner back in service” as per the last step in their JSA. This specific job and JSA were now in a finalized and completed status. The JSA should have been revisited or a new JSA completed (as per company policy) prior to the troubleshooting failed to happen.,,,,
EI-252-20111116-1030,1,The only way that the retainer bearing nut was missing was that it was never installed. It is not certain when the retainer nut was removed and who would have removed it. The last service records date back to 1997 when the well was last flowed and has remained shut-in since that time.,,,,
EI-252-20111116-1030,2,The third party valve technician was not alerted to the fact that the valve stem was very loose and should have disassembled the valve and examined the internal valve parts for damage and wear.,,,,
EI-252-20111116-1030,3,Chevron's deviation from their GOMBU vendor may have identified a flaw in Chevron's Safety Environmental Management System (SEMS) Management of Change (MOC) program/process.,,,,
EI-257-20190808-0930,1,The employee failed to observe any potential hazards or the ladder.,,,,
EI-259-2130,1,It is believed the failure was due to a liquid carry over in the third stage cylinder that broke the valve plates in the crank and discharge valves. The process gas and lubricating oil was ignited by the hot crankshaft and con rod or by sparks generated from the rotating equipment.,,,,
EI-259-2130,2,"The failed #3 rod bearing stopped the flow of lubrication to the crosshead pin and bushings. Once these bushings failed, the crosshead became overloaded, causing the Babbitt to de-bond.",,,,
EI-259-20201021,1,"Equipment failure of the governor actuator linkage allowed an engine overspeed event to occur. After the overspeed event occurred, the turbo locked up and oil seals leaked on both sides of the turbo. Eventually enough oil and carbon built up in the exhaust to start a fire within the exhaust from the heat generated from the combustion of the engine. The air shut off valve failed to perform its designed function when the engine overspeed event was detected allowing the engine to continue running, thereby increasing the exhaust system temperature. An exhaust leak continually built up carbon which was ignited overtime by high exhaust system temperatures.",,,,
EI-259-20150406-0630,1,"The crane mechanic failed to barricade the area Also, after completing the pull test, the crane back over the hole.",,,,
EI-276-20140605-1400,1,The IE failed to observe his surroundings for possible trip hazards prior to attempting to depart the area.,,,,
EI-276-20120629-0830,1,"A. The auxiliary cable shifted out of the sheave on the horsehead assembly causing the auxiliary cable to part. B. After further investigation of the horsehead assembly, the sheave assembly was not designed as per manufacture specifications. C. Personnel performing the annual crane inspection and changing the auxiliary line should have acknowledged the discrepancies to",,,,
EI-276-20120629-0830,2,None,,,,
EI-295-20130316-1300,1,The IE failed to ensure proper foot placement balance.,,,,
EI-295-20130316-1300,2,LIST THE CONTRIBUTING CAUSE(S) OF,,,,
EI-314-20160118-2135,1,The H&P Investigation Report stated that the probable cause of the finger injury was attributed to improper hand placement during the laying down of the pump in joint assembly.,,,,
EI-314-20160118-2135,2,"According to the H&P Incident Investigation Report, the possible contributing causes were attributed to: 1) laying down the pump in joint assembly in a congested area that created numerous crush points and 2) the air hoist cable was routed incorrectly around the drill pipes that created stored energy.",,,,
EI-314-0900,1,Structural integrity failure of the fiberglass,,,,
EI-314-0900,2,"exposure to chemicals, platform fiberglass prematurely. support for the stairwell step. Exposure to the elements, vibration, age of construction material (+/- 20 years).",,,,
EI-325-20120803-1014,1,"According to the operator, the IP did not follow the original plan verbally discussed during the pre-job safety meeting for safely cutting casing. There was no written plan in place available at the facility for this type of activity. The air monitoring method employed as well as the frequency of collecting LEL readings may not have properly characterized the atmospheric conditions in and around the 20-in casing.",,,,
EI-325-20120803-1014,2,The procedures verbally discussed during the pre-job safety meeting for safely cutting casing were not adhered to by the IP. Deviation from the original procedures was not communicated by the IP to the on-site operator representative and contract supervisor for approval. The air monitoring method and frequency for taking LEL readings did not detect the presence of explosive vapors inside the 20-in casing.,,,,
EI-338-20170428-1651,1,The CO had the boom positioned at the maximum vertical angle and could not position the basket any closer without overriding the high angle boom winch kick out. The CO bypassed the kick out to complete the additional lifts.,,,,
EI-338-20170428-1651,2,"A Job Safety Analysis (JSA) was completed for the lifts involved which specified “boom angles too high or too low”. To eliminate this hazard, the JSA stated”check and make sure boom angle is not an issue before making lifts”. The CO failed to follow the safety guidelines documented on the JSA.",,,,
EI-338-20170428-1651,3,"Bypassing the boom kick-out override safety system introduced a risk to the operation that was not discussed in the JSA. Prior to bypassing this safety device the job should have been stopped and this step discussed and/or added to the JSA. Anytime an operational component changes during the present operation, the present operation must be stopped and adjusted to include",,,,
EI-338-20130809-1915,1,The CE failed to utilize a ladder to obtain additional slack in the air hose. The CE could have also repositioned his footing to fall hazards.,,,,
EI-338-20130809-1915,2,Sand on top of the piping that the CE was standing factor that caused the CE to fall backwards.,,,,
EI-355-20141001-1700,1,The FMS Incident Investigation Report submitted to BSEE by Fieldwood indicated that the probable cause of the FMS Endurance losing station keeping and stripping off the Well A002 production tree was attributed to some type of electrical interference with the DP system from a communications tower that was installed on the vessel near the GPS equipment.,,,,
EI-355-20141001-1700,2,The possible contributing cause can be attributed to the absence of an emergency disconnect coupling within the rigid hard line piping from the FMS Endurance and Well A002 that would allow a quick disconnect of the piping in the event of a loss of station keeping by the vessel.,,,,
EI-360-20211209,1," Human Performance Error- Not following proper procedure: As per the Job Safety Analysis (JSA), stop work should have been implemented and the JSA revised as the Crane Operator considered potential hazards when the rigger unhooked the pulley while in the vertical position.  Human Performance Error: Inattention to task: The QCP rigger unstrapped the 1,000 lbs. pulley that was standing vertically and pushed it from the top to lay it down without communicating his intent to the IE prior to the incident.",,,,
EI-360-20211209,2, Management Systems- Inadequate Hazard Analysis: Personnel failed to follow the Safety Environmental Management System Crane Operations Policy General Operating,,,,
EI-360-20211209,3,Practices: The crane operator shall review the JSA as a pre-lift discussion with all personnel involved in the upcoming lifting operation.,,,,
EI-360-20211209,4,Practices: The crane operator shall have the authority to stop the operation if unsafe conditions develop.,,,,
EI-360-20210316-2030,1,Human Performance Error: Inattention to task: The Mechanic entered the compressor cooling fan housing and grabbed the fan belt that was still in motion.,,,,
EI-360-20210316-2030,2,Human Performance Error- BSEE also found that the probable cause of the injury was a failure to implement Stop Work Authority prior to the Mechanic entering the compressor cooling fan housing.,,,,
EI-360-20210316-2030,3,According to the Cox - D-5 Energy Isolation LOTO Policy subsection titled Stored,,,,
EI-360-20210316-2030,4,"Energy: “Following the application of lockout or tagout devices to energy isolating devices, all potentially hazardous stored or residual energy shall be relieved, disconnected, restrained, and otherwise rendered safe. If there is a possibility of reaccumulating stored energy to a hazardous level, verification of isolation shall be continued until the servicing or maintenance is completed, or until the possibility of such accumulation no longer exists”.",,,,
EI-360-20210316-2030,5,A JSA should have been implemented cooling fan housing.,,,,
EI-360-20210212-0900,1,"LIST THE PROBABLE CAUSE(S) OF ACCIDENT: Human Performance Error- Not following proper procedure: The construction crew attempted to dislodge the handrail by hand while tension was applied by the crane. As per the Job Safety Analysis (JSA), stop work should have been implemented and the JSA revised as the potential hazards changed from the original JSA.",,,,
EI-360-20210212-0900,2,LIST THE PROBABLE CAUSE(S) OF ACCIDENT: Human Performance Error: Inattention to task: Decision was made to use the crane to remove the handrail before creating a new JSA to identify hazards.,,,,
EI-360-20210212-0900,3,"LIST THE CONTRIBUTING CAUSE(S) OF ACCIDENT: According to the Cox - Safety Environmental Management System Crane Operations Policy General Operating Practices l), the crane shall not be used in a manner that might result in shock loading (for example, pulling up grating that is still welded to the platform).",,,,
EI-360-20210212-0900,4,"LIST THE CONTRIBUTING CAUSE(S) OF ACCIDENT: Also, API RP 2D 3.1.5 Operating Practices a. also called Crane Operator) is responsible for direct control.",,,,
EI-360-20210212-0900,5,LIST THE CONTRIBUTING CAUSE(S) OF ACCIDENT: Equipment Failure: Inadequate/improper tools unsafe manner.,,,,
EI-361-1301,1,"Using two cranes simultaneously in close proximity of one another and personnel situational awareness are probable causes of this incident. It was reported that the Banksman that was assigned to monitor the load transfer attempted to stop work; however, the Starboard Crane boom tip had already struck and severed the Port Crane load line.",,,,
EI-361-1301,2,The Job Safety Analysis (JSA) completed did not specifically address personnel awareness for operating two cranes,,,,
EI-361-20200926,1,The crane operator failed to lower the load at a safe the boom from contacting the boom angle kick out.,,,,
EI-361-20200926,2,"speed which would have prevented As per the API RP 2D document, the crane operator should have been aware of the effect of velocity and weight of the load when lowering to minimize shock load. Following the API document could have prevented the boom from coming in contact with the boom angle kick out. As per API RP 2D",,,,
EI-361-20200926,3,"1.5 Operating Practices b. The Crane Operator should be aware of the operating characteristics of the crane. Mechanical and nonmechanical cranes will require different operating techniques, especially with regards to engine speed, control operation, control arrangement and braking. The Crane Manufacturer should provide operating instructions or be consulted for specific information.",,,,
EI-361-20200926,4,2.3 Moving the Load d. The Crane Operator should be aware of the effect of velocity and weight of the load when lowering to minimize shock load.,,,,
EI-53-20190214-0730,1,"Following onsite investigations from the BSEE Lafayette District, the Lessee and third party that conducted an electrical inspection, the ignition source could not be determined. During the incident, evidence was discarded including the mattress, an offshore bag and its contents. The discarded items could have indicated what ignited the fire. There were no indications that the fire",,,,
EI-100-20190720-0830,1,The BSEE incident investigation team determined incident was due to improper hand placement.,,,,
EI-100-20190720-0830,2,"that the probable cause of the BSEE’s investigation identified the following contributing causes for this incident: the scrap iron basket was too high, approximately 52-inches, for the welder to safely place the scrapped grating into the basket and 2) the welder was wearing improper glove personal protective equipment.",,,,
EI-120-20190211-1640,1,"Prior to the incident, the HM purchased a new pair of work boots online. The work boots were much larger than expected and did not provide the same fit as his previous pair. As the HM attempted to climb down, the boot failed to support the HM causing him to slip off the fold out step. The fold out step was 2 ½” x 4”.",,,,
EI-120-20190211-1640,2,HM failed to maintain 3 points of contact at all times while climbing on aircraft.,,,,
EI-120-20190211-1640,3,HM failed to follow standard maintenance best practices of removing all tools and equipment from the aircraft prior to clearing the work area.,,,,
EI-120-20171021-1415,1,"While the employees were attempting to connect the hose from the boat, their backs were facing the boat and the deck area where the rope was located. During this process the boat captain should have been monitoring the position of the boat and the hazards associated with the operations both on and off the boat. If the boat captain would not have allowed the boat to drift this incident would have",,,,
EI-120-20171021-1415,2,NA,,,,
EI-208-20180412-1530,1,Signalman left the sight of the crane operator and authority.,,,,
EI-208-20180412-1530,2,The crane operator failed to stop crane operations signalman.,,,,
EI-208-20180412-1530,3,Signalman was not wearing proper ppe. (gloves),,,,
EI-208-20180412-1530,4,"As per the ANKOR Energy Health, Safety and Lifting",,,,
EI-208-20180412-1530,5,2 Crane Operator did not use the stop work upon loss of sight of the,,,,
EI-208-20180412-1530,6,Environmental Manual – Section N. Crane and The designated crane operator is responsible for the safety of each lift and for designating the crane signal person.,,,,
EI-208-20180412-1530,7,3 Designated Crane Signal Person The designated signal person is responsible for safely communicating the load movement to the crane operator.,,,,
EI-238-20200119-1400,1,Inattention to task-The mechanic missed the step,,,,
EI-238-20200119-1400,2,"When the mechanic missed the step, the weight of severity of his injuries.",,,,
EI-251-20170825,1,The BSEE incident investigation team determined that the probable cause of the incident was due to improper hand placement on the manual rig tongs by the floorhand.,,,,
EI-251-20170825,2,BSEE’s investigation into this incident identified the following contributing causes: inadequate job risk assessment when equipment was changed out from an iron roughneck to manual rig tongs; and 2) hazards associated with the handling of rig tongs was not addressed in pre-tour safety meetings nor documented in the job risk assessment.,,,,
EI-252-20200116-0530,1,"The crane operator did not follow the Job Safety Analysis procedures while lifting the personnel basket. According to the Job Safety Analysis, the crane operator was to follow hand signals from the deckhand. The deckhand, who was injured as a result of this incident, was listed as the designated signal person. The crane operator stated he could not see the deckhand or the personnel basket at the time of the lift. There was no listing on the Job Safety Analysis for verbal communication",,,,
EI-252-20200116-0530,2,"The BSEE investigation concludes the possible contributing causes of the accident were the following: . The crane operator failed to follow Arena’s Safe Practices Manual* concerning crane operations. According to the lift planning section, the crane operator should have revised the original lift plan.",,,,
EI-252-20200116-0530,3,"The BSEE investigation concludes the possible contributing causes of the accident were the following: . Incorrect communication received by crane operator. According to the boat personnel, there was no verbal communication given by anyone on the boat to lift the personnel basket. The crane operator stated he received the signal by radio to “come up” with the personnel basket but could not determine who gave the command. At the time of the incident, the radios were set on an open marine channel allowing the crane operator to receive communication from other facilities.",,,,
EI-252-20200116-0530,4,"The BSEE investigation concludes the possible contributing causes of the accident were the following: As per Arena’s Safe Practices Manual: “Section 28.28 (A) (1) Signals between the Crane Operator and the designated signal person should be discernible, audibly or visually, at all times. The Crane Operator should not respond unless signals are clearly understood. Section 28.28 (c) (2) When operations are required to be controlled by signals, a designated signal person should be assigned to work with the crane. The designated person should: Be in clear view of the Crane Operator to ensure that their signals may be seen. Their position should give them clear view of the load, crane, personnel, and area operation. If the Crane Operator’s view of the primary signal person is obstructed, a secondary signal person should be provided. Section 28.31 (B.)(1) A lift plan should be created adhered to during the entire operation. If the lift be revised. “",,,,
EI-314-20180924-0800,1,The CE failed to utilize a vise located on the facility to secure the board. Utilizing the vise could have prevented this incident from occurring.,,,,
EI-361-20180202-0750,1,"During compressor maintenance, the handrail should have not been removed and replaced with yellow plastic chain. The lessee failed to meet the requirements as per 33 CFR 143.110, (b) of this section, and areas not normally occupied, unprotected perimeter of all floor or deck areas and openings shall be rimmed with guards and rails or wire mesh fence. The guard rail or fence shall be at least 42 inches high. The two intermediate rails shall be so placed that the rails are approximately evenly spaced between the guard rail and the floor or deck area: Provided, that if a toe board is installed then one of the intermediate rails may be omitted and the other rail placed approximately half way between the top of the toe board and the top guard rail. (c) Each catwalk and each stairway shall be provided with a suitable guard rail or rails, as necessary.",,,,
EI-361-20180202-0750,2,"Lessee failed to follow the Fall Protection Policy which states Guardrails are erected to prevent workers from falling to lower levels. Guardrails may be constructed with steel-welded materials such as steel pipe, angle iron, and channel-iron, supported by steel barriers, 3/8- inch wire rope, or safety chains used as a barrier between guard posts, and must be capable of withstanding without failure a force of 250 pounds. Guardrails must have a top edge barrier of 42 inches above the walking/working surface and a middle barrier approximately 21 inches between the top rail and the floor. Guardrails must be secured when installed to prevent accidental displacement by inclement weather conditions, equipment, or workers. Lessee failed to follow the Job Safety Analysis (JSA) which states under the Recommendations to Eliminate or Reduce Potential Hazards, risk of injury or illness, and/or environmental impacts: (1) The JSA mandated the following: to use 3 points of contact and to practice good housekeeping. The following rules were not followed. The skid was full of cluttered piping and had poor footing at best. At the time of the incident, the CM was not using 3 points of contact when holding a water jumper in both hands. (2) The CM should not have been walking and climbing on the skid.",,,,
EI-53-20180416-1145,1,The Lessee failed to properly mark the top section of the uneven grating that may have allowed the CMH to identify the 5 inch drop prior to stepping down. The CMH failed to place full attention on his surroundings prior to stepping on the uneven surface which could have allowed him to identify grating.,,,,
EW-1003-20140409-2030,1,Lack of supervision of the two Roustabouts who did not understand the job they were assigned to complete.,,,,
EW-1003-20140409-2030,2,Poor communication allowed for the misunderstanding from the Roustabouts to disconnect the hose while it was still under pressure.,,,,
EW-1003-20140409-2030,3,A JSA was not done because the transferring of barite,,,,
EW-305-20200427-0300,1,Equipment Failure: The 1/2 in vent on the grease seal unit oil reservoir return pressure causing the tank to overpressure.,,,,
EW-305-20200427-0300,2,"The check valve in the lubricator is designed to seal the event of unexpected wireline break. In this event, operate properly.",,,,
EW-826-20200705-1000,1,"The air tugger was certified in May of 2020 for 10,000 with the wrong size cable. Overall, personnel did not rated for the job it was performing.",,,,
EW-826-20200705-1000,2,N/A,,,,
EW-873-20201116-0330,1,Improper valve alignment allowed SBM to be discharged into the Gulf of Mexico.,,,,
EW-873-20201116-0330,2,LIST THE CONTRIBUTING CAUSE(S) OF Personnel failed to follow procedures,,,,
EW-910-20150311-0900,1,The contactor switch for the close side of the BSR's was stuck in the closed position. ­,,,,
EW-910-20150311-0900,2,There was no alarm or warning mechanism in place to contact switch was stuck in the closed position.,,,,
EW-921-20120817-1200,1,Equipment Failure: ENI final investigation revealed that the resulting fire was caused by a failed internal thrust bearing that allowed temperature increase in the presence,,,,
EW-921-20120817-1200,2,LIST THE CONTRIBUTING CAUSE(S) OF,,,,
EW-921-20200202-1230,1,Equipment Failure - Capacity of equipment exceeded: The the required bollard pull.,,,,
EW-834-20171126-0405,1,Operators failed to update and include in the JSA using air pressure to clear the line of obstruction when job was stopped.,,,,
EW-834-20171126-0405,2,Lack of clear communication between roustabouts during flowback operations.,,,,
EW-834-20171126-0405,3,Failed to tie down transfer hose.,,,,
EW-834-20171126-0405,4,Improper placement of feet to secure the hose.,,,,
EW-834-20171126-0405,5,Inadequate horizontal communication between the roustabouts.,,,,
EW-834-20171126-0405,6,Inadequate vertical communication between the supervisors and the roustabouts.,,,,
EW-834-20171126-0405,7,The roustabouts failed to identify the hazards and risk associated with the job scope.,,,,
EW-834-20171126-0405,8,Supervisor gave insufficient delegation,,,,
EW-873-20220303-0315,1,Equipment Failure: Piston rod failed.,,,,
EW-873-20220303-0315,2,LIST THE CONTRIBUTING CAUSE(S) OF Piston rod penetrated engine housing,,,,
WD-73A-20110106,1,The pollution was due to a failed pump on the deck functioning properly.,,,,
WD-80-20220110-0600,1,Equipment Failure – Flawed equipment design or construction: Packer assembly and overshot did not work from the start when it was installed in 2013.,,,,
WD-80-20220110-0600,2,Equipment Failure – Inadequate preventive maintenance: The alignment pin failure was due to corrosion that was caused by Fieldwood’s failure to maintain a proper coating in a corrosive environment.,,,,
WD-80-20220110-0600,3,"Human Performance Error - Inattention to task: During coiled tubing operations in January 2022, a tool got stuck down hole and had to be mechanically pulled which caused stresses that may have caused larger communication to the A annulus.",,,,
WD-80-20220110-0600,4,"Equipment Failure – Inadequate preventive maintenance: The well has a history of scale and paraffin which are affected by changes in pressure, temperature, and/or in the composition.",,,,
WD-80-20220110-0600,5,"Communication – No or inadequate communication: Lessee failed to report the leak to BSEE in a timely matter. If BSEE had knowledge of the leak, the agency would have prompted Fieldwood to urgently remediate the issue. Lack of communication also led to a failure of Fieldwood management to act to remediate the issue timely.",,,,
MP-299-20160529-1310,1,The MBF-935 Buyback Gas Scrubber 2-inch outlet piping was found to have extensive deterioration and pitting corrosion on the exterior of the piping. The corrosion compromised the integrity of the pipe allowing the gas to leak.,,,,
MP-299-20160529-1310,2,The corrosion that allowed the H2S to leak was a direct result of a lack of routine piping maintenance on the facility.,,,,
MP-299-20160529-1310,3,"The 6"" vent piping associated with the all vessels to the MBF-110 HP Vent Scrubber has indication of pitting corrosion on the exterior relatively small isolated mounds and extensive deterioration of fasteners. This exterior corrosion was further evidence of the lack of maintenance on the piping.",,,,
GB-72-20111226-1540,1,The lessee and all personnel engaged in the disassembling operations failed to adhere to Enterprise's EH&S Management System Safety Policies Manual 3.6.3 Lift,,,,
GB-72-20111226-1540,2,"Guidelines: Line 6. Check the area of lift and travel prior to the lift to ensure that personnel are notified, in safe positions and clear of obstructions. Line 7. All persons remain at a safe distance away from the lifted load at all times.",,,,
GB-72-20111226-1540,3,"As per the Seatrax Accident Investigation Report, the recommended action to prevent future or similar occurrences: Sequence of job steps in JSA address personnel to move back away from the boom connection points before removing boom sections. This step should have been addressed as per Enterprise's EH&S Management System Safety Policy prior to decommissioning operations.",,,,
GB-72-20111226-1540,4,"The IE was a short service employee (SSE) according to Seatrax policy. Seatrax Short Service Employee policy, Section 48.1 Key Practices defines a SSE as any personnel with less than six months experience in the same job type or with Seatrax, Inc... The policy also states that multiple mentors will be assigned to each SSE and will be onsite to supervise the SSE. In Section 48.2 Responsibility, the policy states that the mentor communicates the SSE policy and expectations at the pre-job meeting. Although Seatrax provided a mentor for the SSE, the mentor failed to ensure the safety of the SSE. The mentor, crane operator and signalman should have ensured that the SSE remained at a safe distance away from the boom tip before giving the signal to make the lift.",,,,
WD-73-20190320-1200,1,Failure to maintain equipment: Excessive sand and debris in the process system,,,,
WD-73-20190320-1200,2,Failure to maintain equipment: Excessive condensate in the instrument gas system,,,,
WD-73-20190320-1200,3,Failure to write operating procedures to mitigate design flaws in the instrument gas system,,,,
WD-73-20190320-1200,4,Failure to install pumps to manufacturer specifications.,,,,
WD-73-20190320-1200,5,Failure to monitor sump tank while performing manual pumping operations.,,,,
WD-73-20190320-1200,6,Failure to reduce or minimize production rates from the WD 73 Field after returning to full gas-lift pressure.,,,,
WD-73-20190320-1200,7,Failure to follow operating procedures which stated to test safety devices before start up.,,,,
WD-73-20190320-1200,8,"Failure to follow 30 CFR 250.869: operator bypassed safety devices for reasons other than start up, maintenance or testing. Operator failed to properly monitor bypass devices. Operator failed to manually perform shut in action the safety devices would have performed during an abnormal condition.",,,,
WD-73-20190320-1200,9,"Failure to maintain deck drains, skid pans, and containment as to prevent the hazardous accumulation of hydrocarbons.",,,,
WD-73-20190320-1200,10,Failure to follow operating procedures: a JSA was not created for the removal of the failed pump.,,,,
WD-73-20190320-1200,11,Failure to use stop work authority. Cox personnel continued to keep production online while pollution continued to occur for several hours.,,,,
WD-73-20190320-1200,12,Failure to have up to date drawings on the facility. The inspectors noted that personnel could not provide BSEE approved As-Built drawings while on the facility.,,,,
WD-73-20190320-1200,13,Facility may not have had adequate POB to deal with numerous production issues in the field.,,,,
GB-128-20141118-1100,1,IE failed to properly secure fitting before applying,,,,
GB-128-20170919-1600,1,The incident took place due to corrosion between the forming a hole over time.,,,,
GB-128-20171108-0120,1,"Equipment Failure – The explosion occurred after the top ratchet binder holding the clamp rings failed, resulting in the subsequent opening of the clamp rings. The fire occurred after the explosion when the expelled flammable gas mixture encountered an ignition source. The ignition source was likely a spark created either as a result of metal-to-metal contact or from an electrical arc due to damaged electrical wiring.",,,,
GB-128-20171108-0120,2,"Failure to Follow Procedures – Regarding the task of closing the PL closure door, the first procedural failure involved the side ratchet binder. The side ratchet binder was initially tightened, and was not loosened once the clamp was thought to be secured. The failure to loosen the side ratchet binder contradicted both the warning in the OEM procedure and a “Key Point” in the SOI job procedure. Also, the pressure-warning lock was not installed through both clamp ring lugs, confirming improper alignment of the clamp rings. The improperly aligned clamp ring exerted a tensile force in excess of the ultimate strength of the top ratchet binder, resulting in the failure of the binder and the explosive opening of the PL closure door.",,,,
GB-128-20171108-0120,3,"Inadequate Hazard Analysis – SOI’s PtW Matrix specified that a JSA was required for this task, yet the OP did not indicate the requirement for a JSA. The explanation that the task was “routine” does agree with 30 CFR 250.1911 (b) (4), which states that the person in charge of the job may decide that a JSA is not required for particular jobs conducted on a recurring basis. However, 30 CFR 250.1911 (b) states that a JSA must be conducted for activities identified in your SEMS program. The BSEE investigation team concluded that the OP contained in their Integrated Job Planning Matrix met the criteria for conducting a JSA. The BSEE investigation team received no indication that a JSA was performed prior to commencing work in this instance.",,,,
GB-128-20171108-0120,4,"Improper MOC – When SOI changed their procedure after problems were reported with the pigging valve (HCV-9131), the BSEE investigation team concluded that there should have been a corresponding MOC executed, since the OP was changed instead of an in-kind replacement or repair of the valve.",,,,
GB-128-20171108-0120,5,"Inadequate Supervision (Control of Work) – The BSEE investigation team concluded that the excessive number of procedural discrepancies indicated a lack of sufficient supervisory control over the work performed in this instance. Also, both rotating PICs approved the job procedure, eliminating SOI-mandated risk assessment controls by not requiring a JSA to be conducted.",,,,
GB-161-20180314-1640,1,The BSEE incident investigation team determined that the probable cause of the incident was due to improper hand placement on the CTLF main wench static line as the wireline valve assembly was being hoisted for installation.,,,,
GB-161-20180314-1640,2,"BSEE’s investigation into this incident identified the following contributing causes: inadequate pre-job preparation and job hazardous analysis failed to recognize specific pinch points during CTLF main wench lifting operations; 2) the CTLF main wench lifting operational procedures had insufficient engineering controls in place to stabilize the wireline valve assembly from striking the CTLF; 3) the design of the CTLF created clearance problems when lifting a wireline valve assembly; and 4) since CTLF lifting operations during this incident were routine, the crew was not accustomed to implementing stop work authority.",,,,
GB-172-20211010-2045,1,The BSEE Incident Investigation Team determined that the probable cause of the incident was due to improper hand placement by the Halliburton employee on the second bail shaft as it was slipping out of his left-hand.,,,,
GB-172-20211010-2045,2,BSEE’s investigation into this incident identified the following contributing causes: the swivel becket moved due to the pin was in the locked open position instead of closed; 2) the Standard Operating Procedure used at the time of the incident was inadequate and didn’t present the options of using a Jib Winch or Push Pole for this task; and 3) the Toolbox Job Safety Analysis was incomplete and didn’t specifically address the hazards for this type of task.,,,,
GB-172-20150629-1200,1,CE held on to the edge of the cabinet allowing his situation. CE understood very little English and may not have dropped. There was no translator on the facility.,,,,
GB-172-20150629-1200,2,Failed to complete a Job Safety Analysis (JSA) for hazards such as pinch points and safer ways to,,,,
GB-189-20131213-0420,1,"During dynamic lifting operations from a MV to the production facility, a tank containing 500 gallons of aviation fuel was snagged by a generator being hoisted by the platform facility crane. As a result, the tank was toppled onto its side. As the tank hit the deck of the MV, the force of the liquid in the tank caused the lid and associated retainer ring assembly to detach from the tank. Ultimately, approximately 390 gallons of aviation fuel spilled onto the deck of the vessel and into the offshore waters.",,,,
GB-189-20131213-0420,2,The deck arrangement did not allow adequate distance between loads to alleviate loads contacting one another during lifting operations,,,,
GB-189-20131213-0420,3,"Prior to shipment, the tank lid's fastening components and tightness of the lid retainer ring assembly were not inspected",,,,
GB-213-20140523-2300,1,Incident investigations conducted by Apache and Schlumberger have attributed the probable causes of the SBM spill to the Cement Unit mud line valves that connected the mud line to auxiliary recirculation lines that were left in the open position after cleaning and were not checked to verify their alignment prior to the cement job.,,,,
GB-213-20140523-2300,2,The contributing causes to the SBM spill identified by Apache and Schlumberger included: 1) the design of the Cement Unit package did not provide the Cementer with a clear view to monitor Batch Mixing Tank #2 nor was it equipped with a device to remotely monitor the fluid level in the tank; 2) inadequate cement unit start-up procedures; 3) the failure to identify risk associated with handling of SBM with the Cement Unit; and 4) the two valves on the rig's overboard discharge line were in the open position during the cement job and that provided a pathway for the SBM to spill into offshore waters.,,,,
GB-216-20220519,1,Human performance error: Improper hand placement – The IP placed his left hand on a 5000 psi pressurized 0.5- inch false hotline hose to move in order to access the leaking BOP No. 2 Yellow Pod hot stab line when the 0.5-inch false hotline hose ruptured causing his left-hand injury.,,,,
GB-216-20220519,2,"Management system: Equipment failure - According to the manufacturer, the 0.5-inch false hotline hose failed due to a combination of the following factors including: breached green thermoplastic hose most likely due to broken internal wires; broken wires exhibiting excessive corrosion with pitting and scaling oxidation; unreadable layline; and blisters/bulges on the green thermoplastic hose cover.",,,,
GB-216-20220519,3,Management system: Insufficient hazard recognition – The TO General Work Permit and the Hazard Identification Prompt card failed to address the hazards associated with moving or working around pressurized lines containing BOP fluid during BOP soak testing.,,,,
GB-216-20220519,4,Management system: Insufficient procedure - The TO BOP Soak Test Procedure did not address the risks or hazards when moving pressurized hoses with BOP fluid to access leaking BOP Pod hot stab lines.,,,,
GB-216-20220519,5,"Management system: Insufficient inspection and maintenance programs - TO has guidelines in place to inspect and maintain hoses but did not implement their hose inspection and maintenance guidelines or standards; therefore, TO failed to recognize that the 0.5-inch false hotline hose posed a safety hazard. Also, TO did not follow the recommendations or instructions for hose maintenance and replacement by the manufacturer.",,,,
GB-216-20220519,6,Management system: Insufficient communication - TO failed to communicate the dangers and hazards to personnel when working around energy sources including high pressurized lines. TO did not install warning barriers to warn personnel of restricted areas during pressure testing.,,,,
GB-260-20210204-0230,1,The BSEE incident investigation team determined that the probable cause of the incident was due to the IP working in the red zone that was not enforced.,,,,
GB-260-20210204-0230,2,BSEE’s investigation into this incident identified the following contributing causes: the lubricator was not extended enough to accommodate the tool strings and 2) a piece of wire caught in the dogs interfered with the latch that caused the RS tool to be released from the tool string.,,,,
GB-386-20121208-0300,1,Atwood Oceanics' investigation into the probable cause revealed that an insufficient air pressure of 90 psi had failed to engage and seal the middle slip joint packer. The SBM discharge was eventually stopped by applying 150 psi of hydraulic pressure that energized and closed the lower slip joint packer.,,,,
GB-386-20121208-0300,2,"A contributing cause of the accident was that personnel did not recognize the need to change air or hydraulic pressure settings on the slip joint packers when encountering changes in SBM weight. Furthermore, Atwood reported that there were no current industry standards that provide guidance for operating slip joint packers when encountering changing mud weight conditions.",,,,
GB-426-20190331-1745,1,The IP failed recognize the fall/trip hazard while attempting to exit the firewater pump skid. The skid is painted to identify the 17 inch the skid.,,,,
GB-426-20140219-2140,1,The CE failed to follow the procedure listed in tighten instead of following the JSA. The CE should have repositioned himself if he manner. -,,,,
GB-426-20210403,1," Management Systems: Inadequate documentation or availability of hazard analyses, job procedures, or emergency procedures: Utilizing the referenced hose (to achieve zero pressure) was not part of the approved operating procedure. The approved operating procedure states, “zero psi is not required. Blowdown to a point where at least 500 psi differential is across the boarding valve and monitor for pressure build-up”.  Human Performance Error: Inexperience doing task related to incident - BSEE also found that the probable cause of the injury was allowing the inexperienced IP to assist in the testing of the BSDV regarding the referenced operation(s).",,,,
GB-426-20210403,2," According to the Shell Auger OP - BV Check for the Cardamom Field, there is no mention of using a hose throughout the testing procedure. All piping mentioned throughout the bleed down and testing procedure is hard",,,,
GB-426-20121220-0420,1,The CE placed his hands in an unsafe area failing to adhere to the proper hand placement.,,,,
GB-426-20121220-0420,2,The CE also failed to follow the recommendations of hands.,,,,
GB-426-20160425-1720,1,"According to the H&P Root Cause Investigation Report, the probable cause of the incident was attributed to a replacement threaded pulling stem that was not an original equipment manufacturer (OEM) certified part required for the HD seat puller. Therefore, since the 2-inch threaded stem was not OEM part, it failed during a single rapid overload event.",,,,
GB-426-20160425-1720,2,Possible contributing causes for the incident stated in the H&P Root Cause,,,,
GB-426-20160425-1720,3,Investigation Report include the following: 1) the positioning of the IP's body related to the HD seat puller; 2) the H&P crew did not recognize the potential hazard of stored energy when using a HD seat puller; and 3) deficiencies of preventative maintenance of the mud pumps.,,,,
GB-426-20211210,1,Human Performance Error: BSEE has determined the probable cause of the incident was due to the LPRO pulling his end of the drill pipe ahead of the UPRO that caused the top of the stand of drill pipe to get under the elevators as the traveling block was coming down. H&P addressed this issue in their updated Job By Design Template.,,,,
GB-426-20211210,2,Human Performance Error: This was only the second time that LPRO operated the H&P 406 pipe racker and has been working on the rig for only 8 months performing other non- pipe handling duties.,,,,
GB-426-20211210,3,Management Systems:  Inadequate Job Safety Analysis (JSA) – the JSA failed to identify potential hazards of impact between the elevators with a stand of drill pipe in the when it is traveling down while a stand of drill pipe is simultaneously being removed from the fingerboard with the pipe racker. H&P will update the JSA to address the hazards of a stand of drill pipe contacting the elevators while tripping in the hole. The JSA did not include information related to inexperienced employees.  Inadequate Job By Design (JBD) Template – the JBD Template used before the incident failed to alert that “When pulling stands from any/all rows wait till block is below finger board to bring stand out of finger row.” H&P corrective actions stated in the updated JBD Template will now require that the stand of drill pipe to stay in the slot until the block is lowered below finger board before bringing out next stand of drill pipe out for running in the hole.,,,,
GB-426-20220414,1,Management system: swing gates with tie offs or guardrails were not installed to prevent falls at the access opening to the lower working platform where the H&P Driller was standing while installing the upper working platform.,,,,
GB-426-20220414,2,Management system: the H&P Driller was not wearing any fall protection gear as required in H&P’s JSA for Installing Work Platforms onto BOPs that stated to “Always remain 100% tied off while working at heights” and “Always use 100% fall protection”.,,,,
GB-426-20220414,3,"Human performance error: Improper body placement - the H&P Driller was looking up when standing on the lower platform floor while installing the nuts and bolts onto the upper platform leg and he was not situationally aware that when he repositioned himself, he stepped off the unprotected side of the lower working platform and fell backwards injuring his back on and against the edge of BOP skid plate.",,,,
GB-426A-20211123,1,Human performance error:  Improper hand placement - hand placement between the split wear bushing and the running tool by a H&P SSE floorhand.  Not following proper procedures - not utilizing support lines attached to the lifting eyes and/or hands-free tools to minimize the potential for pinch points.,,,,
GB-426A-20211123,2,Human performance error:  Inexperience Offshore - H&P SSE on his second hitch as a floorhand.  Not following proper procedures - not following the recommendations stated in the TechnipFMC Work Procedure for Decompletion Activity for removal of wear bushing from running tool.,,,,
GB-426A-20211123,3,Management system: inadequate hazard analysis failed to identify that bouncing tools off the,,,,
GB-427-20180625-0530,1,The BSEE incident investigation team determined that the probable causes of the incident were as follows: 1) Failure of the air hoist operator to recognize that the cable was spooling unevenly across the air hoist drum and 2) Improper body placement by the Noble Derrickman by placing his body below a live load.,,,,
GB-427-20180625-0530,2,BSEE’s investigation into this incident revealed the following contributing causes: Drill floor crew failed to follow controls stated in the Job Plan or JSA;,,,,
GB-427-20180625-0530,3,BSEE’s investigation into this incident revealed the following contributing causes: Inadequate supervision because a stop work was not given when the drill crew were not adhering to hazard-mitigating actions as stated in the Job Plan or the JSA; and,,,,
GB-427-20180625-0530,4,BSEE’s investigation into this incident revealed the following contributing causes: Slipping of the cable on the air hoist drum due to uneven spooling.,,,,
GB-427-20170529-0930,1,The BSEE incident investigation team determined that the probable cause of the incident was due to improper hand placement as an anchoring point by the SubC Technician while conducting maintenance on the BOP lower gripper assembly.,,,,
GB-427-20170529-0930,2,BSEE’s investigation into this incident revealed the following contributing causes to this incident: 1) inadequate pre-job preparation and job hazardous analysis; 2) poor communication between the Noble Subsea Engineer and SubC Technician during the job task; and 3) the task of guiding the lower and upper assemblies with hands is not referenced in the NOV OEM procedures and in the JSA.,,,,
GB-427-20210110-1535,1,The BSEE incident investigation team determined that the probable cause of the incident was due to improper hand placement by the Rigger on the air hoist cable as the riser insert was being hoisted.,,,,
GB-427-20210110-1535,2,BSEE’s investigation into this incident identified the following contributing causes: failure of the Supervisor to request using the rig crane instead of the air hoist to lift the riser inserts that was performed previously on the Port side without incident;,,,,
GB-427-20210110-1535,3,"BSEE’s investigation into this incident identified the following contributing causes: the crew failed to stop the job when the IP placed his hand on the air hoist cable; and 3) the Permit to Work and the Job Safety Analysis did not categorize lifting riser inserts as a critical lift; however, the Lift Plan did categorize it as a critical lift and in the process the task was not properly assessed.",,,,
GB-427-20200928-1249,1,The BSEE investigation team determined the probable cause of the incident was due to a failure of the Mechanical Coupling between the Forward Motor and Gearbox on the Construction Hoist Block.,,,,
GB-427-20200928-1249,2,BSEE’s incident investigation identified the following contributing cause: 1) premature failure of the mechanical couplings on the Gearbox of the Construction Hoist Block and 2) failure of the control system to balance the load (torque) between the Aft and Forward Motors due to the failure of the mechanical coupling between the Forward Motor and Gearbox.,,,,
GB-427-20170607-0930,1,The BSEE incident investigation team determined that spill was attributed to the failure of the upper VBR assembly.,,,,
GB-427-20170607-0930,2,the probable cause of the SOBM aft bonnet door cartridge seal The BSEE incident investigation team identified the following factors as possible contributing causes for the SOBM spill: 1) the buildup of debris in the upper VBR body; 2) failure to conduct proper hole cleaning and flushing of the BOP prior to operation as recommended in the NOV PIB released on 11 August 2015; and 3) inadequate communications of a known risk of loss of seal integrity as stated in the 11 August 2015 NOV PIB.,,,,
GB-668-1350,1,Ignition was caused by a cigarette or charcoal,,,,
GB-668-1350,2,"The box was placed in a location were it could source. ember. come into contact with an ignition Wind speed was between 20 and 25 knots, any embers which would have fallen directly into the water were blown back towards the platform. No physical barriers to prevent ember movement.",,,,
GB-783-2230,1,"As stated in Nabors' accident investigation, listed below are the probable causes of the accident: Inadequate communication between the rig floor",,,,
GB-783-2230,2,"As stated in Nabors' accident investigation, listed below are the probable causes of the accident: Improper hand placement by the IP.",,,,
GB-783-2230,3,and personnel on the work platform. Presented below are the possible contributing causes of the accident: The JSA did not capture the remedial action of lifting the bell nipple.,,,,
GB-783-2230,4,and personnel on the work platform. Presented below are the possible contributing causes of the accident: Inadequate lighting and obstructed view of potential falling hazards.,,,,
GB-783-2230,5,and personnel on the work platform. Presented below are the possible contributing causes of the accident: Splash guards were not secured when placed in,,,,
GB-958-20150323-0505,1,"BSEE's incident investigation along with the review of Cobalt and Rowan independent incident reports revealed the primary cause of the incident was attributed to the failure to install the Seal Sub (Mud Pin) in the flange connection between the flex joint termination spool and the first riser joint (Joint #64). BSEE visually verified the absence of the Seal Sub (Mud Pin) during an on-site investigation on 7 April 2015, when the BOP was retrieved to the surface.",,,,
GB-958-20150323-0505,2,"Based on the Cobalt and Rowan independent incident report findings, the possible contributing causes for the SOBM spill were listed as follows: 1) inadequate Rowan procedures and checklist for deployment of the BOP and riser; 2) Rowan subsea personnel did not recognize or had any previous experience that required the Seal Sub (Mud Pin) to be installed in the ""pin-up"" configuration in the flex joint termination spool on the Cameron LoadKing riser system; 3) insufficient handover during a crew change of Rowan Subsea personnel during a critical phase of the BOP and riser deployment; 4) Cobalt's failure to recognize what was causing the buildup of SOBM and/or drilling cuttings in the area of the first riser joint and flex joint termination spool throughout the ROV coverage; 5) the culture of top down command structure may have led to misinterpretation of what material was being spilled and it prevented rig personnel for suggesting alternative explanations; and 6) the low torque valves recorded when breaking riser Joint #64 bolts revealed that the bolts were under-torqued when it was made up to the flex joint termination spool during BOP#2 deployment that provided a migration pathway of the SOBM into offshore waters.",,,,
GB-962-20210328-0100,1,The BSEE incident investigation team determined that the probable cause of the incident was due to salt contamination causing the cement to go under-balanced at a zone with the ability to flow causing channeling behind the 22-in casing.,,,,
GB-962-20210328-0100,2,BSEE’s incident investigation identified a contributing cause of the incident was due to degradation of the cement and micro-channeling of the shallow water flow from the top of the salt through the cement and,,,,
GB-978-20151028-0255,1,"LESSEE FAILED TO MITIGATE THE HAZARDS ASSOCIATED WITH UNEXPECTED SEPARATION OF THE AGITATOR SHAFT AND GEARBOX NOT IDENTIFIED BY THE MANUFACTURER’S PROCEDURES, AFTER MULTIPLE UNEXPECTED SEPARATIONS ON THE DISCOVERER INDIA AND MULTIPLE PRODUCT SAFETY BULLETINS FROM THE MANUFACTURER. CREW MEMBERS NOT FOLLOWING COMPANY POLICY IN REGARDS TO EACH PARTICIPATING MEMBER OF A JOB TASK MUST SIGN THE WRA INDIVIDUALLY. FAILURE OF IP FOLLOWING MAUFACTURER'S PROCEDURE IN THE PERFORMANCE OF THE TASK.",,,,
GB-978-20151028-0255,2,LESSEE'S PRIOR KNOWLEDGE OF UNEXPECTED AND SUDDEN SEPARATIONS OF THE AGITATOR SHAFT AND GEARBOX.,,,,
GB-1003-20200918-0640,1,The BSEE incident investigation team determined the probable causes of the incident was due to: 1) work operations were conducted near the HydraRacker tracks instead of working in a safer area and 2) failure to recognize the potential hazards of manually changing out elevator inserts near the HydraRacker tracks.,,,,
GB-1003-20200918-0640,2,"The BSEE post investigation revealed the following contributing causes: 1) inadequate job planning since operations to change out the elevator inserts were in close proximity to the HydraRacker tracks; 2) lack of situational awareness of the risks involved when working near the HydraRacker tracks; 3) supervision failed to identify, evaluate and communicate the risks of changing the elevator inserts near the HydraRacker tracks; and 4) slip/trip/fall hazards of working near the HydraRacker tracks were not specifically / individually addressed in the Task Risk Assessment.",,,,
GB-128-20200202-1600,1,"Human Performance Error – Not following proper procedures: The lessee did not follow the Danos Abrasive Blasting Operations – 6.2.2.8 Working at Elevation Policy which states, working from scaffolds, not ladders or other antiquated elevating items. The scaffold board was not properly secured, and a scaffold could have been constructed to conduct blasting operations in a safe and workmanlike manner.",,,,
GB-128-20200202-1600,2,Equipment Failure – inoperable equipment safety device: the dead-man switch delayed prior to shutting down.,,,,
GB-128-20200202-1600,3,Supervision-Inadequate pre-Job Safety meeting,,,,
GB-128-20200202-1600,4,The Working at Heights Fall Rescue Plan states a designated person would maintain constant visual contact with workers. The hazard of using the scaffold board that was not properly secured and placed across two vessels instead of constructing a scaffold was not identified by the designated person or on the Job Safety Analysis.,,,,
GB-128-20200202-1600,5,"According to the Corrective Action(s) Implementation Plan located in the Danos Root Cause Report, Danos recognized the hazard of the boards being placed across the vessels. The Corrective Action(s) states Danos will incorporate a do’s and don’ts into the Cable Rigging training course which will include not laying boards from vessel to vessel.",,,,
GB-128-20200202-1600,6,Also listed under the Corrective Action(s) is incorporating depressurization of hoses prior to moving or repositioning yourself as best practice in the Abrasive Blasting Procedure and documented on the Job Safety Analysis.,,,,
GB-128-20200202-1600,7,"According to the Job Safety Analysis and the Working at Heights Fall Rescue Plan, constant visual contact would be maintained on the workers. There were no names listed on the Job Safety Analysis or any other documents to suggest an employee was designated to maintain a constant visual. and placing the boards across two vessels",,,,
GB-491-20191122-0934,1,"After investigations were conducted by BSEE, Seadrill, Kosmos Energy, and ASEA Brown Boveri(ABB), the following Root Cause was identified: Condensation accummulated on top of the Drilling Drive DC Bar cabinet from the Air Handling Unit (AHU) ducting vent, and ran inside the cabinet causing an ARC Flash.",,,,
GB-491-20191122-0934,2,Temperature of the Port Switch Gear Starboard Switch Gear Room.,,,,
GB-491-20191122-0934,3,The AHU ducting vent with louver is,,,,
GB-216-20160217-1715,1,The Hess Investigation Report stated that the probable cause of the ZnBr2 discharge was attributed to the subsea production tree high pressure vent safety valves that were left in the open position.,,,,
GB-216-20160217-1715,2,"According to the Hess Incident Investigation Report, the possible contributing causes for the ZnBr2 discharge were attributed to: 1) Incomplete tubing hanger retrieval procedures that did not specify that SV1 and SV2 safety valves on the subsea production tree vent lines needed to be closed after removing tubing hanger and 2) The SV1 and SV2 safety valves were not included in the POA drawings when the subsea production tree and control module drawings were merged.",,,,
GC-113-20140102-0217,1,Rig personnel failed to ensure that the Tree latched to the Subsea Tree before attempting it to surface.,,,,
GC-113-20140102-0217,2,LIST THE CONTRIBUTING CAUSE(S) OF,,,,
GC-113-20140102-0217,3,Rig personnel failed to recognize that the well work on the A002 once it was Retrieving Tool (TRT) was properly to lift it off of the A002 well and pull,,,,
GC-113-20140102-0217,4,"ACCIDENT: ""open/close"" indicator bar on the stack was not installed as per FMC's engineered drawings.",,,,
GC-113-20140102-0217,5,"Rig personnel failed to take remedial actions when a ""hump pressure test"" or ""pressure signature test"" was unable to be achieved as per FMC procedure. -",,,,
GC-113-20140102-0217,6,The decision was made by rig personnel to omit the over-pull test that is required in Marubeni's procedures.,,,,
GC-113-20140102-0217,7,"A misunderstanding between Marubeni's rig personnel and office personnel of a proper designated ""safe zone"" led to the rig being positioned over the A004 well's jumper instead of being clear of all subsea equipment.",,,,
GC-155-20140924-0600,1,A leaking dump valve on the #3 pit allowed Synthetic Based Mud to slowy drain out of the pit.,,,,
GC-155-20140924-0600,2,"Due to ongoing cleaning operations at the time of the incident, the master valves for the pits were in the open position. This allowed the Synthetic Based Mud to flow into the gulf once it escaped past the leaking dump valve.",,,,
GC-155-20140924-0600,3,"Mud Pit #3 was left unattended for an extended period of time after the mud transfer was complete. Had the Derrickman stayed in the area long enough to confirm that all of the valves were holding, the discharge may have been stopped or greatly decreased.",,,,
GC-155-20140924-0600,4,"The Pit Volume Tranmitter (PVT) alarm was inoperable. Although the transmitter was on, the set points had been moved so far out of range that they were unable to detect the loss of fluid.",,,,
GC-158-20190331-0800,1,Piping located in the work area was not physically obstruction.,,,,
GC-158-20190331-0800,2,The JSEA (Job Safety & Environmental Analysis) was identified as a trip hazard and/or not detailed enough to identify the trip hazards in the work area. Fatigue may have contributed. The employee was working 14-15 hours per day and was on day four following 2 days off.,,,,
GC-18-20200813-1620,1,"The dual pack-off snagged on a shackle, which over powered the knot on the rope socket and caused the wireline to pull free. Floorhand's left hand placement was in wrong place.",,,,
GC-18-20200813-1620,2,"Hands Free Work Objective, Hand placement, and Line of addressed in pre-tour or C & D wireline JSEA. C&D wireline JSEA missing step for pulling tool out of Driller and crew witnessed Floorhand reach out for the in accordance to H&P Offshore Hands Free Policy. Drill crew reviewed but did not sign the C&D wireline",,,,
GC-19-20120810-1035,1,Human error due to the incorrect position of,,,,
GC-19-20120810-1035,2,Incorrect tool for the job.,,,,
GC-237-20141016-2250,1,"Electrical problems with the ships generators caused the loss of four of the rig's eight thrusters. -Driller activated the EDS upon the ship reaching the ""Red Zone.""",,,,
GC-237-20141016-2250,2,N/A,,,,
GC-237-20140718-1140,1,Poor Body Placement: Employee failed to recognize an area that left him vulnerable to danger.,,,,
GC-237-20140718-1140,2,the risk of placing his hand in,,,,
GC-237-20140718-1140,3,"Poor Weather Conditions: Although the weather conditions were not terrible, the sea state at the time of the accident was enough to cause the ship to sway. The tank therefore swayed and was unable to be controlled by the Crane Operator.",,,,
GC-237-20140718-1140,4,"Although a JSA was done prior to starting the job, employees failed to address the hazards associated with the weather conditions at the time of the operations.",,,,
GC-245-2230,1,Poor Body Placement: The senior Floorhand failed while instructing his trainees.,,,,
GC-245-2230,2,was evacuated to the hospital for and the IP was placed on light to recognize his hand placement,,,,
GC-245-2230,3,The senior Floorhand was experienced with the work scope but he was not experienced with the aspects of coaching and instructing,,,,
GC-245-2230,4,The Job Safety Analysis (JSA) did not cover elevators and the bales. -,,,,
GC-248-20140609-1635,1,Poor Communication: Poor communication between the crew members led to confusion and misleading information in all areas of the operation.,,,,
GC-248-20140609-1635,2,Crew members failed to properly investigate maintenance alarms before attempting to reset the drawworks.,,,,
GC-254-20181223-1800,1,Air supply was used for instrument supply which allowed air to the enter inlet of the Booster Compressor from the Kimray pressure control valve. This allowed a continuous source of air to enter the process and mix with,,,,
GC-254-20181223-1800,2,The temporary rental Booster Compressor was not manufacturer. The MOC process was not followed. Pre-startup review was not conducted. Operating procedures were not available.,,,,
GC-281-20210604-0930,1,Lack of situational awareness due to the IP's left hand placement in a clearly identified pinch point.,,,,
GC-281-20210604-0930,2,IP was placed in an unnecessary position in IP became complacent with the job.,,,,
GC-338-20190916-1700,1,Corrosion of the outer bearing race and mild side the sheave assembly failure.,,,,
GC-338-20190916-1700,2,n/a,,,,
GC-338-20120303-2130,1,Production Shut-In,,,,
GC-338-20120303-2130,2,Compressor Blow-Down,,,,
GC-338-20120303-2130,3,Wind Direction,,,,
GC-338-20120303-2130,4,Wind Speed,,,,
GC-338-20120303-2130,5,Flammable Materials in Derrick,,,,
GC-338-20120929-0345,1,The probable cause of this incident was bad body placement. The employee was unaware of the dangers of keeping his hands so close to the bottom of the stand of drill pipe while it was being lowered to the setback mat.,,,,
GC-338-20120929-0345,2,Inexperience could have played a part in the accident. Employee had been a Roustabout for less than 6 months at the time of the accident. ­,,,,
GC-338-20120929-0345,3,Lack of training and supervision could have also been a factor in the accident. More training on the proper way to rack back pipe and more thorough supervision by the Driller and Floorhand in charge of training the new Roustabout may have decreased the chances of the accident occurring.,,,,
GC-338-20151016-2015,1,"Failure of the 18-inch LP piping due to severe internal corrosion: The pipe coming from the LP Production Header to the LP Separator initially had a designed maximum allowable working pressure (MAWP) of 285 psig but ruptured at 252 psig. The rupture occurred at the chemical injection point where the line penetrated the production deck and extended approximately 10 feet down. A third party company was sent to the platform on October 18, 2015, to perform non-destructive testing (NDT) on the ruptured piping and found metal loss as high as 50.4%.",,,,
GC-338-20151016-2015,2,"A chemical injection program was in place on the platform on or about the time of first production on December 15, 2004. Several types of chemicals were being injected into the LP line at that time. Among these were a scale inhibitor with a pH balance of 5 and a demulsifier with a pH balance of 0.5 to 2.5. These chemicals are acidic by nature. At the start of the chemical injection program, Caproco fittings were installed at the injection points; however no quills were installed into the fittings to enable the injected chemicals to be released midstream into the pipe. This would have ensured efficient distribution of the introduced chemicals. By injecting the chemicals into the piping without the use of the quills, the chemicals concentrated on the interior pipe wall and down the length of the pipe, causing severe deterioration and metal loss in the piping. This is evident in the pictures taken of the inside of the ruptured pipe during the investigation. The operator also failed to realize an ongoing problem was occurring when on May 1, 2014, a hole was found in the thread-o- let (TOL) of the demulsifier injection point on the LP pipe. The TOL was replaced, and a third party contractor was sent to the platform to perform NDT of the pipe. An eight-point NDT test was performed but not at or downstream of the chemical injection points. If the tests would have been performed at these areas, results would have shown the extent of metal loss occurring inside of the pipe, and corrective action could have been taken.",,,,
GC-36-2100,1,"Although the system shut itself down as designed, the operator placed the PRS alarm into bypass and proceeded to try to relocate it to the forward parking position before identifying the actual cause of the alarm.",,,,
GC-36-2100,2,No JSA or formal Risk Assessment was performed to identify the potential hazards of overriding the system prior to placing the PRS alarm in bypass and attempting to move it.,,,,
GC-36-2100,3,"There is no procedure in place for troubleshooting or operating the PRS if an ""encoder out of sync fault"" is received.",,,,
GC-36-2100,4,An inspection of the welds on the drive shafts of the PRS is not part of the routine maintenance.,,,,
GC-36-20121107-0145,1,A failure to recognize the misalignment of the move out of place and fall against the derrick.,,,,
GC-36-20121107-0145,2,fingerboard allowed the casing to,,,,
GC-36-20121107-0145,3,Neither the procedures nor the WRA covered the fingerboard to ensure proper alignment.,,,,
GC-389-20220115-1610,1,Misalignment of thruster # 2. Inclement weather.,,,,
GC-389-20220115-1610,2,Operator failed to complete the submitted Well Suspension Procedure in a safe and timely mannerknowing inclement weather was approaching.,,,,
GC-432-20180510-1730,1,The 6040 and 6050 control modules were unknowingly wired to the incorrect junction box. The incorrect wires of the CH4 Pit junction box mimicked a thermocouple and caused the 6040 and 6050 control modules to read a safe temperature.,,,,
GC-432-20180510-1730,2,The procedure for commissioning the P-Heater did not call for adequate testing of the electrical wires to ensure correctness,,,,
GC-478-20170407-1500,1,A leaking hydraulic seal on the aft pipe handler cylinder.,,,,
GC-478-20170407-1500,2,Lack of awareness. The crane operator did not identify an issue with having to continously re-initiate the casing settings. This continous re-initialization was evidence of a hydraulic leak that needed,,,,
GC-512-20160102-0910,1,One of the rings of the ‘Ring Assembly’ for the ‘Control Composite Service Loop’ became entangled on a bolt protruding from the bumper guard of the rig’s derrick and was pulled free of the Top Drive.,,,,
GC-512-20160102-0910,2,Poor Documentation: Neither the manufacturer’s ‘Operating Manual’ nor the ‘Installation Procedures’ provided with the equipment gave sufficient guidance on the purpose of the Ring Assembly or how to properly install them.,,,,
GC-512-20160102-0910,3,"Lack of Information: A 'Safety Alert' was issued by NOV, the manufacturer of the service loops, that advised a upgrade kit to the Ring Assembly on February 18, 2013. Because the rig had not yet been commissioned, the ship failed to receive the information and was not aware of the Alert",,,,
GC-512-20160102-0910,4,Weather Conditions: High winds and sea back and forth.,,,,
GC-518-20211113-1620,1,Positive confirmation was not made for the proper,,,,
GC-518-20211113-1620,2,be installed in the elevators for drill pipe elevator inserts.,,,,
GC-518-20211113-1620,3,Human Error: The Driller or Assistant Driller verified that the correct drill pipe inserts were installed as per the Performance Drill Pipe Data Sheet.,,,,
GC-521-20170206-0740,1,"Poor communication between the Driller, AD,",,,,
GC-521-20170206-0740,2,The Gripper Head springs were slightly worn without a load connected to it.,,,,
GC-596-20160107-2245,1,(1) Failure to recognize that the BOP Palfinger Crane commissioned during initial installation. (2) Failure to verify that all safety systems were in operating the BOP Palfinger Crane. (3) Failure to provide proper operating procedures,,,,
GC-596-20160107-2245,2,cranes when initially installed was not properly installed and proper working order prior to for the specific crane on location. (1) Lack of Supervision: The operator’s inability to provide detailed procedures to the crew for crane operations. (2) Lack of Awareness: The subsea crew’s failure to notice warning signs as well as identify possible hazards associated with crane operations.,,,,
GC-608-20121219-1400,1,"The employees involved failed to recognize all of the potential hazards that could be encountered during the lift before starting the job. Had the employees identified these hazards and put controls in place to eliminate the identified hazards, the probability of the accident occurring would have been drastically reduced or possibly eliminated.",,,,
GC-608-20121219-1400,2,No JSA was done to identify the potential hazards of the job.,,,,
GC-608-20121219-1400,3,Poor or lack of communication during the lifting operations.,,,,
GC-608-20121219-1400,4,Bad body placement: The IP left himself in an area where there was no escape route and was unaware of his foot placement while the load was in the air. He was also in a position where he could not be seen by the Crane Operator.,,,,
GC-608-20121219-1400,5,"Failure to follow company policy: Roustabout failed to attach taglines to the load before the lift was made. The decision to not use a tagline or pushrod forced the IP to use his hands to try to control the load, putting him in a close proximity to the tank and vulnerable to a potential accident.",,,,
GC-608-20121219-1400,6,The Crane Operator lowered the load back to the deck without being instructed from his flagger to do so and without the knowledge of the IP's position in relation to the load.,,,,
GC-608-20121219-1400,7,"Lack of experience: At the time of the accident, both of the employees were relatively new to their positions. The Crane Operator had been in that position for less than a year and the Roustabout had been in his position for approximately one year. This could have been a contributing factor in",,,,
GC-608-20140508-0200,1,"In an attempt to restart the compressor, the Operators drained condensate out of the 1st Stage Suction Scrubber ""MBF-1180-B"" into the compressor skid. This may have caused a static charge ignition to the condensate in the skid which resulted in a secondary fire to the CLX cable trays networked throughout the facility.",,,,
GC-608-20140508-0200,2,"Although the Fire Team was able to suppress the skid fire with the firewater system, they were unable to control the rapidly expanding secondary fire with the water system due to reignition in the trays. CLX cables are coated with a petroleum based hard plastic cover and are used extensively on platforms in OCS waters for electrical applications. The fire was eventually subdued and BC fire suppressants.",,,,
GC-609-20201220-0308,1,"The RBC operator funtioned the CTE to ""slips up"" prematurely, which allowed the CTE to open and release the joint of casing",,,,
GC-609-20201220-0308,2,LIST THE CONTRIBUTING CAUSE(S) OF None,,,,
GC-610-20150118-2140,1,Poor weather conditions prevented the crew from repositioning the rig to a more favorable drilling position. -,,,,
GC-610-20150118-2140,2,The downward force created by the drill string rubbing against the slips overcame the hydraulic pressure that was holding the slips,,,,
GC-610-20150118-2140,3,N/A,,,,
GC-610-20150125-0100,1,-The tight tolerances between the actuator plates and allowing impact to occur during drilling operations.,,,,
GC-610-20150125-0100,2,N/A,,,,
GC-627-20170411-0710,1,Malfunction of the riser capture mechanism.,,,,
GC-627-20170411-0710,2,"The proximity switch falsely sent the signal to the control console that the RGC had properly secured the riser by giving the ""Green Light"" signal.",,,,
GC-627-20170411-0710,3,Lack of Awareness: The deck crew failed to notice were not fully engaged in the locked position.,,,,
GC-627-20170526-0530,1,Failure to replace fuses in DBU 7 immediately after they blew.,,,,
GC-627-20170526-0530,2,Carbon buildup in the fuses created a path for electrical current.,,,,
GC-627-20170526-0530,3,Lack of knowledge: The maintenance crew failed to recognize the possibilty of carbon buildup in the blown fuses in,,,,
GC-640-20160807-2225,1,Failure to recognize that the dunnage design used application.,,,,
GC-640-20160807-2225,2,Failure to remove all personnel from the conveyer casing lifting operations.,,,,
GC-640-20160807-2225,3,Lack of Knowledge: The rig crew’s failure to polices involving tubular lifting operations. was inadequate for the system area before proceeding with follow and understand current company,,,,
GC-640-20160807-2225,4,Lack of Awareness: The rig crew’s failure to notice warning signs as well as identify possible hazards associated with,,,,
GC-640-20160519-2030,1,"Neither the IP nor the Chief Electrician had performed this job before, and they did not have supervision with them to instruct them how the task should be properly done.",,,,
GC-640-20160519-2030,2,Inadequate work instructions and procedures.,,,,
GC-640-20160519-2030,3,Failure to follow proper lock-out/tag-out procedures (Level 2 Isolation).,,,,
GC-640-20160519-2030,4,LIST THE CONTRIBUTING CAUSE(S) OF,,,,
GC-640-20160519-2030,5,Failure to adequately evaluate the thoroughness.,,,,
GC-640-20160519-2030,6,Failure to notify supervisors when,,,,
GC-643-20150408-2252,1,The main cause of the incident was the failure of the the casing connections were improperly made up before,,,,
GC-643-20150408-2252,2,"crew members to recognize that proceeding with operations. The weather conditions, 3.3 knot currents, exerted more force onto the improperly made up connection then it could withstand. This ultimately caused the connection to fail and release the casing to the seafloor.",,,,
GC-645-20220627-1745,1,Improper wrapping of Panther felt of Zone 4 deluge,,,,
GC-645-20220627-1745,2,wiring. Firewatch outside of pressurized welding enclosure during 30 minute cool down.,,,,
GC-645-20210203-0200,1,Crane Operator was unaware he should hold the gripper closed for 5 seconds as per manufature's recommendation.,,,,
GC-645-20210203-0200,2,Inadequate knowledge of equipment operation.,,,,
GC-645-20210214-0330,1,Lack of a positive latch indicator on the PRS panel indication of a proper grip on the drill pipe.,,,,
GC-645-20210214-0330,2,allowed for a false positive Failure of the rig crew to adhere to the JSA's recommendation to have personnel visually verify the drill pipe was properly,,,,
GC-645-20180519-1323,1,Failure to follow the planned procedure.,,,,
GC-645-20180519-1323,2,"Conflicting instructions from the rig's management. The Driller gave instructions for the crew to not remove any bolts from the riser and LSG frame, but the Toolpusher gave instructions for the crew to remove the bolts.",,,,
GC-645-20180519-1323,3,Failure to stop work when instruction planned procedure.,,,,
GC-65-20190803-0550,1,The USCG is conducting an investigation to determine a result of the incident. the cause of the event.,,,,
GC-65-20190803-0550,2,N/A,,,,
GC-653-20130224-2240,1,The IP did not recognize poor body placement at the,,,,
GC-653-20130224-2240,2,The hazard of casing movement was not recognized.,,,,
GC-680-20121123-1345-90812b7e,1,"The probable cause of the accident was the operator being struck in the right leg by the grating. As he untied the rope, the grating started to fall towards him hitting his right leg.",,,,
GC-680-20121123-1345-90812b7e,2,A contributing cause was failure to recognize cleaning task.,,,,
GC-680-20130124-1415,1,The probable cause of this incident was bad body of the dangers around him as well as the risk of,,,,
GC-680-20130124-1415,2,A contributing cause to this incident was the placement. The employee was unaware keeping his hands on the grating. IP did not participate in JSA. The JSA correctly outlined all the risks associated with completing the task.,,,,
GC-680-20130124-1415,3,"A contributing cause to this incident was a lack of communication, the pollution pans were pushed while IP was repositioning and had his hand on the grating. The other crew members did not communicate that a personnel movement was occurring simultaneously with the movement of the pollution pans.",,,,
GC-680-20130124-1415,4,A contributing cause to this incident was a lack of supervision; both supervisors were doing work elsewhere and overseeing a,,,,
GC-743-20151107-2100,1,Excessive Scale buildup in the discharge line caused the pump to become over pressured and ultimately fail at the inspection glass.,,,,
GC-743-20151107-2100,2,"Poor Equipment Design: Equipment isn't designed with any safety features to prevent over pressuring, (Pressure Relief Valves, Rupture Disk, Pressure Sensors, etc.). In addition, the equipment doesn't have any pressure or temperature gauges installed to assist crew members when inspecting or troubleshooting the system.",,,,
GC-743-20151107-2100,3,"Body Placement: In order to see through the inspection glass, operator must place his/her body in the line of fire.",,,,
GC-743-20151107-2100,4,IP failed to recognize the potential hazard of excess pressure being trapped in the system.,,,,
GC-743-20151107-2100,5,Overheating of the pump from restricted flow due to scale clogging the piping on the discharge line of the pump.,,,,
GC-743-20151107-2100,6,No formal process or procedure was in place onboard the vessel for troubleshooting the alarms on the Marine Sanitation Device.,,,,
GC-743-20151107-2100,7,Manufacturer’s 'Operations Manuel' was incident.,,,,
GC-743-20151107-2100,8,It was common practice for the crew to MSD before first identifying the cause.,,,,
GC-743-20210115-1526,1,"Misalignment between the VersaFlo tool and the contact the topdrive bails. The leveling cone lessons learned from this incident to bell guide caused the elevators to sheared, and the bell guide insert was dislodged due to this misalignment.",,,,
GC-743-20210115-1526,2,Inadequate secondary retention on leveling cones Excessive weight put on the casing elevators.,,,,
GC-743-20150108-2040,1,Poor Body Placement: The IP failed to recognize that placing his foot on the bottom rung of the handrail put him in harm's way.,,,,
GC-743-20150108-2040,2,"Although a written risk assessment was done prior to performing the job, crew members failed to address the hazard associated with body positioning in relation to moving equipment.",,,,
GC-743-20150108-2040,3,The handrail installed around the ZGA was an inadequate barrier for protecting personnel from the moving equipment. -,,,,
GC-743-20130228-0240,1,Employees failed to recognize that a joint of drill edge of the skate and underneath the elevators path another joint.,,,,
GC-743-20130228-0240,2,"06:40 hours. pipe was protruding out passed the before attempting to set down -The catwalk and area surrounding the skate should have been cleared before attempting to set down drill pipe onto the skate. Crew failed to realize that personnel were still in the ""Danger Zone"" before proceeding with operations. -Each crew did their own Written Risk Assessment instead of getting everyone involved with the operation together to discuss dangers and possible hazards.",,,,
GC-743-20150609-1015,1,-The Subsea Engineer proceeded to work on the all pressure had been removed from the lines.,,,,
GC-743-20150609-1015,2,"-The pressure gauge for the Shearable SPM an investigation into the incident SPM valve without first ensuring that valve line was stuck at 0 psi, giving a 27-AUG-2015 - false reading when checked by crew members.",,,,
GC-743-20150609-1015,3,A leaking Pressure Relief Valve (PRV) in the system allowed pressure to build in the line leading to the SPM valve.,,,,
GC-743-20150609-1015,4,"Although the crew members bleed the lines of pressure, the isolation valves were placed back into the closed position afterwards, preventing a vent path, and allowing pressure to build in the lines due to the leaking PRV.",,,,
GC-743-20150609-1015,5,"Failure of the crew members to preform a proper risk assessment after adding the task of changing out the SPM valve O-rings was added to the plan. The job was thought to be ""routine"". -Placement of the SPM Valve puts employees in an awkward position, bad body placement, when attempting to perform work on the valve.",,,,
GC-782-20170913-0709,1,Improper valve alignment allowed SBM to be discharged into the Gulf of Mexcio.,,,,
GC-782-20170913-0709,2,Personnel failed to properly verify valve alignment prior to pumping water overboard.,,,,
GC-782-20170913-0709,3,LIST THE CONTRIBUTING CAUSE(S) OF The leaking splitter valve may have,,,,
GC-782-0830,1,-Improper Hand Placemen / Poor Judgment- The incident occurred due to improper hand placement a possible pinch point zone on the transport basket.,,,,
GC-782-0830,2,The IP's short duration in his current position have been a factor in the incident. by the Injured Person (IP) within on BP's Mad Dog spar facility could,,,,
GC-782-0830,3,The equipment (Stabilizers) being double stacked in facility's pipe rack.,,,,
GC-782-0830,4,"As a new hire, the IP may have been unfamiliar with the transport basket on the both ENSCO's and BP's procedures for crane operations. -",,,,
GC-782-0830,5,Failure of everyone involved to stop the job employees's responsibilities were reassigned. -,,,,
GC-782-20161016-0930,1,Failure to follow company policy: The crew carrying out the ROV upgrade failed to follow ENSCO's Red Zone Policy which does not allow for third party personnel to participate in lifting tasks.,,,,
GC-782-20161016-0930,2,"The lifting crew was short one Roustabout. The ROV crew was not experienced in lifting tasks, and should not have participated in the lift. A properly trained Roustabout should have been used as per the original lift plan.",,,,
GC-782-20161016-0930,3,"The wrong procedure was sent out with the Technical Bulletin: If the correct procedure had been sent and used, the pinch point would not have existed.",,,,
GC-782-20161016-0930,4,Failure to follow supervisory instruction: The ROV Technician's failure to follow the ROV Supervisor's instructions to stand clear the lift placed him in harms way.,,,,
GC-782-20161016-0930,5,Lack of Awareness: The IP failed to recognize hands on the lift.,,,,
GC-821-20210227-1330,1,Improper valve alignment allowed SOBM to be discharged Failure to follow procedure for transferring permitted,,,,
GC-821-20210227-1330,2,Inadequate communication between tour change.,,,,
GC-825-20220123,1,Drill crew did not follow proper procedure in reviewing Sight Specific Plan (SSP) prior to starting the operation. No Flagger in the derrick.,,,,
GC-825-20220123,2,Ineffective secondary retention.,,,,
GC-825-20220123,3,The latch system was inoperable due to faulty data.,,,,
GC-825-20220123,4,n/a,,,,
GC-825-20220126,1,"Human error: The Driller inadvertently opened the to determine if they can be perform different functions. elevators instead of the slips, dropping the drill pipe.",,,,
GC-825-20220126,2,Insufficient commissioning of PIMS software. Lack of training for the drill crew on the cyberbased,,,,
GC-859-20141102-1535,1,-,,,,
GC-859-20141102-1535,2,Poor Body Placement: Employee failed to recognize that he was putting himself into harm's way by placing his hand in between the handrail and the joint of riser.,,,,
GC-859-20141102-1535,3,"Poor Weather Conditions: The sea state at the time of the incident was causing the riser to sway back and forth, allowing the riser to come into contact with the handrail and I-beam of the BOP Trolley.",,,,
GC-859-20141102-1535,4,Failure to Follow Company Procedure: Crew members failed to complete 'Section B' of the 'Risk Assessment Procedure'. This section requires employees to perform a 'Job Risk Assessment' at the site of the work.,,,,
GC-859-20141102-1535,5,The Risk Assessment that was performed prior to the start of the job failed to cover the task of clamping and securing the MUX lines on the riser or any of the associated hazards.,,,,
GC-859-20170210-0223,1,"-The rope being used to hold the manual tongs out of the way broke, which allowed the tongs to swing across the rig floor and strike the IP.",,,,
GC-859-20170210-0223,2,-Poor body placement: The IP positioned himself facing away from a suspended load while standing in a permanent Red Zone. -The clamp on the kelly hose catching the hold back rope was not identified in the RSOP when the drill floor crew switched over to the manual tongs.,,,,
GC-895-20201028-1144,1,"Inaccurate weather forecast, the actual weather was worse than what was forecasted at the drillship's location. The original forecast said the storm would pass to the east of the Asgard’s location and the storm would be a category 1 hurricane. Category 1 hurricane force winds range from 74 to 95 mph. The Asgard experienced strong category 1 to category 2 hurricane force winds gust equal to a category 4 hurricane.",,,,
GC-895-20201028-1144,2,"LIST THE CONTRIBUTING CAUSE(S) OF Human error, the decision was made to storm.",,,,
GC-896-1000,1,The hoist used at the time of the accident and the cable for the hoist was improperly the drum during the lift.,,,,
GC-896-1000,2,LIST THE CONTRIBUTING CAUSE(S) OF,,,,
GC-896-1000,3,All steps and hazards not identified in Analysis.,,,,
GC-896-1000,4,Poor Supervision must use a line guide to spool the cable was not certified to make personnel lifts spooled allowing the cable to jump off of,,,,
GC-896-1000,5,ACCIDENT: the Work Instructions and/or Job Safety 22-JAN-2014 -,,,,
GC-896-1000,6,Lack of Experience,,,,
GC-896-1000,7,Lack of Training,,,,
GC-896-20130722-1745,1,Lack of Attention to the Task at Hand -Derrickman failed to realize that the pipe was continued with operating the controls.,,,,
GC-896-20130722-1745,2,"Poor Body Placement / Poor Judgment -Even after identifying the hazard, the IP left getting out of harm's way before trying to stop",,,,
GC-896-20130722-1745,3,-Work Instructions did not properly highlight while Bridge Racker is in use. hung up in the fingerboard and himself in the line of fire instead of the job areas where personnel cannot be located 22-JAN-2014 -,,,,
GC-243-20190114-1500,1,"The reduction in riser tension was substantial system in compression, causing significant stress wellhead connector was functioned open. enough to place the entire riser on the riser adapter when the",,,,
GC-243-20190114-1500,2,LIST THE CONTRIBUTING CAUSE(S) OF,,,,
GC-243-20190114-1500,3,Poor procedure. The procedure did slacking off the riser tensioners.,,,,
GC-243-20190114-1500,4,Lack of safe operating parameters tensioners.,,,,
GC-282-20190109-0220,1,The RRT was not seated properly in the riser and engaged by the Subsea engineer.,,,,
GC-282-20190109-0220,2,"Inexperience doing the task related to incident: engaged the secondary manual lock on the RRT but rig floor, the Rig Manager had the Driller lower was not engaged.",,,,
GC-468-20180906-2040,1,The four loose fastening bolts on the sight glass,,,,
GC-468-20180906-2040,2,N/A,,,,
GC-521-20170210-0900,1,Failure of the hinge pin brackets,,,,
GC-521-20170210-0900,2,Lack of an inspection program on the moon pool flaps,,,,
GC-562-20160911-0826,1,-Human error. The Senior Dynamic Positioning Officer mistakenly initiated the EDS while attempting to test the ESD.,,,,
GC-562-20160911-0826,2,-Similarities between the acronyms of EDS and ESD. -Similarities between the personnel’s names asking for the EDS and ESD tests to be conducted. -Lack of pre-job planning. The Bridge personnel (DPOs') were not involved with pre-job planning before ESD or EDS tests were conducted. They were not notified until they were called and asked to make a function. -Informality of EDS testing in the past. Subsea Engineers normally oversee BOP functions but were not present when several EDS functions were made previous to the incident.,,,,
GC-608-20160722-1725,1,"Personnel began bleeding down the compressor cylinders within 1 minute after the compressor shut-in for LSH on the 2nd stage suction scrubber. This did not give the compressor nor the turbocharger (which then had approximately 1000° F on it) ample time to cool down. Also, at least one of the Kinney valves was blowing gas almost directly on the area surrounding the turbocharger.",,,,
GC-608-20160722-1725,2,Personnel did not follow company policy by performing a Permit to Work (PTW) nor a Job Safety Analysis (JSA). The time period to perform these two functions might have given the compressor and equipment ample time to cool down.,,,,
GC-680-20170321-1000,1,Fuel gas escaped from the cracked starter signal return line and ignited upon contact with a spark possibly caused by the Bendix on the starter engaging the fly-wheel.,,,,
GC-680-20170321-1000,2,Excessive vibration from the compressor engine could have caused the crack in the tubing/pipe. The damaged tubing was visual inspection very difficult.,,,,
GC-680-20171227-1845,1,Severe corrosion to the buoyancy can air fill-up this incident.,,,,
GC-680-20171227-1845,2,N/A A-1 tree and riser to descend until lines is the most likely cause of,,,,
GC-680-20170429-0112,1,"The vibration of the compressor engine caused the tubing to rub against a retaining bolt head, creating a hole and allowing coolant to spray onto the engine exhaust piping. The piping was covered with protective heat blankets, and once saturated with the coolant, ignited.",,,,
GC-680-20170429-0112,2,N/A,,,,
GC-683-20151029-1740,1,Poor Body Placement: The injured employee positioned himself between the tubing and the cargo box.,,,,
GC-683-20151029-1740,2,"IP ignored the Roustabouts advice and warning prior to, and during, the task.",,,,
GC-683-20151029-1740,3,Crew attempted to set the tubing down on an uneven surface.,,,,
GC-683-20151029-1740,4,"The Crane Operator, who was the person over the job, was unable to be directly involved due to having to operate the crane.",,,,
GC-683-20151029-1740,5,STOP work authority not practiced as intended.,,,,
GC-683-20151029-1740,6,Attempting to work with an unsecured load.,,,,
GC-787-20180508-0915,1,"Based on BSEE's investigation and BP's internal investigation, the following findings were identified: The correct seals were not installed due to personnel not having knowledge of the importance of the seals, poor oversight by BP employees, and the technician and BP employees being unaware of the installation procedures. Also, there was no evidence found that BP had a process in place for managing third party equipment owners doing work on their facilities. The technician did not have sufficient training prior to performing work on Atlantis and did not follow the OEM (original equipment manufacturer) procedures while installing the transmitter. The gas detection system did not alarm and no ESD (emergency shutdown) was activated during the time of the gas release. Personnel did not recognize the gas release as an emergency and the emergency response procedure was not followed as per their training, drills, and assessments. Initiating the general alarm or the ESD was not considered during the event which prolonged the gas release putting the safety of all on board at risk. In 2011 and 2015, F&G (Fire and Gas) assessments were performed on Atlantis and both assessments recommended that additional gas detection sensors be installed on the facility. Also, the lack of speak-up and trust between BP leadership and BP technicians as well as the safety culture on Atlantis were all cited as contributing to the response by personnel to the gas release.",,,,
GC-787-20180508-0915,2,"During ongoing simultaneous operations around the time of the incident, the control room operators bypassed the shut-in functions of the sales gas skid. The point gas detectors were distance of the detectors in relation to the gas the gas.",,,,
GC-807-20161210-0540,1,Equipment Failure: Failure of the incinerator oil the heating element inside the tank once the waste,,,,
GI-116-20171203-2215,1,The seawater pumps were identified to have inadequate monitoring.,,,,
GI-116-20171203-2215,2,preventive maintenance and,,,,
GI-116-20171203-2215,3,A leak in the motor housing caused the lube oil reservoir level to drop.,,,,
GI-116-20171203-2215,4,The lack of lube oil lead to excessive heat buildup in the motor's bearing.,,,,
GI-116-20171203-2215,5,The excessive heat ignited the oil in the,,,,
GI-22-20190716-0700,1,"Management Systems - P&IDs in error: The platform Piping and Instrumentation Diagram (P&IDs) indicated a Flow Safety Valve (FSV) flowline downstream of the 3/4” tubing connection. However, the FSV was installed upstream of 3/4” tubing connection.",,,,
GI-22-20190716-0700,2,Equipment Failure - Inadequate Equipment Maintenance: Cox failed to maintain the gas lift mandrel check valves so as to prevent backflow from the production tubing to the A annulus.,,,,
GI-22-20190716-0700,3,Equipment Failure – Flawed Equipment Construction: Cox failed to support the tubing in such way as to prevent well movement from sheering the fitting from the tubing.,,,,
GI-22-20190716-0700,4,Human Performance error - Not following proper procedures: The Operators washed down the platform in such a way that resulted in further pollution and impact to the state wildlife refuge.,,,,
GI-22-20130806-1925,1,Employee complacency. -,,,,
GI-22-20130806-1925,2,Employee was not aware of the surroundings at hand. -,,,,
GI-22-20130806-1925,3,The employee placed himself in a potential,,,,
GI-22-20130806-1925,4,"There were only two 3/8"" bolts holding the the four (4) required. -",,,,
GI-22-20130806-1925,5,There were slip braces in place instead of muffler stack. - and was not paying attention to the task - pinch point. - muffler stack to the stand instead of welding or bolted bracing to support the -,,,,
GI-22-20130806-1925,6,The Crane used was on a the Liftboat Ram X. Seas or movement possibly contributed to the force excerted on the butterfly valve mounting bolts. -,,,,
GI-22-0850,1,"According to Energy XXI investigation, a pin-hole leak in the 2"" braided, flex starter exhaust piping was the source of fuel for the fire.",,,,
GI-22-0850,2,"The ignition source was reported by Energy XXI possibly being from the starter engaging with the engine flywheel creating a spark. BSEE's Accident Investigator's assessment based on the available information provided would suggest that the ignition source would have come from either, the opened conduit junction box, exposing the magneto voltage to the engine coils and spark plug wires power source or portable timing light tool or volt meter ground. Note: The opened junction box was classified for use in hazardous locations and located at the height of where the mechanic's face and hands were burned at the time of the ignition of the flash fire.",,,,
GI-22-0850,3,"It was reported that the flash occurred while the compressor was cranking and turning over, which would suggest the starter was fully engaged and gears meshed and highly unlikely creating a spark. However, the engine's ignition and voltage systems would have been energized and active.",,,,
GI-22-0850,4,"It was determined by Energy XXI that the habit of personnel stepping up on the braided, flex, starter exhaust gas piping to access the equipment up on the compressor engine had created a hole or crack allowing natural gas to leak externally.",,,,
GI-22-0850,5,Evidence (pictures taken immediately after accident) indicates that an explosion proof cover had been removed for access to the ignition system wiring during the engine timing process. It has not be determined if the use of a gas detector to monitor the area for gas was being utilized prior fire.,,,,
GI-43-20180126-0600,1,Buildup of sludge and chemical flocking causing process level sensors to give incorrect reading leading to abnormal conditions.,,,,
GI-43-20180126-0600,2,Collapsed internal packing clogging and preventing liquid outlet valves of the Skim Tank from fully closing.,,,,
GI-43-20180126-0600,3,Failure of Sump Pumps,,,,
GI-43-20180126-0600,4,Placing several safety devices in by-pass during abnormal conditions.,,,,
GI-43-20180126-0600,5,A failure to use “Stop Work Authority” by operators.,,,,
GI-43-20180126-0600,6,A failure to maintain production equipment through cleaning and maintenance.,,,,
GI-43-20180126-0600,7,Failure to remediate production issues in a timely manner.,,,,
GI-43-20180126-0600,8,Platform personnel felt pressure from,,,,
GI-43-20180126-0600,9,Fieldwood failed to instill a culture,,,,
UNKEYED-48eeb31a0eae,1,Equipment Failure - Flawed equipment design or construction: High angle kickout valve failed to activate.,,,,
UNKEYED-48eeb31a0eae,2,Human Performance Error – Inattention to task: CO did not reduce throttle as the boom approached the high angle kickout valve.,,,,
GI-47-20160115-1530,1,"Lessee failed to perform crane operating practices for attaching and moving the load being utilize in accordance with API RP 2D, paragraphs 3.2.1, 3.2.2 and 3.2.3",,,,
GI-47-20160115-1530,2,During lifting operations the designated tag lines were not utilized to control the load of approximately 6 tons thus posing immediate danger to the equipment and the facility.,,,,
GI-47-20160115-1530,3,"The probable cause of this incident is the lessee and personnel engaged in the lifting operation failed to follow and adhere to all safe rigging practices. In the addition, personnel also failed to recognize all hazards which could have prevented this incident, resulting with a serious injury.",,,,
GI-47-20160115-1530,4,"CCO and CCR failed to incorporate familiarization with rigging hardware, taglines, slings and safety issues associated with rigging, lifting loads and lift planning which resulted in an unsafe crane and rigging operation that caused an injury to personnel.",,,,
GI-76-20180825-0730,1,"Equipment Failure - Capacity of equipment exceeded: Fieldwood Energy identified a 3/8"" hole in the line approximately a quarter-mile from the platform near a weld in the line.",,,,
GI-76-20180825-0730,2,Human error – Incorrect PSH set point: The improper PSH set point has been identified as a possible contributing cause to the incident because an overpressure event may have gone undetected and caused a hole in the pipeline.,,,,
GI-76-20180825-0730,3,Human error – Incorrect PSV set point: The PSV set point was too high to protect the pipeline from overpressure.,,,,
GI-76-20180825-0730,4,"Management Systems - Pipeline permits out of date: Pipeline segment #8217 was being used as a bulk oil pipeline; however, the pipeline was originally permitted to handle gas and condensate only.",,,,
HI-110-20151117-0700,1,Improper chemical handling.,,,,
HI-110-20151117-0700,2,The IP failed to recognize the rag he removed from the saturated with Tretolite DM0484X demulsifier.,,,,
HI-110-20220627-1200,1,Management Systems -W&T failed to ensure work area was safe for welding operations,,,,
HI-110-20220627-1200,2,"Management Systems- Inadequate hazard analysis, dropped jacket were not identified as a hazard in the JSA.",,,,
HI-131-20141230-2030,1,"Failure to properly rig up the single joint elevators which caused an occurrence of a joint of drill pipe and the single joint elevators to fall from v-door to the catwalk striking two rig personnel. Failure to utilize the proper size cotter pin while rigging up the single joint elevators. Failure to develop or utilize a checklist for rigging up the single joint elevators to ensure the proper size shackle(s), cotter pin(s), and slings were utilized prior to the job task. Failure to ensure all rigging was inspected by beginning the job task. Prior to the job task, the Job Safety Analysis failed to incorporate the crane crew personnel",,,,
HI-131-20141230-2030,2,Failure of the Driller or Tool Pusher to beginning.,,,,
HI-154-20150122-1454,1,"The OOW failed to maintain a proper Anchor Watch. He did not plot Latitude, Longitude, Radar, and Position reading at twenty minute intervals as directed by the Masters Standing Orders and he did not maintain a proper lookout.",,,,
HI-154-20150122-1454,2,The vessel's bridge team failed to monitor and adjust to changes in weather conditions as required. The USCG issued a Broadcast Notice to Mariners advising that winds were forecast to shift from East to North and increase to possible gale force Thursday afternoon and into the night. The M/V MAERSK KENTUCKY's anchor failed to hold and was dragged. The crew was unable to gain control of the vessel in time to maneuver away from Energy XXI's HI 154 'B' platform because the engines had been shut down. Engine start up normally takes 20 to 30 minutes.,,,,
HI-160-20150804-0645,1,IP released the tag line and placed his hands on the too close to the load.,,,,
HI-160-20150804-0645,2,Inadequate cribbing Failure to properly secure the load. Stop Work Authority was not utilized by other and placed his hands on the load.,,,,
HI-22-20180411-1715,1,Lessee failed to ensure the discharge of the crane safe area. Discharge was found to vent against engine air intake and blower. engine starter was vented to a block on the same side as engine,,,,
HI-22-20180411-1715,2,Though exact source of the ignition is unknown; it is suspected the ignition source was caused by natural gas rich air entering into the engine air intake causing the fire.,,,,
HI-22-20180411-1715,3,Facility Operators failed to inform the Mechanics working on crane engine that the starting system utilized natural gas instead of compressed air for its actuation.,,,,
HI-22-20180411-1715,4,"Lessee modified the facility’s Utility and Instrument Air system to an Instrument Gas system without completing a Management of Change (MOC). The Lessee should have identified the need for the starter to be vented to a safe area, when completing the MOC.",,,,
HI-368 A-20180405-1518,1,"This was the last stand of DP to be made up while tripping in the hole (TIH). Prior to stabbing this stand of DP, the IP had utilized the short piece of rope to stabilize and stab the DP although, there were other Hands Free tools available on the rig floor. Push poles and a drill pipe connection guide was available on the rig floor at the time of the incident and would have prevented rig crew personnel from placing hands on the DP.",,,,
HI-368 A-20180405-1518,2,LIST THE CONTRIBUTING CAUSE(S),,,,
HI-368 A-20180405-1518,3,The IP placed his hand between pinch point.,,,,
HI-368 A-20180405-1518,4,OF ACCIDENT: the DP stand and the pup joint which is a potential,,,,
HI-368 A-20180405-1518,5,"Rig crew personnel did not utilize Stop Work Authority, while the IP was using the short piece of rope to stabilize and guide the",,,,
HI-368 A-20180405-1518,6,IP had only been on tour for approximately,,,,
HI-A 119-1805,1,Master dump valve not completely closed. Inadvertant opening of the #5 sand trap valve.,,,,
HI-A 119-1805,2,"Rig personnel inadvertantly opened #5 sand trap valve All sand trap valves and the Master dump valve were as required by contractor's Health Safety Environment of 91 bbls of SOBM into Gulf during transfering process. not clearly marked or locked shut (HSE) management system ""Mud tank procedure Section 5.5"" All rig operations.",,,,
HI-A 334 A-20150612-1230,1,Improper placement of tools when not in use.,,,,
HI-A 334 A-20150612-1230,2,Inclement weather required workers to gather tools expeditious manner.,,,,
HI-20140806-0200,1,Sparks from a loose battery terminal connection on the #2 battery for the backup diesel generator are suspected to have ignited a hydrogen gas accumulation in the #2 battery box causing the battery to explode.,,,,
HI-20140806-0200,2,"The IP failed to wear Personal Protective Equipment (PPE) to protect face and eyes prior to checking the battery terminal connections on the backup diesel generator. Both operators were in bed when the Main Generator shut down. Fatigue, darkness, and failure to observe surroundings were possible",,,,
HI-A 379 B-20150420-1230,1,Arc Flash in the #2 diesel generator's electrical winding due to corrosion and/or contaminants are believed to have caused the failure. -,,,,
HI-A 379 B-20150420-1230,2,"Failure of the electrical winding probably started at the Stator, most likely caused by an overload or ground wall failure from moisture/contamination.",,,,
HI-A 379 B-20150420-1230,3,Arc Flash occurs when one or more high current arcs are created between energized electrical conductors or between an energized conductor and ground.,,,,
HI-A 379 B-20150420-1230,4,Corrosion and rust build up in the electrical winding may have caused a bridge and direct electrical short resulting in the incipient fire and damage to the #2 diesel generator's electrical winding.,,,,
HI-A 379 B-0515,1,"Right bank air intake filter was obstructed, causing fuel to burn in the 'muffler', this caused excessive temperatures that broke insulation until it burned.",,,,
HI-A 384 A-0825,1,"The injury was caused by the free-fall of the fast line crane ball, which struck the IPdirectly on his left steel toe boot.",,,,
HI-A 384 A-0825,2,The plastic and duct tape used to protect the wire performed on the crane boom was never removed and was at the time of investigation.,,,,
HI-A 384 A-0825,3,The CO failed to comply with Stop Work Authority. rope while blast work was still present in the wire works,,,,
HI-A 384 A-0825,4,Crane operator was not certified in accordance with API RP 2D.,,,,
HI-A 384 A-0825,5,Crane pre-use inspection did not identify,,,,
HI-A 384 A-0825,6,Work was not stopped at the first sign of,,,,
HI-A 442-20151001-1240,1,"Human error, the IP failed to recognize the hazards of holding a caulk gun and lost his footing.",,,,
HI-A 442-20151001-1240,2,The IP failed to recognize the hazards of descending a descending a ladder while ladder while holding a caulk gun and lost his footing. Landed on pad eye which was,,,,
HI-20130504-2025,1,Driller did not look to verify the bails and the elevators were inside the derrick before moving the block upwards. The drawworks transmission was in high gear creating a smaller time frame to free float the elevators into a vertical position under the top drive.,,,,
HI-20130504-2025,2,"Job Safety Analysis (JSA) was not properly documented prior to starting tour of duty. The third party Tong Operator was not on the JSA, including the injured person (IP) who was working the tongs during time of injury.",,,,
HI-A 446-20191204-0704,1,Root Cause: BSEE discovered the crew failed to verify complete PROPRIETARY all Fieldwood personnel separation of the joint of pipe before signaling the Crane Operator to lift the pipe.,,,,
HI-A 446-20191204-0704,2,LIST THE CONTRIBUTING CAUSE(S),,,,
HI-A 446-20191204-0704,3,The crew failed to document on conducting blind lifts.,,,,
HI-A 446-20191204-0704,4,OF ACCIDENT: the Job Safety Analysis (JSA) they would be,,,,
HI-A 446-20191204-0704,5,The crew failed to secure the bowls to the Pacman plate.,,,,
HI-A 446-20191204-0704,6,The crew failed to secure the handles of the slips (secondary means).,,,,
HI-A 446-20191204-0704,7,"According to witness statements, the crew was discussing other equipment during the lift.",,,,
HI-A 446-20191204-0704,8,"Fieldwood Energy, Offshore Crane Operation and Maintenance Program, Version 5, does not address blind lifts.",,,,
HI-A 472-20120210-1815,1,The fire tube became overheated due to a buildup of solids (coking) on the outside of the fire tube which caused the heat from the flame to be insufficiently dispersed to the oil inside the heater treater. This caused a failure of the fire tube which resulted in a leak of oil into the fire tube and this caused the fire.,,,,
HI-A 472-20120210-1815,2,Lack of maintenance and inspection of the fire tube and declining oil production required longer retention time of oil in treater to keep levels at acceptable operating range. This may have contributed to the buildup of solids on fire tube and sludge found in the vessel which contributed to the fire.,,,,
HI-A 536 C-20140731-1230,1,The accident was caused by the Injured Party placing his hand on a tensioning wire sling and becoming trapped between the wire rope thimble and shackle bolt safety pin.,,,,
HI-A 536 C-20140731-1230,2,There was no solely designated signal man. Job Safety procedure to safely handle a jammed shackle bolt.,,,,
HI-536-20130718-1200,1,"The IP lost control of the 65# site glass after the upper pipe nipple broke. After the upper pipe nipple broke, the weight of the sight glass and momentum caused his left index finger to strike the corroded edge of the ASME code plate bracket.",,,,
HI-536-20130718-1200,2,The IP was not wearing gloves. The BJSA did not include sight glass removal. Improper technique was used to remove the site glass.,,,,
HI-A 537 B-20150612-2000,1,"Crane operations were not being conducted according to design of this model of crane. Crane was designed to operate at full throttle. At the time of the incident, the crane was operating at 3/4 throttle. This did not allow the crane enough hydraulic pressure to overcome the force generated by the wind.",,,,
HI-A 537 B-20150612-2000,2,Winds were marginal coming from the south. Crane Operator swung the boom and personnel basket with the wind instead of against the wind to make personnel lift down to the boat. There were no written procedures in place for There were no hazards identified prior to the Approaching tropical storm created a sense of,,,,
HI-A 571-20101006-1300,1,"Produced formation sand plugged the PSH sensing lines, and SSV void spaces prevented the safety systems from automatically shutting-in the well. Sand cut out the PSV piping allowing gas to vent to the atmosphere.",,,,
HI-A 571-20101006-1300,2,After the choke was initially cut out by sand shake-outs to determine if the sand was still,,,,
HI-A 571-1100,1,Did not flow back into a closed/sealed system. Additionally operator routed well fluid returns to platform deck drainage sump system.,,,,
HI-A 571-1100,2," Chemical manufacture recommendations,JSA's and MSDS'swere not followed",,,,
HI-A 573 B-20160828-0800,1,"Injured Person did not ensure that someone spotted/anchored the ladder at deck level, securing it before ascending up the ladder.",,,,
HI-A 573 B-20160828-0800,2,"Pre-Task Hazard Inspection Checklist and the Job Safety and Environmental Analysis (JSEA) had no annotation of working with ladders, work surfaces being slippery or wet,Safety Harness & Anchor Device 100%, and a reviewed during the Safety Briefing.",,,,
HI-A 573 B-20160828-0800,3,Person In Charge failed to sign the JSEA,,,,
HI-20140324-1630,1,"It was determined that the drill line cable was not properly degreased before being inserted into the snake grip. The proper clamping recommended by the manufacturer's specifications was not utilized for the snake grip. Instead, manila rope and duct tape were used to secure the snake grip which may have affected the drill line cable and prevented the snake grip from going through the block smoothly, also contributing to the injury incident.",,,,
HI-20140324-1630,2,"An investigation by BSEE concluded the following factors contributed to the incident: - The work crew was limited to a small deck space. Although communications for stop work were given, the speed of the operation did not allow enough time to prevent the incident",,,,
HI-A 596 E-20131007-1030,1,"IP was involved in task and was told by supervisor to only observe. ­ IP placed his hand on screen carrier. ­ As block was being raised, IP continued to hold onto screen carrier which struck top drive torque tube. ­",,,,
HI-A 596 E-20131007-1030,2,Stop work authority was not utilized by casing crew or rig floor personnel after repeated warnings to the IP for improper hand placement during casing operations. Company represenitive and rig crew were unaware that Driller was unaware of position of IP.,,,,
HI-20120927-0130,1,The Lessee failed to maintain proper weight of,,,,
HI-20120927-0130,2,well control fluid.,,,,
HI-20120927-0130,3,The Mud Engineer failed to stop the operation when he noticed oil in the returns.,,,,
HI-20120927-0130,4,The TIW was not in the ready state hoist.,,,,
HI-20140606-1025,1,"The accident was caused when the grinder cutting wheel was put in a bind while being used in a small work space. The grinder kicked back and shattered the cutting wheel, causing a 4 inch laceration to the back of the IP's left hand.",,,,
HI-20140606-1025,2,"A grinder was an inappropriate tool to use in a confined area with limited visibility. It was used as a substitute for a reciprocating saw and was not discussed in the Before Job Safety Analysis (BJSA). The McMoRan accident investigation stated that the IP was not comfortable using the grinder, but used it in an effort to complete the job quicker. Stop Work Authority should have been utilized. A grinder with a Limited Torque Clutch Assembly may have avoided a kickback after being placed in a bind. The IP was wearing work gloves but not cut resistant gloves.",,,,
HI-20150527-0530,1,"The safety pin of the single joint elevators came out from it's normal position and did not prevent the latch from coming open when the elevators impacted the ""A""-frame bumper.",,,,
HI-20150527-0530,2,Single joint elevators were not maintained time of the incident. A long piece of wire body of the single joint elevators instead,,,,
HI-20150510-0430,1,"The initial Job Safety Analysis (JSA) conducted, May 10, 2015, did not include a proper analysis of the hazards associated with back-reaming out of the hole operations. A safe standing zone after the make-up tongs were connected was not established for the Floorhand who was injured. There was inefficient communication between crew members assigned to the task. All rig floor crew members participating in the back-reaming operation failed to insure all personnel were in a safe location after securing make-up tongs to the drill pipe. Stop Work Authority should have been utilized to insure the Floorhand was clear of the tongs prior to breaking and spinning out of the connection. The Driller in particular failed to ensure the Floorhand was in the proper position prior to backing out of the connection while the tongs were being utilized on the rig floor. As stated in the Tripping Practices (7.1.3), the Toolpusher should be present on the rig floor when pulling the first ten stands at a minimum. The Driller did not wait for the Toolpusher to arrive on the rig floor prior to start of operations. Due to the lack of onsite supervision, the Toolpusher was unable to completely insure all rig floor personnel were in their proper locations for safe operations. Procedures for back-reaming out of the hole operations were not adequate and failed to incorporate safety measures to prevent this type of injury occurrence. Equipment associated with any job task should be inspected as per the procedures, policies in place, and manufacturer specifications. The Top Drive grabber dies failed to provide the necessary grip to back out the Top Drive from the first stand of drill pipe pulled out of the hole.",,,,
HI-20150510-0430,2,"Experienced crew members were not taking the necessary time to review procedures, JSA's, and company policies thoroughly for routine operations. Experienced crew members were not observing others for safety issues due to complacency with routine operations. Procedures such as Tripping Practices (7.1.3) are insufficient for routine operations.",,,,
HI-20150316-1630,1,An inadequate purge of air within the Ambitrol Heater mixture to accumulate.,,,,
HI-20150316-1630,2,Poor reliability of the air/fuel ratio valve. - The PLC allowed excess fuel to be introduced into the ignition sequence. - There was an inadequate purge of air within the of the burner due to the previous combustion run. -,,,,
HI-20161108-1421,1,Assistant Wireline Operator failed to provide to the Crane Operator maneuvering the lubricator wellhead tree.,,,,
HI-20161108-1421,2,"Job Safety Analysis did identify the possible from the socket, but failed to ensure adequate removing the lubricator.",,,,
HI-469-20190506-1935,1,"Prior to performing the task, the Operator failed conducted to mitigate the hazards of rig sway due condition.",,,,
HI-469-20190506-1935,2,to ensure a Risk Assessment was to rig elevation and poor weather,,,,
HI-469-20190506-1935,3,The Operator failed to ensure Drill Crew personnel identified and modified the JSA to mitigate the hazards of poor weather conditions and rig elevation. This allowed substantial sway of the rig causing the bails to spread and the elevators to roll out and fall to the rig floor injuring the IP's left thumb and finger.,,,,
HI-469-20190506-1935,4,The Operator failed to ensure Drill Crew (SWA) prior to or during the task.,,,,
HI-469-20190506-1935,5,Elevators were suspended above the drill to eliminate movement.,,,,
HI-469-20190506-1935,6,The IP was not wearing the proper impact performing the task.,,,,
HI-469-20190506-1935,7,The IP had improper hand placement on,,,,
HI-474-20191002-0955,1,"The work area was too congested to land deck. In particular,(mechanical lifting, crane straining, overextending). the 4'x4'x3' basket directly onto the",,,,
HI-474-20191002-0955,2,The McMoRan Behavioral Job Safety Analysis (BJSA) did not show a Pre-lift plan was completed or any discussion of Stop Work Authority.,,,,
HI-474-20191002-0955,3,"Several items were not identified as part of the pre-job assessment on the BJSA. In particular, (mechanical lifting, crane operations and hoisting of tools/materials, straining, overextending).",,,,
HI-474-20191002-0955,4,The work area was too congested to land the 4'x4'x3' basket directly onto the deck.,,,,
HI-474-20191002-0955,5,The McMoRan Behavioral Job Safety Analysis (BJSA) did not show a Pre-lift plan was completed or any discussion of Stop Work Authority.,,,,
HI-474-20191002-0955,6,"Several items were not identified as part of the In particular, (mechanical lifting, crane operations straining, overextending).",,,,
HI-582-20220526-0900,1,Poor mechanical integrity program for equipment.,,,,
HI-582-20220526-0900,2,None,,,,
KC-10-20140708-2035,1,IP did not focus on position of the leg in mouth by one of the legs chipping his reference to the light pole.,,,,
KC-10-20140708-2035,2,"A verbal JSEA and Risk Assessment Prompt Card was done, but rig personnel were not required to turn card into management to allow the job task to be assessed for hazards.",,,,
KC-10-20140708-2035,3,There were not enough personnel to perform the job task safely.,,,,
KC-10-20140708-2035,4,No personnel used as a spotter while moving handrail extension.,,,,
KC-10-20140708-2035,5,No written JSEA.,,,,
KC-10-20140708-2035,6,No mechanical means utilized to perform job task.,,,,
KC-10-20141014-0105,1,"Failed to develop an adequate Written Risk Assessment prior to performing the task to assess all threats of injury to personnel, damage to equipment or harm to the environment. Failed to consider the weather (high winds-gusting up to 30 knots) as an environmental factor of safety in the WRA prior to performing the job task. Failed to utilize hand signals as stated in the WRA. The use of radios was to be used as backup only. Failed to modify the WRA to include the use of radios as the primary means of communication instead of the company policy required hand signals. - Failed to recognize a high noise area. During the man riding operation, the flagger did not hear the initial ""all stop"" on the hand held radios and the Tugger Operator continued to raise the basket causing the occurrence of major damage to the single support arm and separation of the lower arm braces threatening the safety of the rider and personnel below on rig floor. Lessee failed to ensure the hazard controls were in place as written in the WRA. According to the WRA, the Tugger Operator shall maintain visual contact at all times. The designated flagger was assigned additional task of monitoring the radio while operating the line guide spooler. Rig crew installed an anchor line to secure the basket from swaying in high winds. If the basket were to fail, it would pull the rider to a free fall causing an impact on the rig floor. Failed to station a team member on the fingerboard to monitor activity, maintain close proximity, or communication since radio communication was being utilized and the Tugger Operator could not maintain visual contact. Was not aware of the Original Equipment Manufacturers (OEM) Recommended Practice for using the basket or the 400 pound safe working load rating of the basket (4,000 pound tensile strength). The crew also utilized the utility tugger (14,000 pounds hoisting capacity) to hoist the basket. Failed to recognize the threat of personnel injury, or damage to equipment by lifting personnel with a utility winch with a hoisting capacity which far exceeded the tensile strength of the basket. Failed to initiate SWA due to the poor weather conditions at the time of the job. Failed to recognize the rider inside the basket and Middle Floor Man had not completed the contract driller's required man riding training before becoming involved with man riding operations, but instead it was recommended to be a good experience for learning. Failed to identify the portion or component of the derrick or PRS that had the potential to cause the basket to hang up. - Failed to ensure the on tour Tool Pusher was involved in Written Risk Assessment prior to and during the man riding operation as required in the contractor policy, both WRA's, and the man riding checklist. Failed to ensure the on tour Tool Pusher supervised the man riding operation as required in the contractor policy, both WRS's, and the man riding checklist. - After hearing the ""emergency, lower down easy"" radio transmission from the rider in the basket, the on tour Tool Pusher failed to supervise the emergency decent of the rider and basket and continued to prepare paperwork from the Driller's cabin. It was discovered a Rescue Plan was written, but witness statements verify prior to the man riding operation, the drill crew failed to discuss the Rescue Plan. There was no Rescue Plan detailing retrieval procedures for a rider in the BPDB without proper secondary personal fall protection. Failed to know or follow the Original Equipment Manufacturers requirements for operating the BPDB.",,,,
KC-10-20141014-0105,2,Recommended practice for the DB-1 Derrick- Man Riding Basket,,,,
KC-10-20141014-0105,3,"DB-1 should not be utilized in weather, wind, or conditions the qualified person or rider considers to be unsafe.",,,,
KC-10-20141014-0105,4,"Before any attempt is made to lift personnel with this basket, clear instructions should be given to all persons involved.",,,,
KC-10-20141014-0105,5,All personnel riding on a DB-1 should wear an approved full body harness attached to a certified retractable lifeline designed for this purpose. Failed to utilize proper secondary fall protection which created a threat of injury to personnel both in the basket and on the rig floor. The rider attached his full body harness lanyard to the inside of the basket handle (instead of above the air hoist line or another anchor point outside of the basket with a self-retracting lifeline (SRL) as per the Original Equipment Manufacturers (OEM) Recommended Practice). Failed to ensure the OEM nylon safety strap was present and being utilized as recommended by OEM by attaching the top loop of the nylon strap along with the pad eye of the derrick basket utilizing a prior to man riding operations.,,,,
KC-10-20141014-0105,6,LIST THE CONTRIBUTING CAUSE(S),,,,
KC-10-20141014-0105,7,Weather shackle from the tugger line to the derrick basket,,,,
KC-10-20141014-0105,8,"OF ACCIDENT: Short Service Employee's (rider in the basket, and Tugger Operator).",,,,
KC-10-20141014-0105,9,OF ACCIDENT: Failure of Tool Pusher to be involved in the Written Risk Assessment (WRA) and supervising the man riding operations. -,,,,
KC-10-20141014-0105,10,OF ACCIDENT: Failure to initiate Stop Work Authority (SWA),,,,
KC-147-20150401-1330,1,BSEEs incident investigation along with the review of the BP Incident Investigation Report revealed that the probable cause of the incident was identified as the breakdown of the 22 inch casing shoe that was set at 8630 ft md/tvd in a salt formation (1230 ft md/tvd below top of salt).,,,,
KC-147-20150401-1330,2,BP identified three possible contributing causes of the incident in their Incident Investigation Report and they are listed as follows: The top of the salt formation was weaker than expected due to factors outlined in the Salt Fracture Initiation Line theory which discusses that salt strength assumptions in well planning processes may have underestimated potential salt strength failure modes.,,,,
KC-147-20150401-1330,3,BP identified three possible contributing causes of the incident in their Incident Investigation Report and they are listed as follows: Incremental pressure applies resulted in a casing prior to or during the SSBOP test.,,,,
KC-147-20150401-1330,4,"BP identified three possible contributing causes of the incident in their Incident Investigation Report and they are listed as follows: A potential 22 inch casing connection leak formation breakdown below the 22 inch during the sea water pressure test which could have contributed to the creation of micro-fractures, which then propagated into a micro-annulus. Of the possible contributing causes identified by BP, the BSEE 2010 Team feels that the most probable causes are #2 and #3 or combination thereof. Also, by continuing to run in the hole with the 14 inch casing, the 14 inch casing surge pressures placed on a weakened 22 inch casing shoe contributed to the severe losses experienced by BP. The BSEE 2010 Team reviewed the available data for indication that the event could have been prevented by prior identification of geologic risk before drilling the well. The geologic and seismic analysis by BP in their report on the event was also reviewed. The team could not identify any down-hole data that would have changed the location and design of the well or prevented the event once it was in progress.",,,,
KC-292-20130331-0655,1,"As stated in the Seadrill Top-Set report, the probable cause of the accident was attributed to the Lead Roughneck deciding to remove the #5 back die from the WC-IR while it was energized and moving into the open position.",,,,
KC-292-20130331-0655,2,"According to the Seadrill Top-Set report, the contributing causes of the accident are as follows: 1) Driller did not complete the energy isolation process; 2) safety training for hands off moving equipment was not adhered to; 3) the 4-point check rules were not complete; 4) all the hazards for this type of operation were not identified;",,,,
KC-292-20130331-0655,3,the Lead Roughneck and the Driller did not communicate on the job status; 6) the Roughnecks changed the routine job process of replacing IR dies; 7) routine IR maintenance task did not have written procedures; and drill floor Supervisors.,,,,
KC-770-20160106-0810,1,"According to the Transocean Level II Investigation Report, the probable causes of the incident were listed as follows: 1) a safety time out was not utilized given the tasks and hazards had changed related to the tasks; 2) failure to follow established Transocean work risk assessment procedures; and 3) the absence of a procedure or work risk assessment associated with the utility cart positioning.",,,,
KC-770-20160106-0810,2,Possible contributing causes for the incident stated in the Transocean Level II,,,,
KC-770-20160106-0810,3,"Investigation Report include the following: 1) use of the loading arms and the pipe transfer conveyor were considered as ""normal operations"" that operates in an ""Auto Sequence"" mode; 2) failure to follow the job tasks stated in the written risk assessment; 3) an interruption during the operations of picking up the BHA to conduct running riser activities that led to an inadequate number of crew members required to conduct both operations; 4) crew members failed to follow the established Transocean management of change process since operations that required five crew members but only two crew members were available; 5) inadequate handoff during crew changes after meal breaks; 6) failure to implement the ""THINK"" process and to recognize the hazard conflict between the location of the utility cart relative to transfer conveyor pipe load arms; 7) the ""watchmen"" did not adequately inspect the work area and verify that transferring drill pipe operations with the loading arms was safe to resume; and 8) the lack of procedures or hazard assessment related to the utility cart positioning.",,,,
KC-829-20140830-2020,1,"Transocean's investigation findings revealed that a leaking stainless steel Joint Industry Council (JIC) connection for the air hose located at the bottom of the J- plate caused the TSJ upper packer to loose pressure thus allowing the SBM to be discharged in the Gulf of Mexico. In addition, a similar leak was found on secondary packer system that inhibited the automatic engagement of the TSJ lower packer.",,,,
KC-829-20140830-2020,2,Transocean's investigation determined that there were three contributing factors to the SBM spill as follows: 1) the air hoses to the JIC connections on the J-Plate were not properly supported; therefore the weight of the hoses put stress on the JIC connections; 2) the DCL had been experiencing currents from 2 to 3 knots for two weeks prior to the spill and it was speculated that this caused the hoses to vibrate that resulted in the upper and lower TSJ packer connections to loosen; and 3) the hose bundle was submerged below the water line and wave action had transmitted through the hoses to hanging manifold.,,,,
KC-875-20141013-1335,1,The IE failed to check the gauge installed downstream,,,,
KC-875-20141013-1335,2,"of the check valve 1 (CV1). As per the Contractors Standard Operating Procedure, the Hydro Foreman or his designee shall be responsible for system walk down. There was a foreman present during hydro- testing operations but failed to detect the hazard.",,,,
GC-680-20121123-1345-ae6dd3ec,1,"Based on the investigation findings and analysis of the telescopic joint, the probable causes of the incident were attributed to the following: 1) failure of the Upper Split Insert Wiper Seal (SIWS) and 2) debonding failure in the Upper Slip Joint Packer.",,,,
GC-680-20121123-1345-ae6dd3ec,2,"The upper SIWS had excessive wear that allowed the Upper Packer, located on the outside of the SIWS, to move further inward toward the Inner Barrel. In addition, higher stresses than normal may have been applied SIWS resulting in the urethane wiper moving away from the center end rings until it compressed against the outer retaining rings and became stuck.",,,,
KC-918-0520,1,The probable cause of the accident was due to the LTSP rotating out of its normal position exposing it to forces outside it designed parameters that resulted in the shearing of the pivot screw that allowed the LTSP to fall to the rig floor injuring the Toolpusher.,,,,
KC-918-0520,2,"Possible contributing causes include the following: 1) the NOV safety alerts were unclear about corrective actions to implement regarding the installation of a LTSP retention sling that lead to some confusion between NOV and Transocean, 2) the LTSP upgrade kits provided by NOV did not contain all parts and drawings to Transocean necessary for upgrading; and 3) according to Transocean's investigation, the Deepwater Champion maintenance records did not record any damage, unusual wear or the orientation of the LTSP assembly during top drive inspections. Furthermore, ExxonMobil was not informed of the therefore, ExxonMobil did not have resulting in dropped objects.",,,,
KC-93-20130419-0030,1,The pop off valve on Mud Pump #4 was set at 3400 psi and not reset to 5300 psi. The hatch was not checked to make sure it was properly secured. It was also mentioned that the pneumatic pumps did not kick in to pump down mud and was further investigated by the rig crew. Rig crew found the suction valve was sounded.,,,,
KC-93-20130419-0030,2,Hatch on Pop Off Tank was not properly secured.,,,,
KC-93-20130419-0030,3,The Pop off was not set back to normal pressure,,,,
KC-93-20130419-0030,4,The Valve to the Pneumatic pumps was closed.,,,,
KC-686-20190807-0430,1,The BSEE incident investigation team has determined that the probable causes of the incident was due to: Human performance Error - Not following proper procedures by operating out of compliance equipment- Seadrill did not follow OEM operational guidelines since they knowingly operated the out of compliance equipment since December 2018 because they failed to report that the indicator rods had sheared inside the cartridge operators;,,,,
KC-686-20190807-0430,2,"The BSEE incident investigation team has determined that the probable causes of the incident was due to: Human performance Error - Not following proper Procedures to correct issue - By not following OEM operational recommendations, Seadrill created an unsafe walkaround procedure to accommodate for out of compliant equipment; and",,,,
KC-686-20190807-0430,3,The BSEE incident investigation team has determined that the probable causes of the incident was due to: Human Performance Error- Not aware of Hazzards - The crew failed to recognize the presence of trapped pressure hazards when removing the locking assembly mounting plate.,,,,
KC-686-20190807-0430,4,Human Performance Error - Improper body placement - The manually disengaged the locks to function the choke and the position to be struck by the sheared indicator rod.,,,,
KC-875-20180421-0900,1,The CE should have requested help with carrying alleviated the CE’s attempt to reposition while the two scaffold boards. This may have carrying the boards.,,,,
KC-875-20190426-0355,1,"The BSEE incident investigation team determined incident was due to the DO Roustabout’s lack of recognizing that the red air hose posed a slip,",,,,
KC-875-20190426-0355,2,"that the probable cause of the situational awareness by not trip, fall hazard. BSEE’s investigation into this incident identified the following contributing causes: multiple lines and hoses that were situated on the rig floor were not perceived as a hazard by the DO rig floor crew and 2) the Job Plan / Job Safety Analysis failed to adequately address slip, trip, fall hazards associated with a crowded rig floor with lines and hoses associated with coil tubing and completion simultaneous operations.",,,,
KC-875-20190528-2100,1,The BSEE incident investigation team determined that the probable cause(s) for this incident cannot be identified since ABB was unable to identify a probable cause or causes since it was not possible to determine where the fault originated due to the extensive damaged to the equipment in the ADWB cabinet. Additional failure analysis testing of the ADWB equipment would have to be conducted in order to possibly identify exactly where the fault or faults originated.,,,,
KC-875-20190528-2100,2,"BSEE’s investigation into this incident identified the following possible contributing causes: 1) a faulty Inverter Module; 2) the ADWB cabinet cooling water system may have developed a leak inside the enclosure due to a mixtures of metal content, total bacteria, and pH level and the leak may have caused a short circuit and subsequent flash from an Inverter Module; 3) the DC fuses may not have been properly torqued when installed given that ceramic fuses have a specific torque spec that when not followed, can develop hairline cracks and a break down susceptible to shorting.",,,,
KC-918-20181116-1530,1,The BSEE incident investigation team determined that the probable cause of the incident was due to the Enerpac 30-ton hydraulic jack falling from its position contacting the adjacent Enerpac 25-ton hydraulic jack shearing the fitting that released the hydraulic line that struck the DO hydraulic mechanic in the face.,,,,
KC-918-20181116-1530,2,BSEE’s investigation into this incident identified the following contributing causes: miscommunication between the hydraulic mechanic and rig mechanic who was assisting rig with the manning the hydraulic pump;,,,,
KC-918-20181116-1530,3,BSEE’s investigation into this incident identified the following contributing causes: the 30-ton Enerpac hydraulic jack's pressure was bled off unexpectedly due to the miscommunication;,,,,
KC-918-20181116-1530,4,BSEE’s investigation into this incident identified the following contributing causes: failure to secure the 30-ton Enerpac hydraulic jack that was placed in a hazardous position above the 25-ton Enerpac hydraulic jack that resulted in the 30-ton Enerpac hydraulic jack falling and shearing the 25-ton Enerpac jack's hydraulic line fitting;,,,,
KC-918-20181116-1530,5,BSEE’s investigation into this incident identified the following contributing causes: failure to install a rigid support system when lifting heavy equipment; and,,,,
KC-918-20181116-1530,6,BSEE’s investigation into this incident identified the following contributing causes: improper body placement by the hydraulic mechanic that positioned him in the line of fire of the 25-ton Enerpac jack's hydraulic line.,,,,
MC-109-20190214-0100,1,"Equipment Failure – Flawed Equipment Design or Construction: The installation of rechargeable batteries inside a non-vented panel creates a Class 1 Division 1 location inside of the panel according to API RP 500. However, the components inside the panel were not rated for a Class 1 Division 1 area. Even if the panel was vented, Talos installed the panel in a Class 1 Division 2 area. However, the components inside were not rated for a Class 1 Division 2 area.",,,,
MC-109-20190214-0100,2,Personnel Training - Personnel Poorly Trained: Personnel failed to recognize that rechargeable batteries vent hydrogen.,,,,
MC-109-20190214-0100,3,Management Systems – Inadequate or Improper Area Classifications: The installation of rechargeable batteries inside a non-vented panel creates a Class 1 Division 1 location inside of the panel according to API RP 500.,,,,
MC-109-20190214-0100,4,Management Systems – No or Inadequate Hazard Analysis: Personnel failed to perform a Hazard Analysis before changing the design of the RTU Panel.,,,,
MC-126-20150702-0400,1,Poor communication between all parties involved.-,,,,
MC-126-20150702-0400,2,Failure of the Derrick Man and Assistant Derrick Man to verify valve alignment- prior to pumping the displacement sea water overboard.-,,,,
MC-126-20150702-0400,3,Splitter valve was left half open.-,,,,
MC-126-20150702-0400,4,SBM from reserve pit #1 was used to conduct the FIT and that pit was not monitored- by the Driller.-,,,,
MC-126-20150702-0400,5,Driller was only monitoring mud pits #3 and #5 (active) for wellbore operations.-,,,,
MC-126-20150702-0400,6,Lack of awareness on company (Rowan) policy.-,,,,
MC-126-20150702-0400,7,"Simultaneous operations in pit room: SBM transfer and sea water being pumped- overboard at the same time. The signed Job Risk Assessment states ""Do one job at a- time from start to finish"".-",,,,
MC-126-20150702-0400,8,The mud pit dump valves leading to the overboard discharge line were not locked- out.-,,,,
MC-129-20150818-1245,1,Human Error,,,,
MC-129-20150818-1245,2,No safety clevis (clip) on the chain fall hook at,,,,
MC-129-20150818-1245,3,Lack of supervision by rig management and third,,,,
MC-129-20150818-1245,4,Poor communication by all parties involved.,,,,
MC-129-20150818-1245,5,I.P. did not sign the JSA.,,,,
MC-194-20200120,1,Management Systems: The JSA and the Nabors procedure “OPS-WIN-019” did not contain specific instructions on how to slow the block speed; and to set the overpull to accommodate the weight of the block and single casing joint.,,,,
MC-194-20200120,2,"LIST THE CONTRIBUTING CAUSE(S) OF ACCIDENT: The crane was not used to control the free lower end of the joint of casing through the V-door, which would have helped change the positioning of the casing while picking it up into the derrick.",,,,
MC-194-20200120,3,LIST THE ADDITIONAL INFORMATION:,,,,
MC-199-20190401-0055,1,"The crew did not follow proper procedures in transferring mud. While performing the incorrect procedure to transfer mud, the crew misunderstood the positions of the valves plumbed to the Trip Tank. The pit cleaning crew may have locked open the master dump valve for the Trip Tank during cleaning operations, and never put back into its normally closed and locked position.",,,,
MC-199-20190401-0055,2,Not verifying the master dump valve for the trip tanks locked in the closed position. Not following the procedures for mud,,,,
MC-208-20191112-1200,1,failures and leaks of the MC the UTH may have accelerated the,,,,
MC-208-20191112-1200,2,Equipment Failure - Flawed equipment design: Heavy weight and center of gravity offset from the UTH assembly resulted in high shear and bending moment on the MQC plate beyond its reported capacity.,,,,
MC-208-20191112-1200,3,Equipment Failure - Flawed equipment design: The buoyancy modules used were not intended for long term use. The EFLs being grounded to the consumption of anodes on adjacent structures.,,,,
MC-21-20150109-1000,1,"The high angle kick-out or boom hoist high limiter on adjusted all the way in, rendering this safety device",,,,
MC-21-20150109-1000,2,the crane body was found to be non-operational. Both Crane Operators (day and night) initialed the Daily/Pre-Use Crane Inspection form verifying the high angle boom kick-out was checked for proper operation from 1-7-15 thru 1-13-15. NOTE: The form states Initial = OK and No = Discrepancy.,,,,
MC-243-20130603-0630,1,"Drilling mud, wash water, and rain water flooding the the open drains.",,,,
MC-243-20130603-0630,2,A heavy down pour of rain that lasted 30 minutes. - Low tide prevented the sump pump from pumping down sump caisson. -,,,,
MC-243A-20201018,1,Supervision: Not providing adequate tools for equipment for tasks - Personnel did not identify the safest means to lift the drum across the beam. Other mechanical aids should have been considered.,,,,
MC-243A-20201018,2,Human Performance Error - inattention to task. dolly and drum back on the deck before leaving,,,,
MC-26-20140221-2110,1,The hinge pin on the single joint elevators became hung-up on the derrick girt. The - pipe skate continued moving and joint of casing came off of the skirt allowing the pipe to swing back toward stump. -,,,,
MC-26-20140221-2110,2,The IP crossed the rig floor with a suspended load overhead. -,,,,
MC-26-20140221-2110,3,"The 9.875"" casing centralizer would not pass through the wellhead requiring the casing crew to pull and lay down the",,,,
MC-29-20140212-1910,1,Pressure loss to the Telescopic Joint Packer,,,,
MC-29-20140212-1910,2,There was no automatic redundant back-up system system had to be manually engaged.,,,,
MC-29-20140212-1910,3,"It was discovered during the course of the pressure alarm for the Telescopic Joint Packer was in place. The back-up hydraulic Packer was disabled. Upon request telescopic joint air pressure was set at 0-psi and the low limit the control panel in the Central the investigation. due to a ruptured air hose. in place. The back-up hydraulic (BSEE) investigation that the air disabled. Upon request of the Inspectors to verify the set points for the telescopic joint air pressure alarm, it was discovered that the high limit alarm was set at 0-psi and the low limit alarm was also set at 0-psi. This was confirmed at the control panel in the Central Control Unit by the two BSEE inspectors conducting the investigation.",,,,
MC-392-20201123,1,Incorrect test cap was used to fit on the mud boost gooseneck; and 2) the possibility for the cap to drop was not adaquately considered.,,,,
MC-392-20201123,2, Transocean Supervisor was not contacted when use a come-along to assist in engaging the cap,,,,
MC-437-20190506-0748,1,Equipment failure – Flawed equipment design: The UPS system failed due to shorted capacitors and undersized fuses on the inverter capacitor bank,,,,
MC-437-20190506-0748,2,Equipment Failure - Flawed equipment construction: Generator swapping operations caused the loss of normal power on the facility.,,,,
MC-437-20211130-1917,1,Equipment Failure – Flawed equipment design or the Visqueen. construction: Loss of fastener preload in bolts due to vibration.,,,,
MC-437-20200715-1411,1,Human Performance Error - Rushing to get job completed: Personnel were in a hurry to start up the BGC #1 Gas Compressor after the BGC #2 Gas Compressor had an unplanned shut down and produced gas started flaring. Human Performance Error - Not following proper procedures: Personnel failed to perform an adequate walk through of the BGC #1 Gas Compressor system prior to attempting to start it.,,,,
MC-437-20200715-1411,2,"Human Performance Error - Inattention to task: Personnel failed to close valves after testing. According to maintenance and testing records, unintentionally left opened on June 20th.",,,,
MC-437-20200129-1400,1,Human Performance Error-Not following proper procedure: The MGP maintenance crew assumed the mooring chain was in the lock position upon completion. The MGP maintenance crew did not visually observe the chain in a lock position resulting of the mooring chain payout outboard.,,,,
MC-437-20200129-1400,2,Equipment Failure- Flawed equipment design or construction: The mooring line’s design did not have proximity switches and programmed interlocks to confirm SCHU stoppers are fully extended.,,,,
MC-437-20210417,1,Equipment Failure: Inadequate equipment inspection. A loose tubing fitting between the flow element and the isolation valve went undetected prior to opening the valve. The fitting may have been loose due to improper installation or vibration.,,,,
MC-437-20210417,2,Work Environment: Not aware of hazards/Inadequate PPE: Shell failed to recognize possibility of a leak from the weep hole. The possibility should have been recognized in the JSA and proper PPE should have been worn for the job.,,,,
MC-471-20160130-1600,1,Human Error,,,,
MC-471-20160130-1600,2,Poor communication between the driller and the sub-sea engineer.,,,,
MC-471-20160130-1600,3,Inadvertently pressurized the riser string.,,,,
MC-471-20160130-1600,4,Utilizing the mud boost pump and not the trip tank pump.,,,,
MC-471-20160130-1600,5,There was a deviation by the driller and sub-sea engineer from the Step-by-Step stack hop procedure.,,,,
MC-471-20160130-1600,6,Lack of understanding of the mechanics of the (DRTT).,,,,
MC-471-20160130-1600,7,The Step-by-Step stack hop procedure did not specify or provide the steps for flushing the overboard lines.,,,,
MC-471-20160130-1600,8,This was the first time for this crew to perform the stack hop procedure.,,,,
MC-474A-20210607,1,Work Environment:  Improper PPE - Gloves worn by IP did not provide adequate protection against cuts and abrasions.  Equipment failure: Flawed equipment design or construction – Metal band should have been installed to reduce sharp edges.,,,,
MC-474A-20210607,2,None.,,,,
MC-503-20140325-0610,1,The dump valve on pit #2 was obstructed by,,,,
MC-503-20140325-0610,2,a butterfly valve locking handle.,,,,
MC-503-20140325-0610,3,Butterfly valve locking handle breaking loose from valve handle and falling into the #2 pit.,,,,
MC-503-20140325-0610,4,No personnel monitoring the pits at the time the master dump valve was opened. -,,,,
MC-503-20200627-1725,1,"Equipment Failure - Flawed Equipment Design: The leaking Methanol Injection Tree Valve (MITV) as equipment failure, likely",,,,
MC-503-20201031,1,Human Performance Error:  The two bolts that secured the spider dog safety door were sheared off due to the back plates not being raised on the work platform.  Inadequate secondary safety for securing the spider dog safety door to the spider dog; the chain prevents the spider dog safety door from falling into the work platform area but does not retain the spider dog safety door from falling towards well center and to the moon pool.  Standard Operating Manual was not followed by the rig,,,,
MC-503-20201031,2, Communication failure between the rig floor personnel,,,,
MC-519-20200212-0430,1,Human Performance Error: Hydraulic hoses were installed incorrectly,,,,
MC-519-20200212-0430,2,Human Performance Error: The Emergency Lowering Procedure was not followed,,,,
MC-519-20200212-0430,3,Human Performance Error: The personnel involved were not trained and therefore Emergency Lowering Procedure,,,,
MC-519-20200212-0430,4,Hydraulic pressure for the Riser Elevation System (2900 psi) instead of 110 bar (1595 psi) which is OEM,,,,
MC-547-20190714-2150,1,"Equipment failure: Flawed equipment design or construction – A 1/2"" stainless steel isolation valve cracked due to the improper installation of the isolation valves and the sensing line tubing for the pipeline pump service. The height of the assembly, weight of two valves, and the potential pulling effects of the tubing had not been properly considered.",,,,
MC-547-20190714-2150,2,None,,,,
MC-650-20111217-1000,1,"The 1/4"" tag line rope wrapped around the leg of the rigger, during crane loading/unloading operations, lifting him off the deck and over the handrail where he fell approximately 80' into the Gulf waters below.",,,,
MC-650-20111217-1000,2,Insufficient number of personnel involved in the,,,,
MC-657-20200709-1515,1,"Human Performance Error: Line up verification was performed; however, two valves were not fully verified to be closed on the stand pipe. These valves are normally kept closed and personnel failed to physically check valve status.",,,,
MC-657-20200709-1515,2,Human Performance Error: Personnel in the driller’s shack did not initially notice discrepancies between barrel-in/barrel-out volume and anticipated pump pressures while conducting pumping operations.,,,,
MC-657-20200709-1515,3,Human Performance Error: Returns aren’t always seen immediately and an assumption was made that they were receiving full returns.,,,,
MC-657-20200709-1515,4,Crew members utilized the fluid transfer specific JSA for riser displacement.,,,,
MC-657-20200709-1515,5,Stand pipe valves were not locked in the indicator to determine valve status.,,,,
MC-698-0700,1,The Klaw coupling failed under what should have,,,,
MC-698-0700,2,"Due to corrosion, one of the break studs failed the designed weak point.",,,,
MC-724-20190913-1530,1,Work Environment- Congested hazardous workspace: The work area was located in a cramped portion of the deck with three runs of piping of various sizes and several tubing runs. This made it difficult for equipment assembly without the use of mechanical lifting devices.,,,,
MC-724-20190913-1530,2,"Management Systems - Inadequate hazard analysis: Although the Job Safety Analysis (JSA) identified “pinch points” as a work hazard for the job, this specific pinch point hazard was not recognized.",,,,
MC-724-20190913-1530,3,Human error - Poor Hand Placement: The body position of the IP holding the alignment bar led to poor hand placement,,,,
MC-724-20190913-1530,4,"Equipment Failure - Inadequate Tools Used: The speed of the air hoist caused the piping assembly to jerk upwards which led to the injury. If the maintenance team had switched to a manual chain hoist, this would have allowed finer adjustments of equipment without quick movements possibly avoiding the injury.",,,,
MC-725-20190329-1925,1,The hydraulic elevators opened and the tubular,,,,
MC-725-20190329-1925,2,fell through the slips into the well.,,,,
MC-725-20190329-1925,3,"The equipment operator commanded the hydraulic elevators to open when the elevators supported 170,000 lbs of string weight.",,,,
MC-725-20190329-1925,4,The hydraulic control line did not effectively support the tubular when commanded. Post incident investigation revealed numerous contributing causes including:,,,,
MC-725-20190329-1925,5,. There was inconsistent hydraulic control line insert engagement on the tubing string.,,,,
MC-725-20190329-1925,6,". The hydraulic control line pressure relief valve was set at the wrong pressure setting. The low pressure setting caused slow slip travel and markings on the tubing string due to pipe movement. 3). The wellbore fluid (ZnBr) was incompatible with the tubing string coupling insulators. The incompatibility caused residue, which could have prevented full engagement with the pipe for load carrying capability.",,,,
MC-726-20150213-1115,1,Poor communication between the Derrickman and the Mud Loggers. The pits were left unattended when the Permit to Work and the Risk Assessment clearly state that the pits should be monitored continuously.,,,,
MC-726-20150213-1115,2,The air actuator for active pit #2 and active pit #3 suction valve failed. This allowed to valve to partially open and SOBM to flow from active pit #3 into active pit #2.,,,,
MC-726-20150213-1115,3,The Derrickman did not check the pit levels upon returning to the MCR.,,,,
MC-726-20150213-1115,4,"The Mud Logger failed to recognize that active pit #2 was gaining fluid. According to the screenshot taken from the Mud Loggers pit monitoring system, active pit #2 was clearly gaining fluid while active #1 and",,,,
MC-727-20210109-0600,1,The downhole Equivalent Circulating Density (ECD) unintentionally sheared the upper and lower Fluid Loss Control Devices (FLCD). The unintentional shearing and subsequent opening of the fluid loss control devices resulted in cross flow between the completed intervals.,,,,
MC-727-20210109-0600,2,The Lead Drilling Supervisor instructed the driller there were no pumping restrictions and to just watch the wellhead pressure.,,,,
MC-727-20210109-0600,3,The Haliburton Tool Representative and the Consultant Completion Specialist were not on the rig floor during the displacement.,,,,
MC-727-20210109-0600,4,The procedural step for packer fluid displacement was pump rate or pump pressure.,,,,
MC-736-20150306-1615,1,"Specified locations for placement of the chain discussed; however, the decision gas lift wells. hoist and slings, as required by engineering designs were not followed and as such, the hoisting and traveling of the load did not follow the planned lift path and elevation.",,,,
MC-736-20150306-1615,2,A low impact strike of the Gas Lift Deck against the gas lift piping caused the lift to jam.,,,,
MC-736-20150306-1615,3,A hold back chain hoist was not used as planned,,,,
MC-736-20150306-1615,4,Tag lines on the lift were not used as required load. -,,,,
MC-736-20150306-1615,5,Stabbing guides for the gas lift deck legs were to assist in controlling the load. to help direct and control the not pre-installed and not used.,,,,
MC-736-20150306-1615,6,Stop Work authority was not used as,,,,
MC-736-20150306-1615,7,Continued attempts to use the chain bend. the incident developed. faults to unjam the lift cause the piping to 10-SEP-2015 -,,,,
MC-736-20150306-1615,8,LIST THE CONTRIBUTING CAUSE(S),,,,
MC-736-20150306-1615,9,The lifting and positioning of,,,,
MC-736-20150306-1615,10,"OF ACCIDENT: the Gas Lift Mezzanine (6,500 pounds), over the high pressure (1300 psi) gas lift piping, with the use of temporary hoisting equipment and rolling scaffolding, was not documented as a critical major event.",,,,
MC-736-20150915-0510,1,"During the weld washing in PWE #39, slag rolled under the Velcro portion of the PWE wall, heated up to the point of smoldering and ignited.",,,,
MC-736-20150915-0510,2,"SafeZone Tech #1 first instinct was to stomp the fire out instead of grabbing a 30 # Fire Extinguisher to control the situation. At the time of the fire outside of PWE #39, SafeZone and PES Contractors failed to report the fire immediately to the Murphy’s Control Room or Platform Operations. This incident was found to be part of an unsafe situation that posed an immediate danger to personnel and overall safety of the facility. Personnel involved with the PWE #39 operations did not have access to Radios or Gai- tronics in order to communicate with Platform Personnel to sound the fire alarm, shut in the platform and muster all personnel.",,,,
MC-751-20110531,1,"Personnel did not sign in as prescribed by JSA #0068-001656 dated September 2007. The JSA was revised on the date of the accident (JSA #0073-001805), but the revision omitted the requirement, ""Make sure permit is signed by all personnel involved including management.""",,,,
MC-751-20110531,2,The IP's lack of situational awareness resulting from being trapped in a crush/pinch point.,,,,
MC-751-20110531,3,Other drill crew members were unaware of whom/where personnel were located on the drill floor.,,,,
MC-751-20110531,4,A general overall complacency resulting from the personnel.,,,,
MC-751-20110531,5,Improper positioning of the IP on the rig floor.,,,,
MC-751-20110531,6,Color of the coveralls blended in with the color effect making the IP difficult to see.,,,,
MC-751-20110531,7,A lack of span of control by the driller by not,,,,
MC-762-20130516-2215,1,Low rig air pressure allowed the primary sealing relax.,,,,
MC-762-20130516-2215,2,Rig air compressors not in the correct alignment,,,,
MC-762-20130516-2215,3,No check valve installed to trap sealing the event air pressure is lost.,,,,
MC-762-20141021-1805,1,Human Error Poor hand placement. The (IP) placed his hand in a known pinch point. The JSA clearly states that all personnel involved in this operation should be aware of their surroundings and where the crew places their hands and feet.,,,,
MC-762-20141021-1805,2,Witness statements suggest the (IP) was attempting to stop the rotation of the (RMS). ­ IP used improper hand placement. ­ Fitness to Work standard was not followed. IP had worked 18 hrs the previous day and had aleady worked 12 hrs at the time of the accident. ­ There were no hazardous markings at the pinch point of the (RMS) and no type of safety ­ guarding around the pinch point. ­ Load was hoisted unevenly causing the (RMS) to spin. ­,,,,
MC-762-20120430-0750,1,A malfunction of the Automated Derrick system's cycling gear allowed the bails and elevator to rotate beyond the rotary's no go zone.,,,,
MC-762-20120430-0750,2,"The length of the bails and elevator suggest that upon unforeseen rotation of the bails and elevator at full extension due to high velocity rotation, the no go zone wasn't wide enough to allow for incidental",,,,
MC-772-20150620-1405,1,Failure of the upper riser telescopic joint seal.,,,,
MC-772-20150620-1405,2,Audible alarm did not sound during packing failure within an operating range of 100 psi.,,,,
MC-773-20210527,1,Work Environment:  Improper PPE - Gloves worn by IP did not provide adequate protection against cuts and abrasions.,,,,
MC-773-20210527,2,Human Performance Error:  Not aware of hazards,,,,
MC-776-20140707-1940,1,At the time of the investigation it is unknown THHT was installed improperly.,,,,
MC-776-20140707-1940,2,None at this time.,,,,
MC-778-20200713-1055,1,Human Performance Error - Inattention to task: BP production before verifying that the workover fluids,,,,
MC-778-20200713-1055,2,N/A,,,,
MC-778-20171016-1730,1,Riser running tool was not properly engaged into profile of the riser joint.,,,,
MC-778-20171016-1730,2,No verification that the secondary mechanical lock was closed on the riser running tool prior to raising the joint of riser to the vertical position.,,,,
MC-778-20171016-1730,3,Poor communication among the drill crew team members,,,,
MC-778-20171016-1730,4,See Initial findings in Section 17.,,,,
MC-778-20200802-1925,1,"Human Performance Error - Not following proper procedures: As per the procedure, the Pig Launcher was not purged with nitrogen gas before opening the pig launcher door. The pig launcher had been in the isolated state for 5 days and it is probable that the oil residue generated a hazardous atmosphere in the top of the trap.",,,,
MC-778-20130720-0410,1,A shaker screen rubber was caught in the butterfly from fully closing.,,,,
MC-778-20130720-0410,2,valve which prevented the valve,,,,
MC-778-20130720-0410,3,All the pit clean out drain valves are connected to a manifold with no way of knowing if the valves are leaking until the overboard valve is opened. -,,,,
MC-778-20130720-0410,4,No filter screen was in place to prevent debris from getting to the pit clean out dump valves.,,,,
MC-778-20150122-2315,1,Poor body positioning on behalf of the IP. -,,,,
MC-778-20150122-2315,2,"A verbal ""Job Safety Analysis"" was performed prior to moving the sheets of metal. (Nothing in writing). -",,,,
MC-778-20150122-2315,3,"The Crane Operator and Roustabouts were currently working off of a ""General Housekeeping Work Instructions"" form. -",,,,
MC-778-20150122-2315,4,"On page 2 section 5 D of the ""General Housekeeping titled, Manually Lifting/Handling Equipment/Items) close to your body when lifting."" These instructions noted above would not have been hand.",,,,
MC-778-20210506,1," Human Performance Error – Inattention to task: The water clarifier injection quill to Float Cell #2 was left open, which gravity drained 286 gallons of water clarifier into the Float Cell #2. The excess water clarifier caused a lack of water/oil separation and oily water went out the overboard water discharge.",,,,
MC-778-20210506,2, Equipment Failure - Inoperable equipment or safety devices: This separation issue was prolonged due to a level control valve failure in Float Cell #1 which did not allow BP to switch from Float Cell #2 to Float Cell #1.,,,,
MC-778-20161106-1050,1,Wear ring swelling due to water absorption setscrews.,,,,
MC-778-20161106-1050,2,creating excessive loads on the,,,,
MC-778-20161106-1050,3,Locking setscrews sheared allowing the adapter to unscrew.,,,,
MC-778-20161106-1050,4,Wear ring material is not recommended for use in high humidity or where water is present.,,,,
MC-778-20161106-1050,5,No periodic inspection or maintenance instructions.,,,,
MC-778-20161106-1050,6,No indicator to offer a preemptive warning.,,,,
MC-782-1900,1,The CWM Operator accidently bumped trolley-forward from the CWM controls.,,,,
MC-782-1900,2,control lever as he stepped down,,,,
MC-782-1900,3,The trolley on the CWM is not fitted with an alarm to alert personnel that it is in - motion. The CWM has an alarm that sounds when it is in motion but the trolley on the CWM does not.,,,,
MC-782-1900,4,The trolley controls are set up in a manner that will allow accidental activation.,,,,
MC-782-20140807-0525,1,Poor communication between the Assistant Driller and the Auxiliary Driller.,,,,
MC-782-20140807-0525,2,Main Driller was not operating the top drive at the time of the accident. -,,,,
MC-782-20140807-0525,3,Human Error.,,,,
MC-782-20140807-0525,4,Operators did not follow JSA procedure for tripping pipe out of the hole.,,,,
MC-782-20140807-0525,5,There was no visual confirmation and verbal communication between the Auxiliary Driller and Assistant Driller. -,,,,
MC-782-20140807-0525,6,The incident happened within the last 30 minutes of the last shift prior to crew change; employees were not focused on the task at hand. NOTE: Crew works a 28 day on and 28 day off rotation.,,,,
MC-79-20140817-0830,1,Poor communication between all personnel involved in the testing procedure.,,,,
MC-79-20140817-0830,2,Leaving the test pump running while unattended allowing the component being tested to over pressurize.,,,,
MC-79-20140817-0830,3,Nothing notated in the Task Based Risk Assessment about leaving the test pump running without properly trained personnel monitoring the pressure. -,,,,
MC-79-20140817-0830,4,The Subsea Supervisor failed to secure the test pump prior addressing the Subsea Engineer about leaving pump running and unattended. -,,,,
MC-79-20140817-0830,5,Miscommunication and not being focused on the task at hand. -,,,,
MC-79-20140817-0830,6,Initial documentation showed the upper annular operating chamber should have been tested and not the lower annular operating chamber. -,,,,
MC-79-20140817-0830,7,Not double-checking with Subsea,,,,
MC-807-20200922,1,The stairs had medium grit coated covers that were,,,,
MC-807-20200922,2,Rubber boots contained a mixture of water and zinc worn bromide (which caused the IP’s boots to be slippery),,,,
MC-807-20200922,3,Adverse weather conditions (rain and high winds),,,,
MC-807-20200922,4,Muscular fatigue due to the employee being tasked immediately after returning from closing the casing approximately 5 decks below,,,,
MC-809-20210829,1, Maneuvering through Category 2+ Hurricane winds and high seas with 12 joints of marine riser and LMRP hanging from the Drillship eventually broke the riser just below the rotary sending approximately 11 riser joints and LMRP to the sea floor.,,,,
MC-809-20210829,2, The Operator and Contractor monitored storm forecasts waiting on notification of a direct path rather than following operational T-times already calculated relative to current well operations and potential Extreme Weather Event.  Inadequate Planning prevented the drill crew from pulling marine riser and LMRP in time for the Drillship to evade/evacuate Hurricane Ida.  The decision to crew change during the TA operation with weather approaching delayed an operation already hours behind schedule and resulted in a failed evacuation/evade attempt.  Hydraulic Torque Wrench breakdowns and stuck riser bolts delayed pulling riser and LMRP.,,,,
MC-809-20140507-1930,1,The BSEE investigation revealed the following: The job should have required two qualified personnel. The contractor's maintenance and safety manual now recommends two individuals for belt and sheave installation.,,,,
MC-809-20140507-1930,2,"The BSEE investigation revealed the following: The IP failed to utilize proper hand placement practices, leading to a hand injury.",,,,
MC-809-20140507-1930,3,The BSEE investigation revealed the following: Stop work authority was not used he was in to complete task.,,,,
MC-809-20140507-1930,4,The BSEE investigation revealed the following: Poor judgement.,,,,
MC-809-20140507-1930,5,LIST THE CONTRIBUTING CAUSE(S) OF The BSEE investigation revealed the when the Mechanic realized the poor body placement,,,,
MC-809-20140507-1930,6,ACCIDENT: following: 1 The IP did not follow the Manufacturer's recommended practices to install belts. 2 The IP did not use the proper tool(s) Drive Preventive Maintenance and Safety,,,,
MC-809-20201209,1,Equipment failure - Inadequate preventive maintenance: The leak may have been caused by a nut that backed off one of the four bolts holding a valve flange. The nut may have backed off due to vibration or improper torqueing or both.,,,,
MC-809-20201209,2,N/A,,,,
MC-809-20210113,1,"Equipment Failure: Inoperable equipment - Failed gas to escape, which triggered the alarm.",,,,
MC-809-20210113,2,functioned as designed. packing in the recycle valve allowed,,,,
MC-812-20150704-1120,1,The Driller failed to verify the proper alignment of the #4 mud pump to the boost line.,,,,
MC-812-20150704-1120,2,The #4 mud pump was lined-up on the #1 standpipe when the incident occurred. -,,,,
MC-812-20150704-1120,3,"No maintenance program is in place to service, disassemble or check calibration on these pressure relief valves. All of the above mentioned checks are listed in the National Oilwell Varco's ""Installation, Care and Operations Manual."" NOTE: The Operations Manual recommends an annual complete disassembly of the valve.",,,,
MC-812-20150704-1120,4,Monthly requirements are as follows: Operate valves through planned system of over pressurization. - Inspect valve function. - Test and calibrate setting pressure and relief pressure. - Inspect leakage of the valve. Visually inspect hoses and fittings.,,,,
MC-812-20150704-1120,5,"Note: None of the above requirements were performed. Another contributing cause is the pressure relief valve failing to maintain its integrity under pressure. (Valve is rated to 10,000-psi). -",,,,
MC-814-20150606-2151,1,Human Error: Poor hand placement. - Failure of everyone involved to recognize the Failure of key personnel for not stopping the situation. -,,,,
MC-814-20150606-2151,2,"No written JSA (Job Safety Analysis) in shack prior to commencing this very dangerous ""Toolbox Talk"" was conducted in the dangerous operation. numerous safety hazards. - job to reevaluate or assess the place. Only a verbal meeting in the Driller's operation. 06-AUG-2015 -",,,,
MC-816-20130912-1500,1,The IP used poor body positioning by using his foot to reposition the slip half.,,,,
MC-816-20130912-1500,2,Proper tool for the task at hand,,,,
MC-816-20130912-1500,3,LIST THE CONTRIBUTING CAUSE(S) OF,,,,
MC-816-20130912-1500,4,The slip half tilted to one side,,,,
MC-940-20190607-2235,1,The team did not follow procedures correctly. The team procedures.,,,,
MC-940-20190607-2235,2,Incorrect calculations,,,,
MC-940-20190607-2235,3,Weights not verified by oncoming crew or qualified,,,,
MC-940-20190607-2235,4,Inadequate communication during crew change handover,,,,
MC-941-20150216-1240,1,"During the insulation of the 1"" O-Ring by the Shamrock Employee (Tech) on 2-10-2015, the Flange Cap Screw was not tightened down to close the 1/8"" to 1/4"" gap between the Blind Flange Port and the Body of the Aceco Valve properly sealing the Face seal as seen in Investigation Photos. Proper torquing methods were not used in tightening the end flange bolts. The Outlet Flange was found by the Bennu Investigation Team to be an incorrect flange for establishing a Metal-to-Metal seal with the 1"", 15,000 psig Aceco Compact ball valve ""BV1""(incorrect surface finish & raised face). The third party technician failed to identify that the wrong flange was in place on the outlet end of the valve. After the incident, the valve ""B"" cap screws were found to have been both over & under torqued during the installation.",,,,
MC-941-20150216-1240,2,"Tech did not adhere to the manufacturer's recommendation to utilize a torque wrench for tightening the bolts to secure the body of the Aceco Valve and 1"" O-Ring Face Seal material. Technician did not follow the (ACECO VALVE) Installation, Operations & Maintenance procedures when installing the valve in the system by not using the proper size and type mating Flanges; and not verifying the face seals were installed correctly.",,,,
MC-942-20151130-0915,1,Human error.,,,,
MC-942-20151130-0915,2,The I.P. placed himself directly in the line,,,,
MC-942-20151130-0915,3,of fire.,,,,
MC-942-20151130-0915,4,The air tugger operator should not have raised the joint of pipe at the I.P.’s request.,,,,
MC-942-20151130-0915,5,Maersk rig personnel did not follow their own policy/procedure should the pipe drift (rabbit) become lodged inside of the drill pipe. (See last paragraph in section,,,,
MC-942-20151130-0915,6,.,,,,
MC-474-20180711-1200,1,"Equipment Failure – Inadequate Equipment Inspection: The leaking of the AOV and SDV, allowing MEG to flow through the valves into the EA2 umbilical circuit.",,,,
MC-474-20180711-1200,2,The location of the leak subsea and the dissipation of the pollutant before reaching the GOM surface contributed to the leak being undetected for several days.,,,,
MC-474-20190504-1400,1,Human Error: Inadequate Management of Change Procedures- The Construction Team failed to failed to protect the roof from exposure during a work stoppage.,,,,
MC-474-20190504-1400,2,Equipment Failure: Inoperable safety device- The faulty lube oil temperature switch prevented the generator from starting. The delay in starting the emergency generator caused the platform to operate on UPS power for longer than expected.one,,,,
MC-607-20181201-0339,1,"The extreme unexpected changes in wind speed and direction due to strong thunderstorms caused an excursion of the vessel's planned position. Due to these rapid changes, the vessel was unable to maintain position while being latched up to the well. This event subsequently resulted in an Emergency",,,,
MC-607-20181201-0339,2,LIST THE CONTRIBUTING CAUSE(S) OF N/A,,,,
MC-736-20180516-1015,1,Management Systems- Inadequate Management of Change (MOC) procedures: The change in water production did not prompt a review of the produced water handling system.,,,,
MC-736-20180516-1015,2,"Human Performance Error - inadequate knowledge of equipment operations: With the ongoing pollution, personnel continually adjusted chemical rates and levels in the FWKO, Float Cell, and the Wet Oil Tank following the production start-ups from May 13, 15, and 16, 2018 without taking the appropriate action shutting in the facility.",,,,
MC-773-20210710,1, Incorrect crane slings were used (slings were determined by Nabors to be too long at 35 ft in length).  There was no designated person giving hand signals or communicating with the crane operator.,,,,
MC-773-20210710,2,LIST THE CONTRIBUTING CAUSE(S) OF  There was no communication between positions) prior to the commencement,,,,
MC-773-20210529,1,Inadequate length of drill line was spooled on the drum and this did not allow the block to reach the drill floor once the derrick was all the way scoped out.,,,,
MC-773-20210529,2,JSA did not identify hazards & mitigations for spooling drill line inside draw works.,,,,
MC-773-20210529,3,MODS 140 rig up procedures does not list steps for installing drill line.,,,,
MC-778-20170918-1100,1,Lack of a formal mechanism to specify logic settings in the UPS system for use in this setup,,,,
MC-778-20170918-1100,2,Inadequate communication of the UPS Replacement Project documentation,,,,
MC-778-20170918-1100,3,UPS-B inverter failed allowing batteries to overcharge,,,,
MC-778-20170918-1100,4,Logic in the UPS system had too tight of power quality tolerance,,,,
MC-778-20170918-1100,5,The power quality tolerance was not set to,,,,
MC-778-20170918-1100,6,VMS incorrectly backed-up thus maintaining rebooted,,,,
MC-778-20210607,1, Equipment Failure – Capacity of equipment exceeded: the liquid rate which was used during the ramping up,,,,
MC-778-20210607,2,n/a,,,,
MC-778-20201022,1,Equipment Failure: Inoperable equipment or safety devices - The SCSSV rod piston seals leaked.,,,,
MC-778-20201022,2,N/A,,,,
UNKEYED-b04cb04fd674,1,Equipment Failure: Inadequate/improper tools or equipment used.,,,,
UNKEYED-b04cb04fd674,2,Human Performance Error: Not following proper procedures. Poor body placement.,,,,
UNKEYED-f7dd16619d2d,1,Work Environment – No or improper PPE: IP was not wearing cut resistant work gloves while using a cutting device.,,,,
UNKEYED-f7dd16619d2d,2,N/A,,,,
MC-816-20190602-1430,1,Mud weight was inadequate to balance pore pressure,,,,
MC-816-20190602-1430,2,"Gas cut fluid was accompanied by a small pit gain, up the hole.",,,,
MI-622-20141124-0950,1,The IP failed to close the equalizer valve between the upper (top) and lower (bottom) chamber on the SOF prior to loosening the clamp bar bolts on the upper chamber (this was confirmed by PIC after the incident). ,,,,
MI-622-20141124-0950,2,"The blow down valve on the upper chamber of the SOF plugged with debris and/or frozen hydrates when it was opened to atmosphere. This resulted in the false impression that ­ the upper chamber of the SOF had bled to zero pressure. ­ The IP failed to loosen the clamp bar bolts on the top of the SOF away from his body. ­ When the IP found the SOF in an abnormal condition, all steps in OP removal procedure should have been reevaluated. ­",,,,
MI-657-20170314-2330,1,"Investigation found the right bank turbo charger had failed, allowing the engine oil to be injected into the air intake causing the diesel engine to over-speed.",,,,
MI-657-20170314-2330,2,The engine continued to run after right bank intake closed hard enough allowing air to continue to feed the,,,,
MI-657-20170314-2330,3,LIST THE CONTRIBUTING CAUSE(S) OF,,,,
MI-685-20151002-2025,1,"Operator failed to detect trapped flammable gas inside the 9 5/8 inch x 13 3/8 inch annulus at the plus ten deck, where the Oxylance burning bar made the slot cut through the casings. The Oxylance burning bar ignited flammable gas inside the casing. An Altair 5x gas detector was utilized at the cellar deck level according to the hot work permit, operator’s final report, and witness statements. The operator failed to check for the presence of a combustible gas at the hot work site. The gas detector was unable to properly detect the flammable gas inside the 9 5/8 inch x 13 3/8 inch annulus. The 9 5/8 inch casing valve flange, all adjacent casing valve flanges, and the 7 3/8 inch inner casing open to the atmosphere were all tested for the presence of a combustible gas at the wellhead.",,,,
MI-685-20151002-2025,2,"Fieldwood Energy stated the following in their final report: “Due to the complexity of this project and unknown variables existing in decommissioning wells and removing casing, it is very difficult to identify a reason for the gas migration and momentary flare event.” However, the operator did cite the following as possible causes:",,,,
MI-685-20151002-2025,3,Gas may have percolated slowly out of the mud in the 9 5/8 inch x 13 3/8 inch casing annulus after the explosive severing,,,,
MI-685-20151002-2025,4,There was a blockage in the 9 5/8 inch x material which trapped gas below it.,,,,
MI-685-20151002-2025,5,The trapped gas was heavier than ambient conductor.,,,,
MI-703-20130411-1930,1,Crane Operator did not lower the D-ring low enough for the Riggers to unhook from main - deck. - It was found that Crane Operator had not been involved in the Job Safety Analysis prior to the job. - No Stop Work Authority was exercised when crew knew Crane Operator had not been involved in the Job Safety Analysis review. - After the incident Company Representative did not exercise Stop Work Authority. - No communication between rigging crew. - CTU supervisor was not wearing the proper Personal Protective Equipment at the time of - incident. -,,,,
MI-703-20130411-1930,2,Rigger was not aware that supervisor was below him. - Poor communication between supervisor and other crew - Crane Operator not involved in Job Safety Analysis. - Lack of supervision from Company Representative. -,,,,
MO-872-20180505-0745,1,Equipment Failure – Flawed equipment design or construction: The tote tank fell to the deck due to a manufacturing defect of the sling used during the lift.,,,,
MO-872-20180505-0745,2,Human Performance Error - Not following procedures: failed to follow the guidelines when fabricating wire,,,,
MO-872-20180505-0745,3,"Human Performance Error - Not following procedures: failed to conduct a pull test. Also, the manufacturer test” dated 12/21/2017 before the sling was",,,,
MP-107-1600,1,6-8 feet seas and 20 mph winds caused the liftboat to sway away from the platform.,,,,
MP-107-1600,2,The gangway was not secured to the platform or attached to the liftboat's crane.,,,,
MP-107-1600,3,Personnel not following the approved procedures the platform and the liftboat. -,,,,
MP-107-1600,4,Personnel crossing over an unsecured gangway. -,,,,
MP-116-20120830-0000,1,"High winds, waves and current from hurricane Isaac toppled the well.",,,,
MP-116-20120830-0000,2,"LIST THE CONTRIBUTING CAUSE(S) OF Possible insufficient welding. Possible design failure of the well,",,,,
MP-153B-20201225,1,"Equipment Failure: Inoperable equipment - A sticking relay in a pneumatic panel in the start fuel/ignition circuit allowed the engine to be saturated with unburnt fuel, which caused a backfire upon the second attempt",,,,
MP-153B-20201225,2,n/a,,,,
MP-259-20200323-1130,1,Human Performance Error-Not following proper procedures: Injured person used improper techniques and poor body placement.,,,,
MP-259-20200323-1130,2,Supervision-Not ensuring the use of proper PPE: Supervisor failed to ensure the IP was using cut resistant gloves.,,,,
MP-259-20200323-1130,3,None,,,,
MP-264-20130407-1745,1,Shock loading the crane.,,,,
MP-264-20130407-1745,2,"cutting the sheave spacer, kinking winch drum and tearing up the winch",,,,
MP-264-20130407-1745,3,Crane operator failed to operate crane under control and in a safe manner.,,,,
MP-264-20130407-1745,4,Not stopping the job after possibly shock loading the crane and looking for possible damage.,,,,
MP-264-20130427-1030,1,According to witness statements the $rane 0perator had problems following the directions communicated to him by the 4ignalman/%eckhand down on the boat. -,,,,
MP-264-20130427-1030,2,When the tool box hung up under the 0perator continued without stopping to,,,,
MP-264-20130427-1030,3,"Without stopping the job to inspect continued to spool outside of the drum binding chain and finally got free, the $rane  inspect the crane for any possible damages. for possible damages, the auxiliary cable damaging and breaking cable strains. -",,,,
MP-264-20130427-1030,4,The $rane 0perator failed to control crane operations in a safe manner by not following the directions given to him by the 4ignalman. -,,,,
MP-264-20130427-1030,5,The $rane 0perator's actions shock loaded the crane.,,,,
MP-264-20130427-1030,6,"The $rane 0perator failed to inspect the crane for possible damages and continued making lifts, further damaging the auxiliary winch. -",,,,
MP-264-20130427-1030,7,The Lead Operator/Crane Operator had only couple of weeks prior to the crane incident.,,,,
MP-283-20210508,1,Equipment Failure: Inadequate/improper tools or equipped with a securing strap which could have transport.,,,,
MP-283-20210508,2,equipment used. The hand dolly was not been used to secure the load during,,,,
MP-283-20210508,3,Human Performance Error: Not following proper procedure. Personnel did not document a risk assessment for the task as no JSA was performed.,,,,
MP-288-20150202-0230,1,Kimray Temperature Controller malfunctioned.,,,,
MP-288-20150202-0230,2,Temperature Safety High (TSH) on BAP-1500 did not the vessel and all associated components.,,,,
MP-288-20150202-0230,3,"High Temperature caused the Glycol and Antifreeze hatch, spilling down to lower deck onto the",,,,
MP-288-20150202-0230,4,­ activate in order to shut down to boil over and out the top Compressor exhaust. 13-AUG-2015 ­,,,,
MP-288-20150202-0230,5,The MSDS sheet for the Triethylene Glycol (section 3 Physical Data) Boiling Point ­ 760 mm Hg: 550 Deg. F,,,,
MP-288-20150202-0230,6,The MSDS sheet for the Gulfcool EG-50 Hazards Rating System has a Fire Hazard Flash Point of 1 above 200 Degrees F,,,,
MP-288-20150202-0230,7,The BAP-1500 shipped with the cover on the burner port to protect from damages to the sight glass. Later revealed by Investigation team that the sight glass was never installed posing a risk of rendering the Flame Arrestor (FA) on the air intake 20d.e eLmIiSnTg TiHtE tAoD DbIeT IiOnNoApLe rIaNbFlOeR MbAyT InOoNt:,,,,
MP-288-20150202-0230,8,Construction crew installed flat further leakage to the lower deck.,,,,
MP-288-20150202-0230,9,"Operators shut down Line heater, sight glass to view the burner. allowing a path for natural air to enter. bar around the Compressor hatch to prevent any removed metal plate and replaced with manufactured",,,,
MP-288-20150202-0230,10,BSEE witnessed the testing of the LSL and PSH on the vessel checked hatch on Line Heater.,,,,
MP-288-20150202-0230,11,Operators installed new Kimray Temperature Controller to replace the rebuilt one on site Temperature Controller.,,,,
MP-288-20150202-0230,12,"Corrective actions taken to prevent a reoccurrence 1) A containment barrier was installed around hatch cover to prevent any fluids from leaking onto the compressor exhaust. 2) The Level Safety Low (LSL) was lowered approximately 4 inches to allow for level to come in service & Glycol to expand once heated. 3) A sight glass was ordered, and will be installed next to LSL to have a visual on media. Please accept this statement as final report.",,,,
MP-295-20130928-0830,1,Poor hand placement. The IP put his hand above the snatch block attempting to remove the wire.,,,,
MP-295-20130928-0830,2,The wire clamp in the side entry sub failed allowing the wire to slip.,,,,
MP-295-20130928-0830,3,Wireline slipping through side entry clamp causing left hand to be pulled into the sheave. Hand caught between wireline and sheave at V-Door.,,,,
MP-299-20120911-1635,1,Human Error - Poor hand placement by the IP.,,,,
MP-299-20120911-1635,2,Missed-swing of hammer.,,,,
MP-299-20120913-0430,1,Slippery gloves and standing in an awkward position.,,,,
MP-299-20120913-0430,2,Lubricators on deck next to chiksan created a very tight working area. The CTS supervisor stated that the workers were unable to use the back-saver because it was too close to the handrail and the pump.,,,,
MP-299-20190922-0655,1,Human Performance Error: The ELO did not follow the directions of the supervisor after the safety meeting and performed tasks not covered during the safety meeting.,,,,
MP-299-20190922-0655,2,Human Performance Error: The ELO did not use the proper tools for the job. A megohmmeter was used to test the detonator instead of the proper testing device. (See API 67 statement above),,,,
MP-299-20190922-0655,3,Management systems: The ELO did not have or follow the proper job procedures for testing the cap.,,,,
MP-299-20190922-0655,4,Management systems: The blasting cap was not inside the protective shroud while being tested.,,,,
MP-299-20190922-0655,5,Management systems: The pre-job safety meeting did not discuss testing the detonator.,,,,
MP-299-20190922-0655,6,The Megohmmeter was not labeled with,,,,
MP-299-20190922-0655,7,The injured person did not know that,,,,
UNKEYED-8174d1253136,1, Equipment Failure – Capacity of sling exceeded the force exerted.  Human Performance Error – Not aware of hazards associated with making changes to the Liftboat's elevation while the crane was still connected to the lift.  Management Systems – Inadequate hazard analysis.,,,,
UNKEYED-8174d1253136,2,N/A,,,,
MP-42-20200909-0830,1,Human Performance Error: Inattention to task - The IP,,,,
MP-42-20200909-0830,2,IP lost track of his the MCC. The injury was likely factor was a failure to lost track of his surroundings,,,,
MP-42-20200909-0830,3,Human Performance Error: Not aware of hazards – Cantium associated with the job prior to performing work.,,,,
MP-42-20120929-1803,1,The IP was not aware of his surroundings or focused sight of the tie off point and beam he was cutting. on job safety causing him to lose,,,,
MP-42-20120929-1803,2,Poor supervision and a lack of safety culture were contributing factors that resulted in the failure to identify and eliminate,,,,
MP-42-20210921-1608,1,Equipment Failure – Flawed equipment design or gas to migrate into the lube oil tank.,,,,
MP-42-20210921-1608,2,construction: Seals failed causing,,,,
MP-42-20210921-1608,3,"Equipment Failure – Capacity of equipment exceeded: Gas entered into the lube oil tank exceeding the tanks capacity, causing gas and lube and onto the compressor engine.",,,,
MP-64-20171013-0530,1,Lack of situational awareness - M/V captain failed to cluster of caisson platforms in the MP 64-A field.,,,,
MP-64-20171013-0530,2,turn his radar on to see the,,,,
MP-64-20171013-0530,3,"The weather conditions of a ""1/8 mile visibility"" contributed to the captain’s ability to clearly see the surrounding caisson platforms causing the M/V to hit the caisson platform.",,,,
MP-64-20211009,1,Equipment Failure: 2 leaking compressor 1st stage,,,,
MP-64-20211009,2,"suction valve cover gaskets. An explosive mixture of oxygen from the leaking gaskets, gas from the process stream, and ignition from heat on the discharge of the compressor contributed to the explosion. Because the operator mistakenly thought that the first noise was a backfire in the engine rather than an ignition in the compressor cylinder, this may have lead the operator to restart the compressor rather diagnose the failure.",,,,
MP-73-20171104-1440,1,"Equipment Failure – Plugging of the still column expelled into the atmosphere, where it contacted one resulting in the fire.",,,,
MP-73-20171104-1440,2,"caused glycol (fuel) to be or more hot surfaces (ignition),",,,,
MP-73-20171104-1440,3,"Failure to Follow Procedure – The platform personnel did not adhere to the established maintenance procedure, which required them to change sock filters monthly and change charcoal filters every two months.",,,,
UNKEYED-e7044c7f14cb,1,Equipment Failure: Inadequate equipment maintenance. Erosion caused the leak.,,,,
MP-288-20191015,1,Communication- Inadequate communication between The Seatrax employees deviated from the work scope their supervisor.,,,,
MP-288-20191015,2,"Management Systems- Inadequate documentation or mechanical failure of a spiral lock operator and contractor personnel: and did not communicate this to availability of hazard analyses, job procedures, emergency procedures: The JSA was to be removing the boom winch and shaft. There was no mention emergency load lowering procedure and the procedure was Talos.",,,,
MP-288-20191015,3,Equipment Failure - Wear and tear: Wear tear caused which made the crane inoperable. Wear and tear may have spiral lock ring on the brake assembly. for lowering the boom and in the JSA about utilizing the not approved by Seatrax or a failure of a thrust bearing also caused the failure of the,,,,
MP-288-20191015,4,"Human Performance Error- Not following proper procedures: According to the Seatrax Account Manager, the emergency load lowering procedure should not have been performed, because it was not an emergency.",,,,
MP-288-20191015,5,"Human Performance Error- Rushing to get job completed: The Mechanics presumed it was a sense of urgency to return the crane to PIC onboard, it was said it was not a rush to",,,,
MP-296-20190121-0645,1,Equipment Failure - Inadequate/Improper tools or equipment used: The failure to provide a safer method to remove the bolts prior to starting the task. There are tools designed to attach to the stud and nut that secures the eliminates the need for a second person holding it.,,,,
MP-296-20190121-0645,2,None,,,,
MU-726-1538,1,"While descending stairs to the Production deck, stair well and hyperextended his left knee. -",,,,
MU-726-1538,2,"The IP was transported to shore on Lessee. the IP missed the last step on the Fatigue, darkness, and failure to observe surroundings. The last step and the deck are the same color which makes it difficult to",,,,
MU-762-20120812-0825,1,Polypropylene rope broke.,,,,
MU-762-20120812-0825,2,"A. The explosive bundle was guided by hand without his right hand and left index a tagline. B. The rope was wrapped/became wrapped around handler's left hand. C. The polypropylene rope was guided through a 4"" interior diameter pad eye on the leg without a sheave and the rope went through the barge crane hook without a sheave. D. The barge crane swing break was inoperative, possibly leading to additional strain on the rope. The polypropylene rope",,,,
MU-A 111 A-20141006-2045,1,"The hydraulic power tongs was positioned about 6-10 inches away from the drill pipe. Though its position was not considered to be an at-risk condition while the Eaton worker performed his work alone, it did become so when two-workers attempt to move the pipe in tandem with it in such close proximity. Both workers failed to recognize and adequately assess the risk associated with this specific piece of equipment in such close proximity to the type of physical task being performed.",,,,
MU-A 111 A-20141006-2045,2,The IP volunteered to assist in moving the 3.5 inch pipe.,,,,
MU-A 111 A-20141006-2045,3,The JSA did not encompass two persons working in tandem to rotate the pipe.,,,,
MU-A 111 A-20150623-1800,1,Improper hand placement when attempting to open,,,,
MU-A 111 A-20150623-1800,2,Improper hand placement.,,,,
MU-A 111 A-20150625-2100,1,Metal rings used to adjoin the pieces of heat wrap a small pin hole in the metal blow tubing that was,,,,
MU-A 111 A-20150625-2100,2,together over time vibrated causing under the heat wrap insulation. Metal rings used in manufacturing the heat wrap insulation.,,,,
MU-A 111 A-20140731-1830,1,Personal Protective Equipment (PPE) was improperly utilized / positioned while performing the job task causing the hard hat safety strap to catch on the welding lead. ­,,,,
MU-A 111 A-20140731-1830,2,The underlying cause of the incident can be attributed to the IP's placement of the lanyard's lower clip mechanism attached to the side of his neck area on the shirt collar. This placement allowed the possibility of equipment such as the welding lead when manually handled to come in contact with the lanyard.,,,,
31-20140704-1400,1,"The Manual Master Valve, Surface Safety Valve and Wing Valve were leaking which allowed the Shut in Tubing Pressure of 3200 Pounds per Square Inch Gauge (PSIG) to be present up to the Out of Service production header causing a gasket failure on the FSV.",,,,
31-20140704-1400,2,"The B-001 well had a history of making traces of Management failed to mitigate valve deficiencies August 16, 2013. ­",,,,
MC-582-20220713-2045,1,Human Performance Error – Not aware of hazards: Personnel failed to properly safe- out Compressor #2 while performing work.,,,,
MC-582-20220713-2045,2,Human Performance Error –Inattention to task: personnel performing work on Compressor #2 failed to properly install a blind flange.,,,,
GC-338-20211120-1315,1,"Equipment Failure caused by the weight capacity lifting the Conex box, causing the aux winch to loading of the crane.",,,,
GC-338-20211120-1315,2,"of the West crane being exceeded when fail due to overloading and shock- Human Performance Errors, inadequate knowledge of equipment operation, labeling the cargo manifest with the wrong Conex box weight, and lack of personnel training",,,,
GC-478-20220722-2203,1,Not Following Proper Procedures: Crane Operator and crew failed to create a new Permit to Work (PTW) and lift plan for lifting the spanner joint assembly.,,,,
GC-478-20220722-2203,2,Improper equipment used: Crane Operator allowed the crew to use the wrong nylon sling without verfiying its Safe Working Load.,,,,
MP-268-20220630-2346,1,Human Performance Error – Not aware of hazards: amount of stored energy within the pipeline.,,,,
MP-268-20220630-2346,2,Communication – Lack of Communication: Operator a pipeline contributor prior to performing a,,,,
PL-23-20210801-1010,1,Fire tube temperature was normally running at higher temperature than it was designed.,,,,
PL-23-20210801-1010,2,LIST THE CONTRIBUTING CAUSE(S) OF Operating procedures did not show the,,,,
PL-23-20210923-1010,1,Air flow in stack arrestor was restricted from was not sufficient purge time between when the relight the burner.,,,,
PL-23-20210923-1010,2,Failure to properly clean flame arrestor after,,,,
PL-23-20190408-0600,1,"During the investigation, it was determined that hydrocarbons leaked into the Fire Tube Chamber from cracks in the tube. Hydrocarbons came into contact with the burner flame due to an incline at the fire tube due to insufficient support. Once the hydrocarbons ignited, the flames melted the aluminum fire box activating the (BSL). At the time of the incident the normal operating temperature on the Treater was 120 degrees Fahrenheit.",,,,
PL-23-20190408-0600,2,"Normal daily platform production prior to the incident was 600 to 630 barrels of oil per day (BOPD) and approximately 605 million cubic feet (MMCF) gas per day. On April 8, 2019, the average daily production was approximately 480 BOPD and 5 MMCF gas per day. Based on lab results after the incident, three issues were determined which could have caused the cracks in the fire tube; Vibrations. Inadequate fire tube support production may have been a factor in the Cyclic Bending Loads, Thermal Stress and along with high temperature and low formation of the cracks in the tube leading up to the fire incident.",,,,
PL-23-20160229-1930,1,"Findings performed by an engineering firm investigating the incident states in part: ""1. The mechanism of this failure was thermo-galvanic corrosion where the top of the fire tube, which was the hottest area, became anodic to the cooler metal in the water.",,,,
PL-23-20160229-1930,2,"This galvanic cell required several parameters to be present to produce the extremely high corrosion rates that were observed on the fire tube. These parameters included the temperature gradient on the metal surface that was water wet, the scale deposition on the top of the tube, the chloride concentration in the produced water, and the low pH of the produced water. These parameters when combined together produced the highly corrosive galvanic cells that resulted in the failures.",,,,
PL-23-20160229-1930,3,The water in the treater had a measured laboratory pH of only 2.95. This very low pH accelerated the corrosion process. It was possible that the phosphoric acid in the emulsion breaker had contributed to the low pH. [...],,,,
PL-23-20160229-1930,4,"The low pH condition converted the CO2 in the water to carbonic acid, which made the water very corrosive. This would explain why the pits exhibited a mesa corrosion morphology that is usually associated with CO2 corrosion.",,,,
PL-23-20160229-1930,5,"[...] Based on the time to failure, the calculated pitting corrosion rate at the failure sites was 450 mils/year (mpy). This was an extremely high corrosion rate which could not have been achieved by CO2 corrosion alone. This corrosion rate would have required an outside driving force such as thermo-galvanic corrosion.",,,,
PL-23-20160229-1930,6,"[...] All of the pits were isolated to the top and sides of the tube where the scales were present. There was no evidence of any significant pitting in the areas where no scales were present. It appeared that the surface scales had helped to insulate the metal, which increased the localized surface temperature of the metal.",,,,
PL-23-20160229-1930,7,"The x-ray diffraction (XRD) analysis of the surface scales identified calcium phosphate siderite (iron carbonate), and calcite (calcium carbonate). These carbonate scales should not have formed at a pH of 2.95. The presence of calcium phosphate suggested that the emulsion breaker was not compatible with the produced water. The iron carbonate was the product of CO2 corrosion and inorganic mineral scale.""",,,,
PL-23-20160229-1930,8,N/A,,,,
PL-5-20180625-1730,1,Water left in the pipelines for an extended time allowed for high concentrations of bacteria growth which led to small pockets of H2S gas.,,,,
PL-5-20180625-1730,2,N/A,,,,
PN-969-20120613-1430,1,Upward movement (heave) of boat from 4-6ft seas,,,,
PN-969-20120613-1430,2,"while also compensating for current. Material in junk basket was not adequately secured. Suspended load was too low. Lack of escape routes on boat deck, or workboat space was too crowded. Workboat captain had obscured view of worksite. Crane had a short boom and boat had jumpdeck that both limited workable area. IP chose inappropriate route to tagline, or no available safe route to tagline existed.",,,,
PN-975-20151126-1025,1,A smoldering ember during construction hot work on eventually caused the wood on the 24-Nov-2015 is believed to have caused the wood on the top deck to ignite.,,,,
PN-975-20151126-1025,2,The platform was unmanned from 24-Nov-2015 until the overflight on 26-Nov-2015. No personnel were onboard ignition.,,,,
VR-376 A-20120229-0345,1,The walkways were blocked by equipment the IP standing in the swing radius of the load. a mentor assigned to him at all was forced to guide the load while,,,,
VR-376 A-20120229-0345,2,The inexperience of the IP with rigging operations. His inexperience was demonstrated by his wrapping the tag line around his waist and turning his back to the load.,,,,
VR-376 A-20120229-0345,3,Human errors by the IP and lack of supervision.,,,,
VR-376 A-20120229-0345,4,IP was not qualified to be on his own and should have had a supervisor with in verbal command distance of him.,,,,
VR-376 A-20120229-0345,5,Failure to have walkways clear to,,,,
BA-375-20110415-1140,1,The MODU was moved too fast to allow sufficient momentum. ­,,,,
BA-375-20110415-1140,2,All platform production was shut-in or significant damage occurred to the time for tug and mat to slow its The seafloor was said to have previous mat depressions which caused the mats to lose contact with the bottom. High winds platform.,,,,
EB-602-20120219-1700,1,The troubleshooting techniques of pushing and pulling wires/cables in the panel caused a voltage drop in the solid state relay computer board. A voltage drop in the solid state relay computer board unintentionally activated the EDS.,,,,
EB-602-20120219-1700,2,Prior to rig personnel entering and accessing inside the driller's BOP control panel the OIM was not notified and a proper JSA and risk assessment was not conducted and a permit to work was not issued. Also Anadarko/ENSCO received the Engineering Bulletin (EB) 11-011 in early December and did not properly communicate the information with the rig and follow its safety recommendations during the troubleshooting of the panel.,,,,
MO-830-20120218-1700,1,The Assistant Driller or Driller inadvertently bumped the clutch allowing it to become disengaged.,,,,
MO-830-20120218-1700,2,The inexperience of the Assistant Driller.,,,,
MO-830-20120218-1700,3,The clutch was not fully engaged.,,,,
MO-830-20120218-1700,4,The Assistant Driller had recently been promoted to February 2012.,,,,
MO-830-20120218-1700,5,This was the Assistant Driller's first hitch on the,,,,
MO-830-20120218-1700,6,The Driller and Assistant Driller were working in rheostat of the drawworks and rotary in addition to,,,,
GC-205-20120210-1600,1,The dump valves for mud pits #4 and #5 were,,,,
GC-205-20120210-1600,2,The master dump valve had a piece of debris,,,,
GC-205-20120210-1600,3,Poor maintenance of the valves in question. partially open. in it which prevented full closure.,,,,
GC-205-20120210-1600,4,Rig crew (supervisors and workers) equipment.,,,,
WR-29-20120102-1638,1,"While attempting to better secure the casing joint, the PLS operator decided to close the upper and lower gripper arms in addition to the centralizing arm. The employee located the required button needed to perform function, but took his eyes off the control pad to look up and get a clear view of the arms and watch the function. As a result, the operator hit the button to open the centralizer arm instead of close the gripper arms and dropped the casing across the rig floor.",,,,
WR-29-20120102-1638,2,-The Task was interrupted. The decision for the operator to make an attempt to better secure the joint of casing standing vertical was due to the PRS operator switching focus to the forward PRS. Had the task not been interrupted the PLS operator would not have attempted to better secure the joint of casing.,,,,
WR-29-20120204-0445,1,Employee failed to isolate one of the valves coming from one of the active pits.,,,,
WR-29-20120204-0445,2,LIST THE CONTRIBUTING CAUSE(S) OF -Inattention to detail; the employee before moving on to the next task.,,,,
HI-A 7-20120515-1415,1,"The operator was aware of the initial 100 psi SCP found on the 11-7/8"" by 16"" annuli. No other pressures were reported and the approved RPM permit documented same. All hydrocarbon zones were properly isolated, and tested at the time the well was TA'd on July 22, 2010. It appeared a gas source had migrated through cement by possibly channeling in the 11-7/8"" annulus, or plugs, and this pressure build-up occurred over a period of time just below the CIBP.",,,,
HI-A 7-20120515-1415,2,"The constant 100 psi SCP was the only reported pressure when the RPM permit was submitted and approved. There was no indication of a pressure build-up below the CIBP until the 200' of cement was drilled out, and the CIBP was penetrated; however, additional planned diagnostic tests are being conducted on the well.",,,,
MC-737-20091230,1,"The Incident It is concluded by the investigation team that on 29 December 2009 a pollution incident occurred as result of a leak associated with the MC 737 permanently abandoned Well No. 001 ST01. This leak allowed for the release of approximately 62 barrels to the Gulf of Mexico. Cause Due to Murphy's inability to get below 11,213' after reentering the well in an attempt to identify the source and path of the pollution, the investigative team cannot identify the specific cause of the incident. (For schematic of possible flow scenarios, see Attachments 7-10.) Possible Source and Flow Path During the 2010 re-entry operation, the squeezed perforations and top two cement plugs held positive pressure prior to being drilled out. The cement plugs at 16,610' and 20,354' were unable to be reached during the re-entry operation. The fact that all other cement plugs encountered were near their estimated top of cement depths, and of sufficient length based on slurry calculations/displacement calculations, can be attributed to the following: The bulk cement materials received by the rig exhibited their expected properties.",,,,
MC-737-20091230,2,"The Incident It is concluded by the investigation team that on 29 December 2009 a pollution incident occurred as result of a leak associated with the MC 737 permanently abandoned Well No. 001 ST01. This leak allowed for the release of approximately 62 barrels to the Gulf of Mexico. Cause Due to Murphy's inability to get below 11,213' after reentering the well in an attempt to identify the source and path of the pollution, the investigative team cannot identify the specific cause of the incident. (For schematic of possible flow scenarios, see Attachments 7-10.) Possible Source and Flow Path During the 2010 re-entry operation, the squeezed perforations and top two cement plugs held positive pressure prior to being drilled out. The cement plugs at 16,610' and 20,354' were unable to be reached during the re-entry operation. The fact that all other cement plugs encountered were near their estimated top of cement depths, and of sufficient length based on slurry calculations/displacement calculations, can be attributed to the following: Mixing of the all cement materials was done properly.",,,,
MC-737-20091230,3,"The Incident It is concluded by the investigation team that on 29 December 2009 a pollution incident occurred as result of a leak associated with the MC 737 permanently abandoned Well No. 001 ST01. This leak allowed for the release of approximately 62 barrels to the Gulf of Mexico. Cause Due to Murphy's inability to get below 11,213' after reentering the well in an attempt to identify the source and path of the pollution, the investigative team cannot identify the specific cause of the incident. (For schematic of possible flow scenarios, see Attachments 7-10.) Possible Source and Flow Path During the 2010 re-entry operation, the squeezed perforations and top two cement plugs held positive pressure prior to being drilled out. The cement plugs at 16,610' and 20,354' were unable to be reached during the re-entry operation. The fact that all other cement plugs encountered were near their estimated top of cement depths, and of sufficient length based on slurry calculations/displacement calculations, can be attributed to the following: The estimated cement and displacement volume calculations were accurate.",,,,
MC-737-20091230,4,"The Incident It is concluded by the investigation team that on 29 December 2009 a pollution incident occurred as result of a leak associated with the MC 737 permanently abandoned Well No. 001 ST01. This leak allowed for the release of approximately 62 barrels to the Gulf of Mexico. Cause Due to Murphy's inability to get below 11,213' after reentering the well in an attempt to identify the source and path of the pollution, the investigative team cannot identify the specific cause of the incident. (For schematic of possible flow scenarios, see Attachments 7-10.) Possible Source and Flow Path During the 2010 re-entry operation, the squeezed perforations and top two cement plugs held positive pressure prior to being drilled out. The cement plugs at 16,610' and 20,354' were unable to be reached during the re-entry operation. The fact that all other cement plugs encountered were near their estimated top of cement depths, and of sufficient length based on slurry calculations/displacement calculations, can be attributed to the following: The cement pumping operation was conducted as to prevent cement slurry contamination during the cement curing period.",,,,
MC-737-20091230,5,"The Incident It is concluded by the investigation team that on 29 December 2009 a pollution incident occurred as result of a leak associated with the MC 737 permanently abandoned Well No. 001 ST01. This leak allowed for the release of approximately 62 barrels to the Gulf of Mexico. Cause Due to Murphy's inability to get below 11,213' after reentering the well in an attempt to identify the source and path of the pollution, the investigative team cannot identify the specific cause of the incident. (For schematic of possible flow scenarios, see Attachments 7-10.) Possible Source and Flow Path During the 2010 re-entry operation, the squeezed perforations and top two cement plugs held positive pressure prior to being drilled out. The cement plugs at 16,610' and 20,354' were unable to be reached during the re-entry operation. The fact that all other cement plugs encountered were near their estimated top of cement depths, and of sufficient length based on slurry calculations/displacement calculations, can be attributed to the following: Estimated wellbore pressure and temperature conditions used to design the cement slurries were accurate. Murphy utilized only pressure tests for abandonment testing of all plugs requiring testing. The 16610' plug was not required by MMS regulations to be tested and no plug testing (pressure and/or pipe weight) was ordered by MMS. Based on the fact that asphaltenes were discovered 200' above this plug would indicate possible failure of this plug. Plug testing might have identified the need to reset said plug during the initial well 2006 T&A. There are cases in industry where a cement plug will sustain pressure from top down, but when an attempt to tag the plug was made, the plug had moved down the wellbore. In addition, successfully pressure testing a plug from top down doesn't necessarily indicate that the plug will hold negative pressure; pressure from below the plug. This becomes critical should the well fluid above the plug be displaced later with a lighter fluid; thereby, resulting in a negative test of the plug. In November 2006 during the T&A, only the cement plug at 6286' was negatively tested subsequent to displacing the mud from above the plug with seawater. This plug, however, was set on top of a retainer with the retainer being positively tested to 1000 psi. The inability to reach the last two cement plugs in the well leaves uncertainty to whether possibly the 16610' plug failed or possibly both this plug and the 20354¿ plug failed. Wellbore schematics demonstrate that flow could have reached the surface past the 16610' plug without failure of the 20354' plug from flow through the stratified hydrocarbon zone at 19426'-20125' and failure of the liner top at 16950'. Flow was also possible through both the 16610' and 20354' plugs from the open hole below the 20354' plug. Actual cement and displacement volumes with pressure testing results were utilized from the IADC reports to calculate that the estimated cement plugs were of sufficient length, set at the estimated depths, and pressure tested successfully in accordance with 30 CFR 250.1715. However, the investigation team could not confirm the lowest two plugs top of cement since Murphy was not able to reach said plugs after re-entering the well. In summary, although the squeezed perforations and top cement plugs were successfully positively (top down) pressure tested prior to being drilled out during the 2010 re­ entry operation, there remains the possibility that these squeezed annulus and top plugs might not have been able to hold a negative (bottom-up) test pressure later in the life of the well. The inability to reach the 16610' plug, resulting from the asphaltene problem, would indicate that at minimum the 16610' plug failed. Failure of the 16610' plug could have then created the ""negative test"" (bottom-up) pressure situation on the upper plugs. However, the fact that these top plugs were encountered near their estimated top of cement depths, were of sufficient length based on slurry calculations/displacement calculations, and all held positive pressure during the 2010 re-entry, greatly reduces the possibility of surface plug failure. Therefore, the four possible flows sources below the 16,610' plug may have come from: (1) the possible pay hydrocarbon zone from 18,080'- 18,084', (2) the stratified hydrocarbon zone at 19426'- 20125', (3) the liner top at 16850' or (4) open hole below the 20,354' plug.",,,,
MC-737-20091230,6,"Procedures Since the operator did not perform bond or temperatures, it is concluded by this investigation that the failure to perform such logs was a possible contributing cause in this incident. The investigation team identifies multiple cement jobs being completed without assurance of the cement displacement within this well to be possible contributing causes to the release of hydrocarbons into the environment. The investigation team concludes that the Murphyhs decision to not perform logs throughout the well to identify all potential hydrocarbon zones is a possible contributing cause in this incident. It is concluded by this investigation that the performance of the Squeeze Packer/Retainer method was a possible contributing cause in this incident since the 13-5/8"" x 22"" annulus was not negatively tested. Regulations The lack of well logging and bond or temperature log contributing cause in this incident.",,,,
EC-129-20120305-1415,1,"Human error: Two personnel attempting to replace a heavy piece of grating over an open hole without the aid of a crane, or securing the grating with a safety tie down. The IP was walking directly under an open hole with personnel working on the level above.",,,,
EC-129-20120305-1415,2,"There was human error by the IP and, the lack of supervision at the job site. There was an attempt by two assistants to replace heavy grating over an open hole without the aid of proper slings, use grating.",,,,
EI-333-20190524-1600,1,"As per Fieldwood Energy’s Fall Prevention and Protection-Requirements Accessing the work area at height: When using stairs, one hand shall be free to use the handrails. The CE was not using three points of contact. The CE could have utilized the crane to lower the",,,,
EI-333-20190524-1600,2,The low clearance beams are located in the egress cause the CE to lose his footing but did increase handrails to the +10 level. route. The clearance beams did not the severity of the CE’s injuries.,,,,
SE-39-20130130-0100,1,"The probable cause of the accident was attributed to lack of employee training since the injured Maersk Roustabout was listed as a SSE and he had not received the level of training required to work on the rig floor. In addition, Maersk stated that they made an error in summoning a SSE Roustabout to assist with lift operations on the rig floor.",,,,
SE-39-20130130-0100,2,Contributing causes of the accident was lack of supervision and the failure to recognize the injured Maersk Roustabout was a SSE who lacked the skill and knowledge for conducting lifting operations on the rig floor.,,,,
MC-764-20211120-0215,1,-BOP Landing Assist Tool (BLAT) was not correctly spool.,,,,
MC-764-20211120-0215,2,"to be much less. On December 18, engaged/installed in the BLAT riser -Weather conditions forced the driller to chase (pick up and down) the tool set-down weight while the active heave drawworks was in the “on” position. -Transocean’s rig procedure, (“Utilizing BLAT to Latch/Unlatch”) was not followed. The procedure indicated using two chain tongs to rotate the pipe, however, the pipe handler was used.",,,,
MC-809-20220820-1007,1,"Human Performance Error - Inattention to task: Torch was stored away without closing the bottle valves, depressurizing the lines, and ensuring the torch head valves were fully tightened.",,,,
MC-809-20220820-1007,2,"Human Performance Error – Not aware of hazards: While workers were utilizing the plasma cutter, sparks came into contact with the torch leaking from the torch to ignite.",,,,
MC-940-20220508-1130,1,"Equipment Failure: A tubing string parted at a coupling approximately 5,122’ below mudline on the VA007 well.",,,,
VK-956-20110805-1245,1,Unknown as of this date. Operator is planning to remove the compressor from the location and send it in for a teardown by the vendor,,,,
SM-106-20120822-0830,1,"A. The WO crossed over the wire and attempted to walk through a restricted area which was barricaded to prevent such actions from taking place. B. The lessee as well as the wireline company failed to include the project or job description, job steps, hazards and safe guards for each step of the job in the JSA that may have prevented this incident from occurring.",,,,
SM-106-20120822-0830,2,"A. As per the wireline companies Safety Policy & Procedures Manual, employees will be trained in general safety practices as outlined in the training requirements. The Policy & Procedure Manual failed to include barricades and its purpose.",,,,
SM-106-0830,1,The IE failed to follow the lessee's Fall structure not designed for climbing. Protection policy by attempting to climb a,,,,
SM-106-0830,2,The IE also failed to follow the special precautions on wet or other,,,,
SM-106-0830,3,LIST THE CONTRIBUTING CAUSE(S) OF,,,,
SM-128-20140225-1500,1,"The slippery conditions of the facility due to the weather could have been a factor in the CE losing his footing. Also, the CE placing the absorbent pads in the walkway could have also created a tripping hazard.",,,,
SM-128-20140225-1500,2,The CE could have lost his footing due to the amount of wear on the bottom of the CE's boot. The CE should have inspected his boots and requested a new pair through his company prior to the boots becoming a slip hazard.,,,,
SM-130-20190520-1400,1,The IE inadvertently opened the ball valve causing grating and strike him in the face.,,,,
SM-130-20190520-1400,2,"the tubing to detach from the Due to the installation of the dump valve on the Gas Lift Fluid Slug Catcher (MBD- 150), the 3/8 tubing should have been removed to eliminate the hazard. Prior to the dump valve being installed, a needle valve should have been utilized instead of a ball valve to eliminate the volume that caused the tubing to break free.",,,,
SM-132-0845,1,The CE failed to observe his surroundings prior investigation to gather additional to departing the stairway. The walkway step was clearly marked with red paint.,,,,
SM-147-20130904-0500,1,"The Morrison Root Cause Report stated that the probable cause of the accident was attributed to personnel failing to follow company procedures for pulling casings with hydraulic casing jacks. Section 10 of Morrison's procedures for ""Pulling Casing Using Casing Jack"" states if the casing jacks are set up on beams, the beams are to be secured with chains. However, their investigation revealed that the beams supporting the hydraulic casing jacks were not properly secured for pulling on the three grouted casing strings above 425,000 lbs.",,,,
SM-147-20130904-0500,2,"According to the Morrison Root Cause Report, there were two contributing causes to the accident: 1) created by man and 2) created by external factors. Created by man was attributed to the Morrison Supervisor disregarding his instructions not to exceed a pull of 450,000 lbs with the hydraulic casing jacks. Created by external factors was due to that the project was taking longer perceived rush to get the job done.",,,,
SM-147-20140917-2230,1,"According to the McMoRan Incident Investigation Report, the probable cause of the accident was attributed to the derrick barge crane's balance and tension forces on the load that shifted due to an unexpected wave action.",,,,
SM-147-20140917-2230,2,The McMoRan Incident Investigation Report and BSEE findings attributed the contributing cause for the accident to an unforeseen weather-related wave action event that resulted in the flat pin being dislodged from the conductor casing striking the IP who was in the area providing assistance.,,,,
SM-192-20220907-1600,1,Equipment Failure: Inoperable safety device – The high angle boom kick-out switch was inoperable due to its mounted position. The crane mechanic had to readjust the position of the high-angle boom kick-out to initiate at 78 degrees.,,,,
SM-192-20220907-1600,2,"Human Performance Error: Not following proper procedures – Though the crane pre-use forms were filled out, personnel failed to function test the high angle boom kick-out switch during crane pre-use inspections.",,,,
SM-192-20220907-1600,3,Equipment Failure: Inadequate Equipment the damage to the crane boom heel section the crane to make lifts.,,,,
SM-217-20130505-0001,1,Failure to follow the lessee's Corrosive Chemical Procedure by not wearing chemical goggles and a face shield. Failure to bleed pressure prior to dismantling the pump assembly.,,,,
SM-217-20130505-0001,2,No JSA or permit to work completed associated with the job task. ­ No MSDS located on facility for the hazardous chemical being utilized. ­ Failure to provide eye wash station near temporary chemical pumping area.,,,,
SM-234-20150113-1455,1,The Rowan Incident Investigation Report indicated that the probable cause of the accident was attributed to the lack of proper supervision while laying down drill pipe. Rowan Supervisors allowed the job to be performed without an adequate JRA as required in Rowan's SOP.,,,,
SM-234-20150113-1455,2,"Rowan identified the following possible contributing causes: 1) improper placement of the AD's left hand between the IR spinners and pipe, 2) failure to follow Rowan SOP for placement of hands while using power tongs, 3) the Driller accidently engaged IR spinners instead of the IR bottom jaws, 4) the IR manual controls were not labeled or were masked due to mud residue, 5) the Rowan SOP did not cover hazards associated with operating the IR, and 6) the failure to stop work and re-evaluate the hazards associated with a change in job scope as required by",,,,
SM-236-20121121-1320,1,The BE was not is a position to properly control the lance once the 35 lbs. of force was released. The BE should have had a firm grip on the handles and not with his arms through the handrails. The BE failed to use the proper tool for the task. A needle gun should have been utilized instead of the High Pressure Waterjetting Equipment. The handle of the lance should have been secured to prevent the BE from losing control of the lance.,,,,
SM-236-20121121-1320,2,"The JSA should have included the specific information concerning the job task such as the pump operator maintaining a constant line of sight on the nozzle operator, proper hand placement on the nozzle and proper blasting positions. As per the Recommended Practices for the Use of High Pressure Waterjetting Equipment ­",,,,
SM-236-20121121-1320,3,"1.8 Operator Position - The pump operator shall monitor the positions of other team members while the system is in operation, and shall depressurize the system if any team member approaches a hazardous",,,,
SM-27-20141205-0730,1,Pitting or pipe manufacturing defect.,,,,
SM-27-20141205-0730,2,"UT and CP readings show no indication of corrosion reading reported as 0.880. Diver inspection showed occuring in the pipeline. CP no sign of third party damage ocurring to the pipeline. Therefore, it is suspected the pipe contained an isolated pit or manufacturing defect that contributed caused the leak.",,,,
SM-58-20191007-1530,1,The BSEE incident investigation team has determined was due to improper hand placement while attempting engage the cutters on the mechanical casing cutter.,,,,
SM-58-20191007-1530,2,"photographic documentation of the the probable cause of the incident to manipulate the sliding sleeve to BSEE’s investigation identified the following contributing causes for this incident: 1) the POS Fishing Tool Supervisor did not follow POS’s policy and procedure about engaging mechanical casing cutters prior to making up to the BHA, 2) the POS Fishing Tool Supervisor was not wearing proper PPE such as impact gloves as stated in Enterprise’s Safety Manual (SAF 190 and SAF 160), and 3) the POS Fishing Tool Supervisor did not follow the hazards listed in Enterprise’s JSA.",,,,
SM-66-20130412-1325,1,The CW failed to ensure the piping was properly supported prior to cutting the U-bolt assuming there was additional support downstream. - The CW should have assessed the potential hazards prior to placing his arm under the piping.,,,,
SM-66-20130412-1325,2,The CW failed to communicate with the employee secure it to the pipe.,,,,
SM-69-20121101-2135,1,"Apache and Hercules determined that the primary cause of this incident was slippage of top drive dies that caused the compensator to pick up, turn the stand in the opposite direction with the tongs and throwing the Floorhand approximately 8 feet into the starboard air hoist where he sustained the injures.",,,,
SM-69-20121101-2135,2,"An internal investigation conducted by Hercules identified the following contributing causes: 1) the Driller had assumed that the pipe connection had broken, 2) the Floorhand was unable to see if the saver sub had broken, and 3) the motion compensator picking up the stand prematurely due to reduced weight, spinning the pipe stand two full revolutions, snagging the Floorhand's legs in the snub line, and throwing him approximately 8 feet into the starboard air hoist. A JSA was completed; however, it did not include all job tasks for back reaming nor did it specifically address hazards that may occur if the top drive dies slipped when breaking a connection. Hercules had no written maintenance program for inspecting, maintaining, or replacing the top drive dies; however, they had a policy that required the top drive dies to be inspected once per tour. It should be noted that currently there are no industry standards for top drive die inspection and maintenance.",,,,
SM-105-20180707-1115,1,There were several policy and procedure failures that should have been addressed prior to this incident. The following policies of both the lessee and the contract crane company that are listed would have possibly prevented this incident from occurring.,,,,
SM-105-20180707-1115,2,"Lessee’s Fall Protection – Section D, Chapter 6, Version 2",,,,
SM-105-20180707-1115,3,Scope This procedure establishes minimum requirements for working at unguarded elevated work locations that are 6 feet or greater above floor/grade level or that present a potential for fall and/or injury to personnel. This procedure applies to all employees and contract personnel.,,,,
SM-105-20180707-1115,4,"Responsibilities The Person in Charge (PIC) or Lead Operator is responsible for: Understanding and complying with this procedure. Evaluating the potential elevated work hazards at the facilities/sites, qualifying the level of risk of each job, and establishing the required safeguards. Evaluating the need for a rescue plan as an integral part of pre-planning a job which requires the use of fall protection. Ensuring the Working from Heights Checklist (Section D, Chapter 6, Part A) is completed prior to beginning work from heights.",,,,
SM-105-20180707-1115,5,Employee or Contract Personnel are responsible for: Understanding and following the requirements of this Fall Protection Policy and Procedure.,,,,
SM-105-20180707-1115,6,"Requirements This Policy provides for continuous or 100% tie off fall protection, when possibility of a fall from 6 feet or greater exists. This means the employee must be tied off 100% of the time while repositioning or moving into a work area at heights of 6 feet or greater.",,,,
SM-105-20180707-1115,7,"Hazard Analysis When a job task will create the possibility or potential for a fall, the Person in Charge (PIC), Lead Operator or Consultant should consider methods in which to address fall hazards in the following order: Fall Elimination Fall Prevention Fall Protection",,,,
SM-105-20180707-1115,8,"As per the Contract Crane Mechanics Fall Protection Policy: Fall protection is required whenever employees are potentially exposed to falls from heights of six feet (OSHA General Industry) or greater to lower levels. This includes work near and around excavations. Use of guard rails, safety nets, or personal or fall arrest systems should be used. When the standard methods of protection are not feasible or a greater hazard would be created.",,,,
SM-105-20180707-1115,9,The crane mechanic contract representative failed to utilize fall protection as per Fieldwood’s Fall Protection Policy.,,,,
SM-105-20180707-1115,10,Contract representatives failed in evaluation the need for a rescue plan as an integral part of pre-planning a job which requires the use of fall protection as per Fieldwood’s Fall Protection Policy.,,,,
SM-105-20180707-1115,11,The accumulation of hydraulic oil in the crane skid from the anti-two block hoses being removed and the skid not being cleaned increased the risk of falling from the working surface.,,,,
SM-105-20180707-1115,12,Numerous contract representatives failed in using stop work authority (SWA) as per Fieldwood’s SWA Policy due to the potential fall hazard.,,,,
SM-105-20180707-1115,13,"Contract representatives failed to identify fall elimination, fall prevention and fall protection in their job safety analysis (JSA). This includes but does not limit hazard control for job step 19 in the JSA, changing out the anti-two block valve.",,,,
SM-105-20180707-1115,14,"As per Fieldwood representatives, the crane could have been swung over to a different location which would have mitigated the chance of a person falling overboard.",,,,
SM-105-20180707-1115,15,"If the lessee would have reviewed the Working from Heights and/or Open Hole Checklist located in Section D Chapter 6 Part-A, this incident would have been avoided. The Fall Rescue Plan was not discussed during the pre-job planning. This step could have allowed a quicker rescue response.",,,,
SM-105-20180707-1115,16,"Fall Rescue Plans Ensure a plan is discussed, proper equipment and personnel are available and described during pre-job planning JSA (Job Safety Analysis).",,,,
SM-130-20170911-1138,1,The probable cause of the accident is not using the proper tools for the task. The IE did not follow the task steps and hazard controls as documented on the JSA by utilizing the overhead chain hoist to relocate,,,,
SM-149 C-20210107,1,The IE’s foot slipped due to poor foot placement incident does not have a flat surface to step on sensor.,,,,
SM-149-20200217-0800,1,The BSEE incident investigation team determined that the probable cause of the incident was using improper equipment for the job. The crew used tubular elevators dressed for 1.5-inch tubular instead of being dressed for 1.25-inch tubular.,,,,
SM-149-20200217-0800,2,BSEE’s post investigation into this incident revealed the following contributing causes: 1) the elevators were pre-equipped for the wrong size pipe scheduled for the job; 2) inadequate pre-job planning for the determination of the correct elevator dies; 3) the “C” plate was incorrectly installed that masked the 1.5-inch size stamp on the “C” plate that is used visually to identify the size of the elevator dies installed and; 4) the elevators were not inspected prior to deployment in the field nor were the elevators inspected in the field.,,,,
SM-223-20200321-1200,1,The BSEE incident investigation team determined that the incident were due to: . Performed job task not covered in the pre-job safety approved work procedure;,,,,
SM-223-20200321-1200,2,The BSEE incident investigation team determined that the incident were due to: . Improper hand placement by the PDC Roustabout; and,,,,
SM-223-20200321-1200,3,The BSEE incident investigation team determined that the incident were due to: . Not following correct work procedure for job task.,,,,
SM-223-20200321-1200,4,BSEE’s investigation into this incident revealed the,,,,
SM-223-20200321-1200,5,. Inadequate job briefing and preparations for setting deck; probable causes of the meeting and not covered in following contributing causes: the basket down on the keyway,,,,
SM-223-20200321-1200,6,. Poor communications between all parties involved in the transfer operations; and,,,,
SM-223-20200321-1200,7,. The load in the basket was not secured properly during transfer operations.,,,,
SM-237-20220802,1,Human Performance Error- Improper foot placement: The IE failed to observe the hazard of placing his foot on the tires while preparing,,,,
SM-237-20220802,2,N/A,,,,
SM-58-20190911-1330,1,The BSEE investigation team determined the probable cause of the incident was due to a non-OEM retention roll pin installed in place of an OEM brake band 5/16-inch by 4-inch retention cotter pin. Post-incident investigation also revealed incorrect retaining roll pins were installed in both drawworks brake band assemblies instead of the required OEM brake band cotter pins.,,,,
SM-58-20190911-1330,2,BSEE’s incident investigation identified the following contributing causes: 1) the failure to recognize a non-OEM part was installed by a third-party contractor despite of an earlier brake band failure incident; 2) the holes of the retention and connecting pins were misaligned for proper installation; and 3) OEM cotter pins were not installed as required by the manufacturer.,,,,
SM-93-20171114-1215,1,The BSEE incident investigation team determined that the probable cause of the incident was due to improper hand placement on the rig tongs by the roustabout.,,,,
SM-93-20171114-1215,2,BSEE's investigation into this incident identified the following contributing causes: the Job Safety Analysis did not adequately handling rig tongs and 2) the rig tong handle visual reference.,,,,
SM-99-20181006-0930,1,The CE failed to detect the threat of placing his fingers in a hazardous location. The rigger failed to correct the sling raising the lid at the beginning of the lift which would have prevented the incident.,,,,
SM-99-20181006-0930,2,As per the Cox Crane Operating Procedure-Normal Start Up 7. Use taglines to help control the load. If the tagline would have been utilized to control the lift the employee may not have placed his hand,,,,
SP-49-20200908-1330,1,"Equipment Failure - Inadequate preventive maintenance: Evidence shows localized corrosion on the beam of the 24"" x 36"" deck grating that fell in the water below created a hole where the injured person fell halfway through. The waterline below where the injured person fell halfway through is 62 feet.",,,,
SP-49-20200908-1330,2,"Work Environment - Hazardous workspace: For the steel bar deck grating corrosion in the area of the open hole, in addition to areas surrounding the open hole near and around process vessels that were still in service personnel and the environment.",,,,
SP-49-20200908-1330,3,n/a,,,,
SP-60-20130518-0600,1,"Excessive chemical emulsion build up in the Low Pressure (LP) Separators (MBD 2110 & MBD 2120), resulting in a foaming action inside of the vessels causing a discharging of oil and water emulsion into the Floatation cell. This caused an upset in the Floatation Cell, which adversely affected the level controllers and level shutdowns. The end result was discharging an oil/water emulsion out the overboard water piping. Ankor's Morning Production Reports indicate a fluctuation in daily oil production rates. On May 15th oil production was recorded at 1551 bbls and then on May 17th oil production was at 1217 bbls. Chemical injection rates have to be adjusted accordingly to this fluctuation as not to overtreat the LP System.",,,,
SP-60-20130518-0600,2,"It has been determined that the sheen started sometime during the night, under the cover of darkness, where it was not visible to personnel. And the excessive chemical emulsions in the LP System did not activate any of the Level Safety High/Low (LSHL) shut ins, resulting in the production staying in service until it was discovered the next morning.",,,,
SP-65-20140807-1540,1,"2nd Stage Compressor cylinder was too heavy for the nylon sling and deterioration causing the sling to lose its full capacity to carry the weight of the load. The weight indicator in the crane when the straps broke indicated the weight was at 8600 lbs; Crane weight indicator showed that it could take a load up to 22,022 lbs with the radius the crane boom was in at the time of the accident.",,,,
SP-65-20140807-1540,2,Bad body placement: The IP left himself in an area where there was no escape route and was unaware of his foot placement while the load was in the air.,,,,
SP-65-20140807-1540,3,Improper rigging procedures. -,,,,
SP-65-20140807-1540,4,Nylon sling was improperly stored and had an oily substance and deteriorated conditions. -,,,,
SP-65-20140807-1540,5,Poor or lack of communication during the lifting operations. -,,,,
SP-65-20140807-1540,6,Personnel involved in crane operations to lift Compressor Cylinder did not perform an adequate JSA in identifying all potential hazards of the task. -,,,,
SP-77-20170603-1935,1,The SRL cable became positioned behind one,,,,
SP-77-20170603-1935,2,of the fingers on the monkey board. of the fingers on the monkey board.,,,,
SP-77-20170603-1935,3,The SRL used by the employee working of the derrick.,,,,
SP-77-20170603-1935,4,The stabbing board’s working surface,,,,
SP-93-20170127-0800,1,"The condition of the mounting bolts being backed out of the slew drive system (hydraulic swing gear motor) went undetected. The condition of the bolts coming loose over a long period of time went without notice allowing the housing failure to occur. An inspection of the bolts is not part of the normal daily pre-use, quarterly, or annual inspection. To detect abnormal movement of the hydraulic motor requires two personnel, a crane operator and an observer, while in operation.",,,,
SP-93-20170127-0800,2,"Without the hydraulic motor secured, due to the bolts backing out and subsequent failure of the motor housing, a misalignment with the gears was created. There was a complete lack of control of boom swing movement. The complete failure of the motor housing happened during the personnel lift.",,,,
SP-93-20170127-0800,3,Sea conditions were three to five feet with West.,,,,
SP-93-20170127-0800,4,Winds conditions were 22 to 27 kts. gusting,,,,
SP-93-20170127-0800,5,The boom angle used during the lift made it winds.,,,,
SP-93-20170127-0800,6,"Had the slew drive system failed not due to an occasional six feet out of the North/ out of the North. susceptible to be affected by gusting the bolts backing out, the contributing causes mentioned above would had not been a factor. Normal crane operations can be successful under these same weather conditions.",,,,
SP-93-20170127-0800,7,Third party crane inspection contractor had no written process addressing the swing gear housing bolts.,,,,
SP-93-20170127-0800,8,Not all bolts on the swing gear to the design.,,,,
SP-93-20151009-0015,1,"The specific ignition source for the fire has been identified by 3rd Party Special Investigators as heat from the electric stove/oven transferred through the metal walls to combustible materials in the walls. Installation specifications require a 6” clearance at the rear and sides from combustible construction. The stove was secured directly to the rear and right side walls prior to the fire. Evidence indicates that heat transferred from the oven through the metal walls and to combustible wood panels, supports, insulation and wiring.",,,,
SP-93-20151009-0015,2,"The rental galley was pre-installed with its appliances and equipment before it was delivered offshore by Gulf Land Building Rentals representatives. The installation specification tag is located on the back of the stove, out of view.",,,,
SP-93-20120529-1205,1,Using unapproved open topped flowback equipment.,,,,
SP-93-20120529-1205,2,Possible static discharge from flow of liquid into an ungrounded system.,,,,
SP-93-20120529-1205,3,High pressure hose connected to header system was draped into open top tank with a metal fitting that could have caused a spark.,,,,
SP-93-20120529-1205,4,Uncontrolled escaping combustible vapor.,,,,
SP-93-20120529-1205,5,"Improperly grounded equipment i.e. Gas buster and open top tank was not properly grounded, which could have contributed to the ignition to the vapors in the tank. -",,,,
SP-93-20120529-1205,6,Personnel to close to the open top flowback equipment.,,,,
SP-93-20120529-1205,7,"Uncontrolled well flow (During flowback operation, personnel were not located where they could control flow coming out of the well).",,,,
SP-93-20120529-1205,8,Diesel air compressor exhaust was located within 10' of the open top tank.,,,,
SP-93-20120529-1205,9,"Inadequate fire prevention plan (i.e. Facility approved for dry chemical only, however, addition of 100 bbls open top tank and gas buster voided that approval).",,,,
SP-93-20120529-1205,10,Not following approved plan (Did not route produced well fluids to platform production system). -,,,,
SP-93-20120529-1205,11,No man in attendance to shut-in well in case of emergency.,,,,
SP-93-20120529-1205,12,Manual Master Valve not easily operable i.e. missing handle.,,,,
SP-93-20120529-1205,13,SSV capped due to wireline operation.,,,,
SP-93-20120529-1205,14,SCSSV out of well due to wireline operation.,,,,
SP-93-20120529-1205,15,No sign identifying SCSSV Out of Well (Confusion of what well was in need to be shut-in). -,,,,
SP-93-20120529-1205,16,Uncontrolled well flow (Platform personnel failed to shut-in B 21D well prior to evacuating the platform.,,,,
SP-93-20120529-1205,17,"Did not perform adequate JSA, HAZOPs, and HAZIDs for flowback operation. Obvious lack of communication by all parties involved as to their designated job responsibilities and federal regulation requirements.",,,,
SP-93-20120529-1205,18,High flammability of chemical being used to treat well.,,,,
SP-93-20141020-1000,1,Minor fragments from previous repairs of the right bank #6 cylinder went unnoticed during installation of the new cylinder.,,,,
SP-93-20141020-1000,2,The major internal breakdown included instant systems/components that then allowed lube oil to developed a small flame causing the turbine side the turbine housing internally.,,,,
SP-60-20190605-0915,1,Equipment Failure - Inadequate preventive maintenance: Fieldwood Energy failed to correct the corrosion areas of concern documented in the 2018 API RP 2A Level 1 survey inspection report.,,,,
SP-60-20190605-0915,2,"Personnel Training - Personnel not trained: Fieldwood Energy failed to train operators on identification of imminent safety hazards regarding to the production vessels, piping, handrails, decking, and the deterioration of fasteners on the platform.",,,,
SP-60-20190605-0915,3,"Management Systems- Inadequate documentation: Fieldwood used three different versions of the platform safety checklist over the course of the 4 weeks of checklists provided. Fieldwood used versions 0, 2, and 4 indicating there is inconsistency in the use of the most recent version.",,,,
SS-114-20120330-0715,1,"A construction crew member made an unconscious decision to attempt to stop the chemical from spraying on the deck, equipment and employees by kinking the line by hand. Within seconds, the chemical line burst causing chemical to escape and spraying him in his eyes. Also, the poly-flow tubing used in the application was susceptible to abrasion and allowed for a maximum allowable working pressure (MAWP) that was less than the maximum discharge of the chemical injection pump.",,,,
SS-114-20120330-0715,2,The poly-flow tubing used in the application was susceptible to abrasion and allowed for a maximum allowable working pressure (MAWP) that discharge of the chemical injection pump.,,,,
SS-114-20180720-0855,1,Poor Hand and body placement by the diver on the,,,,
SS-177-20170802-1515,1,Failure to shut-in well A5 prior to commencing hot work.,,,,
SS-177-20170802-1515,2,Well A5 had a leaking diaghram in its SSV which allowed gas to be ignited.,,,,
SS-177-20170802-1515,3,Lack of Communication: The cutting crew and Company Representative failed to communicate with the Production Operator to ensure well A5 was shut-in.,,,,
SS-177-20170802-1515,4,"Conflicting procedures: The JSEA and the hot work permit conflicted. The JSEA stated that well A5 needed to be shut-in, but the hot requirement to shut-in the well.",,,,
SS-193-20220507-0910,1,"Equipment Failure. BSEE concludes that the lack of heat dissipation in conjunction with considerable increase in production, caused substantial temperature change resulting in expansion and contraction rates of dissimilar material thickness to cause failure of the welds of the fire tubes.",,,,
SS-193-20220507-0910,2,Human Performance error. Operators were not taking into consideration the cause and effect nature of the fluctuations in total production and Heater Treater temperature. Significant changes in production should have warranted changes in temperature and/or retention time.,,,,
SS-198-20170716-1630,1,The probable causes identified by investigation,,,,
SS-198-20170716-1630,2,Failure to purge,,,,
SS-198-20170716-1630,3,Inadequate JSA,,,,
SS-198-20170716-1630,4,"of this incident include: A Renaissance internal investigation revealed that, ""[s]ome of the contributing factors are employee competency testing, insufficient hazard analysis, complacency and lack of detail[ed] understanding of proper purging techniques.""",,,,
SS-198-20130710-2115,1,"Poor Body Placement -Failure to stop the job once the initial lift was made and the clamps where identified as possible hazard. - Witnesses stated that the IP warned another employee to stand back in case the casing slacked off when it was set down. Therefore, he recognized the hazard but failed to take proper action to prevent it.",,,,
SS-198-20130710-2115,2,Other contributing causes may have been: Failure to identify and properly mitigate the hazards associated with having excessive space between the chockers,,,,
SS-198-20130710-2115,3,Other contributing causes may have been: Crane Operator did not check to see making the lift. -,,,,
SS-224-20180223-0645,1,The probable cause of this incident was the F/G left in the open position overnight.,,,,
SS-224-20180223-0645,2,Scrubber's manual dump valve being Oil contamination in the platform supply system prevented the Sump Tank LSH from shutting in the platform.,,,,
SS-225-20130707-1830,1,The probable cause of the loss of well control was pulling the short string plug at 2550 feet without confirming the existence of pressure below the plug.,,,,
SS-225-20130707-1830,2,Failure to research all wellbore and well production records to determine wellbore conditions before permitting the abandonment work. A site specific hazard analysis could have prevented this incident.,,,,
SS-225-20130707-1830,3,Failure to prepare a revised permit once the actual wellbore conditions were discovered. This includes failure to involve the professional engineer in the procedure change. An effective Management of Change (MOC) program could have prevented this incident. -,,,,
SS-225-20130707-1830,4,"Failure to notify BSEE, as required casing pressure tests could not be run",,,,
SS-225-20130707-1830,5,"Failure to notify BSEE when the CTU in the permit conditions of approval, when as permitted. - moved on location.",,,,
SS-225-20130707-1830,6,"Failure to confirm pressure integrity Held 300 psi external on June 27, 2013.",,,,
SS-225-20130707-1830,7,Failure of ERT and each contractor to of production casing before pulling the plug. perform site specific hazard analysis and conduct JSA/Safety meetings based on site specific conditions. -,,,,
SS-225-20130707-1830,8,Complacency; the abandonment crew had dealt with many other wells without encountering pressure below unexpected plugs. -,,,,
SS-225-20130707-1830,9,"Lack of communication between all parties involved including contractor to contractor, contractors and company men, company men and ERT staff, ERT and BSEE. -",,,,
SS-225-20130707-1830,10,"Lack of clear supervisory authority; in the days prior to the incident the Production Engineer says he was having personal problems that distracted him from the project and had asked the Production Engineer Manager for ERT to help oversee the project. The Production Engineering Manager says he did not realize that Production Engineer needed help and was not really watching the project. The field personnel were sending in reports, apparently without response, and proceeding ahead without further direction.",,,,
SS-225-20130707-1830,11,Lack of SEMS involvement with abandonment,,,,
SS-229-20150618-1500,1,"A. Information from Ankor's Employee Health, Safety, and Environmental Handbook states: -",,,,
SS-229-20150618-1500,2,"Page 113, item 2: ""Heavy materials/equipment being transported offshore shall be labled to identify the 'weight' prior to being loaded onto the M/V."" - 1a. The operator's shorebase cargo manifest dated 6/3/2015, shows the total (gross) weight of several loads rather than the actual weights of each individual load. -",,,,
SS-229-20150618-1500,3,"Page 143 Crane Safety states: ""It is Ankor's policy that all crane operations, maintenance and inspections shall comply with API-RP-2D current edition as per the federal registry."" - 2a. API-RP-2D 3.2.1 c states in part: ""The crane operator should verify that the hook - load is within the crane's applicable Onboard or Offboard Rated Load at the radius at which the load is to be lifted."" - 2b. The crane operator was using an assumed load weight of 12,000 - 14,000 pounds rather than verifying the actual weight of 20,300 pounds. The maximum rated capacity for this crane at a boom angle of 70 degrees was 15,000 pounds. The actual weight of the load greatly exceeded the lifting capacity of the boom. -",,,,
SS-229-20150618-1500,4,"Note: Although not required by RP-2D, a weight indicator in the crane may have aided in the prevention of this accident. -",,,,
SS-229-20150618-1500,5,"Page 148 Lift Planning item 2 states: ""Always consider the following questions when planning a lift: Equipment? Weight? Distance?"" - 3a. It is the crane operator's responsibility to confirm the actual weight of the load - prior to lifting. -",,,,
SS-229-20150618-1500,6,"Page 149 Safe Crane Operation Guidelines item 6 states: ""No crane will be operated - beyond its rated load limits. If in doubt do not make the lift."" - 4a. The operator should have realized something was wrong when the crane was previously unable to lift the load off of",,,,
SS-229-20150618-1500,7,"Page 154 Review of Critical Lifts item to be lifted."" - 5a. See 3a response. -",,,,
SS-229-20150618-1500,8,"Page 155, item 1 states in part: ""The 6a. See 3a response. - the boat deck on June 4, 2015. - 1 states: ""Identify the weight of the load crane load chart shall be reviewed."" -",,,,
SS-229-20150618-1500,9,"Page 162 Safe Crane Operations Involving Marine Vessels item 3 states: ""Cargo manifests showing both the loads and their weights should be faxed from the shore base to the affected offshore facility and communicated to the crane operator lift(s) preparation."" 7a. The information on the cargo manifest dated 6/3/2015, should have indicated actual weights per lift and not total weights. As shown on the manifest, the operators divided the 40,000-pound total weight by 3 to get the assumed (mistaken) weight of 13,300 pounds per lift. This error may be a leading factor in the crane boom failure.",,,,
SS-229-20150618-1500,10,"When the offshore supply vessel arrived at the SS-229A structure on June 4, 2015, several attempts were made to offload the cargo basket without success. The operator brought in a third party crane inspector from one of their South Marsh Island platforms to service the crane. The crane inspector noted on his report that he increased the hydraulic relief pressure from 2000 psi to 2500 psi. He also noted on the report that the ""totes"" to be lifted were around 14,000 pounds. It was later found out that this assumption was far lower than the actual weight of 20,000 pounds.",,,,
SS-229-20150618-1500,11,"The SS-229A structure has an adjoining structure, SS-229C. There is a larger Sea- King crane located on this structure with a weight indicator installed. If the operator had instructed the motor vessel to move over to the C structure upon realization of lifting difficulties, the loads.",,,,
SS-229-20141212-0900,1,Inadequate Training in lifting and rigging equipment,,,,
SS-229-20141212-0900,2,Improper lifting equipment used during job.,,,,
SS-229-20141212-0900,3,Inadequate JSA: The JSA that was done failed to identify all hazards involved with job,,,,
SS-229-20141212-0900,4,Operator failed to conduct a proper pre-use inspection of the lifting equipment,,,,
SS-229-20141212-0900,5,Procedures for rigging and lifting the riser were not available to the employees,,,,
SS-229-20141212-0900,6,Lifting equipment was in poor condition,,,,
SS-229-20141212-0900,7,Poor Supervision,,,,
SS-229-20121130-0850,1,"The bow of the capsule was stationary as the winch lowered the stern section. When the bow broke free, the capsule was at a severe angle and swung in an attempt to find equilibrium causing damage to the hook mechanism. Had the bow not remained stationary as the stern section of the boat was lowered then the chain of events resulting in the capsule being damaged would not have happened.",,,,
SS-229-20121130-0850,2,"The evidence following the incident indicated the designed davit skid plate located at the bow end of the capsule exposed an estimated two-inch space between the top side of the skid plate and I-beam attached to the platform. Furthermore, the boarding rope (3/8 poly), which is attached to the exterior hull of the capsule, was broken near the bow end of the capsule. The breakage of the rope indicted the rope was at some point under severe tension. However, it was uncertain to identify when or what time frame the rope actually was under tension to cause the breakage. There were two assumptions concerning the rope breakage as described below: The boarding rope may have been wedged between the davit skid plate and the capsule which could have allowed the bow of the capsule to remain stationary inside the davit as the SOS employee was lowering the capsule.",,,,
SS-229-20121130-0850,3,"The evidence following the incident indicated the designed davit skid plate located at the bow end of the capsule exposed an estimated two-inch space between the top side of the skid plate and I-beam attached to the platform. Furthermore, the boarding rope (3/8 poly), which is attached to the exterior hull of the capsule, was broken near the bow end of the capsule. The breakage of the rope indicted the rope was at some point under severe tension. However, it was uncertain to identify when or what time frame the rope actually was under tension to cause the breakage. There were two assumptions concerning the rope breakage as described below: The bow end of the capsule may have wedged between the davit skid plate and the I- beam attached to the platform. When the bow end of the capsule slipped from the davit system it caused the capsule to have a pendulum motion; therefore, the boarding rope may have swung above the capsule and caught the I-beam above the davit skid plate. Due to the capsule moving in a pendulum effect, this could have caused the rope to break. Additional evidence indicated the capsule's hooking mechanism attached to the winch line was damaged. It was determined during the pendulum motion the hooking mechanism ""ring retainer"" was bent outward which in turn, caused the capsule to release from the winch line and fall into the water. The severe damage recognized to the bow end of capsule indicated the bow impacted the water first and then the stern.",,,,
SS-233-20120926-1000,1,"W&T determined that an anode failure at the mounting head (Victaulic anode couplings and elastomer seals) developed a leak releasing oil from NBK 0200. The source of ignition is unknown, but NBK 0200 fire tube and CZZ 0800 exhaust are likely ignition sources. Also, it was determined that the pollution incident was caused by the overloading of ABH 6130 with excess oil draining from NBK 0200, the fire pump system, and the field supply vessels spraying the platform with water.",,,,
SS-233-20120926-1000,2,"The contributing factor is unknown due to extensive fire damage, but W&T Offshore points to a possible broken anode head as the explanation to the leak. Upon review of the anode failure, the fact others of this same threat, it has been decided to remove",,,,
SS-241-20140925-1350,1,"Failure to achieve complete joint penetration along the circumference of the weld on the ""Pipe Stop Arm""; shallow/thin welding found along fracture weld",,,,
SS-241-20140925-1350,2,Lap testing of the PSA showed a lack of fusion in the intact welds. Lack of fusion in between the metals of the weld increases the chances of defects and imperfections in the weld roots.,,,,
SS-241-20140925-1350,3,"Design Documentation failed to specify that Complete Joint Penetration (CJP) welds were required for the ""Pipe Stop Arm.""",,,,
SS-266-20170105-0200,1,"A failed vessel apparatus (sight glass) external to discharged product, saturating the Pipeline Pump #1 causing an ignition.",,,,
SS-266-20170105-0200,2,"The investigation revealed that the gauge cock the Heater Treater's interface sight glass were not the Heater Treater (NBK-1700) (PAX-4100) exhaust system and valves located on the top and bottom of fully functional because there were no ball checks in either valve. If the ball checks were in place, they could have prevented the flow and/or mitigated the flow of oil due to interface sight glass breakage. Due to the ball checks not being in place, a constant discharge of oil continued until the level of oil in the Heater Treater dropped below the level of the bottom gauge cock valve. As product (oil) discharged from the interface sight glass it saturated the protective insulation, external to the Heater Treater, and subsequently blew over to Pipeline Pump #1 exhaust system before igniting. The close proximity of the Heater Treater to the Pipeline Pump",,,,
SS-274-20141023-1100,1,"While performing the cement job for the 13 5/8 inch surface casing, gas from the formation entered the well and slowing migrated up before the cement had time to cure.",,,,
SS-274-20141023-1100,2,N/A,,,,
SS-300-20120907-1950,1,The probable cause of the accident was trapped condensate (saturated glycol) escaping out the exhaust head and draining down the exhaust vent piping and coming in contact with hot surfaces.,,,,
SS-300-20120907-1950,2,"A contributing cause of the accident was not allowing saturated glycol to steam off properly, allowing it to accumulate in the exhaust head due to a plugged drain line. This allowed the saturated glycol to escape out the exhaust head and drain down the exhaust vent piping. The post incident investigation determined that the 1-inch drain line from the exhaust piping and the associated 3-inch piping going to the sump were found plugged with rust and build-up.",,,,
SS-300-20220328-0830,1,Loosened the Thermowell instead of Tightening,,,,
SS-300-20220328-0830,2,Inexpeirence of the IP,,,,
SS-358-20200222-1530,1,"The right side pendant line fell outside the frame of a bolt of the heel section, causing the boom to twist lowering the boom.",,,,
SS-358-20200222-1530,2,the boom allowing it to snap on as the crane operator was,,,,
SS-358-20200222-1530,3,Lack of Awareness: Crane operator and rigger / signal man failed to recognize that the pendant line on the right side was outside,,,,
SS-72-20141105-1015,1,"Poor design - The PSV likely became detached because of improper sizing. Poor threading alignment as evidenced by visible threads justifies this assumption. In addition, the piping was not in compliance.",,,,
SS-72-20141105-1015,2,N/A,,,,
SS-114-20180725-0020,1,Casing parted after the well was uprighted back to,,,,
SS-154-20161223-1550,1,"It appears the major areas of corrosion/pitting were in the welds of the tube where the fluid interface mixed with corrosive chemicals, thereby damaging the metal. As a result of the investigation, Ridgelake placed various types of corrosion testing coupons within the treater, which will remain until the tube is pulled on the next inspection. Once the coupons are retrieved, they will be sent to a laboratory for metal loss testing. The treater was placed back in service on February 02, 2017.",,,,
SS-154-20161223-1550,2,"It is possible that chemicals may have been introduced into the heater or through the production system to aid in the breakup of chemical padding in the treater. As found in previous investigations in the Houma District, certain chemicals introduced into the production system are extremely caustic and over time will have a detrimental effect on metal in the production proccess.",,,,
SS-349-20180825-0345,1,"Line of sight by the Toolpusher, who was operating the the incident, was obstructed by drill pipe racked back man riding winch at the time of in the derrick.",,,,
SS-349-20180825-0345,2,A flagger was not used to mitigate the line of,,,,
SS-72-20180322-1230,1,The probable cause of this incident was the ignition interface of the Heater Treater's water chamber.,,,,
SS-72-20180322-1230,2,"The contributing cause is weld degredation. Certain production process are extremely caustic and, over fire tube.",,,,
ST-100-20210507-1700,1,High angle kick out failed to work properly. Emergency Shut down failed to shut down crane.,,,,
ST-100-20210507-1700,2,External corrosion on control lever for boom.,,,,
ST-127-20150628-0955,1,Unforseen wind gust from approaching thunderstorm has not returned to flight,,,,
ST-127-20150628-0955,2,Failure to secure the helicopter and wait for inclement weather to pass,,,,
ST-127-20130212-1600,1,The probable cause of the accident is that the mousehole did not remain vertical while being lifted resulting in the ball valve making contact with something and breaking it off.,,,,
ST-127-20130212-1600,2,A contributing cause was the danger of falling the IP to be unaware of the hazards associated accident occured.,,,,
ST-131-20150607-0840,1,-Lack of communication between tugboat Offshore King and the platform -Loss of control by tugboat Offshore King -Strong current,,,,
ST-200-20151126-0131,1,Lack of Focus: The primary cause of the incident The AD took his attention off the job while work was attention caused him to break from normal procedure. swinging freely and it crushed the IP's hand between roughneck.,,,,
ST-200-20151126-0131,2,was lack of attention to the job. still on-going and this lapse in This lead to the drill pipe the drill pipe and the iron,,,,
ST-200-20151126-0131,3,"Failure to follow Company Policy: Had the crew followed Rowan's 'Red Zone Policy', crew members would not have been in the line of fire when the drill pipe swung toward well center.",,,,
ST-205-20131101-1215,1,Unsafe Behavior / Lack of Focus: Failure of elevators in use were the improper size for the,,,,
ST-205-20131101-1215,2,Body Placement / Lack of Focus: Failure of the hazards of the IP's position in relation to,,,,
ST-205-20131101-1215,3,crew members to recognize that the pipe to be run. crew members to recognize or address the load being lifted.,,,,
ST-205-20131101-1215,4,"Lack of Communication: Although a JSA and Safety Meeting were held before the job began, there was no discussion on what size elevators were to be used for the task at hand.",,,,
ST-205-20131101-1215,5,"Not Completing Task: Once the crew had successfully pulled the 2 7/8 inch tubing, personnel failed to remove the elevators from the crane as stated in the work procedures.",,,,
ST-224-20171129-2015,1,"The snap rings which keep the ratchet pawl cylinder allowed the pin to vibrate its way out of the linkage pin in place were missing, which assembly.",,,,
ST-224-20171129-2015,2,"The ""Preventive Maintenance Daily Inspections"" ratchet pawl cylinder pin.",,,,
ST-26-20210502-1011,1,Weather related - lightning striked the Communications Tower and Communications Building,,,,
ST-26-20210502-1011,2,None,,,,
ST-26-20170610-1515,1,The probable cause is poor or improper gas purging start-up operations.,,,,
ST-26-20170610-1515,2,Energy XXI identified the following potential,,,,
ST-26-20170610-1515,3,"Analysis Report: or improper gas purging techniques techniques used during compressor contributing factors in their Root Cause ""1. One of the possible factors that w[as] identified in the investigation was the logic in the compressor panel. The compressor starting logic set up at the time of the incident was set to allow the purging process to take place while the starters were [engaged] and rotating the engine. After the starters were turning the engine, the permissive was given to pull the fuel and ignition [reset relay]. [Due to] multiple starts[,] there is the possibility that the engine was not adequately purged prior to the fuel and ignition valves opening.",,,,
ST-26-20170610-1515,4,The possibility exist[s] that one or more of the power pistons were in a position that allowed communication between the intake and exhaust port allowing gas to migrate into the manifold and through the inner cooler. (Two Cycle Engine),,,,
ST-26-20170610-1515,5,"During the turbo charger tear down and inspection[,] the hot side turbine wheel was identified as a potential source of ignition since it showed evidence of damage from prior event.""",,,,
ST-26-20130822-1545,1,"Poor Body Placement: Although Pinch Points were Analysis, the employee failed to recognize that his area.",,,,
ST-26-20130822-1545,2,covered during the Job Safety finger was located in a hazardous,,,,
ST-26-20130822-1545,3,Operators Report stated that the employee's grease which caused them to be slippery. This employee's hand slidding into a pinch point. - gloves had been exposed to oil and could have contributed to the,,,,
ST-26-20130822-1545,4,The decision to try to align all twelve bolts into the flange at once instead of just a few at a time could have contributed to the accident.,,,,
ST-27-20150123-0430,1,Awaiting USCG investigative findings.,,,,
ST-27-20150123-0430,2,Awaiting USCG investigative findings.,,,,
ST-28-20171011-0015,1,"The most likely cause of the fire was a failure/rupture of the third stage cooler tube that resulted in gas release, with static charge being the probable ignition source.",,,,
ST-28-20171011-0015,2,"The normal operating pressure inside of the third stage cooler tube is approximately 1285 pounds per square inch (psi). This high pressure combined with the age (sixteen years) of the cooler tube is likely to have produced metal fatigue, which in turn may have caused the rupture.",,,,
ST-285-20140517-0830,1,"The employees failed to identify that the hazards and risk associated with the job changed when the operation had to be changed. The risk associated with the job should have been reevaluated when the crew realized they were going to have to weld the pad eyes to the inside of the casing, instead of being able to weld them to the outside of the casing as they had done previously.",,,,
ST-285-20140517-0830,2,JSA failed to properly identify all of the risk associated with the job to be performed.,,,,
ST-285-20140517-0830,3,Employees failed to properly complete a 'Hot Work Permit' and take gas readings as required.,,,,
ST-285-20140517-0830,4,"Failure of the crew to follow Walter's approved 'Welding, Burning, and Hot-Tapping Plan'",,,,
ST-285-20140517-0830,5,Poor Supervision,,,,
ST-285-20131220-0300,1,The rig encountered a shallow gas pocket while drilling without having a heavy enough mud weight in the well.,,,,
ST-285-20131220-0300,2,LIST THE CONTRIBUTING CAUSE(S) OF N/A,,,,
ST-311-20200123-1200,1,Drain line tubing was not secured.,,,,
ST-311-20200123-1200,2,Tubing end was not capped/plugged off.,,,,
ST-311-20200123-1200,3,The Ball valve handle locking mechanism failed to prevent inadvertent opening.,,,,
ST-311-20200123-1200,4,LIST THE CONTRIBUTING CAUSE(S) OF Annual inspection of the wheeled unit manufactures servicing instructions.,,,,
ST-52-20191007-1110,1,The auxiliary load block was not centered above the The IP’s hand position when holding the tag line load. The weight of the load.,,,,
ST-52-20191007-1110,2,LIST THE CONTRIBUTING CAUSE(S) OF The JSA (Job Safety Analysis) did not,,,,
ST-52-20191007-1110,3,ACCIDENT: include the process used to lift the baskets.,,,,
ST-63-20120822-0145,1,There was human error as the welder in question should not have been leaning into the conductor as that would be a risk of a confined space.,,,,
ST-63-20120822-0145,2,An investigation found that residual acetylene in the ignited.,,,,
ST-67-1100,1,Assistant Driller failed to acknowledge barriers Rams and accidently initiated the wrong function.,,,,
ST-67-1100,2,Complacency of Assistant Driller put into place for the Blind Shear,,,,
ST-67-1100,3,"Possible lack of experience. Employee had just been promoted to the position of Assistant Driller in January 2012. In addition, after being promoted to his new position, the employee was moved to a different rig. This transition would mean a new crew to work with, new equipment, etc.",,,,
ST-200-20171112,1,"The 9.625 inch CIBP was forced up the hole without allowing gas to vent. Well pressure acted on the surface area of the 9.625 inch CIBP instead of the 3.5 inch drill pipe as expected, and overcame applied weight on bit from the rig.",,,,
ST-311-20180904-0217,1,Gasket failure in the 4 inch butterfly valve.,,,,
ST-311-20180904-0217,2,"The TODO dry break valve was considered a secondary of fluid, but was not installed.",,,,
ST-311-20180904-0217,3,Neither the Fluid transfer procedure or JSA transfer hose or TODO Dry Break valve.,,,,
ST-34-20170915-1150,1,The probable cause of the failure of the bottom bolts in the boom midsection was likely due to a recent boom/boom stop contact.,,,,
ST-34-20170915-1150,2,Heavy corrossion may have further weakened the,,,,
VK-989-20211201-1930,1,Failure of the ratchet and pawl locking system. The pawl appeared to not make full engagement due to the impact marks and lack of drag marks on the back side of the ratchet teeth and material loss on the tip of the pawl.,,,,
VK-989-20211201-1930,2,The ratchet and pawl assembly were not adjusted properly after the boom winch installation on 10/14/2021. This caused the assembly to not engage properly during the boom failure.,,,,
VK-989-20211201-1930,3,The motor had signs of overheating and cracks in the brass side bearings.,,,,
VK-989-20211201-1930,4,The sprag clutch showed clear evidence of slipping and overrunning. Score marks were evident in the clutch bore which allowed the winch to bypass the hydraulic parking brake and rotate the motor.,,,,
VK-817-20171103-1350,1,GOMF & Genesis Energy contractors failed to adhere to the company policy checking for pressure buildup behind the friction plugs during hot work operations.,,,,
VK-817-20171103-1350,2,"As documented in the JSEA as a precautionary measure, ""A potential fire and explosion from vapors, trapped pressure, ejected plug, and unauthorized use of a plug.""",,,,
VK-817-20171103-1350,3,"The incident with injury could have been avoided if the GOMF & Genesis Energy contractors had followed Genesis Energy (Offshore Welding, Oxyfuel Gas Cutting and Hot Work Safe Practices and Procedures Plan) following all type of hot work.",,,,
VK-817-20130303-0630,1,Using the containment skid and drain piping of the Wet Oil Tank as a means of eliminating produced water from the Wet Oil Tank. There was a pneumatic pump in-place to pump the water back through the Oil Heater Treater (NBK 260) keeping it contained in the process flow procedures.,,,,
VK-817-20130303-0630,2,The opened valve on the Wet Oil Tank was left unattended for a period of time until the Sump Pile high leveled-LSH.,,,,
VK-817-20130303-0630,3,The Micro-Filter upstream of the inlet into the Open Drain Sump plugged up with sand causing a drainage backup filling the lines with oil and exposing several other external piping leaks.,,,,
VK-817-20130303-0630,4,"It was noted in a statement that the Person In Charge (PIC), was instructed, upon his crew change arrival offshore on Wednesday, February 27th, to release/fire the Night Operator due to his disregarding of many of his duties and responsibilities. The Night Operator, an employee for Black Hawk/Enterprise Products, had been on location for only 3 months. However, the decision was made to allow him to finish out his hitch, then, send him in at the next crew change. After the pollution incident happened on Sunday, March 3rd, he was released/fired that day.",,,,
VK-900A-20201222,1,Equipment failure – Fatigue Over time; the expansion joint may have cycled through hot and cool conditions such that it cracked due to fatigue.,,,,
VK-900A-20201222,2,n/a,,,,
VK-900A-20210328,1," Equipment failure – Inadequate preventative maintenance, excessive corrosion on the Pipeline Pump # 2’s exhaust is the main contributor",,,,
VK-900A-20210328,2,N/A,,,,
VK-915-20180122-2330,1,Failure to Follow Procedures – The shakers were not turned on before starting the mixing pump (Step 4 of JSA).,,,,
VK-915-20180122-2330,2,Inadequate Hazard Analysis – There was no indication that the JSA was reviewed prior to beginning the operation.,,,,
VK-915-20180122-2330,3,The cuttings overboard discharge line was open during this operation. Had the valve been closed no SOBM enters GOM waters.,,,,
VK-956-20200115-0715,1,Equipment Failure: Inadequate/improper tools or equipment used.,,,,
VK-956-20200115-0715,2,Human Performance Error: Not following proper procedures – IP used a 2-handed tool with one hand.,,,,
VK-956-20200115-0715,3,Human Performance Error: Rushing to get job completed.,,,,
VK-956-20200115-0715,4,"Management Systems: Inadequate documentation or availability of hazard analyses, job procedures, or emergency procedures.",,,,
VK-965-20201121,1,Equipment failure: Inadequate preventive maintenance - coating of the piping leading to excessive corrosion.,,,,
VK-989-20130407-1245,1,Residual hydrocarbons or flammable substances work was being performed.,,,,
VK-989-20130407-1245,2,Inadequate fire blankets. not being accounted for while hot,,,,
VK-989-20130407-1245,3,Inadequate isolation methods to prevent grinding sparks from reaching possible flammable sources outside of the immediate hot,,,,
VK-989-20130407-1245,4,Not doing as thorough a job preparation before the incident happened.,,,,
VK-823-20180626-1515,1,) Poor hand placement by the I.P.,,,,
VK-823-20180626-1515,2,) Crew failed to identify designated flagger in the with the air hoist.,,,,
VK-823-20180626-1515,3,) When the Mud Bucket was set down by the air hoist bucket impacted the snubbing post pinning and cutting the process.,,,,
VK-823-20180626-1515,4,") Lifting and moving the Mud Bucket utilizing the the Housekeeping JSA. JSA before moving the mud bucket operator, the handle of the mud the I.P.’s right ring finger in air hoist was never referenced in",,,,
VK-823-20180626-1515,5,) Nabors: “Hoisting and Rigging Guidelines for Routine and Critical Lifts” policy was not followed.,,,,
VK-823-20180626-1515,6,) W&T Offshore: “Hands Free Procedures” policy was not followed.,,,,
VR-124-20120929-0455,1,"The threaded holes used for the installation and removal of the lifting eyes were worn, corroded, and filled with debris that would not allow lifting eyes to be properly installed. Improperly installed lifting for removal of slip bowls.",,,,
VR-124-20120929-0455,2,The IP attempted to manually remove the bowls eyes would not allow crane to be used by hand.,,,,
VR-124-20120929-0455,3,LIST THE CONTRIBUTING CAUSE(S) OF No corrective action was taken when operations to discuss concerns with casing slip bowls.,,,,
VR-131-20120917-1330,1,"The CO attempted to lift a tool building weighing 7,500 pounds, while the crane boom was at an insufficient angle of approximately 30 degrees; thus, overloading the crane by ~3,900 pounds which is double its safe working load.",,,,
VR-131-20120917-1330,2,Human error by all parties involved which included the following: Failure to accurately identify to safely lift loads.,,,,
VR-131-20120917-1330,3,Human error by all parties involved which included the following: Failure to follow the lessee's the load weight and use proper hoisting techniques Safe Operating Procedures.,,,,
VR-131-20120917-1330,4,Human error by all parties involved which included the following: Failure to perform a thorough JSA and identify all the potential hazards associated with the lifting operation,,,,
VR-131-20120917-1330,5,Human error by all parties involved which included the following: Failure to stop the job when identifying an abnormal lifting condition and mitigate risks involved before continuing with the operation,,,,
VR-214-20130512-1345,1,A PA crew member attempted to move the S-line lubricator which was twenty seven feet long and weighed approximately 390 pounds without the help of another crew member or the aid of a mechanical lifting device.,,,,
VR-214-20130512-1345,2,"In the JSA under mitigations to minimize/eliminate hazards for moving/assembling the lubricators, the JSA did not recognize hand.",,,,
VR-226-1900,1,"The installation of the failed dead man pad eye for the main hoist line was performed without an installation procedure, welding procedure, engineered drawing of the pad eye, NDT procedure or any type of approval or guidance from the original manufacturer of the crane, crane service company, or engineer. The incorrect installation of the pad eye led to it being pulled from the crane boom cord.",,,,
VR-226-1900,2,"Lack of facility personnel as well as management to ensure that the crane was maintained, or repaired as per requirements of API RP 2D. -",,,,
VR-226-1900,3,Insufficient annual inspections to indicate that the additional dead man pad eye for the main hoist line was installed,,,,
VR-226-1900,4,Use of static load limits provided when attempting to pull casing from a were to suddenly come free this would,,,,
VR-279-20150619-0605,1,"The buildup of reservoir shut-in pressure caused the pump through plugs set at 12,820ft WLM and 12,821ft WLM in SS to fail allowing reservoir shut-in pressure/gas and oil to enter the deteriorated SS.",,,,
VR-279-20150619-0605,2,The deteriorated SS allowed reservoir shut-in pressure/gas and oil to enter the production 7 5/8 inch casing.,,,,
VR-279-20150619-0605,3,A leak in the 7 5/8 inch production casing between 500ft WLM and 3500ft WLM allowed reservoir shut-in pressure/gas and oil to build in the 7 5/8 inch and 10 3/4 inch annular.,,,,
VR-279-20150619-0605,4,A leak in the 10 3/4 inch surface casing +-10ft below the well head allowed reservoir shut-in pressure/gas and oil to enter the non-pressure holding 20 inch casing finding open leak paths to the atmosphere.,,,,
VR-279-20150619-0605,5,The deteriorated SS did not allow the pump through allowing them to unseat. plugs to hold at their set point,,,,
VR-279-20150619-0605,6,The deteriorated SS had multiple holes that could not be repaired and was out of service.,,,,
VR-279-20150619-0605,7,BSEE determined that the 7 5/8 inch production casing may have been weakened by contacting corrosive wellbore fluids from past instances of sustained casing pressure.,,,,
VR-279-20150619-0605,8,BSEE determined the leak in the 10 3/4 head may have been caused by exceeding the highest shut-in tubing pressure for the SS,,,,
VR-340-20120721-1048,1,"The bore holes of the pin connections in the boom condition causes the holes of the pin connections to showed excess wear. This elongate, stretch, or become considerably larger than the pins, thus causing slack in the connections and improper load distribution in the boom.",,,,
VR-340-20120721-1048,2,An incorrect load chart was in,,,,
VR-340-20120721-1048,3,"The crane operator incorrectly instead of using the dynamic load use at the time of the incident. used the load chart for the static load limits limits as per WWCS SOP. Items 2 and 3 contributed to an over-load of the boom by 7,558 pounds.",,,,
VR-340-20120721-1048,4,Human error by all parties involved in incident: Lack of thorough crane inspections by both the crane maintenance personnel and crane operators allowed deficiencies to go uncorrected on the platform crane involved in the incident. The boom sagging due to wear in the boom pin connections was not corrected. Leaks in the weight indicator were addressed and corrected but the addition of weights on the load block were not accounted for. Attention to detail by all parties would have insured that the deficiencies were corrected instead of being a contributing cause of the incident.,,,,
VR-340-20120721-1048,5,Human error by all parties involved in incident: The incorrect load chart was not identified as having a different serial number than the actual crane by maintenance personnel or crane operators on the facility before using the crane. Both occurrences lead to an over-load of the boom.,,,,
VR-342-20141113-1930,1,"The valve on cement unit from the fluid delivery line to the mud pits was open, allowing the Zinc Bromide to go into the displacement tank of the cement unit. The drain valve on the displacement tank was also in the open position which was allowing the Zinc Bromide to go overboard.",,,,
VR-342-20141113-1930,2,The failures of the Derrickman to follow the risk reduction measures outlined on the JSA and confirm the valves isolating the cement unit the Transfer of fluid to the filtration unit.,,,,
VR-342-20121216-1800,1,The air hoist cable had become entangled with the kelly hose safety clamp during the replacement of the inner bushings. The movement of the traveling block and top drive put an undetermined amount of force on the cable and anchor post which was not designed for load bearing purposes thus breaking the post from the rig floor and striking the IP.,,,,
VR-342-20121216-1800,2,"Human error by all parties involved: The JSA presented to BSEE was generic in critical hazards, specifically the blind spots nature, it did not cover the very of the driller and ensuring all air hoist cables are clear of the traveling block and top drive.",,,,
VR-342-20121216-1800,3,Human error by all parties involved: No one on the rig floor ensured the cable was clear of the traveling block and top drive.,,,,
VR-342-20121216-1800,4,Human error by all parties involved: The driller did not ensure his traveling block and top drive.,,,,
VR-356-20130410-0415,1,A shallow gas zone was encountered at 1484' MD fluids through the diverter system.,,,,
VR-356-20130410-0415,2,While drilling at 677' MD returns were lost. A fluid was lost during the event.,,,,
VR-369-20220624-1300,1,"Flawed equipment design: The auxiliary load line and boom line run in close proximity to the main load line idler sheave carrier. The auxiliary load line came in contact with the main load line idler sheave carrier when running at a high rate of speed. The auxiliary load line abraded the main load line idler sheave carrier in various locations (pin boss, side plates, and wire rope guard assembly).",,,,
VR-369-20220624-1300,2,Inadequate equipment inspection: For the month of June 2022 no deficiencies were noted in the pre-use form for the auxiliary load line or the main load line idler sheave carrier. The annual inspection reports for the crane from 2017 through 2022 did not mention the auxiliary load line or the boom line running in close proximity to the main load line idler sheave carrier. auxiliary load line or the boom line,,,,
VR-369-20140418-1900,1,"The fire tube failure was due to pit corrosion, which was caused/ accelerated due to the liquid surrounding the fire tube having a low potential of hydrogen due to the vessel being subjected to frequent high dosage batch treatments with acid.",,,,
VR-369-20140418-1900,2,LIST THE CONTRIBUTING CAUSE(S) OF BEEOO's failure to inspect the fire,,,,
VR-371-20200210-1745,1,"FWE did not follow API 2D sixth edition during the setting of the packer. FWE had no intentions of lifting the packer, the packer was not free for lifting. The shear ring sheared on the packer, reducing the load on the crane boom from 26,000 pounds to 9,000 pounds shock loading the crane. The 9/16 inch diameter Dyform 6 boom cable received damaged due to the shock loading incident.",,,,
VR-371-20200210-1745,2,"FWE did not follow the manufactures operating instructions for setting the tension packer. FWE did not change shear ring after each setting. FWE used a JSA for setting the packer with casing jacks instead of a JSA for setting the packer with a crane. There is no risk assessment for the crane or personnel in the JSA used. The FWE crew did not know the value of the shear ring, the crew reported to BSEE investigators the shear ring value to be 50,000 pounds. The investigation revealed the shear ring value of the ring is 40,000 pounds PROPRIETARY",,,,
VR-379-20140608-1030,1,The rig personnel's failure to implement the necessary precautions to prevent construction personnel from entering the area,,,,
VR-379-20140608-1030,2,The cargo basket landed in close proximity basket to make contact with the handrail when,,,,
VR-379-20140608-1030,3,during lifting operations. to the handrail allowing the cargo it was lifted off the rig floor. -,,,,
VR-379-20140608-1030,4,Separate morning safety meetings for rig personnel and construction personnel conducted the day of the incident. -,,,,
VR-379-20140608-1030,5,The JSA for the lifting operations was only the incident.,,,,
VR-379-20140608-1030,6,Step 3-1 in the JSA required the area under with warning tape. That step was not completed commencing. reviewed by the rig personnel prior to the lifting operations be flagged off prior to the lifting operations 08-AUG-2014 -,,,,
VR-398-20120801-0020,1,Failure to properly equalize the pressure below and above the DX plug before cutting the tubing contributed directly to the incident.,,,,
VR-398-20120801-0020,2,Sand and wireline debris in the DX plug prevented equalizing ports of DX plug from opening and restricted flow of fluids from,,,,
VR-52-20130531-1230,1,Hot slag from the torch cutting operation of the 47 feet) onto the non-flame resistant tarpaulins,,,,
VR-52-20130531-1230,2,"rig handrail falling (approximately below igniting the tarpaulins. Human error by all parties involved which included the following: The OIM, the Rig Maintenance Supervisor and the Rig Welder failed to recognize the platform, adjacant to the rig, as being part of the hot work area.",,,,
VR-52-20130531-1230,3,rig handrail falling (approximately below igniting the tarpaulins. Human error by all parties involved which included the following: The Arena Rig Site Supervisor signed the PTW without visiting the work area as required by the approved Arena General Welding Plan.,,,,
VR-52-20130531-1230,4,rig handrail falling (approximately below igniting the tarpaulins. Human error by all parties involved which included the following: All flammable materials and/or substances on the platform within 35 feet of the slag impact areas were not removed or rendered,,,,
VR-52-20130531-1230,5,rig handrail falling (approximately below igniting the tarpaulins. Human error by all parties involved which included the following: No fire watch was stationed on the platform a fire on the platform.,,,,
VR-261-20151216-1845,1,"The boom hoist limit device failed to function, maximum angle height and contact the boom stops",,,,
VR-261-20151216-1845,2,thus allowing the boom to exceed its,,,,
VR-261-20151216-1845,3,"During the job safety analysis, all parties failed to identify the associated hazards of the lift due to the close proximity of the load to the crane’s minimum boom radius and the low light conditions",,,,
VR-261-20151216-1845,4,The pre-use inspection failed to identify the extension shaft for the boom hoist limit device was loose and bent.,,,,
VR-261-20151216-1845,5,Boom angle indicator was covered with paint overspray and grime making it hard to read from the Crane Operator’s station,,,,
VR-261-20151216-1845,6,Neither the Signal Person nor the Crane Operator noticed the boom was nearing the stops,,,,
VR-252-20190909-2300,1,"A combination resulted in abnormally high heat conditions inside the fire tube and exhaust stack which ultimately destroyed the exhaust stack and Stack Arrestor; including: The Heater Treater main burner nozzle assembly fuel adjustment needle set improper and backed out all the way possibly causing the burner to run rich, soot-up the Stack Arrestor, and retain heat within the fire tube and exhaust stack",,,,
VR-252-20190909-2300,2,A combination resulted in abnormally high heat conditions inside the fire tube and exhaust stack which ultimately destroyed the exhaust stack and Stack Arrestor; including: The Level Safety Low was set inadequately to maintain effective fire tube protection against hot spots/tube failure,,,,
VR-252-20190909-2300,3,A combination resulted in abnormally high heat conditions inside the fire tube and exhaust stack which ultimately destroyed the exhaust stack and Stack Arrestor; including: The Heater Treater liquid media’s and exhaust stack’s TSH shutdown devices did not function as required,,,,
VR-252-20190909-2300,4,The missing internal high liquid level shutoff float lever in the Heater Treater Fuel Gas Scrubber may have allowed liquid carryover into the Heater Treater burner assembly,,,,
VR-252-20190909-2300,5,"The operators failed to initiate stop work authority and take immediate action by shutting in the facility upon discovery of the exhaust stack operating at abnormal temperatures and, “glowing cherry red”",,,,
VR-252-20190909-2300,6,A plugged-up Stack Arrestor not allowing heat to escape,,,,
VR-252-20190909-2300,7,The Heater Treater burner Flame Arrestor plugged up not allowing proper airflow,,,,
VR-252-20190909-2300,8,Possible ignition of excessive soot build-up within the Heater Treater Fire Tube and Stack,,,,
VR-252-20190909-2300,9,"Heater Treater filled with approximately (50) barrels of solids possibly due to an ineffective or noncompatible chemical treatment program, which may have limited the vessel’s processing performance, thus leading to high BS&W",,,,
VR-252-20190909-2300,10,"The thermowells for the liquid media’s TSH and temperature indicator/gauge did not extend past the vessel nozzles and into the media, preventing the TSH and temperature indicator/gauge from detecting media temperature accurately",,,,
VR-252-20180425-1700,1,Mismatched hydraulic boom cylinders designed to work difference in working stroke) which created torque and,,,,
VR-252-20180425-1700,2,Faulty weld on refurbished hydraulic boom cylinders together (roughly one inch led to material failure,,,,
VR-252-20180425-1700,3,Failure to recognize the importance of ensuring the same pin-to-pin centerline (both while collapsed/while extended) and equal,,,,
VR-331-20210807-1500,1,Inattention to task - The Quality Construction and Production Pipe Fitter walked onto precut deteriorated grating with extensive corrosion. The grating gave way and the Pipe Fitter and grating fell into the Gulf of Mexico.,,,,
VR-331-20210807-1500,2,"Inadequate supervision - The QCP crew took short cuts to complete the grating removal and replacement by ignoring the required uses of barricades and safety harnesses, while working on the plus 10 deck. The PIC, TCR, HSE, and QCP supervisor did not correct the missing barricade and safety harness requirements.",,,,
VR-331-20210807-1500,3,"Inadequate pre-job meeting - The JSEA, FRP, ACBP, and HWP are approved without visually verifying the jobsite is safe.",,,,
VR-369-20190701-1400,1,The IP did not have the proper PPE when SOBM splashed on his clothing. The SOBM soaked through his clothing contacting his legs causing a Contact Dermatitis rash.,,,,
VR-369-20190701-1400,2,Supervision,,,,
VR-369-20190701-1400,3,Not ensuring the use of required PPE: The supervisor on the drill floor did not use stop work authority when the IP was not wearing proper PPE for SOBM.,,,,
VR-369-20190701-1400,4,Inadequate Job Instructions: Work instructions at the pre-tour safety meeting did not identify the hazard of SOBM or include the required PPE.,,,,
VR-369-20190701-1400,5,Inadequate pre-job safety meeting: Supervisors are not utilizing the JSA and signature page to identify the hazard of SOBM or required PPE. Human Performance Error,,,,
VR-369-20190701-1400,6,"Not following proper procedures: The IP did not immediately report his July 1, injury. On July 7, the IP reported to the medic he was skin rash he was self-medicating.",,,,
WC-111-1200,1,Smoking in a classified area with gas present,,,,
WC-111-1200,2,Human error by all parties involved which included the following: Failure to perform a thorough JSA and identify all the potential hazards associated with a gas leak inside the master panel,,,,
WC-111-1200,3,Human error by all parties involved which included the following: Failure to stop the job when identifying abnormal platform conditions and mitigate risks involved before continuing to troubleshoot,,,,
WC-111-1200,4,Human error by all parties involved which included the following: Third party maintenance contractor,,,,
WC-144-20160101-0300,1,To be determined by the USCG,,,,
WC-144-20160101-0300,2,To be determined by the USCG,,,,
WC-20-20130201-1610,1,Overpressure of the pipeline segment resulting in a gasket failure on the departing pipeline riser flange connection,,,,
WC-20-20130201-1610,2,Human error by all parties involved which included,,,,
WC-20-20130201-1610,3,Failure to notify the District Office prior to production to allow for the proper BSEE inspection the following: returning the facility to,,,,
WC-20-20130201-1610,4,Failure to pre-test all safety systems prior to bringing on production,,,,
WC-20-20130201-1610,5,Failure to follow SEMS Plan and facility in operation,,,,
WC-20-20130201-1610,6,Failure to communicate with the complete a Pre-Startup Review prior to placing the field to ensure the receiving facility is both attended and all necessary valves are lined up/ready,,,,
WC-205-20120905-2030,1,Human error by the IP. The IP placed his hand,,,,
WC-205-20120905-2030,2,on a moving cable.,,,,
WC-205-20120905-2030,3,The line of sight between the Driller (Hoist Operator) and the IP was blocked requiring radio communication to be used for signaling.,,,,
WC-205-20120905-2030,4,The JSA did not mention the hazards area of the Sala block.,,,,
WC-544-20141024-1455,1,"The top hatch lid failure was due to the poor condition of the fastening components, along with the potential of having the wrong type of nuts mounted on the associated bolts.",,,,
WC-544-20141024-1455,2,Failure to follow the company's Best Management Practices Plan,,,,
WC-544-20141024-1455,3,"Failure to identify the poor condition of the bolts threads associated with the cam- lock fasteners, during the Sand Hopper Pre Job Check List, prior to sending the equipment offshore",,,,
WC-544-20141024-1455,4,Failure to discontinue the use of defective equipment and recognize the hazards involved with altering the cam-lock fasteners (i.e. use of mix matched nuts and number of washers),,,,
WC-544-20141024-1455,5,"Failure to follow company policy: ""Crew will make walk thru to check all equipment associated with blasting operations, to ensure equipment is in good, safe working condition.""",,,,
WC-544-20141024-1455,6,"Failure to follow company policy: ""Replace top hatch to proper position, check cam locks, and bolts/nuts.""",,,,
WC-544-20141024-1455,7,"Failure to follow company policy: ""Inspect bolts on hatches for tightness and wear daily. When lid is re- installed, ensure lid is on correctly and",,,,
WC-639 A-20120928-0915,1,The IP placed his hand in a pinch point between until after a follow-up the 26 inch and 16 inch casings.,,,,
WC-639 A-20120928-0915,2,Job Safety Analysis did not specifically identify inch and 16 inch casings.,,,,
WC-96-20211127-0930,1,"BSEE investigators determined the vessel had only been cleaned of sand and sludge, leaving an undetermined amount of condensate in the oil bucket of the vessel. This allowed gas vapors to escape from the condensate through the unsealed manway cover. Slag and sparks fell directly onto the water skimmer and the manway cover igniting the combustible gas.",,,,
WC-96-20211127-0930,2,Communication – Talos company representative believed the water skimmer was rendered inert and allowed the manway cover to be loosely secured. The water skimmer contained condensate and combustible gas. Supervision - Jobsite walkthroughs each morning to identify hazards and discuss mitigations were not being performed prior to hot work permits being approved. Fire Watch - The manway cover of the water skimmer was not surveyed with the gas detector prior to the hot work beginning on the deck above.,,,,
WC-180-20161017-0100,1,"During the lift of the tubing joint, the box end of the joint contacted the tong arm causing the pin end of the joint to rise up striking the IP in the chest. The IP fell on the platform decking and the joint landed on his ankle.",,,,
WC-180-20161017-0100,2,There were no markings or barricades blocking during the lift. workers from entering danger zones,,,,
WC-180-20161017-0100,3,Prior to the injury the IP was purportedly told not to touch the tubing joint and to stay away from the “safe zone” (danger zone). BSEE could not find any documentation of a stop work authority used or a safety stand down to discuss the unsafe action of touching the tubing joint during the lift or adding this unsafe action to the JSA.,,,,
WC-180-20161017-0100,4,The JSA for TIH mentions to keep hands on the tubing as it is being lifted to keep the load under control. There is no mention in the JSA at which point the workers need to enter the “safe zone” (danger zone) mentioned by W&T and put their hands on the tubing to keep the load under control.,,,,
WC-180-20161017-0100,5,"The JSA for crane operation during this incident contradicts the JSA for TIH by stating “use tag line to assist in controlling load, maybe two per lift”.",,,,
WC-180-20161017-0100,6,The designated flagman did not see the lift approaching the tong arm or he did not radio all stop before the lift contacted the tong arm.,,,,
WC-180-20161017-0100,7,Neither supervisor on the work deck used stop work authority when the IP continued the behaver of entering the danger zone of the lift that W&T stated was corrected prior to the incident.,,,,
WC-180-20161017-0100,8,W&T uses the term “safe zone” to,,,,
WC-61-20190413-0615,1,"The pump connection was not properly secured to the tubing joint and the sling unscrewed the pump connection as the workers turned the tubing joint. The pump connection weighing 40.6 pounds fell 36.8 feet striking the IP on the hard hat, upper right arm, right thigh, and right foot.",,,,
WC-61-20190413-0615,2,Supervision/Human Performance Error,,,,
WC-61-20190413-0615,3,"Communication: the day/night supervisors and EnVen company representatives were unaware of the night shifts progress prior to completing the JSAs for the day shift. During the day shift safety/pre tour meeting, the workers were informed the tripping operations were completed and the pump connection was installed on the work string. This information was incorrect.",,,,
WC-61-20190413-0615,4,Inadequate supervision: the on-duty day supervisor never inspected the work area prior to or during the operation. The supervisor was in his office during the incident.,,,,
WC-61-20190413-0615,5,No work permit prepared: a JSA was not approved for connecting the pump connection to the tubing joint or tripping work string into the well.,,,,
WC-61-20190413-0615,6,Complacency: the ARO workers did not use stop work authority when they found the pump connection not installed on the tubing work string and the tripping operations not completed. The ARO workers were seemingly overconfident or too comfortable due to their experience with the current operation.,,,,
WC-61-20190413-0615,7,"Inattention to the tasks: Completed all tasks in 10 minutes from the start of the shift, leaving the pump connection not properly secured to the tubing.",,,,
WC-61-20190413-0615,8,Instructions/Procedures not followed: the JSAs were approved by the day company representative and day supervisor without visiting the work site. The JSAs have instructions on the first page that states “To be is being conducted”.,,,,
WC-61-20190413-0615,9,Inadequate work permits prepared and approved: to the IP outside his normal job functions.,,,,
WD-105-20130318-0845,1,The IP was in a pinch point.,,,,
WD-105-20130318-0845,2,Inadequate communication.,,,,
WD-105-20130318-0845,3,The IP was: Not being aware of his surroundings.,,,,
WD-105-20130318-0845,4,The IP was: Not paying closer attention to his surroundings.,,,,
WD-105-20130318-0845,5,The IP was: Only having one tag line on the load.,,,,
WD-105-20130318-0845,6,The IP was: Lack of adequate communication between the,,,,
WD-105E-20201129,1, Management Systems – Inadequate hazard analysis – JSA did not properly identify all hazards associated with the task. A gas detector was NOT used to see if any gas might have been present prior to introducing an ignition source into a classified area. A hot work permit was not utilized.,,,,
WD-105E-20201129,2,LIST THE CONTRIBUTING CAUSE(S) OF n/a,,,,
WD-133-20180909-1130,1,Equipment Failure – Capacity of Equipment Exceeded: The pipeline failed due to excessive stresses imposed when a trawling vessel’s net snagged on the tie-in spool and dragged it until it reached the point of failure.,,,,
WD-133-20180909-1130,2,Failure to adhere to regulations – The operator failed to sufficiently cover the tie-in spool without obtaining Regional Supervisory approval.,,,,
WD-152-20190117-0930,1,Management Systems: Inadequate job procedures - The Renaissance operating procedure did not provide specific glycol startup procedures specifying circulation time before raising the temperature above 220 degrees F.,,,,
WD-152-20190117-0930,2,Equipment Failure: Lack of Insulation – Lack of insulation on the Reboiler Stack allowed an ignition source as TEG exited the still.,,,,
WD-152-20190117-0930,3,Management Systems: Lack of Training - Renaissance failed to provide training which would have allowed Operators to understand characteristics of phase vaporization and handling contaminated or saturated glycol.,,,,
WD-152-20190117-0930,4,Management Systems: Lack of Maintenance - Renaissance did not maintain the glycol system properly such that the water content of the glycol reached 21%.,,,,
WD-152-20190117-0930,5,Human Performance Error: Inattention to Task - Renaissance operators left the glycol skid unattended during startup.,,,,
WD-27-20191124-0700,1,"Equipment Failure -Inadequate preventive maintenance: BSEE found the operator’s inspection and maintenance of the coolers tubing was inadequate to prevent loss of integrity, thereby allowing a gas leak. Equipment Failure - Flawed equipment design or construction: The compressor engine’s exhaust system is located on the top of the Gas Cooling Fan Tower creating an ignition source. Even though the muffler is wrapped with an insulation blanket, the final exhaust pipe is exposed and is within within the coolers.",,,,
WD-27-20191124-0700,2,LIST THE CONTRIBUTING CAUSE(S) OF None,,,,
WD-27-20131217-1045,1,Fall protection not used properly.,,,,
WD-27-20131217-1045,2,The grating was not secured at the time of,,,,
WD-27-20131217-1045,3,the incident. -,,,,
WD-27-20131217-1045,4,The injured employee was not involved in the JSA meeting that was conducted for installing the pollution pan. -,,,,
WD-27-20131217-1045,5,The IE was not tied off with an SRL. The SRL allows personnel to move freely on the - Texas Deck without having to move anchor points.,,,,
WD-30-20200124-1900,1,Equipment Failure - Inadequate/improper tool:,,,,
WD-30-20200124-1900,2,Human Performance Error - Not aware of hazards:,,,,
WD-30-20200124-1900,3,Supervision - Inattention to worker safety concerns: The crew members did not properly secure the stairway during welding and cutting operations.,,,,
WD-30-20200124-1900,4,"Human Performance Error - Inattention to task: The crew members failed to regroup by initiating a plan to safely secure the stairway, preventing it from becoming falling debris.",,,,
WD-30-20200124-1900,5,Management Systems - No or inadequate not initiate “Stop Work Authority” once the final cut.,,,,
WD-30P-20210109,1,Equipment Failure - Inadequate preventive maintenance - Cox failed to maintain pipe coatings which caused corrosion. The corrosion caused enough wall loss such that the piping lost integrity.,,,,
WD-32-20160921-0828,1,"The Wet Oil Transfer Pump (PBA-410E) required Cell’s (ABM-410) oil chamber, failed to pump due shifting/slider valve.",,,,
WD-32-20160921-0828,2,"The oil level in the oil chamber raised up to side of the floatation cell and flowed back into to transfer oil from the Floatation to a stuck, internal pump the level with the produced water the overboard discharge chamber. As the Fisher 2500 Level Controller for the water discharge maintaines the preset level, oil was discharging out the overboard water outlet.",,,,
WD-32-20160921-0828,3,"The Level Safety High (LSH 1) shut down device for the oil chamber was not installed in the oil chamber as requested by Energy XXI and approved by BSEE. As such, the high oil level in the oil chamber could not activate the shut in of: the liquid outlet from the Freewater Knockout (MAM-100A), all wells, outflow to the LP System, pipelines KAQ-400A and KAA- 500 and Compressor (CBA-900).",,,,
WD-32-20160921-0828,4,"The LSH 1 shut down device (Fisher 2100) was installed external to the overboard water chamber of the floatation cell and not in the oil chamber as required. The Fisher 2500 Level Controller, controlling the overboard water dump valve, discharged all fluids (water and oil) to maintain the preset level in the unit. Oil build up in the water chamber could not activate the LSH 1 maintained by the level controller.",,,,
WD-32-20140730-2030,1,Crane operator did not follow Energy XXI Crane operating obstacles and trash.,,,,
WD-32-20140730-2030,2,Crane operator did not follow API 2D Paragraph,,,,
WD-32-20140730-2030,3,The High Boom Angle kick-out was not inspected function.,,,,
WD-32-20140730-2030,4,High angle kick-out failed to actuate.,,,,
WD-32-20140730-2030,5,Right-side spring loaded boom kick-out failed maintenance.,,,,
WD-32-20140730-2030,6,"Improper maintenance performed on crane ensuring boom kick-out would actuate. cab. Policy, ensuring crane cab was free",,,,
WD-32-20140730-2030,7,"1.5 Operating Practices. in Pre-use to ensure of proper to retract due to improper Annual, Quarterly and Monthly inspections",,,,
WD-32-20140730-2030,8,Crane Operator did not follow Energy XXI “Crane Operations & Material Handing Manual” section 8.2 “Maintenance & Inspections”.,,,,
WD-32-20140325-2200,1,Faulty and worn electrical wiring under arched and created a spark which ignited a the control levers floor covering which fuel source (oil) under the cab flooring.,,,,
WD-32-20140325-2200,2,"Review of documented and filed reports for Energy XXI, Seatrax and Black Elk, of the Pre-use Inspection Reports, Monthly Inspection Reports and Annual Inspection Reports indicate, there are and have been reports of crane deficiencies that have the potential to impaired the safe operation of the American Aero Hydraulic Crane.",,,,
WD-32-20140325-2200,3,"The information concerning the hazards and unsafe conditions were available to all personnel involved in the maintenance, operation and supervision of the crane operation by reviewing the Energy XXI crane reports and past documents.",,,,
WD-32-20140325-2200,4,"The investigation indicates from the reports provided to the Inspector, that: The deficiencies were not always addressed in a manner to completely eliminate the hazard. Repairs to critical components were not promptly taken care of in accordance with API RP 2D.",,,,
WD-32-20140325-2200,5,"The investigation indicates from the reports provided to the Inspector, that: The crane is in daily high use at some days. -",,,,
WD-32-20140325-2200,6,"The investigation indicates from the reports provided to the Inspector, that: Reports have indicated that there WD 32 E, complying up to 18 hours run time on were reported hydraulic hose leaks, oil leaks, damaged gauges, broken windows on cab, worn sheaves, corroded/ busted grease fittings, swing brake not working properly, leaks under floor covering in cab, leaks at controls in cab on main hoist winch, high angle kick out not working, and controlling mechanisms not operating properly.",,,,
WD-32-20140325-2200,7,"The investigation indicates from the reports provided to the Inspector, that: Records indicate that some leaks have been repaired as late as March 21, 2014. However, on the BSEE investigation on March 27, 2014, the skids were filled with oils, oily rags and absorbent pads.",,,,
WD-70-20120904-1130,1,Careless operation of the M/V Jack Fitz by the crewmembers and the captain at helm.,,,,
WD-70-20120904-1130,2,Pipeline segment under operating pressure. M/V captain and crew inattentive to surroundings.,,,,
WD-73-20190527-1430,1,"Human Performance Error: Inattention to task – While stops, the Crane Operator continued to boom up.",,,,
WD-73-20190527-1430,2,the boom was against the boom,,,,
WD-73-20190527-1430,3,Human Performance Error: Rushing to get job completed – It was Crew change day and the Crane Operator and Crew may have been rushing operations.,,,,
WD-73-20190527-1430,4,Human Performance Error: Not following procedures – The Crane Operator failed to get supervisory approval prior to overriding the high angle boom kick out safety device.,,,,
WD-73-20190527-1430,5,"Supervision: Inadequate work permits prepared - The JSA did not specify the details of the lift, such as lift starting point, lift path, boom angles, and the designated Signalman.",,,,
WD-73-20120913-0330,1,Bull plug not installed allowing hydraulic pressure into the top drive.,,,,
WD-73-20120913-0330,2,Lack of training - No one on the rig was trained on install the cup tester. -,,,,
WD-73-20120913-0330,3,"Inadequate JSA - The JSA reviewed prior to testing a cup tester or the hazards involved. - to push the 5"" test assembly up the use or how to properly - BOPs did not include the use of -",,,,
WD-73-20120913-0330,4,No operating procedures or instruction manual on site for the Greens cup tester. -,,,,
WD-73-20120913-0330,5,No Stop Work Authority was used. -,,,,
WD-73-20160503-1620,1,"Lessee failed to perform crane operating practices for attaching and moving the load being utilized in accordance with API RP 2D, paragraphs 3.2.1, 3.2.2 and 3.2.3",,,,
WD-73-20160503-1620,2,"The Qualified CO and the designated signal person directing the lift, if utilized, should determine that:",,,,
WD-73-20160503-1620,3,The load is secured and properly balanced in the appropriate sling or lifting device before it is lifted.,,,,
WD-73-20160503-1620,4,The lift and swing paths are clear of obstructions and personnel.,,,,
WD-73-20160503-1620,5,The hook is brought over the load in such a manner as to minimize swinging.,,,,
WD-73-20160503-1620,6,"The load, boom or other parts of the crane do not contact with obstructions.",,,,
WD-73-20160503-1620,7,The load is free to be lifted utilizing appropriate hand signals.,,,,
WD-73-20160503-1620,8,"The Lessee and the personnel engaged in this lifting operation failed to follow and adhere to safe rigging practices. Also, the personnel failed to recognize hazards which could have prevented this incident from occurring.",,,,
WD-73-20160503-1620,9,The second CO failed to perform a pre-use inspection in accordance with API RP 2D,,,,
WD-73-20160503-1620,10,1.2.2 before operating the crane.,,,,
WD-73-20160503-1620,11,The #1 CO was relieved of his crane duty by the Fab-Con #2 CO who made the final personnel lift along with the #1 CO for crew change.,,,,
WD-73-20160503-1620,12,No personnel at the time of the incident used Stop Work Authority (SWA) when the rental generator contacted the diesel tank and lifted it 5 ft before the load spring loaded.,,,,
WD-73-20160503-1620,13,Personnel were transferred after the crane was damaged. This could have elevated into a catastrophic event if the boom cable had parted.,,,,
WD-73-20160503-1620,14,The crew boat deck hand hooked the load and walked away without giving the CO hand signals.,,,,
WD-73-20160503-1620,15,SWA should have been initiated.,,,,
WD-73-20160503-1620,16,The CO did not stop the job and continued to lift the load.,,,,
WD-73-20160503-1620,17,A failure of communication between the crew boat personnel and the CO was the contributing factor in the crane incident.,,,,
WD-73-20160503-1620,18,"When CO noticed the crew boat moving around due to choppy seas, SWA should have been initiated.",,,,
UNKEYED-926037c6ac98,1," Human Performance Error – Inattention to task: tear, and puncture resistance. Personnel failed to secure panel door.",,,,
UNKEYED-926037c6ac98,2,LIST THE CONTRIBUTING CAUSE(S) OF  Work Environment – No or impropper protection from edges or impact.,,,,
UNKEYED-36d99d167a36,1, Human Performance Error – Not aware of hazards: IP was not aware of the trip hazards from working near uneven surfaces. No slip or trips were identified on the Job Safety Analysis.,,,,
UNKEYED-36d99d167a36,2, Work Environment – No or improper PPE: IP was not wearing cut resistant work gloves while handling the sharp edge sheet tin metal.,,,,
EB-699-20221116-0510,1,"Human performance error Decision to divert the drilling fluid overboard. Appendix G.1.5 of the New Technology Application Diamond West Vela East Breaks 699 well 001 rev. 01, shows the flow path going to the flowline during a PRV release.",,,,
EB-699-20221116-0510,2,none,,,,
WR-160-20150813-0030,1,(1) Failure to recognize that the Backup Wrench for the MDDM had not been unlatched from the stand of drill pipe before continuing to lift the MDDM.,,,,
WR-160-20150813-0030,2,"(1) Lack of Training: Transocean currently has no specific training for employees on the operations of the MDDM system and software. (2) Lack of Knowledge: This was the Driller's first hitch onboard the Discoverer Americas. Driller had no prior experience with this exact type of equipment. (3) Lack of Supervision: Failure of supervision onboard the rig to ensure that the employee was familiar with the equipment on the rig and a failure to properly train or give guidance to the new employee. (4) Lack of attention: Failure of the Driller to notice warning signs, like the flashing screen, or ask for assistance when having problems during operations.",,,,
WR-160-20151022-0600,1,"(1) Excessive slack in the line allowed the barrel to reach deck level, striking the IP's left foot, after falling from the transport rack.",,,,
WR-160-20151022-0600,2,"(1) Poor Body Placement: The IP's body placement put him 'In the Line of Fire', regardless of taglines being utilized throughout the operation.",,,,
WR-160-20151024-2315,1,Failure to follow the Written Risk Assessment / Procedure for transferring drill pipe.,,,,
WR-160-20151024-2315,2,Poor Supervision: Failure to ensure crew members involved in the job were competent in their tasks and aware of all procedures associated with that job.,,,,
WR-160-20151024-2315,3,Crew failed to discuss the hazards of transferring the 'Tall Stand' both during the pre-tour safety meeting or before the job began.,,,,
WR-160-20151024-2315,4,Assistant Driller did not have a clear view of the top of the drill pipe.,,,,
WR-160-20151024-2315,5,Floorhand was unaware of the location of the top of the pipe but continued flagging the Assistant Driller to pick up anyway.,,,,
WR-160-20151024-2315,6,The crew failed to identify the hazards involved with transferring the 'Tall Stand' of drill pipe.,,,,
WR-160-20150831-0100,1,(1) Failure of the crew to recognize that the connection was improperly made up before proceeding with operations. (2) Failure to secure maintain control of the drill pipe until a secure connection was verified.,,,,
WR-160-20150831-0100,2,(1) Failure to provide detailed procedures to the crew for connection operations. (2) The rig crew's failure to identify all possible hazards associated with making connections on the rig floor.,,,,
WR-29-20191210-1245,1,The wrong size lift nubbin was used to pick up,,,,
WR-29-20191210-1245,2,"proceeding forward. casing to run into the wellbore. Human error. The TSI inspector did not identify the 13-5/8"" lift nubbin was the wrong size for the 13-3/4"" casing joint. JSA's did not identify the correct nubbin for the size casing that was picked up to put in the well. Task supervisor had no type of guidance as to who needs ""All Stop"" is called.",,,,
WR-315-20220221-1215,1,"Failure to follow the Task Based Risk Assessment, a 1-3/8"" clamp was not used as specified. Failure to follow manufacturer's wire change procedure.",,,,
WR-315-20220221-1215,2,"1-3/8"" clamp was unavaialble as the procedure specified.",,,,
WR-425-20130115-0200,1,Drill Crew installed an incorrect type of high pressure fittings onto the Hydraulic Manifold which allowed the hydraulic hose to blow off once pressure was applied.,,,,
WR-425-20130115-0200,2,Neither a Risk Assessment nor a JSA were done prior to starting the job. This would have identified the hazards to be encountered when dealing with high pressure.,,,,
WR-425-20130115-0200,3,Poor House Keeping: The practice of leaving several different types of high pressure fittings lying around the drill floor led to confusion and contributed in the use of the incorrect fittings.,,,,
WR-425-20130115-0200,4,Fatigue may have been a contributing factor to the accident. The accident occurred after a short change had taken place between crews. The crew on tour at the time of the accident had just starting working a 12 hour shift after only 6 hours off. The IP had gotten off tour at 18:00 and came back on tour at 24:00.,,,,
WR-469-20150214-2330,1,The tight tolerances between the actuator plates to occur during drilling operations.,,,,
WR-469-20150214-2330,2,N/A,,,,
WR-508-20141211-0813,1,Human Error: Failure of personnel to properly align the valves going to and leading from the multiple pits led to confusion and ultimately the discharge of SBM into the Gulf of Mexico.,,,,
WR-508-20141211-0813,2,Crew members failed to maintain Lock-out/Tag-out logs as keys were distributed from one personnel to another.,,,,
WR-508-20141211-0813,3,The JSA failed to identify the environmental hazards associated with the job. -,,,,
WR-508-20141211-0813,4,Poor Communication: Radio communication was not utilized while opening the dump valves. -,,,,
WR-508-20141211-0813,5,Poor Labeling: Piping and valves were not clearly labeled. -,,,,
WR-508-20141211-0813,6,Drawings of the sump system did not accurately reflect the installation. -,,,,
WR-508-20141211-0813,7,Training: Poor understanding of proper alignment,,,,
WR-508-20210227-0420,1,Corrosion at the connection points of the encoder,,,,
WR-508-20210227-0420,2,"assembly. Equipment design. If the electric cable gland would have been on the side of the encoder, water may not have penetrated the encoder and",,,,
WR-508-20151127-1115,1,'Stress corrosion cracking' was determined to be the leading cause of the incident. Stress Corrosion Cracking is a process were fatigue stress within a metal is accelerated by the introduction of a contaminate.,,,,
WR-508-20151127-1115,2,"'Stress points' exerted onto the bottle from normal operations are believed to have been what initially began the ""stress corrosion cracking"" process. These ""stress points"" could have been caused by vibration, pressure fluctuations, bolt torque, or a combination of any of these.",,,,
WR-578-20141027-0210,1,"-After drilling into a salt zone, located at 15,902 feet, a gas influx was encountered resulting in approximately 55 barrels of mud reaching the surface before the well could be shut-in. -After shutting in the well, the shut-in casing pressure combined with the weight of the mud in the well caused the formation and the 22 inch casing shoe to break down.",,,,
WR-578-20141027-0210,2,N/A,,,,
WR-584-20160727-0520,1,The chain hoist used was missing an essential pawl,,,,
WR-584-20160727-0520,2,Poor job planning/hazard recognition,,,,
WR-584-20160727-0520,3,Improper pre-use inspection of equipment,,,,
WR-584-20160727-0520,4,Inadequate training on the equipment being used,,,,
WR-758-20151223-1120,1,"Equipment Failure: Failure of the capacitors on the Motor Side of the #2 thruster. The failure led to high temperatures, high pressure build up, and the release of conductive gases.",,,,
WR-758-20151223-1120,2,"A previous incident on the Line Side of the #2 thruster led to excessive force being exerted on the capacitors for the Motor Side of the thruster. Several test of the system were performed following the incident, with no indication of any sustained damages being inflicted to the rest of the system. The excessive wear to the equipment during the May 15, 2015 incident is believed to have been what ultimately led to the failure of the capacitors.",,,,
WR-758-20151223-1120,3,The discharge of hot conductive due to arcing between the buses.,,,,
WR-758-20170627-2120,1,"Human Error: Two valves were open on the low pressure header, which allowed SBM to enter the overboard line.",,,,
WR-758-20170627-2120,2,Failure to follow the approved procedure. The the fluid transfer and valve alignment.,,,,
WR-29-20180726-0130,1,"The temperature in the unit rose high enough to degrade the integrity of the hose causing it to burst, releasing hot lube oil to the lube oil to ignite resulting in the fire.",,,,
WR-29-20180726-0130,2,The disabled low flow and high temperature the surrounding area. This event caused safety devices.,,,,
WR-29-20180726-0130,3,The inlet and outlet valves left in the closed positions after unit restart.,,,,
WR-29-20180726-0130,4,The employees leaving the unit unattended,,,,
WR-508-20150326-0900,1,"Unforeseen loop currents, up to 5 knots, ultimately caused the casing to fall due to the increased force introduced to the string of casing as it hung under the rig.",,,,
WR-508-20150326-0900,2,N/A,,,,
WR-51-20150808-1555,1,(1) The Manufacturer's programmed logic allowed the system's 'Low Limit' set point to be automatically adjusted without the crew's knowledge. (2) Failure of the rig's personnel to adequately monitor the packer pressure to ensure that they were not nearing their lower set points.,,,,
WR-51-20150808-1555,2,(1) Failure of the rig's personnel to monitor all adjust the Diverter Pilot.,,,,
WR-551-20160911-1030,1,"During normal operations, maintenance personnel were instructed to repair a steam leak on the Primary Steam Valve (Valve 1) on Auxilliary Boiler No. 1. During the operation, it was determined that Valve 1 was not leaking, and after consulting with the Assistant Maintenance Supervisor, a decision was made to repair a leak on the Warming Through Valve (Valve 4). This was done without consulting the Engine Room Supervisor about the change in job task. After repairs to Valve 4 were nearly complete, a maintenance worker asked the Assistant Maintenance Supervisor if they could also change the packing on the Secondary Steam Valve (Valve 2). The Assistant Supervisor told him to check the storage room to see if they had the proper packing size. Once the worker retrieved the packing, he proceeded to the Engine Room Supervisor for permission to change out the valve packing. Assuming the work was being performed on Valve 1, the Engine Room Supervisor gave him approval. The two maintenance workers then proceeded to remove the old packing from Valve 2, when the steam escape incident occurred, injuring both personnel. Neither supervisor was at the worksite when the incident occurred; however the Assistant Supervisor did periodically check on the maintenance crew during repairs on Valve 4.",,,,
WR-551-20160911-1030,2,"Factors that may have contributed to the incident include: (1) a lack of communication between supervisors and maintenance crew and (2) a failure to revisit Task Risk Assessments, Tool Box Talks, Cold/Hot Work Permits, and Stop Work Authority when the job task changed. Both the Cold Work Permit (CWP) and the Task Risk Assessment were generic and, according to the Shell INC G-110 response, ""included risks that were not relevant to the task and that did not include the steam hazard."" For example, a CWP was issued to ""[r]epair leak on steam line for Main Boiler #1."" The CWP did not mention potential hazards to personnel repairing a valve on out-of-service Boiler No. 1, which was interconnected with in-service and functioning Boiler No. 2. (Note: Neither of the two injured personnel were involved with the CWP prior to work on Boiler No. 1.)",,,,
WR-551-20161126-1406,1,"The probable cause was human error. The engineer mistakenly pulled a half-inch plug from the side of the valve without bleeding down the line. The plug was not isolated from the system pressure, and once the plug was removed, gas escaped. The escaping gas was detected by the gas detection system, causing a process shutdown.",,,,
WR-551-20161126-1406,2,"It appears from information gathered during the investigation that either miscommunication or a lack of understanding of the instructions given to the workers by the production superintendant may have been a contributing factor in the chain of events that led to the incident. Also, when the lab technician stated he felt uncomfortable with taking the gas sample, stop work authority should have been implemented, and the production superintendant should have been notified.",,,,
