Incident Number,incident Title,Incident Classificatioin,Date of Incident,Time of Incident,Date of Report,Site,Area,Unit,Detail,Work Group,Description,Incident Type A,Incident Type B,Incident Type C,Incident Type D,Investigation leader - Name,Investigation leader - Position,Incident Classified by - Name,Incident Classified by - Position,Investigation Acceptor/Approver (Owner) - Name,Investigation Acceptor/Approver (Owner)- Position,Approval Date,Close out Approval - Name,Close out Approval - Position,Close out Date,What happened?  ,What was the outcome?,Incident Classification,What was the worst outcome that could reasonably be expected to have happened?,Health & Safety Incident - Classification,Health & Safety - Risk Score,Health & Safety  - Consequence,Health & Safety - Likelihood,Environment & Reputation - Incident Classification,Environment & Reputation - Risk Score,Environment & Reputation  - Consequence,Environment & Reputation - Likelihood,Financial Cost & Business - Incident Classification,Financial Cost & Business Interruption - Risk Score,Financial Cost & Business Interruption  - Consequence,Financial Cost & Business Interruption - Likelihood,How did the incident occur
MC-20030521-0400,,21-MAY-2003 MAJOR 29. ACCIDENT INVESTIGATION,2003-05-21,04:00,,MC,,,T.O. DISCOVERER ENTERPRISE,,LIFTING DEVICE,,,,,INV-ae38c0,,,,SUP-dac8e7,District Supervisor,,,,,"Well No. 6 was TD'd at 24,910' KB. Rig on the main rotary was in the process of
pulling out of hole with drill pipe at 24,726' KB when the rig experienced a heave
followed by a jarring action at 4:00 a.m. It was believed that riser had become
unlatched or parted. The remote operated vehicle (ROV), which was observing 20""
casing (from MC 778 No. 9) being run on the aft rotary, was sent to observe the
riser. It was determined that the riser had parted in at least two places. The
riser was parted at 3200' KB and one foot above the lower marine riser package
(LMRP). The ROV observed several joints of riser on the seafloor. The remainder of
the riser was located with one end penetrating the seafloor and the top at 5087' KB.
The casing shear ram and the lower blind shear ram closed via the deadman sequence
providing an effective seal on the wellbore. The drill string appeared to be intact
from the rig floor down to and into the riser that penetrated the seafloor. The ROV
was used to activate an upper set of blind shear rams at 8:53 a.m. A worst case
scenario (if all mud u-tubed out) of the discharge is 2450 bbls (pollutant volume
1421 bbls - 58% of 2450 bbls) of 13.7 ppg synthetic mud. No sheen was observed.
USCG and NRC were notified. BP sent a helicopter to observe for possible sheen. Sea
conditions at the time of the incident were 2' seas with a 1.9 kt current to the
South. The 20"" casing was pulled from the aft rotary and laid down.
The lower riser section was latched with slings on drill pipe from aft rotary and
secured at approximately 1000' above seafloor. Slips were set on drill pipe at rig
floor. ROV seafloor survey indicated only minor damage to nearby wells. Louisiana
Responder vessel arrived on location.
Performed minor repair on drawworks. Top drive system checked out fine. Pulled
drill pipe from forward rotary. Re-ran drill pipe through upper riser section on
forward rotary. Attached second sling to lower riser section with ROV. Released
drill pipe sling from aft rotary and attached to drill pipe on forward rotary.
POOH with drill pipe on aft rotary. Picked up and ran hydraulic riser pulling tool
on aft rotary. Stabbed and latched into lower riser section. Rotated rig to
position lower riser section away from wells in vicinity. No pollution observed.
Pick up on riser. Pull riser joints 26, 25, and 24 out of mud while positioning rig
south of drill center. Riser joints on seafloor appear to be connected. Jet mud
from beneath riser joint 23. Cut boost and choke line on riser joint 23 with rig ROV
chop saw.
Jumped ROV to make cut on riser with diamond band saw. Cut riser along with choke,
kill, boost, and rigid conduit lines. Picked up riser off bottom. Cleared Mux line
around bottom of lower riser section while slowly moving off location.
Lower riser section retrieved on aft rotary. Top joint (#39) of lower riser section
sent to Stress Engineering in Houston for analysis. Retrieved last joint (#40) of
upper riser section on forward rotary. Joint #40 also sent to Houston for analysis.
Lower Marine Riser Package was retrieved and repaired on rig for reuse. It will be
rerun to latch to BOP stack to begin fishing operations. All bolts and inserts from
the 3200 feet of upper riser to go through full inspection (including magnetic
particle inspection). Riser tubes to be analyzed for damage. BP team planning for
re-entry and well control plan. BP riser recovery team reviewing procedures for
recovering remaining riser on seafloor. Magnetometer survey indicated parts of riser
located 40' below mud line. MMS Accident Investigation Team (Lars Herbst, David
Trocquet, Fred Hefren) met with BP, Transocean, and Stress Engineering to discuss
incident and get update of their investigation.
17. INVESTIGATION FINDINGS (See",,21-MAY-2003 MAJOR 29. ACCIDENT INVESTIGATION,,,,,,,,,,,,,,
LB-6488-20030504-0740,,04-MAY-2003 MINOR,2003-05-04,07:40,,LB,6488,EUREKA,[J,,LIFTING DEVICE,,,,,INV-281aa8,,,,SUP-5157ed,District Supervisor,,,,,"Boom Pawl was not engaged. Had the boom Pawl been engaged, slippage of the boom
hoist clutch would not have allowed the boom to fall resulting in the failure of the
live mast.",,04-MAY-2003 MINOR,,,,,,,,,,,,,,
MI-622-20040121-0314,,,2004-01-21,03:14,,MI,622,,,,,,,,,INV-5cd36f,,,,SUP-556de3,District Supervisor,,,,,"This crane needed to be in tip top shape for an uncoming lift of 49000# coil tubing
package. The crane operator noticed the crane was making a noise,and the electric
motr speed was not working correctly. The electrician was called. While inspecting
the crane, the electrician noticed oil dripping from the boom motor seal. He in turn
notified the mechanic that the seal was leaking, and the decision was made to replace
the seal in the electric boom motor.
The mechanic then locked-out the power and acquired all of the work permits required
for this task. Ensco uses Job Hazard information, Work instruction, and a Permit to
Work (1-Cold Work Permit & 2-Isolation Certificate) . These take the place of a JSA.
The mechanic supported the motor and un-bolted the motor. When he slid the motor out
of the splines of the gear box, the crane boom fell across a tank of liquid nitrogen.
The tank lifting cradle and support took the impact of the boom, and the outer tank,
while bent, was not ruptured.",,,,,,,,,,,,,,,,
HI-47-20040519-0830,,,2004-05-19,08:30,,HI,47,,,,,,,,,INV-198f1a,,,,SUP-78dcb4,District Supervisor,,,,,"On Wednesday, May 19, 2004, at about 0735, a fire broke out on Spinnaker's High
Island (HI) Block 47 A platform. Two contract workers were injured. The Production
foremen works for the Wood Group. The well on this platform has a shut in pressure of
psi and produces with a FTP of psi. The well produces about MMCF/D,
bbls of condensate and bbls of water per day. The well also has an H2S
component of about ppm, and a content.
The activities at the time of the incident included bleeding down the flow line and
removing the hydraulic controlled choke and the choke seat from the choke body. The
SSV located on the tree had been closed from the control panel, allowing for the flow
line and sand knockout to be bled down. No other valves on the tree or flow line
were closed except those downstream of the choke body to isolate the pressure in the
production equipment. The cap was then removed from the choke body in order to remove
the choke seat. At this time, Byron King apparently mistakenly opened the control
switch for the SSV and allowed the full wellhead pressure to flow through the open
ended choke body. At that instant, Mr. , still at the control panel,realized his
mistake and then closed the control switch for the SSV. The lag time interval
between opening and then closing the SSV with the control switch is esitmated to be
about 20 to 45 seconds depending on his reaction time. In this interval, the full
well volume was blowing from the open choke body toward the living quarters.
The wind was blowing from the Southeast to the Northwest which allowed the gas vapor
to blow over the meter run house and generator house. The Generator is assumed to be
the point of ignition of the gas, and it was consumed in the resulting fire along
with the adjacent meter run house, meter runs and telemetry. The direction of the
blast from the open choke body was directly toward the living quarters located about
25-30' away from the open choke body, and the living quaarters were rapidly consumed
in the blaze. The contract injured man with the burns worked for E S & H and was in
the living quarters at the time of the incident, while the other contract man working
for Schooner Chokes sustained the broken bone when he jumped to the lower deck.",,,,,,,,,,,,,,,,
EI-32-20041227-0250,,,2004-12-27,02:50,,EI,32,,,,,,,,,INV-2b688b,,,,SUP-1892d3,District Supervisor,,,,,"At approximately 02:48 hours on December 27, 2004, an alarm was sounded at Unocal.'s
Eugene Island 32 ""A"" platform. Personnel were alerted of a process equipment upset at
their adjacent Eugene Island 32 ""F"" platform. The 32 ""F"" platform is unmanned and
production process operations are monitored by use of a SCADA system from the 32 ""A""
platform. A boat was called to transport personnel to the 32 11F11 to investigate the
cause of the alarm. Upon arrival at Eugene Island 32 ""F"" platform at 05:45 hours,
personnel reported that no pollution was observed originating from the platform. Once
onboard it was determined that additional equipment (pumps, containers and hoses)
would be needed to recover oil from the decks and sump system. Upon returning to the
platform at 07:45 hours to begin clean up operations, personnel observed a slick
leaving the platform in a northwest direction. While gathering information to be
reported, a (MMS) inspector from the Lafayette District arrived on location. The
pollution was reported to the NRC (Case No. 745385) at 08:00 hours; which documented
that 75 gallons of light gravity oil was released from the sump tank outlet on the 32
""F"" platform. With the platform totally shut in, no instrument gas supply was
available to operate the sump pump to prevent oil from carrying over into the gulf.
The platform decking was cleaned and the equipment involved in the incident was
repaired. The platform was returned back to full production operations at 14:35.",,,,,,,,,,,,,,,,
GC-236-20050516-1200,,,2005-05-16,12:00,,GC,236,,,,,,,,,INV-e77a43,,,,SUP-f172f3,District Supervisor,,,,,"On Monday, May 16, 2005, the crew was in the process of plugging back to sidetrack
Green Canyon Block 236, Well #2. After washing sand and hydrocarbons from the well,
a magna range wireline plug was set in 3 ½"" tubing in the well at and pressure
tested to psi. No flow was observed while washing the well out with ppg
prior to setting the plug or after. The tubing was perforated above the
magna range plug and the completion fluid was displaced from the annulus
with . The well was observed to be static. The tubing was then cut
above the magna range plug at . The hanger was unlocked and the tubing picked
up; it took 160,000 over pull to part the tubing at the cut (cut was not complete).
Well was static for 30 minutes and then there were indications of slugging (annular
flow and sucking on the drill pipe). The lower annular was shut in on the tubing and
control lines below the hanger and the well was shut in and had 0 pressure on the
tubing and casing. They continued circulating the well and had oil and gas in the
returns. Eventually, pressure began to build and flow increased while circulating
out oil and gas. The kick volume was estimated at over 100 barrels. The final shut
in pressure after circulating out the kick was 2520 on the casing and tubing which
included roughly 200 psi trapped pressure.
There was not enough of the original completion fluid on location to kill the
well. Chevron had already ordered the drilling mud which was planned to
follow the which was in the hole. As it worked out, the fastest thing they
could do was wait on the drilling mud which took roughly 30 hours to get on location.
The well was killed uneventfully with the mud.",,,,,,,,,,,,,,,,
MC-778-20050708,,,2005-07-08,,,MC,778,A(Thunder Horse,,,LIFTING DEVICE,,,,,INV-173659,,,,SUP-ec0d5f,District Supervisor,,,,,"Findings indicate that personnel were instructed to isolate the four hydraulic power
units (HPUs) that control the ballast control valves as part of the evacuation
process. The HPUs are manufactured by Danfoss Marine Systems. The process
(procedure) by which the personnel isolate the HPUs is based on ""on-the-job""
experience from previous job assignments on other deepwater operations projects. BP
did not have a formal written procedure specific to the isolation of the HPUs.
Shortly after the isolation of all four HPUs immediately prior to evacuation, a
significant number of vessel monitoring system (VMS) alarms were captured, indicating
multiple valve movements. Recorded data indicates that over 80 ballast and bilge
valves experienced movement. On August 7, 2005, a test was conducted on two of the
four HPUs to replicate the isolated condition in which they were left on evacuation.
This demonstrated that the isolation was not effective and that the HPUs were still
capable of providing sufficient hydraulic power to cause the 80+ bilge and ballast
valves to open gradually from their initially closed positions. Further
investigation reveals that BP did not conduct a hazards operability (HAZOP) review of
this system during the design stage. Also, BP officials stated that if they had
conducted a HAZOP review, they probably would not have looked at this scenario
because the system was purchased from the manufacturer as a complete system. BP also
did not confer with the HPU manufacturer to identify hazards created by improper
operation of the HPU system.
Evidence from the ballast tank inventories (pre evacuation and post incident)
indicates that water migration occurred from a number of ballast tanks, most
importantly from the starboard forward column tanks, into other tanks and spaces in
different quadrants of the hull. The two column ballast tanks, which were known to
be full immediately prior to evacuation, were found to be empty after re-boarding.
The elevation of the column tanks is approximately 40 meters above the keel. This
elevation would provide sufficient hydrostatic head pressure to cause water migration
through partially opened valves.
Three check valves in the bilge piping system were found to be installed in the wrong
position, and one additional check valve was found to be inoperable.
There were a number of multiple cable transits (MCTs) failures in the bulkhead that
were discovered during the re-boarding and assessment of the hull. MCTs are the
points in the watertight bulkheads where cables that carry electrical power and
instrument signals pass through the watertight bulkheads. Essentially, MCTs are
molded blocks of plastic that seal around each cable. Failure occurred in the spaces
filled with blank blocks. Further investigation into the MCTs revealed that the MCTs
were improperly installed for the configurations they were being used for. The
direction of failure indicated the direction of water flow through the transits. The
MCTs are manufactured by MCT Brattberg of Sweden.
It is calculated that about 15,000 metric tons of seawater entered the hull during
the event. However, inspection of the hull, both above and below the water line, has
not revealed any evidence of a breach. Additionally, inspection and testing of all
engineered penetrations in the hull below the normal water line (instrument ports,
sea chests, etc.) have failed to uncover evidence of a leak.
The PDQ was to be equipped with remote monitoring and operation capabilities of the
ballast control system prior to commissioning of the vessel. However, this equipment
was not operational at the time the vessel left the shipyard, nor was it operational
at the time of the evacuation for Hurricane Dennis.On Friday, July 8, 2005, personnel
began evacuation procedures in preparation of Hurricane Dennis. According to the
onboard vessel monitoring system (VMS), shortly after all personnel were evacuated,
the PDQ began listing to the starboard side for approximately six hours before
starting back to the port side. The PDQ continued to list to the port side to
approximately 16 degrees. When the PDQ was discovered on Monday, July 11, 2005, the
PDQ was listing at approximately 20 degrees.",,,,,,,,,,,,,,,,
GC-158-20051108,,,2005-11-08,,,GC,158,,,,,,,,,INV-b1e58e,,,,SUP-09dc64,District Supervisor,,,,,"A BOP test had been completed on the Green Canyon 158 A-7 well. The fresh water that
was used for the test had been pumped out of the stack thru the overboard discharge
line. The shaker hand was told by the driller to close the overboard discharge line
valve and prepare to fill the BOP stack with mud. The shaker hand moved the valve
handle to what he thought was the closed position. In reality, he had only partially
closed the butterfly valve to a ""hard"" spot. The driller then turned the pump on to
fill the hole from the trip tank thinking everything was lined up. When the stack
filled up, the excess mud went down the discharge line, instead of going back in the
active system. This allowed 15 barrels of synthetic base mud (50% oil and 50% water)
to go into the water.",,,,,,,,,,,,,,,,
ST-134-20051226,,,2005-12-26,,,ST,134,,,,,,,,,INV-54bea7,,,,SUP-5489c4,District Supervisor,,,,,"A fire occurred inside the rig's storeroom on December 26, 2005 at approximately 1030
hours. The storeroom is located on the lower level of the inner hull on the starboard
midship side of the rig. The rig personnel had experienced a well control event. The
well control event was bought under control and then wireline operations were
commenced. The wireline crew was in the process of running a noise evaluation and
temperature log when the crane operator noticed smoke coming out the storeroom vent.
The fire alarm was activated. Fire fighting teams were assembled and started
extinguishing the fire with water. The decision was made to evacuate all non
essential personnel at 1100 hours.
The fire fighting teams fought the fire from approximately 1045 hours to 1500 hours.
At appromimately 1500 hours, the fire began to decrease significantly. It was
completely extinguished around 1800 hours. One of the fire fighters slipped and
hurted his knee while fighting the fire. There was no pollution as a result of this
fire.
The electrical power was shut off on the starboard side of the rig.",,,,,,,,,,,,,,,,
MP-299-20060201,,,2006-02-01,,,MP,299,,,,,,,,,INV-44b0f0,,,,SUP-f3174e,District Supervisor,,,,,"An oil sheen was observed coming from the FP Platform at Main Pass 299 at 0630 hours
on February 1, 2006.
Pre-Incident Operating Conditions:
1) MP 299 FP has two separate production processing systems, which include two
produced water treatment trains. One train processes produced water from Freeport-
McMoRan's production (Float Cell 106) and the other is used to process production for
Chevron (Float Cell 107).
2) Heat is used to aid in the oil/water separation process. One of the two heaters in
the platform's hot-oil system has been out of service since 1/14/06. Due to the
reduced capacity for heating, production processing capacity on the train has been
restricted until the second heater is returned to service.
3) When cold treating, additional chemicals must be added to the gross production at
the Chevron production platforms to enhance the ability to adequately separate the
oil/water at the FP platform. The chemical vendor for Chevron has determined the
optimum chemical formulation for this process but has determined the treatment
capability is limited to a production rate of just above BPD oil. Accordingly,
when cold treating Chevron's production is limited to no more than BPD oil.",,,,,,,,,,,,,,,,"Sequence of Events:
1) On January 31, 2006, the departing pipeline for the Chevron production began
experiencing high pressure. Chevron was instructed to reduce their production, from
approximately BPD to BPD.
2) After several hours of reduced production, pipeline pressure had dropped and
Chevron was instructed at 1830 hours that they could slowly increase their production
to the previous level of approximately BPD.
3) By 0630 hours on February 1, 2006, Chevron had increased their production to a
rate in excess of the BPD. A sheen was spotted around the platform and
operations began a search for the source of the sheen.
4) By 0800 hours it had been determined that the overboard water discharge from the
Chevron train was the source of the sheen. It was also determined that Chevron's
production flow rate was too high for adequate water treatment to occur. Chevron was
instructed to curtail their production in order to stop the carry through of oil from
the float cell and they immediately did so.
5) MMS personnel landed at FP at 0830 hours and advised that on their flight in they
had observed the sheen extending up to six miles from the platform and having a width
of approximately one mile. MMS estimated the final volume at approximately 10 bbls.
6) Platform personnel notified Freeport-McMoRan staff in New Orleans at 0915 and the
oil spill response plan for Freeport-McMoRan was activated.
Freeport-McMoRan reported the sheen to the National Response Center (NRC Incident #
786920). Based on the various observations of sheen color and size received from the
platform and MMS personnel, the initial estimates of the oil volume released ranged
from two barrels to twenty-eight barrels. As a conservative measure, Freeport
McMoRan reported the release as the highest of these estimates. Freeport McMoRan
activated its Spill Management Team and their technical response consultant,
O'Brien's Oil Pollution Services, Inc. (OOPS), to initiate spill mitigation measures.
Weather forecasts and spill trajectory models were ordered, preparations for
dispersant application were put into motion, on-water response vessels and support
personnel were ordered and overflight arrangements were made which included Coast
Guard and NOAA personnel.
An overflight of the sheen area was conducted by the Coast Guard,
NOAA and OOPS personnel to assess the volume of oil on the water and to determine
that appropriate response actions to be taken. The assessment determined that the
small quantity of oil found was non-dispersible and non-recoverable and that the
quantity of oil released was probably less than one barrel. All response efforts
were instructed to stand down at 1340 hour."
WD-73-20060206,,,2006-02-06,,,WD,73,,,,,,,,,INV-860d69,,,,SUP-48c564,District Supervisor,,,,,"At the time of the incident normal production operations were being conducted and the
night operator had been in the compression building at approximately 1:30 AM. At
approximately 2:20 AM on February 6, 2006, an audible process alarm at the West Delta
73 Platform was triggered by the # 5 compressor shutting down. The night operator on
duty proceeded to the compression building to investigate the cause of the shut down.
Upon arrival at the building, the night operator witnessed smoke, visible fire and
the dumping of the CO2 system inside the building. The night operator immediately
notified the quarters building to sound the general alarm and activated the Emergency
Shut Down (ESD). Everyone onboard (approximately 68 personnel) mustered as required
and a team of 5 employees was dispatched to assist the night operator with
extinguishing any remaining fire and smoldering debris. The safety systems performed
as designed. CO2 in combination with the ventilation system shut down and the ESD was
able to suppress the bulk of the fire. Two, of the five compressors in the building,
as well as, control panels, cables, wall/ceiling insulation, gantry beams and turbine
air intakes were badly damaged.
Investigation Findings:
The investigation revealed an apparent mechanical failure of a bronze manually
operated isolation valve for the panel fuel gauge. This device in question was
attached to a 0.25 inch stainless steel tubing line operating at 150 PSIG. The
product in the line was fuel gas with a composition of 96% Methane.
The auto ignition temperature of this fuel gas is less than 1100 degrees F.
The external skin temperature of the combustion chamber of the # 5 compressor under
normal operating conditions is 1140 F.
There was no evidence of elevated gas levels or any evidence of a pressure wave
and/or explosion at the scene.
The position of the broken valve was directly in line with the flange bolts of the
discharge check valve on the # 5 compressor. After the fire it was observed that
five (5) of the twelve (12) bolts on the 8-inch flange were no longer tight.
Observations indicate that a relatively small fire had occurred opposite of the
bronze valve and in the direction of the flange bolts of the discharge check valve.
Observations of the damaged area indicate a very large fire in the opposite direction
away from the discharge flange.",,,,,,,,,,,,,,,,
VK-956-20060318,,,2006-03-18,,,VK,956,,,,,,,,,INV-843445,,,,SUP-bc0db3,District Supervisor,,,,,"On March 18, 2006, at -7:30 p.m. the Ram-Powell drilling module crane (#3- Seatrax)
was moving a 500 gallon tri-ethylene glycol transporter to the tote storage area on
the NE corner of the upper deck. As the crane operator was booming down to place the
load, the boom wire broke causing the boom to fall across the drilling rig catwalk
and onto the platform deck below. The tote tank ruptured and the boom jib tip
punctured the upper deck skid pan. The glycol was collected by the lower deck skid
pans and processed through the water sump before being discharged through the
emergency sump. No sheen or platform upsets were reported. The lost glycol was valued
at $4735.50.",,,,,,,,,,,,,,,,
VR-256-20060411,,,2006-04-11,,,VR,256,,,,,,,,,INV-fd4ecb,,,,SUP-63f858,District Supervisor,,,,,"As the welder was cutting rail guides off of a temporary 70 ton crane, the oxygen
side of a cutting hose parted approximately one and a half inches behind the torch
assembly. This mixture ignited and burnt the welder's glove and hand. The crane
operator that was watching the operation grabbed the hose about 12 inches behind the
torch assembly and ""kink"" it to stop the flame. Two other hands made their way to the
bottle rack and turned off the supply to the hose. At this time the crane operator
let go of the ""kink"", and in doing so, the excess pressure that was left on the hose
exhausted and ignited, burning the crane operator's hand and wrist area. The fire
watch extinguished one 30 pound extinguisher and put out remaining flame. Both
injured persons were given first aid on site and flown to a hospital.
MMS inspectors on site condemned the hose, regulators, torch assembly and all
associated fittings. Stone will send all this equipment in to get tested and will
provide MMS with their findings. At this time probable causes include, but are not
limited to, faulty hose, faulty check valves on torch assembly, and faulty regulators
causing overpressure of hose. The hose is rated for 150 psi. Oxygen bottles under
normal conditions may contain up to 2000 psi. Propylene bottles can contain up to 300
psi. Regulators were set that morning at 10 psi for the Propylene and 50 for the
The hose was in new condition.
oxygen.",,,,,,,,,,,,,,,,
157-20060507-0400,,,2006-05-07,04:00,,,157,,,,,,,,,INV-e6348a,,,,SUP-f21512,District Supervisor,,,,,"On May 7, 2006 rig personnel were conducting anchor handling operations. Rig
personnel were attempting to uncouple connections between the different sections of
the rigs anchor line, which is a normal anchor handling operation. Two sections of
cable that had to be disconnected were held together by a ""K ener Link"". This link is
not a swivel link and there was no swivel link located anywhere in the connection.
The cable attached to this link had acquired stored torque energy during its moves.
The rig personnel were aware of cable's possible stored torque and were using a
prybar to suppress the expected small amount of stored torque energy in the cable.
When the kener link was uncoupled the wire caused the link to spin, thus twisting the
pry bar from their hands and striking and injuring three employees.",,,,,,,,,,,,,,,,
GC-743-20060530-0009,,,2006-05-30,00:09,,GC,743,,,,,,,,,INV-a0fd63,,,,SUP-446d31,District Supervisor,,,,,"While drilling in the auto driller mode, the drill pipe racking system was put in the
Anti Collision System (ACS). The Anti Collision System is a software package with
communication between proximity switches placed at specific points to prevent pieces
of equipment from coming into contact with one another. In this incident, the system
prevented the collision of the traveling block with the drill pipe racking system.
This action stopped the traveling block movement but the auto driller program
continued to count. With the automatic driller pre-set to drill at a certain
penetration rate, the computer (auto driller) will time how fast the block must
decend to achieve this desire rate of penetration (i.e. count of the footage it
should descend over a period of time). As the anti collision system prevented the
block from descending for a certain period of time, the actual physical motion was
stopped but the automatic driller continued to count the time elapsed. When the ACS
was disengaged the block descended the distance it would have while interrupted (or
counted), which was 18 feet. The drilling software program was carrying out the last
command that it had recieved.",,,,,,,,,,,,,,,,
ST-20070208-2145,,,2007-02-08,21:45,,ST,,A,,,LIFTING DEVICE,,,,,INV-a5f06e,,,,SUP-349f62,District Supervisor,,,,,"A Leap Frog crane had been moved to a workover service location. Welding on the
crane boom had been completed and the operator began load testing the crane. The
boom was at an angle of 55 degrees and was being tested to 32,500 pounds, which is
125% of the rated load for this angle. When the load reached 32,000 pounds, the boom
bent on a section of the base. The crane was taken in to be repaired. After the
crane had been repaired, the entire boom was tested and passed all inspections. The
crane was reassembled on the platform and re-tested.",,,,,,,,,,,,,,,,
GB-244-20070219-2020,,,2007-02-19,20:20,,GB,244,,T.O. F100,,LIFTING DEVICE Top drive/derrick,,,,,INV-780a53,,,,SUP-eb3950,District Supervisor,,,,,"On 19 February 2007 at approximately 2020 hours, a fifty-three pound lifting-sub fell
sixty-five feet from the derrick striking and injuring two contractors. One
contractor employed by Halliburton the other by Tesco, were installing a completion
assembly to a joint of 2-3/8"" production tubing when the lifting-sub fell to the rig
floor. The lifting sub was installed hand tight to the string of 2-3/8"" production
tubing, which would allow for easier removal once the tubing was set in the hole. The
connection of the completion assembly to the production tubing was done while the
completion assembly was sitting inside the mousehole on the rig floor. The completion
assembly position in the mousehole allowed the worker easier access to handle and
tighten the connection at waist height. Both contractors were unaware that the weight
of the pipe, while suspended in the mousehole, allowed the lifting-sub to back out of
its connection. Instead of tightening the completion assembly to the production
tubing they did the opposite by tightening the production tubing to the completion
assembly. This allowed the lifting-sub to back out of its connection due to the
weight of the tubing suspended on the lifting sub. A friction bite occurred when the
production tubing prevented the lifting-sub from rotating with the tubing as it was
made up into the completion assembly. It was observed by witness that the top drive
elevators were not lowered enough to clear the lifting-sub. All operations were
suspended to allow for safe removal of the two injured contractors from the rig
floor.",,,,,,,,,,,,,,,,
WD-29-20070822-1500,,,2007-08-22,15:00,,WD,29,F,,,LIFTING DEVICE,,,,,INV-b7ae62,,,,SUP-1a4cb7,District Supervisor,,,,,"On 8/22/2007 around 15:00 operations shut in the compressor involved and started the
# 2 compressor to perform maintenance. The compressor stayed shut in for an estimated
three hours. When the operator began to have trouble with the # 2 compressor they
decided to start up the # 1 to help with the load. Two men stood at the front of the
compressor, one was operating the fuel gas and starter the other was observing for
learning purposes. Another man was at the back of the compressor operating the air
for the startup. The operator rolled over the engine and then attempted to crank it.
The unit tried to fire off but failed. The unit then backfired causing the operators
to shut off the air and fuel supply. Within an estimated 2 seconds an explosion
occurred blowing off the # 1 compressor crankcase door. Oil was blown out hitting the
wall and window of the compressor building. The wall and window redirected the oil
(hot oil) onto the two operators standing at the front of the compressor burning both
of them. Injured Person #1 contract employee, Loss Time Accident (LTA) 15 days;
currently on restricted work and anticipated to be released to regular duty October
4, 2007. Injured Person #2 contract employee, assigned to Restricted Work (RW) the
same day as incident and anticipated to be released to regular duty September 21,
2007.",,,,,,,,,,,,,,,,
MC-711-20071024-1815,,,2007-10-24,18:15,,MC,711,A (GOMEZ),,,LIFTING DEVICE,,,,,INV-d55b15,,,,SUP-d88f58,District Supervisor,,,,,"On October 24, 2007, at approximately 18:15, on ATP Oil & Gas's OCS-G 14016,
Mississippi Canyon (MC) 711 A Platform (GOMEZ), a contract employee was injured when
his middle finger tip on his left hand was pierced by a broken drill bit, as a result
of equipment failure. Injured person (IP) was placed on light duty.",,,,,,,,,,,,,,,,"Sequence of Events:
A contract employee with Omega was drilling through a piece of metal when the drill
bit in the drill broke. The piece of drill bit that was still in the drill pierced
through his finger tip on this middle finger on the left hand. IP saw the medic to
stop the bleeding and was sent to shore on October 25, 2007, for an evaluation at
CECHE Occupational Medical Clinic in New Iberia, LA. IP had a clean puncture through
his finger, missing the bone and there were no signs of foreign particles on the X-
ray. IP was sent to light duty at Omega's yard."
GB-260-20071104-1615,,,2007-11-04,16:15,,GB,260,A(BALDPATE),,,LIFTING DEVICEAir Hoist,,,,,INV-fd84d6,,,,SUP-ea1b29,District Supervisor,,,,,"On 4 November 2007 at approximately 1615 hours, a construction crew contracted by
Hess Corporation was attempting to install an incoming flowline riser from the Walter
Oil and Gas Garden Banks 302 subsea Well No.1, when an incident occurred injuring one
of the contractors. A Performance Energy Services contract construction rigger
(Injured Person - IP) was involved in lowering a section of flowline riser to a
location below the platform cellar deck. The nylon sling used to make the lift parted
when it became exposed to 800 degrees from the turbine generator exhaust. The
flowline riser fell approximately 20-25 feet before trapping the IP. The IP was
pinned between a section of handrailing and cable from an air hoist used to maneuver
the riser into place. A Performance Energy Services Lead Foreman ( )
was checking up on other job task assigned to personnel when the a construction crew
employee ( ) alerted him that an accident had occurred. Together the two men
found a come-a-long, chain and nylon straps. They proceeded back to the area where
the IP ( ) and the construction crew employee ( ) had been working. At
this time a few more members from the work crew had arrived with an extra come-a-
long. The work crew decided to hook the come-a-along to the crane's stinger and lift
up on the flowline riser section to relieve the tension from the line pressing
against the IP's ( ) mid-section. The work crew lifted the load of the flowline
riser using the come-a-long which removed the weight off the cable from the air hoist
freeing the IP ( ) from between the cable and handrail. The IP was then set on a
stretcher and brought out to an open deck area where he could be lifted. A personnel
basket was lowered to the open deck area where the IP ( ) was placed into the
personnel basket and lifted to the top deck. He was then transported into the TV room
where his blood pressure and pulse was monitored by Hess first responders. Air Med
was notified at 1630 hours and arrived at 1830 hours. The IP ( ) was brought
back outside and placed back into the personnel basked and lifted to the heliport
where he was placed into the helicopter. The aircraft departed GB 260-A at 1907
hours.",,,,,,,,,,,,,,,,
SP-78-20071115-0530,,,2007-11-15,05:30,,SP,78,,,,LIFTING DEVICE,,,,,INV-5496f6,,,,SUP-cd7b0e,District Supervisor,,,,,"On November 15, 2007, at 0530 hours, a crew member was injured while the Motor Vessel
(MV) Pope John Paul II was maneuvering and tying-up to Lease OCS-G 2185, South Pass
(SP) 78 A Platform. The Injured Person (IP) suffered fractures in both hands and legs
when the rope used to tie-up the MV snapped striking both his hands and legs. The IP
recovery time is expected to be greater than two months.",,,,,,,,,,,,,,,,"Sequence of Events:
The MV Pope John Paul II was trying to tie up to a Marathon platform. After the IP
tied the boat up the boat captain tried moving the boat forward to take up the slack
out of the rope. The IP tried to stop the captain thinking he was going to fast.
The IP thought the captain did not see him because of all the equipment on deck.
Before the IP could think about his position the rope snapped in two striking the IP
on both legs and hand. Nabors safety coordinator flew with IP to hospital.
Update 1: 11/19/07 - Injured person went through surgery. He did have fractures in
both legs and both hands. He was eating regular food and talking. IP currently in ICU
and is to be upgraded.
Update 2: 12/4/07 - The injured party will possibly need recovery greater than 2
months."
MC-727-20080306-1130,,,2008-03-06,11:30,,MC,727,,T.O. DEEPWATER HORIZON,,LIFTING DEVICE,,,,,INV-d55b15,,,,SUP-cd7b0e,District Supervisor,,,,,"On March 6, 2008, at approximately 11:30, at BP E&P Inc.'s Lease OCS-G 24102,
Mississippi Canyon (MC) Block 727, an employee was injured during the unloading of
equipment from the Motor Vessel (MV) Fast Bullet to the Transocean Deepwater Horizon.
The MV experienced high seas which caused a rolling motion and the Nu-tec tool rolled
on the Injured Person's (IP's) right leg. The IP was evacuated to East Jefferson
Hospital where he received treatment for a broken leg.",,,,,,,,,,,,,,,,"Sequence of Events:
The crew was unloading the M/V Fast Bullet using the port crane. Drilling operations
were taking place on rig floor. The crane crew was in the process of unloading
equipment from the crew boat to the rig. At the time of the incident, the crane had
been hooked to a small grocery box on the starboard side, the M/V Fast Bullet
experienced a 6-8 foot swell causing a rolling motion and causing the Nu-tec tool to
roll on the IP's right leg. The rig medic was sent to the boat and IP was stabilized
and brought up to the rig via crane. Medivac helicopter arrived at 1310 and departed
at 1340. Injury was not caused by the crane operation at the time. The Nu-tec tool
had already been unshackled in preparation for a later lift and it rolled onto IP's
foot due to boat movement in high seas."
EI-63-20080405-0725,,,2008-04-05,07:25,,EI,63,B,,,LIFTING DEVICE,,,,,INV-8fc372,,,,SUP-2b24bc,District Supervisor,,,,,"On 5 April 2008 at 0725 hours a Meter Technician (MT), employed by Southern Flow and
contracted to Hunt Oil, was performing service/maintenance work to a high pressure
gas meter. The repair work consisted of changing a damaged gear shaft and pinion
located on the upper section of the meter housing. Platform personnel had
communicated to the MT that the upper section of the meter was bled down and ready
for servicing. For unknown reasons the MT mistakenly unscrewed the wrong gear shaft
and pinion assembly which was located on the lower section of the meter where a
system pressure of 1000 psi remained. High pressure gas was released blowing the gear
shaft and pinion out the side of the meter striking the MT. The MT was blown under an
adjacent production separator breaking a tubing tray and knocking the MT unconscious.
The MT was found by platform personnel unconscious but breathing. Before leaving the
platform to be transported to Terrebonne General, the MT regained consciousness but
could not recall anything related to the incident. The aircraft transporting the
injured arrived in Houma at 0830 hours. This incident also resulted in an undesired
release of high pressure and high volume gas.",,,,,,,,,,,,,,,,
VR-318-20080413-0730,,,2008-04-13,07:30,,VR,318,A,,,LIFTING DEVICE,,,,,INV-70af43,,,,SUP-d5a60e,District Supervisor,,,,,"The MMS investigation revealed that the construction crew had been working in the
EC/WC area for ATP approximately three weeks. On April 11, 2008, the construction
crew performed repairs on WC 557C, then proceeded to EC 299A platform where they
remained on the platform overnight due to rough seas. On April 12, 2008, the
construction crew spent the day on EC 299A platform until the seas calmed in order to
board the Motor Vessel (M/V) Miss Debbie. The crew boarded the M/V Miss Debbie on
April 12, 2008 at approximately 1800 hours en route to VR 318A platform in order to
remove two plastic water tanks from the platform. On April 13, 2008 at approximately
2430 hours, the construction crew arrived at VR 318A platform, where they spent the
remainder of the night on board the M/V.
The following",,,,,,,,,,,,,,,,"sequence of events leading to this incident was gathered from the
operator's data coupled with testimony gathered during an interview with one of the
construction crew members. On April 13, 2008 at approximately 0600 hours, the
Construction Crew Foreman (CCF) and the 2nd Captain ate breakfast together. The CCF
expressed his urgency to complete the job so he could return home to celebrate his
40th anniversary. At approximately 0700 hours the Captain of the Miss Debbie (CMD)
and the CCF decided that it would be better to use the boat landing on the Southeast
side of the platform due to the Southwest boat landing being too high. At
approximately 0730 hours the CMD repositioned the vessel and approached the Southeast
boat landing stern first. At this time, one of the vessel's crewman attempted to
retrieve a swing rope with a seven foot hook pole. The CCF notices that the crewman
was having a difficult time retrieving the swing rope, because it was wrapped around
a pipe on the platform (not an uncommon situation given the design and location of
the swing ropes on most platforms). At approximately 0725 hours, the CCF motioned to
the CMD to reposition the boat to gain better access to the swing rope. At
approximately 0730 hours, the CCF climbed onto the jump deck from the cargo deck
(said ""getting rope""), and reached out and placed his hand on the platform with his
foot on a three foot diameter support pipe. Before the crewman finished saying ""No,
not a good idea"", the CCF fell approximately four feet into the water. The CMD
immediately disengaged the boat's engine upon losing sight of the CCF, and announced
man overboard while ordering the cook to alert all other crew members that were not
on the deck. The crewman threw the CCF a rope, which the CCF placed around himself.
At approximately 0735 hours the M/V crewman and a construction crewman pull the CCF
back on board the M/V. At this time, the CCF was standing
andspeaking/mumbling.Atapproximately 0738 hours, the CCF collapsed and the M/V
crewmembers began CPR. The CMD attempted unsuccessfully to contact the Coast Guard
via radio. At approximately 0755 hours the ATP Foreman (ATPF) was contacted via
satellite telephone. The ATPF then immediately contacted the Medivac helicopter. At
approximately 0850 hours the Medivac helicopter contacted the ATPF to notify him that
the helicopter was en route. At approximately 0930 hours, the CCF is lifted by crane
onto the helideck of the VR 318A platform. At approximately 1015 hours the Medivac
helicopter contacted the ATPF to inform him that the CCF was en route to the
Abbeville General Hospital. According to the autopsy report, the CCF was pronounced
deceased at 1345 hours.
The autopsy report indicated the cause of death to be hypertensive heart disease.
The contributing causes were reported as blunt injuries (abrasions, contusions and
lacerations to the head and extremities and fracture of the left ninth rib)."
GC-653-20080616-0716,,,2008-06-16,07:16,,GC,653,,GSF DEVELOPMENT DRILLER I,,LIFTING DEVICETDS/Block,,,,,INV-a48df8,,,,SUP-09eb5e,District Supervisor,,,,,"While running 13-3/8 inch casing, the Traveling Block Assembly (TBA) began to descend
faster than the driller was running it in the well. The driller attempted to stop
the descent by activating the emergency stop function but the descent did not stop or
slow and continued until the TBA came to a stop on the rig floor. The rig floor was
clear of all personnel while the descent was ongoing and before the TBA contacted the
rig floor.
The TBA was supported by the drillpipe elevators, and the casing was supported by
1000 ton slips which engaged when the elevators hit the rig floor. The drill line
sustained a backlash which resulted in the line parting at the fast line guide.
The Blowout Preventer (BOP) annular was functioned with the casing across the BOP
stack, and it was determined that the casing was spaced across the BOP stack such
that the Casing RAM's could be utilized if needed. The casing was also determined to
be intact the float equipment in the casing shoe was holding with the casing was full
of fluid. No flow was observed from the well, and no injuries or pollution resulted
from this event.",,,,,,,,,,,,,,,,
ST-68-20080713-1530,,,2008-07-13,15:30,,ST,68,,DIAMOND OCEAN CRUSADER,,LIFTING DEVICE,,,,,INV-a2bb18,,,,SUP-a6a9e1,District Supervisor,,,,,"While conditioning the hole section the rig had drilled, rig personnel observed
sparks coming from the No. 2 diesel engine exhaust. The fire team responded and
sprayed the exhaust with a water hose to cool the exhaust pipe. The No. 2 diesel
engine was being used to power the rig's A/C while the No. 3 diesel engine was being
used to power the drawworks. The diesel engine's are at a low speed when being used
to power the rig's A/C system. The No. 3 engine went off line and the No. 2 engine
was switched over to power the drawworks. When the engine was switched over, it was
running at a higher speed and it was soon afterwards that sparks were seen emitting
from the exhaust.",,,,,,,,,,,,,,,,
EW-20090213-1000,,,2009-02-13,10:00,,EW,,,,,LIFTING DEVICEAir Tugger,,,,,INV-b815ad,,,,SUP-6bbe73,District Supervisor,,,,,"The crew was attempting to remove a storm damaged MCC building from the platform to a
crew boat using four 10K Tuggers and two 4K tuggers. There was no structural support
on top of the building to install cable guides and the lifting eyes were on the
bottom of the building. The 4 ¿ 10 K tuggers were rigged to each corner and the 2 ¿ 4
K tuggers were for backup and to control the movement. Snatch blocks were rigged
overhead and over the water to lower the building in a straight descent to the boat.
The plan was to skid the building off the side of the platform and lower to the boat.
The building was being skidded off the platform. As the center of the building
crossed the last beam of the deck, the building became top heavy and rolled over
(bottoms up) and it struck a scaffolding set on the next deck down knocking the
scaffolding ¿peg¿ boards overboard. One of the corner 10K air tugger cables parted
from the shock loading of the roll. Once the building was stabilized, the supervisor
lowered the building to the crew boat securely and with no other incidents.",,,,,,,,,,,,,,,,
EB-602-20090401-1520,,,2009-04-01,15:20,,EB,602,,DIAMOND OCEAN VALIANT,,LIFTING DEVICE,,,,,INV-c24d58,,,,SUP-b9e65b,District Supervisor,,,,,"Four contract workers (two two-man construction teams) were in SC-1 Area (dry storage
area located beneath the lower level of the living quarters) of the Diamond Ocean
Valiant Semi-submersible drilling rig installing new plumbing for a drain line on new
quarters. Cutting, grinding, and welding were being conducted on a four inch pipe.
One employee was grinding on the newly cut end. He left the area along with the
second employee on break. No one was left in the area. Approximately twenty minutes
after everyone had left, a third construction worker (from other team) attempted to
return and saw smoke flowing into the hallway of the quarters at the entry point to
SC-1 area below quarters level. With in a minute or two of the smoke coming into the
quarters, the smoke detectors activated the fire alarm and the rig's Fire Team One
was dispatched to scene, the well was closed securely as directed by the Day Tool
Pusher, and all other personnel mustered at the life boat stations awaiting further
instructions (there was no evacuation of the rig). Fire Team One formed two two-man
entry teams. The first two-man group went in the area, located the fire after a five
to ten minute search in thick smoke, used fire water hose, and ran out of air on
their '30 air tanks.' The second two-man group went into the area and continuing
efforts to extinguish the fire under heavy smoke and poor visibility. The second
two-man group exited the area once air tanks were depleted. The first two-man team
re-entered the area a second time and were successful in extinguishing the fire,
giving the all clear approximately forty-five minutes after the initial alarm.",,,,,,,,,,,,,,,,
MC-736-20090515-1600,,,2009-05-15,16:00,,MC,736,A(Thunder Hawk),,,LIFTING DEVICE,,,,,INV-9ddff6,,,,SUP-e39d8a,District Supervisor,,,,,"Murphy's Thunder Hawk (FPU) is a four column, semi-submersible production platform
and is moored in position by means of a mooring system anchored to the ocean floor
and held in place by driven anchor piles. The mooring arrangement comprises twelve
lines arranged as groups of three on each of the four FPU columns. Each mooring line
consists primarily of polyester line with an anchor chain section and a vessel chain
section. The anchors consist of driven anchor piles. A fairlead for each line is
located on the FPU column. Each mooring line is tensioned via Rolls Royce
electric/hydraulic mooring winches (windlass), located at the top of the four hull
columns. Each Rolls Royce winch consists of three winch drums, connected to a single
drive unit. Each windlass is capable of applying the necessary maximum pretension to
its mooring line and each has an integral chain stopper that ratchets during
retrieve. During pay out of the mooring line, the stopper is open and the tension is
retained by the winch. A turndown sheave integral into the windlasses directs the
chain into a chain locker.
On 15 May 2009 Murphy's Thunder Hawk FPU was on location undergoing final stages of
installation with all 12 mooring lines attached and in place. During construction
stretch removal (CSR) of mooring line #10, while in the process of relieving the
tension on the #10 windlass, the windlass frame failed causing the sprocket to
misalign and the chain to pay out, dropping the #10 mooring line and chain to the
seafloor. Due to the fact that mooring line number 10 was paying out at the time of
the incident, the chain stop was disengaged and unable to arrest the chain's
deployment. The collapse resulted in the loss of mooring line number 10 to the
seabed and the windlass units for lines 11 and 12 being damaged and inoperable. The
frame failure happened under a 410-430 ton load, with a design load of 544 tons.",,,,,,,,,,,,,,,,
UNKEYED-dbd10f3a2ecb,,,2009-09-11,,,,173,,DIAMOND OCEAN CONFIDENCE,,LIFTING DEVICE,,,,,INV-005a73,,,,SUP-fae853,District Supervisor,,,,,"On 11 September 2008 at approximately 1100 hours, a contract employee was injured
when a riser torque wrench that he was attempting to recover fell striking him on his
right hand. It was determined that improper rigging procedures caused the incident.
Due to the size and shape of the wrench and the tight clearance between the riser and
diverter housing, the wrench was tied at an angle and left suspended. The angle of
the suspended torque wrench caused the 1/2"" lifting eye to be side loaded, thus
decreasing the load rating of the eye bolt to 25% at 90 degrees or 30% at 45 degrees.
Failure of the eye bolt resulted in the wrench falling and striking the Injured
Person (IP). The IP suffered a 1 inch laceration in the webbing between the thumb
and index finger. First Aid was administered on the rig prior to the IP being
evacuated to shore for medical treatment. The IP had surgery on his hand and was
released from the hospital on 15 September 2009.",,,,,,,,,,,,,,,,"Sequence of Events:
1) The crew loosened the termination joint bolts from the BOP stack.
2) An air hoist was used to retrieve the torque wrench through the diverter housing.
3) After the wrench entered the diverter housing, the rigging (eyebolt) failed
allowing the wrench, weighing 275 lbs, to fall approximately 3 feet striking the IP
on the right hand that was placed on the riser flange bolt to maintain his balance."
UNKEYED-5a69fdbfeb8e,,,2010-01-28,,,,266,,SPARTAN 208,,LIFTING DEVICE,,,,,INV-718c76,,,,SUP-2e85c9,District Supervisor,,,,,"17. On 28 January 2010 at 0545 hours, during the last 15 minutes prior to shift
change, the rig's night crew was in the process of picking up 3 ½"" drill pipe to
complete Well No. SS-1. A joint of pipe was being lifted by the Derrickman using the
rig floor's south side air tugger, while at the same time the Driller was utilizing
the block to lower a stand of pipe into the wellbore. This simultaneous operation's
rhythm was interruped when the Driller received a phone call and stopped the
traveling block. When the Driller resumed lowering the block, the joint of pipe
being lifted by the air tugger became wedged between the top drive and the rig floor.
This occurred since the angle of pull by the tugger pulled the pipe closer into the
rotary table area. The joint of pipe bowed out and struck the Floorhand (Injured
Person - IP) tailing the pipe in the inner thigh of his right leg with the impact
knocking off his hard hat. The IP fell and struck the lower bar of the V-Door gate
injuring his head. The IP was transported to a local hospital and released the next
day with stiches to his head.",,,,,,,,,,,,,,,,
WR-543-20100412,,,2010-04-12,,,WR,543,,MAERSK DEVELOPER,,LIFTING DEVICE Internal gripper tool,,,,,INV-e6043d,,,,SUP-18dcd3,District Supervisor,,,,,"On 12 April 2010 at approximately 2000 hours, a single joint of 11 7/8"" casing was
accidently released from the Weatherford Internal Lift Tool (ILT). While racking back
11 7/8"" casing using the ILT, the Weatherford Supervisor was in the process of
driving the tong to well center for making-up a connection from the Universsal Remote
Control System (URCS). The joint had been stabbed in the joint box, and the manual
stabbing guide had been removed by the Floorman. At this time the Weatherford
Operator noticed that the ILT was not properly stabbed into the pipe. He opened the
ILT to prevent damaging of the dies while the joint was being made-up. He proceeded
to drive the tong in to make up the connection, and in the process he observed the
joint of casing fall to the rig floor. The joint of 11 7/8"" casing fell six feet, not
injuring personnel as they were outside of this work area.
The ILT is designed with a fail-safe system, and can support its rated load in the
event compressed air or hydraulic pressure is removed. It is also designed to prevent
the Operator from releasing the ILT while a load is being suspended. The opening
pressure of the ILT should be set between 500 to 550 psi. In order for the ILT to be
opened inadvertenly under pressure it would have had to been set at or above 750 psi.
The investigation determined the pressure was set at 1100 psi. If the opening
pressure is set correctly the Operator cannot open the ILT unless there is no weight
on the tool, thereby preventing the unintended drop of the load.
The ILT was undressed and all the die mechanisms were inspected for irregularity with
no problems identified, other than the opening pressure being set at 1100 psi. The
ILT by design cannot release it's gripping force in the event of hydraulic failure
resulting in pressure loss. The ILT system keeps constant outward force on the body
of the casing as long as the weight of the casing is hanging. There are a series of
check valves in line with the grip/release cylinder that prevent any pressure loss in
this cylinder in the event of hydraulic power failure.",,,,,,,,,,,,,,,,
UNKEYED-78d9653baf3f,,,2010-04-17,,,EI,,JC,,,LIFTING DEVICE,,,,,INV-0c731c,,,,SUP-26c155,District Supervisor,,,,,"On 17 April 2010 during a well plug and abandonment project a 100 barrel stock tank
containing 30 barrels of flammable liquid was ignited. While preparing to pull the
surface casing, a Welders's Helper (WH) began to cut a hole in the casing. The WH
began using the acetylene cutting torch that was located 3 to 5 feet from the 100
barrel stock tank. The acetylene cutting torch and the cutting operation was in close
proximity for the slag and sparks to ignite the flammable hydrocarbons located in the
100 barrel stock tank. The 100 barrel tank has an open top but was covered with a
tarp at the time of the fire. Due to the cutting operations being located 3 to 5 feet
from the tank, the tarp ignited from the sparks causing the 30 barrels to ignite.
The two Fire Watchers on duty attempted unsuccessfully to fight the fire with several
hand-held fire extinguishers. A hose from the water to a pump located on the
platform's upper deck was utilized to gain control of the fire. The stand-by boat
sent two 5 gallon buckets of fire fighting foam to assist in the effort to control
the fire. The fire was extinguished in approximately 30 minutes with no injuries or
pollution resulting from this incident.
Prior to welding, as per CFR 250.113, any equipment containing hydrocarbons or other
flammable substances must be moved at least 35 feet horizontally from the welding
area.",,,,,,,,,,,,,,,,
WC-20100928-1615,,09-SEP-2010 MINOR 29. ACCIDENT INVESTIGATION,2010-09-28,16:15,,WC,,A,,,LIFTING DEVICE,,,,,INV-e92e8f,,,,SUP-07a137,District Supervisor,,,,,"On 28 September 2010 at approximately 1615 hrs., a 15' x 20' fiberglass and wood
constructed office building caught fire on Nippon Oil Exploration USA's (Nippon) WC
534 A platform. The platform was already shut-in at the time of the fire since Nippon
was conducting decommissioning activities and preparing to remove the building from
the platform. An oxy-fuel cutting torch was being used to cut the tack welds that
attached the skid base of the building to the platform's metal plate deck. The
building rested on a skid constructed of I-beams. The torch cutting procedure
produced hot molten slag that ignited the wood construction materials inside the
walls of the building. The construction crew responded to the fire by puncturing
holes into the building walls and discharging dry chemical agents directly into the
walls where the fire was believed to be occurring. Additionally, a water hose from
an attendant vessel was utilized in an unsuccessful attempt to extinguish the fire.
An onsite witness statement indicated that the water hose was not immediately
available or in close proximity as required in the Job Safety Analysis (JSA) prepared
by a third party construction firm. Nippon's report of the fire indicated that the
water hose also did not have sufficient pressure to extinguish the fire. According to
additional onsite witness statements, twelve (12) thirty pound and one wheeled unit
fire extinguishers were used in unsuccessful attempts to extinguish the fire over a
period of approximately 30 minutes. At this point, the decision was made to evacuate
all personnel aboard the WC 534 A platform to the attendant vessel and use the fire
water monitor onboard the vessel to extinguish the fire. According to Nippon's
report of the fire, after evacuation procedures, the vessel discharged water spray
onto the fire until 1700 hrs. At this time the building's roof collapsed from water
and fire damage, and the fire was subsequently extinguished. As a precautionary
measure, water spray continued on the building and surrounding area for another two
hours. The fire was limited to the subject office building with no report of injuries
or pollution.
The BOEMRE investigation of the fire revealed that a JSA was performed, a Hot Work
Permit was filed, a Fire Watch was utilized, and a combustible gas meter was used
throughout the project to monitor for hazardous gas concentrations / LEL conditions.",,09-SEP-2010 MINOR 29. ACCIDENT INVESTIGATION,,,,,,,,,,,,,,
HI-20240711-0730,,,2024-07-11,07:30,,HI,,C,,,LIFTING,,,,,INV-dacd5a,,,,SUP-720eab,District Supervisor,,,,,"On July 11, 2024, at approximately 0730 hours, Genesis Energy LP evacuated two
individuals to Galveston UTMB due to injuries sustained during a routine life capsule
inspection at the High Island (HI) A-5 Manta Ray Gathering Facility.
The Genesis Operations Manager reported the incident to the Bureau of Safety and
Environmental Enforcement (BSEE) Lake Charles District (LCD) Office at 1138 hours on
the same day and forwarded the information to the Lake Jackson District (LJD) who then
began and completed the investigation. A contract pipeline operator from Quality
Process Services (QPS) suffered a serious head injury, which required a medivac to
UTMB in Galveston. The second individual, a Genesis employee, did not sustain any
injuries but sought evaluation due to trauma experienced during the incident. Sequence
of Key Events:
On July 11, 2024, the Genesis Person in Charge (PIC) and QPS pipeline operator,
injured person (IP) conducted the weekly capsule inspection. As part of this
inspection, the PIC and IP lowered the capsule 4 to 6 feet to verify the winch's
operations. The IP used the winch assist to lower the capsule from the upper deck near
the winch. The winch assist features a handle designed to be removed and stored when
not in use, and it should be removed before operating the electric winch. After the IP
lowered the capsule and inspected the davits, the PIC informed him that he would raise
the capsule back up. The PIC engaged the electric winch from the lower section using
the push button. As the winch operated, the PIC heard a banging noise and immediately
stopped to investigate. The PIC saw the IP fall after struck in the head by the winch
assist handle, which remained in the socket. The IP was unconscious and bleeding from
the head. The PIC called for assistance via handheld radio and began administering
first aid to the IP. At 0756 hours, Genesis Health, Safety, Security, and Environment
(HSSE) contacted a medivac service company out of Lake Charles for a medivac. However,
medivac company could not make it to the location due to surrounding thunderstorms in
the area and subsequently called the United States Coast Guard (USCG). The USCG
arrived at the facility at 0957 hours. After an initial assessment, the USCG departed
at 1033 hours, transporting both the injured IP and the PIC to University of Texas
Medical Branch (UTMB) in Galveston for evaluation and treatment. The PIC was released
that afternoon, the injured IP diagnosed with a fractured skull required surgery. As
of July 11th, at approximately 15:30 hours, the IP completed surgery and was in stable
condition.",,,,,,,,,,,,,,,,
UNKEYED-c1910c975417,,MINOR 29. ACCIDENT INVESTIGATION PANEL FORMED: NO,,11:00,,SM,,HONDO,ACTIVITY:,,LIFTING DEVICE,,,,,INV-239383,,,,SUP-7e70a9,District Supervisor,,,,,"17. INVESTIGATION FINDINGS'
Contract worker was having difficulty removing threaded studs on flow safety valve on
4-inch flowline on Well #H-38, so he decided to use a pneumatic saw to cut through
the studs. When he cut through the second to last stud, trapped pressure was released
spraying oil/water emulsion on chest and under worker's face shield and safety
glasses. Trapped pressure was not anticipated because prior to attempting to remove
the flow safety valve, the existing flow line was cold cut upstream of the check
valve without incident.",,MINOR 29. ACCIDENT INVESTIGATION PANEL FORMED: NO,,,,,,,,,,,,,,
HI-20110201-1500,,16-FEB-2011 MINOR 29. ACCIDENT INVESTIGATION,2011-02-01,15:00,,HI,,B-AUX,,,LIFTING DEVICE,,,,,INV-c59243,,,,SUP-61d362,District Supervisor,,,,,"On 1 February 2011, at approximately 1500 hours, a Third Party Pipeline Company
(C hevron Pipeline) installed a new battery charger in the Third Party's Remote
Terminal Unit (RTU) located on the leased space portion of the platform. Platform
personnel were informed that the original battery charger's breaker was turned off;
however, the original charger was not removed and left hooked up to the original bank
of batteries. The fire melted the battery casings and scorched the battery charger
and the immediate inside surroundings of the RTU. The fire was extinguished with two
CO2 hand-held extinguishers and two ""purple-k"" hand-held extinguishers.
Findings suggest that one of the batteries had an internal short that melted the
battery charger plastic and battery lead. The intense heat from the lead in the
batteries and the aluminum housing in the RTU resulted in a chemical reaction. The
reaction created a gas that was rich in hydrocarbons which triggered a 20% ASH.
Within one minute the gas concentration initiated a total platform shut-in at 50%
ASH.
It was discovered that the original charger's breaker was in the ""on"" position. No
determination could be made on when the breaker was turned back on, but platform
personnel indicated it may have occured by the Third Party during their last meter
proving operation. This operation was not documented in the platform's maintenance
log.",,16-FEB-2011 MINOR 29. ACCIDENT INVESTIGATION,,,,,,,,,,,,,,
EI-175-20110510-0930,,16-MAY-2011 MINOR 29. ACCIDENT INVESTIGATION,2011-05-10,09:30,,EI,175,F,,,LIFTING DEVICE,,,,,INV-434d62,,,,SUP-912935,District Supervisor,,,,,"On 10 May 2011 at approximately 0930 hours, a crane operator (CO) inadvertently
pulled the auxiliary line lever while attempting to raise the load line. This caused
the auxiliary ball to make contact with the crane tip which severed the auxiliary
line. The CO was back-loading a high pressure pump (HP pump) weighing approximately
3500 lbs. from the platform to the field boat. Prior to starting the crane the CO
inspected the crane using Apache's Pre Use Inspection form which includes the anti-
two block system. The rigger assisting the CO attached the HP pump to the load line.
The CO began lifting the load and adjusted the crane boom over the water. As the boat
captain was positioning the boat towards the crane, the CO was attempting to adjust
the load line but inadvertently pulled the auxiliary line lever. As the auxiliary
ball made contact with the boom tip, the anti-two block cross-over valve for the
override failed. The auxiliary ball made contact with the crane boom causing the
auxiliary cable to sever. The auxiliary ball descended into the Gulf waters, but did
not come in contact with the boat. The CO was able to place the HP pump safely on the
boat and the crane was placed out-of-service due to the shock load on the crane and
the damage to the auxiliary line. No injuries or pollution resulted from this
incident.",,16-MAY-2011 MINOR 29. ACCIDENT INVESTIGATION,,,,,,,,,,,,,,
GC-20110606-1355,,07-JUN-2011 MAJOR * * * * * * PROPRIETARY * * * * * *,2011-06-06,13:55,,GC,,A-Front Runner,,,LIFTING DEVICE,,,,,INV-5bf5fb,,,,SUP-398dde,District Supervisor,,,,,"The Injured Person (IP) was performing hot bolting operations on the well while
equalizing pressure on piping. It is unknown if the IP checked for stored pressure
before he began removing the bolts. The IP removed two bolts and started to remove a
third bolt when stored pressure in the line (up to 5000 psi) was released at the
flange striking the IP in the face. At approximately 1400 hours a medivac
helicopter was called in. The IP departed the facility by medivac helicopter at 1700
hours.",,07-JUN-2011 MAJOR * * * * * * PROPRIETARY * * * * * *,,,,,,,,,,,,,,
GI-20110825-0500,,26-AUG-2011 MINOR,2011-08-25,05:00,,GI,,CS,HERCULES 173,,LIFTING DEVICE,,,,,INV-fa43da,,,,SUP-bb2929,District Supervisor,,,,,"On August 25, 2011, at approximately 0500 hours, while tripping out of the hole, the
block was allowed to travel into the crown where it became stuck causing significant
damage. The Driller began his tour, working with drill pipe of 90' and 96' lengths,
and made a 1 to 2 wrap adjustment with the crown-o-matic to compensate for the drill
pipe length differences. The crown-o-matic was tested and tripped, stopping
approximately 7 to 8 feet from the crown. The crown-o-matic was then reset and placed
back into the operating position and operations continued. The Driller continued
pulling out of the hole in the low transmission-high clutch at 1/2 to 1/4 throttle
speed, the crown-o-matic engaged but the operating speed of the draw works caused the
cable wrap to exceed 5 wraps before it stopped completely; resulting in the block
being jammed into the crown. The Driller lost track of how many stands were being
pulled expecting that there was one more stand of 90' drill pipe. There were no
injuries or pollution associated with the incident.",,26-AUG-2011 MINOR,,,,,,,,,,,,,,
HI-20230105-1730,,,2023-01-05,17:30,,HI,,B,,,LIFTING,,,,,INV-0716a2,,,,,,,,,,"On January 5, 2023, at 1730 hours, Arena Offshore LP (Arena) reported a fire occurred
at High Island (HIA) 547 B, lease G-02705, involving the facilities’ Glycol Reboiler
Dehydration system. There were no injuries or pollution reported with this incident.
On January 6, 2023, the Bureau of Safety and Environmental Enforcement (BSEE) Lake
Jackson District Investigator and Inspector conducted an onsite investigation at HI
547 B. They collected statements, maintenance records, safety device testing records,
and photos were taken of the incident scene. Witnesses reported, while working on
deck, hearing a gas igniting loud noise and found the Glycol Dehydration unit on fire.
An Arena operator activated the platform emergency shut down device, and two Arena
operators began extinguishing the fire with two 150 pound and two 30-pound fire
extinguishers with assistance from a third. The fire was extinguished in ten minutes.
Following the BSEE onsite investigation, Arena removed the Glycol Reboiler
Dehydration unit from the facility and transported it to Universal Equipment Company
Inc. in Lafayette, Louisiana for a complete inspection and analysis. The focus of the
inspection was to determine the root cause and develop a corrective action plan.
The BSEE Lafayette District Accident Investigator and a contractor from GIR
Solutions, Arena’s third-party consultant, conducted an onsite investigation at
Universal Equipment Company in Lafayette. Investigation revealed the still column vent
pipe became plugged, resulting in pressure build up in the column vent pipe until it
ruptured. The rupture caused glycol to spray which contacted the reboiler and exhaust
stack. Both have an operating temperature of 750 to 800 degrees Fahrenheit which
ignited the glycol mixture. The fire damage was limited to the Glycol Reboiler and
Dehydration unit and totaled over $100,000.00 in damage. Arena will implement a still
column replacement campaign to coincide with the 5-year fire tube inspection
requirement and perform a condition assessment of all still columns across the gulf by
the end of 1st quarter FY 23.",,,,,,,,,,,,,,,,
AC-857-20230103-2217,,,2023-01-03,22:17,,AC,857,A(Perdido),,,LIFTING,,,,,INV-046adf,,,,SUP-720eab,District Supervisor,,,,,"On January 3, 2023, at 2210 hours, Shell Offshore Inc. (Shell) reported a fire
occurred at Alaminos Canyon (AC) 857, Perdido Spar, lease OCSG-17565. The Universal
Power Supply (UPS- 7560) failed releasing smoke and setting off smoke detectors in the
UPS room. This caused an automated facility shut-in and full power loss at the
Perdido Spar. The estimated cost of repair is $56,830.00. There were no injuries or
pollution reported with this incident.
On January 4, 2023, the Bureau of Safety and Environmental Enforcement (BSEE) Lake
Jackson District Well Operations Accident Investigator and Supervisory Inspector
conducted an onsite investigation at AC 857 Perdido Spar. They collected
documentation, maintenance records, alarm logs and one-line drawings of the effected
circuit and photographs were taken.
The Shell investigation concluded the failure was due to the direct current (DC)
capacitor on the UPS-7560. The capacitor burst upon failure, releasing smoke, while
spraying material onto other components within the inverter housing. The fault caused
arcing/sparking. This resulted in activation of the smoke detectors in the UPS room,
and power to the living quarters being automatically shunt tripped by the safety
system. The automated system shut-in the facility as designed. Facility personnel
mustered, as the Shell Fire Team was sent to UPS room. Smoke was evident in the room,
but the source was unclear as no power breakers were tripped. There was no visible
evidence of charring, and the Fire Team did not see a fire.
The Electrical Team went to the Electrical Motor Control Center to isolate all the
power feeds to UPS and DC power chargers. The electrical team donned proper personal
protective equipment and maintained good communication with the control room as the
electrical team began troubleshooting. Power was intermittently restored to the
Perdido Spar by turning on the power feed breakers one at a time. When powering up
UPS-7560, the displayed showed the failed device to be the inverter. The failed device
was identified as there was arcing seen coming out of the top. After energy was
released and arcing subsided, the breakers for the UPS 7560 were safely opened and
locked out. The UPS 7560 was placed in by-pass and taken out of service so that
remaining equipment could be powered up. Shell reported the estimated cost of damage
to be $56,830.00 and that it will take seven to nine weeks to receive parts for
repairs to be made. The Shell Perdido SPAR is currently using a spare circuit to
provide power to the quarters in the meantime.",,,,,,,,,,,,,,,,
EI-251-20170720-1645,,,2017-07-20,16:45,,EI,251,C,,,LIFTING DEVICETraveling Block,,,,,INV-f983ac,,,,,,,,,,"At 16:45 hour on 20 July 2017, Arena Offshore, LP (Arena) had a dropped objects
incident onboard the drilling rig while conducting drilling operations at Eugene
Island (EI) Block 251C. The incident involved drill line that unspooled and detached
from the drawworks drum causing the traveling block to descend to the rotary table and
approximately 123 feet (ft) of drill line to fall to the rig floor. There were no
injuries or structural damage; however, there was damage to the drawworks drum drill
line clamp and approximately 123 ft (two sheaves) of drill line during this incident.
The drawworks cover guard fell off during the incident and was reinstalled. At 07:21
hour on 21 July 2017, Arena reported the incident to the Bureau of Safety and
Environmental Enforcement (BSEE) Lafayette District.
On 19 July 2017, the drill crew began the non-routine task of dissembling the top-
drive to install a new motor and transmission. The top-drive was removed leaving the
traveling block and compensator that reduced the traveling assembly weight from 80,000
pounds (lbs) to 12,000 lbs. The Driller operated the traveling block on 12 lines
without the weight of the top drive or other substantial load. The Driller operated
the drawworks brake and controls while utilizing the traveling block and rig up lines
to pick up and move the old top-drive motor and transmission to the rig floor port
and starboard sides; respectively, without incident.
On 20 July 2017, the Offshore Installation Manager (OIM) was operating the traveling
block as it was being lowered to connect to the rig up lines to the new top-drive
transmission located at the bottom of the v-door. Due to the stiffness of 1.625-inch
drill line and lack of weight to keep these lines stretched, the 7 to 9 wraps on the
drawworks drum required to suspend loads became loose. The OIM’s use of the traveling
block to assist in laying down the motor and transmission loosened the wraps on the
drum to a condition where the drill line clamp became exposed to excessive tension
and the drill line pulled free from the clamp. When the traveling block was
approximately 10 to 20 ft above the rotary, the drill line came out of the drawworks
drum clamp and unspooled off the drawworks drum. The traveling block slowly descended
landing on the rotary table and two sheaves of drill line (123 ft) fell to the rig
floor. The traveling block was held upright by the traveling block dolly on the guide
track.
On 21 and 25 July 2017, a BSEE incident investigation team mobilized to the rig and
conducted onsite investigations. The BSEE incident investigation team conducted the
following activities: 1) gathered all applicable documents; 2) performed written and
photo-graphic documentation of the incident scene; 3) conducted a post-incident
inspection; 4) documented the Operator's corrective actions; and 5) re-interviewed
witnesses to the incident.
On 7 August 2017, Arena issued a Safety Alert on the traveling block dropped incident
that summarized the incident investigation findings and recommended actions.
Arena Energy commissioned an independent company to perform a third party
investigation on the subject incident with a detailed analysis on the rig clamp
utilized. The report stated the following: “The 1-5/8"" drill line is very stiff and
hard to keep tight when operating on the lower layer wrap of the drum unless a
sufficient block load is maintained. Operating the empty travel block on 12 lines (12
lines elevating from the travel block to the crown block) without the top-drive, or a
substantial load, will not provide enough line tension to keep the line wrapped tight
against the drum. Slacking on and off the drum spool in this condition will cause the
drill line to loosen its grip around the circumference of the drum thus exerting
excessive load against the drum drill line clamp. The drum drill line clamp is
designed to secure the tail end of the line until 6 to 9 wraps are tightly wrapped
around the drum and the drill line is kept in tension.”
The report indicates improper sized drill line drum clamp and clamp bolts were
installed on the drawworks drum. Although records indicate (the designated) correct
torque (200 ft-lbs) was applied to the drawworks drum drill line clamp bolts, the
investigation report states (due to the clamp bolts and nuts installed during the time
of the incident) “a proper torque value would be impossible to maintain when installed
and at least one lock nut would not reach its proper position to ensure it could not
back off during operation.” Operational error does not seem to be evident in the
investigative findings. The OIM, operating the traveling block at the time of the
incident, performed similar travel block operations as which the driller performed the
day before. Based on the MRI incident investigation report, the repetitive drawworks
operation (slacking on and off the drum spool) during the time of the incident would
have caused the line to loosen its grip around the circumference of the drawworks drum
thus exerting excessive load against the drum drill line clamp.
Operational error does not seem to be evident in the investigative findings. The OIM,
operating the traveling block at the time of the incident, performed similar travel
block operations as the Driller performed the day before. Based on the incident
investigation report, the repetitive drawworks operation (slacking on and off the drum
spool) during the time of the incident would have caused the drill line to loosen its
grip around the circumference of the drawworks drum thus exerting excessive load
against the drum drill line clamp.",,,,,,,,,,,,,,,,
SM-6683-20040725-1700,,,2004-07-25,17:00,,SM,6683,HERITAGE,,,,,,,,INV-281aa8,,,,SUP-1559b1,District Supervisor,,,,,"The fundamental cause of the incident to Mr. was his statement that he
was not tied off at the time of the incident. Mr disconnected his fall
protection to crawl through the two W36 beams. After he came through the two w36
beams he noticed chain fall #1 no longer had tension in the chain. He immediately
bacame concerned that Mr. could be struck if the pipe shifted due to the
configuration of the chain falls {tension on chain fall #3 and slack on chain fall
#1). Mr moved into position to remove the slack in chain fall #1 and as Mr.
reached up to tie off his landyard to the beam that's when the pipe shifted and
caused him to be knocked from the pipe rack.",,,,,,,,,,,,,,,,
EI-338-20170531-1410,,29. ACCIDENT INVESTIGATION PANEL FORMED: NO,2017-05-31,14:10,,EI,338,K,,,LIFTING DEVICE,,,,,INV-612815,,,,SUP-738d54,District Supervisor,,,,,"On May 31, 2017 at approximately 1410 hours, an employee was severely injured by a
construction tool house that was being moved with the platform crane.
A crane operator was attempting to relocate a construction tool house from the cellar
deck to the drill deck. The tool house weighed approximately 10,000 lbs. The rigger
was located on the cellar deck hooking up the tool house to the slings. The crane
operator could not see the rigger on the cellar deck;therefore, radios were used
between the rigger and the crane operator to communicate. As the tool house was
being lifted, it came in contact with a piece of channel iron. The channel iron was
located behind the tool house approximately 9 1/2 ft. above the deck connected to a
structural member. The channel iron extended approximately 1 ft. but it's reason for
being there is unknown to the employees on board. The crane operator stated he
noticed the weight indicator increase briefly, and then went back to the previous
reading.
During the lift, additional third party personnel were located on the drill deck
looking down at the rigging operations. As the crane operator began the lift, a
third party employee observed the tool house coming in contact with the channel iron.
Due to the height of the tool house, the rigger could not detect any hazards
associated with the lift. The third party employee attempted to get the crane
operators attention to stop the lift but was unsuccessful.
The rigger inadvertently placed himself between the tool house and a handrail
allowing a possible pinch point hazard. Once the load separated from the channel
iron, it shifted causing the rigger to get wedged between the tool house and the hand
rails. Following the contact with the handrails, the rigger complained of pain in his
left hip. The injured employee sustained a fractured pelvis and has undergone
surgery.
The BSEE Lafayette District conducted an onsite investigation June 7, 2017.
*As per Wood Group’s GOM-SWP-Cranes and Lifting Equipment Standard 4.10 Signal states
signals to operators shall include use of the hand, voice and/or audible method.
Means of transmitting the signals (direct line of sight, radio, etc.) must be
suitable and appropriate for the site conditions.
Signals between the Crane Operator and designated signal person shall be discernible,
audibly or visually at all times. The Crane Operator shall not respond unless signals
are clearly understood.
A signal person must be provided for the following situations:
1. The point of operation is not in full view of the operator
2. The view is obstructed when the equipment is traveling
3. The operator or the person handling the load determines it is necessary due to
site specific concerns
*As per Island Operating’s Safe Practices Manual
28.45 Crane movement shall always be governed by a standard set of signals,
transmitted to the operator by a signalman.
28.47 Signalers should be provided with a clearly identifiable marking, such as a
conspicuous arm band, hat, glove or other badge of authority.
28.48 Where visual or audible signals are inadequate, telephone or portable radio
communication should be used.
*As per Island Operating’s Job Safety Analysis dated May 31, 2017, Section 5-Always
watch out for your co-worker to insure that they are in a safe place and out of the
line of fire before making lift from the platform.",,29. ACCIDENT INVESTIGATION PANEL FORMED: NO,,,,,,,,,,,,,,
AC-337-20241012-0540,,MINOR Members:,2024-10-12,05:40,,AC,337,,NOBLE VALIANT,,LIFTING,,,,,INV-bde742,,,,SUP-720eab,District Supervisor,,,,,"On October 12, 2024, an incident with injury occurred onboard the Noble Valiant under
contract with LLOG Exploration Offshore during drilling operations at Alaminos Canyon
block 337, OCSG-36103, Well 001. During tripping in the hole with the bottomhole
assembly a Derrickman (a drilling crew member assigned as an observer in the derrick)
was injured by the Pipe Racking System (PRS) while on the upper fingerboards when
attempting to secure a malfunctioning fingerboard latch into the open position with a
piece of rope.
Prior to the incident, the third outermost latch of row 16 on the upper fingerboard
was malfunctioning in the closed (latch down) position, prohibiting the Assistant
Driller (AD) from retrieving the selected stand of pipe in that row. After multiple
attempts by the AD to mitigate the issue using a pull-tension-and-lift technique the
AD asked, via radio, if there was a way to tie up the latch permanently in the open
position to reduce the risks associated with the previously mention method, to which
the IP responded, via radio, that he would find some rope and tie it up. During this
time, the IP positioned himself over the handrail located in the derrick, outside of
the designated safe-observation area, and onto the upper fingerboards without the
proper work permits. For approximately 10 minutes, the IP continued observing the
status of the latches and relaying “latches up/latches down” to the AD, as per his
primary duties, while at the same time attempting to tie the latch into the open
position.
As he was working to secure the latch, the PRS, operating in automatic mode, initiated
a move to retrieve a stand of pipe located in the same row but behind the IP. As the
PRS arms extended, the IP was caught in between the stand of pipe and the upper PRS arm
and became pinned. The IP began yelling loudly for help which was heard by the
coworkers on the rig floor, who immediately communicated to the AD to shut down the
PRS. The IP was not able to relay his own distress call over the radio. The AD engaged
the Emergency Stop system, shutting off power to all rig floor equipment. The AD took
manual control of the PRS and withdrew the upper PRS arm, freeing the IP who was then
able to untie himself and egress to the handrail where he was assisted out of the
derrick by responding rig crewmen and the medic.
The IP was taken to the ships hospital while a medivac aircraft was dispatched. The IP
was flown to UTMB-Galveston where he was treated for his injuries.",,MINOR Members:,,,,,,,,,,,,,,
BM-3-20250805-0740,,,2025-08-05,07:40,,BM,3,KN,,,LIFTING,,,,,,,,,SUP-89289d,District Supervisor,,,,,"On August 5, 2025, Cantium, LLC (Cantium) notified the Bureau of Safety and
Environmental Enforcement (BSEE) Houma District Office that an injured person (IP) had
been evacuated from platform “KN/13/KN-Flare Pile” (KN) located within Block 3 of the
Bay Marchand Area (BM 3 KN), Lease OCS-00370, approximately 5 miles offshore in the
Gulf of America. Cantium reported that during transfer of personnel from platform KN
to the crew boat, the personnel basket suddenly fell 6’-15’ before it came to an
abrupt stop approximately 25’ above the water. The IP remained inside the personnel
basket during and after the uncontrolled descent and sustained injuries to his lower
right extremity and back. Following the incident, the Crane Operator (CO) was able to
utilize the crane to lift the personnel basket back onto the top deck of BM 3 KN where
the IP’s injuries were accessed and first aid was administered. The evacuation faced
delays due to weather, helicopter availability, and miscommunication. The IP was
evacuated via the crew boat to C-Port 1 in Port of Fourchon, LA, transported via
ambulance to meet a helicopter, and flown to University Medical Center (UMC) in New
Orleans, LA for further diagnosis and treatment. The crane and scene of the incident
were immediately secured, and a preservation order was issued by BSEE.
Sequence of Key Events:
Approximately four months prior to the incident, on April 10, 2025, a crane contractor
(crane contractor #1) Crane Mechanic (CM#1) completed an Annual Crane Inspection at BM
3 KN. After completion of the inspection on April 15, 2025, a Cantium Health,
Environment, and Safety Coordinator (HESC) signed a “Deficiency Summary” provided to
them by the CM#1. By the date of the incident on August 5th, 2025, one of the six
deficiencies remained uncorrected.
On August 5, 2025, at 7:30 am, the seas were optimal and slick calm as personnel
transfer operations began at the BM 3 KN facility.
The plan was to utilize the crane’s auxiliary (aux) hoist to lower one individual, a
Cantium Production Operator (the IP), to the crew boat “Motor Vessel (MV) Titus” and
then retrieve another individual, an I & E Technician (I & E Tech).
The CO positioned the personnel basket over open water, engaged the swing brake, and
boomed down in preparation for lowering the basket.
The CO actuated the aux line lever to begin lowering the basket, but nothing happened.
Then suddenly the personnel basket fell 6'-15' before coming to an abrupt stop,
resulting in a noticeable jolt and recoil of the basket. The IP yelled loudly in pain
as he was forced downward to his knees within the basket as the basket arrested before
bouncing upwards.
The IP held onto the personnel basket webbing but could not stand back on his feet. The
IP communicated to the CO that his foot was broken and that he was experiencing
significant back pain. The CO believed the incident was caused by the failure of the
aux winch/hoist and determined that lowering the IP further could pose additional risk,
including the possibility of the IP entering the water, and elected to reposition the
basket back onto the platform.
The I & E Tech aboard the MV Titus observed the free fall and subsequent rebound of the
basket. As the CO lifted the IP back onto the top deck of BM 3 KN, the I & E Tech
utilized a swing rope to board BM 3 KN and assist in attending to the IP. The CO
utilized the aux winch to lift the basket high enough to clear the handrail and swung
back over the deck of the platform. Due to the CO being reluctant to utilize the aux
winch to line down function, and as he saw he was able, the CO chose to simply lower
the boom of the crane until the personnel basket landed safely onto the top deck of BM
3 KN.
The IP, being unable to stand, sat down in the basket as he awaited support from the CO
and I & E Tech. They retrieved a chair from the office and brought it out on deck near
the personnel basket to transfer the IP into the chair.
The I & E Tech called Cantium’s nearby Grand Isle 37 “R” (GI 37 R) facility at 7:56 am
to report the incident and that the crane was out of service and unavailable to assist
in the evacuation. As a result of the notification, a plan was enacted and the MV
Titus was directed to relocate to GI 37 R (approximately 10 minutes travel time from
BM 3 KN) to pick up the Cantium Foreman (Foreman) and HSEC and then return to BM 3 KN
to assess the best method of and assist with evacuation of the IP.
At 8:02 am, the Cantium Production Manager (PM) called the Main Pass (MP) Area Foreman
(MP Foreman) at the MP 142 C facility where a Cantium contracted field helicopter was
stationed. The MP Foreman and PM discussed aircraft availability and the MP Foreman
reported it was currently raining in the area but could send the helicopter when rain
stopped. The flight time from MP 142 C to BM 3 KN was estimated to be 45 minutes. The
PM requested that the helicopter be prepared to depart MP 142 C when weather allowed.
At 8:13 am, the PM called the helicopter dispatcher to check on the availability of
other aircraft. When the dispatcher informed the PM that it would take 2.5 hours to
arrive at BM 3 KN, the second aircraft was then declined due to the amount of time it
would take to transport the IP and the PM continued to look for faster methods of
transport for the IP.
A call was placed to a second helicopter contractor at 8:18 am and a helicopter was
reported to be available in Abbeville, LA with a 45 minute flight after fueling.
Arrangements were made to reserve the aircraft and to wait on call back within minutes
for the “green light” to depart for BM 3 KN.
At approximately 8:20 am, the Foreman and HSEC arrived to BM 3 KN via MV Titus. The
IP’s boot had to be cut off due to significant swelling and visible deformity of the
foot. An ice pack was applied to the IP’s right foot/ankle, and the Foreman fashioned a
splint and wrapped it with an ace bandage. At that time, the IP’s condition was not
believed to be critical, but the field communicated to Cantium leadership that the IP’s
foot was seriously injured and that the IP was experiencing pain in his lower back. The
decision was made to secure the IP in the stokes litter.
Available evacuation options were discussed between the PM, Foreman, and IP, including
the need for a medical evacuation (med evac) flight. The IP advised he wanted whichever
option was fastest. However, due to BM 3 KN’s heliport rating of 8000 lbs not meeting
the med evac helicopter requirements, this meant the IP would have to be winched up
into the hovering med evac helicopter. The IP refused the med evac option because he
did not want “another winch to fail him”.
At 8:22 am, the MP Foreman at MP 142 C called and said that the weather had cleared and
the field helicopter could fly. The Production Manager (PM) instructed the Cantium
Foreman to have the field helicopter head to BM 3 KN.
At 8:30 am, Cantium contacted Terrebonne General to discuss protocol for landing at the
hospital helipad.
The PM was notified that the field helicopter departed MP 142 C for BM 3 KN at 9:00 am.
Delay was caused by the need to fuel up and the pilot preparing for flight.
The MP 142 C field helicopter arrived at BM 3 KN at 9:45 am. Just prior to arrival of
the MP field helicopter, the Foreman, HSEC, CO, and I & E Tech carried the IP in the
stokes litter up several flights of stairs to the deck just below the heliport and were
ready to put the IP on the helicopter as it arrived. Once the helicopter was shut down,
the IP was brought up to the heliport and at that time it was realized that: 1. The
stokes litter could not fit into the helicopter and 2. The IP could not sit up and
needed to remain in the stokes litter due to his pain and injuries. The four men set
the IP down on the heliport deck next to the helicopter and contacted the PM in attempt
to identify an evacuation method suitable for the IP’s condition.
At 10:00 am, the PM learned that Cantium’s standard field helicopter had been swapped
out the day prior for a different aircraft. The replacement aircraft could not
accommodate the stokes litter. Cantium also reported up until this point, it was not
communicated to those assisting in planning the evacuation that the IP could not sit up
and needed to remain in the stokes litter.
At 10:08 am, the PM called Med Evac aircraft company to see if they had any aircraft
a
available that could land on BM 3 KN 8000 lb. helipad.
At 10:14 am, all options for evacuation were re-evaluated. The options identified were
transporting a Lift Boat to BM 3 KN in order to evacuate the IP via the catwalk
transfer, overwater boat transfer, and the med evac hoist if unable to land the med
evac helicopter on the heliport.
At 10:20 am, after reviewing sea conditions, the Boat Captain’s comfort level, and
discussing evacuation options with the IP, all parties made the decision to perform an
overwater boat transfer from the BM 3 KN Boat Landing to the M/V Titus. This plan
included an additional 20 to 30 minute delay in evacuation time, because it required
that the MV Titus return to GI 37 R to pick up two more individuals to assist in the
overwater boat transfer.
After the two additional workers arrived at BM 3 KN, the six men began the task of
carrying the IP down from the heliport to the Boat Landing. After taking several
breaks along the way between flights of stairs, they reached the Boat Landing. The
Boat Captain pinned the MV against the platform, positioning the MV as close as
possible to help mitigate the risks of the overwater transfer. Then two men swung onto
the MV Titus and positioned themselves to safely transfer the IP to the MV Titus. The
IP remained in the stokes litter and was placed on the floor of the boat cabin in the
air conditioning during transport
At approximately 11:30 am, the MV Titus arrived at C-Port 1 and Emergency Medical
Services (EMS), police, and fire departments were awaiting the IP’s arrival. After EMS
evaluated the IP’s condition, the IP was transported via ambulance from the C-Port 1
Dock to a nearby heliport in Fourchon, where the IP was evacuated via med evac
helicopter around 12:15 pm.
The IP arrived at UMC at approximately 12:45 pm where he underwent treatment.",,,,,,,,,,,,,,,,"Sequence of Events” on page 2 of 6 that “The crane operator stated he observed the IP
was not wearing the optional quick release safety lanyard at the time of the incident.”
In Cantium’s “Key Points from initial statements” on page 3 of 6 of the same report,
Cantium notes that the “Rider was not latched in”.
BSEE requested documentation from Cantium that supported these claims due to BSEE
finding no evidence of the IP not being secured to the personnel basket. BSEE spoke
with the CO in-person on two separate occasions following the incident and the CO made
no mention of it to BSEE. Additionally, Cantium provided a signed, witnessed statement
to BSEE from the CO that made no mention of the IP not being clipped in. On March 20,
2026, Cantium reported to BSEE that no formal witness statement was collected specific
to that observation.
On page 4 of 6 of Cantium’s RCA Report it stated: “Following the August 18th
crane
contractor #2’s winch and sheave assembly inspections, further interviews with BM field
team members took place. This revealed that the aux line dead end loop had previously
been mentioned to be abnormally large. Aside from general observation, it is unclear
what led to the loop being identified as too large - according to KN crane operators,
there
had been no incidents of the loop ever getting hung up. However, from this observation
developed the theory that the abnormally sized loop had gotten hung up on something
during the lift.” BSEE requested that Cantium provide documentation supporting their
claims of reported observations of the dead-end loop being over-sized. On March 20,
2025, Cantium provided response indicating that these observations were identified
during discussions with field personnel as part of the investigation into potential
causes and admitted they had no documentation in this regard.
In response to BSEE’s question regarding when crane contractor #3 and crane contractor
were hired by Cantium to begin maintenance of the cranes in the fleet, Cantium
#2
reported both crane contractor #3 and crane contractor #2 were approved vendors prior
to the incident but pointed out that neither company was providing routine crane
maintenance at the time of the incident. Following the incident, Cantium reported they
now utilized both companies to conduct audits across their fields and had subsequently
replaced the previous crane maintenance provider (crane #1) on September 9,
contractor
2025, assigning maintenance responsibilities between crane contractor #3 and crane
contractor #2 by field.
BSEE Conclusion:
While each investigation contributed relevant information, no single investigation
established a conclusive and reproducible root cause. During the investigation, it
became clear that there was a lack of communication from the time the Annual Crane
Inspection Deficiency Summary was signed by the Cantium HESC on April 15, 2025, and the
date of the incident on August 5, 2025. CM#2 reported following the incident, he could
not find record indicating the aux sheave and bearing assembly were ordered despite
recommendations to replace it and despite Cantium’s claim in their RCA Report that the
repair to the aux sheave and bearing were “in queue”. BSEE discovered examples during
inspection of the crane maintenance records that multiple crane components had not been
maintained according to manufacturer’s recommendations or Cantium’s Crane Policy.
In response to this incident, Cantium provided the following corrective actions:
Cantium conducted third party audits of the entire Cantium crane fleet, replaced
Cantium’s primary crane maintenance service provider, executed hazard hunts to evaluate
dead-end terminations on all Cantium cranes and confirmed all terminations met API RP2D
recommendations. In regard to Cantium’s installation of protective measures to prevent
potential snag points, Cantium provided the following update:
*Nylon striker plates are installed on 100% of in-service Cantium auxiliary lines;
*Several Cantium cranes had striker plates installed prior to incident; *12 Striker
plates were installed post incident; *3 striker plates remain to be installed on OOS
Cantium aux lines prior to their return to service.
Cantium has also provided an update to enhancements to their maintenance oversight
processes which include the following: *Fixed schedules and improved 3rd party
technician continuity and *Company alignment of crane oversight and maintenance roles.
Cantium reported to BSEE that they are currently developing strategies to better
utilize Cantium’s internal resources to manage the oversight and maintenance of our
entire crane fleet, specifically to ensure prompt follow up on identified deficiencies.
Cantium reported they also plan to provide additional training for personnel on
personnel transfer procedures and awareness.
Review of the timeline of events regarding the evacuation of the IP, reveals
miscommunication and a lack of emergency response preparedness. There were several
examples exhibited within the timeline of the evacuation that strongly suggest the IP’s
evacuation was delayed due to failure to plan for these events prior to the incident.
BSEE recommends Cantium review their emergency plans and procedures to ensure a more
efficient response in the event of future evacuations.
BSEE reviewed and evaluated the investigative efforts conducted by Cantium, crane
contractor #2, and crane contractor #3, including their methodologies, testing
procedures, and conclusions. BSEE determined that the auxiliary winch and braking
system were functional and did not exhibit mechanical failure.
BSEE determined that the auxiliary sheave assembly exhibited wear and degradation;
however, testing conducted did not demonstrate a failure or binding condition
resulting in uncontrolled descent. The anti-two-block (ATB) system was also determined
to be operational, with evidence of contact observed but without confirmed operational
impact.
BSEE noted that conclusions suggesting the auxiliary sheave or ATB interaction as the
cause of the incident were not supported by reproducible testing or demonstrated
failure mechanisms. BSEE also noted that no testing was performed by Cantium or crane
contractor #3 to replicate the proposed interaction between the auxiliary line dead-end
loop and the ATB assembly.
BSEE further identified a disparity between verbal statements provided by crane
#2’s personnel during inspection activities and the conclusions documented
contractor
in their formal report. Crane contractor #2 indicated that they were instructed to
remain objective and not include root cause opinions in their written report.
Based on review of all investigative efforts, BSEE determined that no single
investigation established a conclusive and reproducible root cause of the incident."
EI-259-20231013-1745,,Members:,2023-10-13,17:45,,EI,259,C,,,LIFTING,,,,,INV-c42d58,,,,SUP-94febe,District Supervisor,,,,,"On October 13, 2023, at approximately 1745 hours, a crane mechanic (CM) fell
approximately 96 ft. from the gantry of the crane. The incident occurred on the Cox
Operating L.L.C. (Cox) OCS-G00985 Eugene Island (EI) 259 C Facility. While attempting
to replace the auxiliary winch, a brace the CM was attempting to remove broke free.
The CM stated when the brace detached from the beam, the brace contacted the CM
causing him to fall over the handrails and into the water. The CM suffered severe
injuries due to this incident.",,Members:,,,,,,,,,,,,,,"Sequence of Events:
On October 13, 2023, a CM and a helper arrived at EI 259 C to replace the auxiliary
winch on the platform crane. The old winch had been removed and placed on the deck.
The CM and a helper connected the winch to a chain hoist and was attempting to insert
the winch through the side of the gantry. Once the winch was raised high enough, a
brace that once supported the exhaust for the muffler piping needed to be removed in
order to insert the winch. Without a harness or life vest, the CM positioned himself
over the handrail on the gantry of the crane in order to reach the bolts holding the
bracket. Utilizing a grinder, the CM attempted to remove the bolts. When the second
bolt broke, the CM stated he heard a loud noise and was knocked off the crane falling
approximately 96 ft to the water. It is unknown as to what struck the CM causing him
to fall. The CM was retrieved from the water and complained of soreness in his hip and
shoulder. An aircraft transported the CM to a medical facility where it was determined
he suffered a fractured rib, a dislocated shoulder, and internal bleeding.
BSEE INVESTIGATION:
On October 13, 2023, the Bureau of Safety & Environmental Enforcement (BSEE) Lafayette
District (LD) Accident Investigator (AI) received a notification by phone of a man
overboard incident that occurred on Cox’s EI 259 C Facility. The AI requested
additional information pertaining to the incident such as: the Job Safety Analysis
(JSA), Hot Work Permit, statements, and other relevant documents from Cox.
The BSEE LD AI and a LD Inspector conducted an onsite investigation at EI 259 C on
October 16, 2023. BSEE conducted interviews with the personnel that were onboard the
facility during the time of the incident. Following the onsite investigation, there
were additional interviews with the crane company supervisor, HS&E manager, and the
helper that was assisting the CM. BSEE was unable to interview the CM.
CONCLUSION:
As per 33 CFR 142.42, “Except when moving from one location to another, personnel
engaged in an activity where there is a hazard of falling 10 or more feet shall wear a
safety belt or harness secured by a lanyard to a lifeline, drop line or fixed
anchorage”. Even though the Job Safety Analysis discusses the use of a safety harness,
the CM failed to wear the safety harness when reaching over the handrail or climbing
onto the gantry to remove the brace. As per 33 CFR 143. 110(a), “The guard rail or
fence shall be at least 42 inches high”. The guard rail on the gantry was 38 inches
high.
During the duration that the CM and helper were replacing the winch, the person in
charge of the platform did not monitor or visit the site where the incident occurred.
Also, the CM failed to conduct a stop work authority and readdress the Job Safety
Analysis when the decision was made to remove the brace."
GB-959-20251014-0510,,,2025-10-14,05:10,,GB,959,,STENA EVOLUTION,,LIFTING aerial lift,,,,,INV-5cbb64,,,,SUP-94febe,District Supervisor,,,,,"On 14 October 2025, an Assistant Driller (AD) employed by Stena Drilling (Stena)
sustained injuries while utilizing an aerial lift man-riding work basket during
drilling operations for Shell Offshore, Inc. (Shell) on the Stena Evolution drillship
located at Garden Banks Block 959. The aerial lift unit is a hydraulic telescopic crane
mounted in the moonpool area on the drillship that can be utilized as a crane or man-
riding work basket.",,,,,,,,,,,,,,,,"Sequence of Events:
On 14 October 2025, Stena was in the process of installing a subsea pump module (SPM)
umbilical line counterbalance sheave to create the storm loop when a Stena AD, the
Injured Party (IP), was ejected from an aerial lift man-riding work basket and fell 16
feet to the deck below. At the time of the incident, the IP was attempting to install
the counterbalance sheave onto the SPM umbilical in the moonpool area. Slack between
two sheaves was required to create the needed spacing for the counterweight
installation. To accomplish this, the crew used an aerial lift man-riding work basket
to pull down on the umbilical cable with a rope to create the necessary slack for
installing the counterbalance. A 0.75-inch polypropylene rope was cradled over the
umbilical by the IP while positioned inside the man-basket. The rope was
aerial lift
then tied to each side of the basket, forming a triangular configuration with the
umbilical cable positioned overhead. The umbilical was pulled down to create slack
between the overhead sheaves so the counterbalance sheave could be installed. As the
aerial lift man-riding work basket was being lowered by the Operator, who was
positioned at the walkaround master hydraulic controls, slack on the SPM umbilical
spool was simultaneously paying out. The rope eventually parted when the umbilical ran
out of slack and tension exceeded the rope’s 9,810-pound breaking strength. As a
result, the stored energy from the released tension was transferred to the aerial lift
man-riding work basket, causing it to jolt downward violently. The IP who was
positioned inside the man-riding work basket was thrown out and fell
aerial lift
approximately 16 feet, landing on the xmas tree cart deck below. At the time of the
incident, the IP was wearing a life vest and a safety harness; however, the IP’s
harness was not properly secured adequately. The IP sustained a laceration to the head
requiring numerous sutures and staples, bruising to the left leg and shoulder,and
temporary loss of consciousness. First responders provided medical treatment, and a
medevac flight was mobilized. The IP was transported and treated at University Medical
Center New Orleans, Louisiana hospital.
BSEE Investigation:
On 17 October 2025 and 27 October 2025, the Bureau of Safety and Environmental
Enforcement (BSEE) Lafayette District conducted onsite incident follow-up
investigations. On each occasion, BSEE met with Shell and Stena representatives,
inspected the incident scene and gathered all available incident-related documents.
Shell determined that the man-riding work basket was operated beyond its
aerial lift
approved design intent by functioning concurrently as a man-riding basket and a lifting
device for loads. It was also discovered that the hydraulics, which would normally
limit the crane to 280 kilograms (617 pounds) of force when the man-riding work basket
is attached, had been placed in bypass. This allowed use of full hydraulic force which
equated to 11,000 kilograms or approximately 24,250 pounds of force. This bypass also
disabled the load indicator lights, alarms and the automatic basket leveling system.
Moreover, the crew failed to recognize the hazards of the task of using the aerial lift
man-riding work basket as a lifting device by pulling downward with rope. There was no
lift plan in place for this type of operation.
In addition, it was found that prior to the aerial lift man-riding work basket going
out of sight, the Managed Pressure Drilling (MPD) Toolpusher held a Toolbox Talk (TBT)
meeting with a Floorman who was passing by so that the Floorman could act as a
Spotter. The MPD Toolpusher had three TBT meeting’s forms on hand, but the Floorman
who was going to act as a Spotter signed the incorrect TBT form, and the IP did not
sign any TBT forms.
During the incident investigation it was also discovered that there was no Management
of Change (MOC) performed when the radio remote controls failed to operate. Therefore,
the operator control station became the primary means of control, thus exposing the
bypass functions to misuse. Moreover, there was no physical method of control to
prevent unauthorized use of bypasses or overrides. The Original Equipment Manufacturer
(OEM) manual and control panel signage state that the deck control panel or operator
station is for emergency use only.
Even though the AD was wearing a safety harness and was tied off to the aerial lift
man-riding work basket, the Stena investigation team determined that the AD had
connected the lanyard to the open-ended inner handrail near the gate, which was the
wrong location to tie off. When the rope broke, the work basket jarred downward and the
IP was thrown from the man-riding work basket and the lanyard hook was pulled off the
open-ended section of the handrail. The man-riding work basket has two dedicated anchor
points for safety harnesses, but the AD did not use either of these anchor points. The
harness and lanyard were inspected, and it was confirmed that they were in good working
condition and not subject to shock load.
The BSEE Incident Investigation Team reviewed all of the final findings of the Shell
assessment report of the incident. According to the Shell report, the incident occurred
because the man-riding work basket was being used outside of its design as
aerial lift
both a man-riding basket and as a crane to pull a load simultaneously. In addition,
there was no lift plan in place for this type of operation."
MC-391-20240305-0415,,,2024-03-05,04:15,,MC,391,,T.O. DEEPWATER POSEIDON,,LIFTING,,,,,,,,,SUP-bb2929,District Supervisor,,,,,"On March 5, 2024, at approximately 04:15 hrs., the Transocean Deepwater Poseidon
Drillship experienced extreme unexpected change in wind speed and direction due to
strong thunderstorms in the area (Mississippi Canyon Block 391). The Drillship was
drilling the AW003 well (API# 608174148700, OCS-G 26252). This event resulted in a
forced excursion of the vessel’s planned position and the vessel had an Emergency
Disconnect Sequence (EDS). Shell reported the incident to the Bureau of Safety and
Environmental Enforcement (BSEE) New Orleans District (NOD). There was also a release
of pollutant fluid from the riser that was reported to the National Response Center
(NRC) #1393053, #1393194, #393195).",,,,,,,,,,,,,,,,"SEQUENCE OF EVENTS:
On March 5, 2024, while drilling out the 18” shoe track on the AW003 well in MC 391,
adverse weather conditions were experienced on the Transocean Deepwater Poseidon. At
04:00 hours, the wind speed increased from 30 kts to 40-45 kts from the South,
prompting a heading change to face into the wind. Subsequently, at 04:03 hrs, the wind
shifted to the West and intensified to 60 kts, which was not forecasted.
As the vessel attempted to adjust its heading into the wind, the wind speed dropped to
zero momentarily before shifting again to the North and escalating to 83 kts. The
vessel excursion accelerated due to this rapid increase in wind speed and change in
direction, with the wind now hitting the vessel broadside. Communication was
established with the bridge and rig floor to prepare for hanging off the drill pipe as
the vessel approached the Red Watch Circle. Meanwhile, the Driller on tour had already
begun to place the 6-5/8 in drill pipe in a hang-off position once the top drive was
made up. The drill string was lowered to a space-out position and the middle pipe ram
was closed. Once the gallon count was confirmed, the Driller continued to hang off
with a 500k lb. hook load. As the drillship approached the red watch circle limit
(90.3 ft), the Driller was on speakerphone, being informed of distances off well
center. The Shell Company Representative was present on the bridge and was advised of
the need to EDS by the Transocean Captain. The decision to initiate the EDS was made
by the Shell Company Representative and the EDS sequence was functioned from the
Driller’s console. The vessel was within 5-7 ft of approaching the Red Watch Circle
when confirmation from the bridge team of a successful liftoff was received. The bit
depth was 15,924 ft at the time of the EDS. The vessel drifted approximately 750 ft
from the well in a South-Southwest direction, away from any flowlines. The vessel
stabilized at a distance of 40 feet from the well location. The Lower Marine Riser
Package (LMRP) was approximately 48 ft off the bottom, and the Remote Operated Vehicle
(ROV) prepared to dive for an inspection of the well, Blowout Preventers (BOPs), and
Riser. The ROV did verify that the well was secure.
According to Transocean, a sequence of events occurred leading up to a critical
moment. At 23:02 hrs, a Squall and Frontal Passage 24-hour checklist was initiated. At
01:58 hrs, a WeatherOps Hazardous Thunderstorm Watch was issued. At 02:07 hrs, a
supply boat was sent to standby, and all the Marine Diesel Generators (MDGs) and
Thrusters were online. At 04:00hrs., the Captain of the drillship was called to the
bridge. At 04:03 hrs., the rig started a heading change to starboard. At 04:14:09 hrs,
the Middle Pipe Ram close command was given, followed by the Middle Pipe Ram being
locked at 04:15:52 hrs. The driller-initiated EDS Mode 2 button was pressed from Drill
Floor, which completed a 68-sec sequence where the casing shear was fired first,
followed by the upper blind shear ram second. By 04:16 hrs. the red watch circle of
90.3 ft. was exceeded.
BSEE INVESTIGATION:
The BSEE Accident Investigator (AI) received and reviewed information submitted
through emails, phone communications, and witness statements from Shell concerning the
EDS weather event. The BSEE investigation team arrived on the Transocean Deepwater
Poseidon on March 6, 2024, for an onsite investigation. The team requested the NRC
report associated with the synthetic based mud loss along with Material Safety Data
Sheets associated with the fluids that were released from the riser. The weather
reports were provided along with the Well Specific Operational Criteria Report. There
were three NRC reports submitted for this incident; one on 3/5/2024 (#1393053) and two
on 3/24/2024 (#1393194 and #1393195). A BSEE Offshore Incident Report was also
submitted.
During the EDS event, three joints of 6-5/8 in pipe and a Managed Pressure Drilling
(MPD) bearing (that were all connected together in one stand) fell from its position
in the derrick on the auxiliary side of the drill floor and landed on top of the
Driller’s shack. This pipe and bearing assembly weighed approximately 13,200 lbs. The
metal protective barrier on top and on the side of the Driller’s shack was damaged due
to this impact.
The drill floor had been made a black zone until daylight hours preventing inspections
in the derrick from being performed. Once the area was deemed safe, senior personnel
and the drill crew formulated a plan to recover the MPD bearing from across the drill
floor and driller’s shack. A set of lifting elevators were installed on the top joint
of 6-5/8 in pipe, and weight was taken off the stand to allow the welder to cut the
lower pipe bumper that the lower joint had slid under. Once this was cut, the joint
was lifted until the auxiliary pipe racker was in position to grab the stand.
The stand was then latched into the auxiliary top drive. Once secure in the top drive,
the hoist and lifting elevators were removed. The lower joint was bent at a
significant angle resulting in having to cut the lower joint just below the upper box
end tool joint to allow it to be laid out. Once this was laid out, the bearing was
removed from the remaining double, laid out, and sent ashore for inspection. The
double was also laid out and sent ashore. Once this was cleared, operations for
relatching to BOP commenced.
This event with the pipe and bearing assembly falling across the drill floor was never
brought up or mentioned during the onsite interviews with Transocean personnel.
Transocean’s investigation report did not include this event, nor did Shell reveal
this information during interviews and email notifications. This aspect of the
incident was discovered by BSEE investigators while conducting an inspection on June
24, 2024, when inspectors noticed the drill shack's protective barrier was damaged and
inquired how it happened.
CONCLUSIONS:
BSEE concludes that the incident occurred due to the adverse weather conditions that
were not forecasted on weather reports or radar. These adverse weather conditions that
the vessel experienced at the time of the event had wind speeds reaching 83 kts from
the North.
At 04:00 hrs. the wind speed increased from 30 kts to 40-45 kts from the South,
prompting a heading change to face into the wind. Subsequently, at 04:03 hrs, the wind
shifted to the West and intensified to 60 kts, which was not forecasted. As the vessel
attempted to adjust its heading responding to the wind, the wind speed dropped to zero
momentarily before shifting again to the North and escalating to 83 kts. The vessel
excursion accelerated due to this rapid increase in wind speed and change in
direction, with the wind now hitting the vessel broadside.
At 04:00 hrs., the excursion initially reached the Yellow Watch Circle (as defined by
the Well Specific Operational Criteria Report) that immediately raised the Dynamic
Positioning (DP) Yellow Alert. With the winds increasing (60 knots), the excursion
continued further. Meanwhile, the Driller on tour had already begun to get the 6-5/8
in drill pipe in a hang-off position in the middle pipe ram (once the top drive was
made up).
Prior to this event occurring, the operation being conducted was drilling out the 18
in liner shoe track. At 04:15 hrs, as the rig approached the red watch circle limit
(90.3 ft), the driller was on speakerphone, being informed of distances off well; and
the Shell Company Man was present on the bridge and was advised of the need to
disconnect. The decision to initiate the EDS was made within 5-7 ft of approaching the
Red Watch Circle, and confirmation of a successful EDS was received. The vessel
drifted approximately 750 ft from the well in a South-Southwest direction, away from
any flowlines. The vessel stabilized at a distance of 40 feet from the well location.
The LMRP was approximately 48 ft off the bottom, and the ROV performed a dive for an
inspection of the well, BOP, and Riser. There was approximately 2875 bbls of Synthetic
Based Mud (Bara ECD), of which contained 1,667 bbls of base oil that was released to
the seafloor."
MC-520-20230607-1100,,ACCIDENT INVESTIGATION PANEL FORMED:,2023-06-07,11:00,,MC,520,,DIAMOND OCEAN BLACKHORNET,,LIFTING,,,,,INV-8540bd,,,,SUP-bb2929,District Supervisor,,,,,"On June 7, 2023, at 11:00 hours, BP Exploration & Production Inc. (BP) incurred an
incident on board the Diamond Ocean BlackHornet Drillship while performing drilling
operations on Well 006 located at Mississippi Canyon (MC) 520, Lease OCS-G 9821. The
incident involved dropping a 43- foot cleanout assembly approximately 40 feet onto the
pipe skate. BP reported the incident to the Bureau of Safety and Environmental
Enforcement (BSEE) New Orleans District (NOD).",,ACCIDENT INVESTIGATION PANEL FORMED:,,,,,,,,,,,,,,"SEQUENCE OF EVENTS:
On June 7, 2023, the Diamond drill crew, consisting of the two floor hands, the
Assistant Driller, and the Driller, came on tour at 02:00 hours after shortchanging
(crew change mid hitch from days to nights). As the crews exchanged, they discussed
upcoming operations during the tour. Operational work orders that would be used that
day were reviewed and signed by the drill crew. The drill crew performed their daily
checks and prepared to pick up a cleanout assembly.
At 07:00 hours, a toolbox talk was held with the Diamond drill crew, crane crew, and
Schlumberger service hand for picking up the cleanout assembly. The drill crew
discussed what would be picked up and how it would be racked in the derrick.
At 09:45 hours, the floor hands were instructed to change the elevator inserts from 5-
7/8 inch to 4-1/2 inch inserts. After the inserts were changed out, the Diamond
Assistant Driller conducted a visual inspection of the insert change and verified the
installation was done correctly, with the safety retention pins properly installed.
The Assistant Driller took a glance at the size and observed 4-1/2 inch stamped on the
inserts and continued back into the driller’s shack. The Assistant Driller was asked
to run the racker and move a stand of 4-1/2 inch drill pipe from the derrick to the
Auxiliary Top Drive so the Driller could remove a single joint of drill pipe from the
stand and use it to build the last piece of the cleanout assembly. The triple stand of
4-1/2 inch pipe was then racked back in its designated finger board row. The racker
was brought back to the Auxiliary rotary to hold the single joint of 4-1/2 inch drill
pipe while the Driller picked up the last part of the cleanout assembly (which was the
4-1/2 inch joint). These joints were moved successfully with the incorrect inserts due
to the pipe being hard banded. The measurement of the pipe with the hard-band is 5-1/2
inch versus 5-1/4 inch without the hard-band. The 1/4 inch difference in diameter was
sufficient to hold the weight of the pipe that was moved.
At 11:00 hours, as the crew picked up the last piece of the 4-1/2 inch cleanout
assembly from the skate, it fell to the rig floor and onto the pipe skate (this pipe
did not have a hard-band allowing it to slip through the elevator inserts. At 11:20
hours, a safety stand down was ordered by the Diamond Captain. Both drill and crane
crews had a safety meeting in the Driller’s shack regarding on the incident and about
moving forward.
BSEE INVESTIGATION:
On June 7, 2023, an incident was reported to the NOD with limited information
regarding its severity. The NOD Accident Investigator requested video footage of the
relevant area, which revealed a Diamond floor hand holding a remote control for the
pipe skate and standing just a few feet away from the pipe skate in the red zone. The
driller began to lift the 43-foot cleanout assembly as the floor hand stepped closer
to the pipe skate to get a better line of site of the cleanout assembly being lifted,
then stepped back. Suddenly, the assembly fell approximately 40 feet onto the pipe
skate. The floor hand quickly moved away and ran to a safe location. Given the weight
and force of the 43 foot assembly falling from such a height, this incident could have
caused a fatality.
On June 8, 2023, the BSEE NOD Accident Investigator and a BSEE Well Operations
Inspector performed an onsite investigation. The onsite investigation included
gathering documentation, conducting interviews, and taking photographs of relevant
equipment and the incident scene. The BSEE NOD Accident Investigator and the BSEE Well
Operations Inspector issued an Incident of Noncompliance for the incident.
CONCLUSION:
BSEE concludes that the incident occurred due to the Driller and Assistant Driller not
following the guidelines and procedures and did not fill out the Elevator Pre-use
checklist. Due to the Driller and Assistant Driller not following the guidelines and
procedures and not filling out the checklist (which all state to verify the correct
insert size is installed in the elevators before lifting), the incorrect inserts were
installed which resulted in dropping the 43-foot cleanout assembly 40 feet onto the
pipe skate. There was one floor hand in the red zone at the time of the incident. This
employee was operating the pipe skate with a remote which allowed this employee to
walk into the red zone to get a better line of site of the opposite end of the pipe
skate while the tubulars werebeing picked up. No injuries occurred.
1) Drill Pipe Elevators Guideline (5.1.4.8.a) “Develop a specific procedure for
inspecting elevators prior to use. Designate the Assistant Driller as the responsible
person to carry out the checks. These checks are to be verified by the Driller.
Procedures will include positive checks, i.e., actual measurements, which override any
temporary marks on equipment.
2) Change Inserts in Elevators Procedure (SSP180-DRL-13)” Driller or Assistant Driller
will verify the correct size inserts are installed and safety cables are in good
condition.
3) Elevator Pre-Use Checklist (ref# CHKL/001) was not filled out for this operation.
This checklist had two items to verify the correct inserts are used: 1) Verify the
size of the pipe that the elevators are to be used with. 2) Physically measure the
internal bore of the elevators to confirm that the elevators are the correct size for
the tubular in use. In the notes at the bottom of the checklist it states: It is the
Assistant Driller’s responsibility to ensure that the above checks have been
completed. It is the Driller’s responsibility to verify that the above checks have
been carried out to his satisfaction, the correct elevators have been selected, and
that they are fit for purpose. If there is any doubt as to the selection or condition
of the elevators to be used the Tool pusher or Rig Superintendent must be informed.
4) The inserts that were installed were designed for use with 4.5 inch External Upset
(EU) pipe. The pipe that was being lifted was 4.5 inch Internal-External Upset (IEU)
which requires the smaller diameter inserts. The IEU pipe upset is approximately 1/4
inch smaller in diameter than the EU pipe upset."
MC-759-20260220-1246,,,2026-02-20,12:46,,MC,759,,T.O. DEEPWATER ATLAS,,LIFTING,,,,,INV-dacd5a,,,,SUP-4f3153,District Supervisor,,,,,"On 20 February 2026, at approximately 1225 hours Central Daylight Time (CDT), a
disabled safety system incident occurred at Beacon Growthco Operating Company, L.L.C.
(Beacon) Mississippi Canyon (MC) 759 Personnel lost control of a Remotely Operated
Vehicle (ROV) ML242 and its tether management system (TMS) during recovery aboard the
Transocean International (TOI) Deepwater Atlas drillship. The recovery winch, an SH
Group model 4300 Series, experienced uncontrolled free spooling, causing ROV ML242 to
descend to the seafloor. Approximately 13,000 feet of umbilical cable accumulated on
the seafloor and covered portions of nearby subsea assets. Personnel vacated the
hazardous area, secured the well, and suspended operations. The incident was reported
to the Bureau of Safety and Environmental Enforcement (BSEE), New Orleans District on
20 February 2026 at 1523 hours CDT.
At the time of the investigation, Marine Minerals Administration (MMA) personnel were
operating under the former Bureau of Safety and Environmental Enforcement (BSEE).
Therefore, all MMA personnel referenced in this report will be identified as BSEE
personnel.",,,,,,,,,,,,,,,,"SEQUENCE OF EVENTS:
The following sequence of events was developed from information provided to BSEE by
Beacon, TOI and Oceaneering International, Inc. (OII) during the investigation.
Prior to the incident, on 16 February 2026, at approximately 0916 hours CDT, ROV
ML242, operated by OII aboard the TOI Deepwater Atlas contracted by BEACON, commenced
Dive No. 616 at MC 759 Zephyrus 002 well, API No. 608174151601. At the time the dive
commenced, OII stated conditions included approximately 2-foot seas, 15mph winds, and
a worksite depth of approximately 3,533 feet seawater (FSW). ROV ML242 continued
planned subsea operations from 16 February 2026 through 20 February 2026, completing
approximately 98.73 hours of dive time.
On 20 February 2026, at approximately 1200 hours CDT, the OII ROV crew initiated a
planned recovery of ROV ML 242 and its TMS to the surface to conduct a subsea tooling
package changeout. During the recovery operation, an OII ROV Supervisor, assisted by
an OII ROV Technician, operated the SH Group’s 4300 Series electric Umbilical winch
from the ROV control station. The control station was located behind the winch
assembly, and deck cameras were available to provide real-time monitoring of the
recovery operation.
As ROV ML242 and the TMS were being recovered through approximately 1,428 FSW, the OII
ROV Supervisor heard an audible metallic rattling sound coming from the winch area. In
response, the Supervisor reduced the recovery speed. Shortly thereafter, personnel
from the OII ROV crew heard two distinct banging noises outside the control station.
At approximately 1225 hours CDT, the SH Group winch began to free-spool, resulting in
an un-commanded payout of umbilical cable from the winch drum. As a result, ROV ML242
and the TMS began an uncontrolled descent toward the seafloor. The OII ROV crew
attempted to regain control using normal winch commands; however, the winch did not
respond. The OII ROV Supervisor then activated the emergency shutdown system (ESD),
but the ESD did not stop or slow the uncontrolled payout.
After control of the winch was lost, the OII ROV crew notified the vessel bridge and
exited the control station, relocating to a safe area outside the immediate hazard
zone. ROV ML242 ultimately came to rest on the sea floor. After the winch came to a
stop, personnel observed that the umbilical cable had jumped out of the A-frame sheave
and had become wedged against the sheave cheek plate. The uncontrolled payout resulted
in approximately 13,000 feet of umbilical cable being deposited in a tangled
configuration over portions of nearby subsea assets.
Because ROV ML242 served as a critical safety component supporting subsea operations,
TOI and BEACON personnel-initiated steps to secure the well, suspending further
operations until an assessment and recovery plan could be developed and implemented.
Two ROV support vessels, the M/V Harvey Blue Seas and M/V Island Performer, were
mobilized from Port Fourchon on 21 February 2026 to assist with the recovery of ROV
ML242 and support operations on the Deepwater Atlas. ROV ML242 was located intact and
recovered. The further recovery of the umbilical has been postponed and is scheduled
to commence in August of 2026.
BSEE INVESTIGATION:
The BSEE investigator assigned reviewed evidence related to the loss of control of ROV
ML242 and its TMS, including witness statements, video evidence, maintenance records,
operator-provided contractor findings and original equipment manufacturer (OEM)
analysis. The BSEE investigator did not perform a physical inspection of the SH Group
4300 Series electrical umbilical winch, and BSEE did not contract an independent third
party to inspect the winch. Findings related to the internal mechanical condition of
the winch, including gear tooth damage, lubrication condition and gearbox failure,
were based on contractor and OEM analyses provided to BSEE by the operator.
On 22 April 2026, BEACON and OII representatives presented their findings to the BSEE
New Orleans District. The primary root cause presented was:
“Gear tooth failure caused by insufficient lubrication and frequency of use. This is
considered as a probable cause, identified by visual examination and initial
investigative work conducted by the OEM representative.”
The operator later provided additional OEM analysis which identified the failure
mechanism as:
“… progressive scuffing (adhesive wear) of the pinion and slewing ring gear teeth
resulting from operation of the gear mesh under inadequate lubrication condtions.
Under boundary-lubrication operation, the lubricant film was insufficient to fully
separate the contacting tooth surfaces, leading to metal-to-metal contact. This
condition produced localized frictional heating and surface tempering, followed by
plastic deformation, destruction/removal of the hardened surface layer, and
progressive loss of tooth material, culminating in functional loss of the gear mesh.”
During the 22 April 2026 presentation, BSEE asked whether the same model of winch was
operating on other vessels. The OII presenters stated that one similar winch was
operating in the Gulf of America with no reported issues. They further stated that the
similar winch had been inspected and found to have sufficient grease and no
degradation of the gear teeth. The explanation provided was that the crew assigned to
that vessel had greater experience with the equipment and applied sufficient grease
during use.
The BSEE investigator reviewed witness statements and video evidence regarding the
crew’s response. The evidence showed that the OII crew did not initially identify the
cause of the uncontrolled winch movement; however, they promptly notified the vessel
bridge, exited the ROV control station, and moved to a safe area outside the immediate
hazard zone.
Through questioning an OII subject matter expert, the investigator determined that the
winch did not include an independent secondary braking system. Although the emergency
brake used a separate hydraulic system, the braking function still relied on the same
gearing mechanism to initiate stopping of the winch. When the gear failure occurred,
the emergency shutdown system did not stop or slow the uncontrolled payout.
BSEE asked whether OII or BEACON planned to incorporate an independent braking system
that did not rely on the same gear arrangement. OII and BEACON stated that there were
no current plans to include an independent secondary braking system in any redesign of
the winch.
IN CONCLUSION:
Based on the evidence reviewed, the incident resulted from the loss of gear mesh
function within the electric umbilical winch during recovery of ROV ML242 and its
tether management system. Operator-provided contractor and OEM analyses attributed the
failure to progressive gear tooth damage caused by inadequate lubrication conditions
during operation.
The BSEE investigation further determined that the winch’s emergency stopping function
was not independent of the failed gear arrangement. Consequently, once the gear mesh
failed, the emergency shutdown system did not stop or slow the uncontrolled payout.
The loss of winch control resulted in the uncontrolled descent of ROV ML252 to the
seafloor and the payout of approximately 13,000 feet of umbilical cable. Witness
statements and video evidence showed that OII, TOI, and BEACON personnel vacated the
hazardous area, secured the well and suspended further operations."
MO-916-20231122-1130,,,2023-11-22,11:30,,MO,916,AP,,,LIFTING,,,,,,,,,SUP-bb2929,District Supervisor,,,,,"On 22 November 2023, an incident occurred on a production platform owned and operating
by Cox Operating, L.L.C. (Cox). Mobile 916 Platform “AP” is located approximately nine
miles offshore in the Gulf of Mexico (GoM) in a water depth of 61 feet. The incident
occurred when a contract construction worker with Burner Fire Control (Burner) was
guiding a section of piping from an elevated pipe rack to the lower deck via rope. As
the piping was being lowered, the Injured Person’s (IP) hand was pinched between the
pipe and a support beam. The job was immediately stopped, and platform personnel
administered basic first aid to the IP. However, it was determined that treatment
beyond first aid was needed, and the IP was evacuated from the facility.",,,,,,,,,,,,,,,,"SEQUENCE OF EVENTS:
On 22 November 2023 at approximately 0630 hours, construction crewmembers with Burner
began their day with a Job Safety Analysis meeting to identify all potential hazards
associated with the removal of two-inch airline piping located on the cellar deck. The
crew then inspected all tools and equipment to be used for the job. The area on the
cellar deck where the demolition work was being performed was flagged off to prevent
all non-essential personnel from entering the work area. Once it was verified that the
piping was isolated, bled down, and safe to remove, construction crewmembers began
dismantling sections of piping for removal.
At approximately 1125 hours, as crewmembers were lowering an eight-foot section of the
two-inch piping from the elevated pipe rack, the pipe shifted causing the IP’s finger
to be caught between the piping and an I-beam. A “Stop Work” was immediately called,
and the IP reported to the supervisor and Person-In-Charge (PIC). The IP’s finger was
assessed by the PIC and placed in a taped splint. Arrangements were made to have the
IP flown from the facility via helicopter and transported to an onshore medical
facility for further evaluation. The IP was evaluated by medical personnel and
diagnosed with a fractured right index finger. A follow-up appointment was scheduled
for 1 December 2023, and the IP was sent home to rest and recover and not released to
return to work until cleared by the physician.
BSEE INVESTIGATION:
On 22 November 2023 at 1213 hours, the BSEE Accident Investigator (AI) with the New
Orleans District (NOD) received a phone call from a Cox Safety Manager informing the
AI of a construction worker that was being sent in due to a finger injury sustained
while working offshore. Details of the incident were vague at the time; however, the
AI was informed that the IP may have broken his finger and needed to be sent to an
onshore medical facility for further evaluation. The IP was wearing leather impact
gloves at the time of the incident.
On 28 November 2023, Cox submitted an incident report to BSEE of the incident that
occurred on 22 November 2023. The report stated that construction crews were in the
process of removing and lowering an eight-foot section of two-inch diameter airline
piping from an elevated pipe rack when the IP’s finger was pinched between the pipe
and a nearby beam. The job was stopped, and the IP was sent in for evaluation at an
onshore medical facility where he was diagnosed with a fractured right index finger.
On 29 November 2023 at 0835 hours, the BSEE AI sent an email to Cox’s safety manager
with a list of documents and other pertinent information being requested. Cox
responded with an email at 1351 hours containing photographs, Personnel on Board
(POB), Job Safety Environmental Analysis, Safety Environmental Management System :
Safety Meeting Form and Fall Protection Policy, Internal Incident Report, and Witness
Incident Statements. The IP had a follow-up appointment with medical providers on 1
December 2023 where it was determined that surgery was not required. However, it would
be approximately four to six weeks before the IP would be released back to work duty,
categorizing this incident as a Loss Time Accident (LTA) of greater than three days.
CONCLUSIONS:
After thoroughly reviewing the associated documents that Cox provided, the BSEE AI
determined that lack of communication was a key factor in this incident. As the eight-
foot section of the two-inch diameter piping was being lowered, the IP and the
construction crewmembers involved did not communicate properly. This led to the
shifting of the pipe while being lowered, which subsequently caused the IP’s finger to
become trapped between the piping and beam. Had all crewmembers adequately
communicated hand placement and operational intent, the section of piping could have
been safely lowered without incident. It was also determined that inadequate
supervision was a contributing factor to the incident."
MU-20260517-1515,,Members:,2026-05-17,15:15,,MU,,A,,,LIFTING,,,,,INV-bde742,,,,SUP-720eab,District Supervisor,,,,,"On 5/17/2026 at approximately 1515 hours, during decommissioning operations located at
Mustang Island 85, Lease G03061, operated by Talos Energy, the slot “C” 30-inch
conductor which was secured by 30-inch stationary casing slips, unexpectedly dropped.
This caused the temporary crane’s auxiliary line to part and the headache to fall into
the work basket occupied by three White Fleet Abandonment decommissioning crew members.
There were no injuries or pollution associated with the incident. Operations were
suspended until equipment was assessed, the crane was repaired and a recovery plan
approved by Talos was completed. At the time of the investigation, Marine Minerals
Administration (MMA) personnel were operating under the former Bureau of Safety and
Environmental Enforcement (BSEE). Therefore, all MMA personnel referenced in this
report will be identified as BSEE personnel.
The slot “C” (CS6) 30-inch conductor was previously cut 15-feet below mudline. The
slot “C” conductor was the only casing installed in this slot, so it has no cement
grout or other casings associated with it.
The White Fleet Abandonment decommissioning crew was in the process of pulling the
slot “C” conductor to remove it from the facility when the incident occurred. First,
White Fleet Abandonment decommissioning crew members torch cut holes in the slot “C”
conductor to pin it near the plus 10 deck. Talos Company Representative and White
Fleet Abandonment Supervisor agreed to pin the slot “C” conductor at the plus ten deck
opposed to near the top of the conductor due to corrosion degradation near the top of
the conductor. Next, the White Fleet Abandonment decommissioning crew ran three
joints of 5-inch work string with attached becket and bails inside the slot “C”
conductor to a depth near the torch cut holes at the plus ten deck. The bails were
then secured inside the conductor by a 3-inch diameter steel pin that ran through the
previously torch cut holes in the conductor at the plus ten deck and secured with
thru-bolts and washers.
With the 30-inch slot “C” conductor connected to the 5-inch work string, the White
Fleet Abandonment decommissioning crew began to lift the conductor with casing jacks.
During onsite interviews by BSEE with Talos Company Representative and White Fleet
Abandonment Supervisor, the weight of the conductor was estimated to be 56,000 pounds.
An initial estimate provided to BSEE by email stated the estimated weight to be 75,000
pounds. During the initial lift of the conductor off bottom both the casing jack’s
stationary (lower assembly) and traveling head (upper assembly) were configured with
5-inch bowls and 5-inch slips to accommodate the 5-inch work string. Once the 30-inch
conductor was lifted to a height just below the casing jack’s stationary, the 5-inch
slips and bowl installed in the stationary were changed out to a 30-inch slips and
bowl to accommodate the 30-inch conductor. The White Fleet Abandonment decommissioning
crew continued jacking the 30-inch conductor upwards with the casing jack’s traveling
head until full stroke was reached. The 30-inch slips were set in the stationary on
the 30-inch conductor. The 30-inch slips secured the conductor and supported the
conductor while the traveling head which still had 5-inch slips and bowl was lowered.
The traveling head with the 5-inch slips were set and secured the work string again,
and the casing jack’s traveling head made another stroke upwards. Upon full stroke of
the casing jack’s traveling head, the 30-inch conductor slips were set in the
stationary and again secured the conductor. The casing jack’s traveling head was
lowered approximately 1-foot to ensure the stationary slips held and to allow the
bails to be free of the 3-inch pin installed in the conductor. Note the bails have
approximately 41-inches of travel. The temporary crane’s auxiliary line was then
attached with single joint elevators to the 5-inch work string, becket and bails to
allow for the removal of the 5-inch slips and bowl installed in the traveling head.
This was in preparation for the 30-inch slips and bowl to be installed in the
traveling head to handle the 30-inch conductor.
The Fluid Crane Operator began to lift the 5-inch work with the temporary crane’s
auxiliary line just enough to allow the 5-inch slips installed in the traveling head
to be removed by White Fleet Abandonment decommissioning crew members in the work
basket. Upon removing the 5-inch slips in the traveling head (15-30 seconds), the 30-
inch slips in the stationary lost grip on the 30-inch conductor allowing the conductor
to fall approximately 100-foot back to the seafloor while remaining in the bell
guides. The pin in the conductor attached to the bails had not yet been removed. When
the conductor dropped the temporary crane’s auxiliary line took the conductor’s weight
of an estimated 56,000 pounds plus the shock load force. This weight and shock load
parted the temporary crane’s auxiliary line allowing the headache ball to drop and
make impact on the West side of the work basket extremely close to White Fleet
Abandonment decommissioning crew members who had to get out of the way. An all stop
was initiated pending an investigation and further evaluation of recovery methods.
BSEE Investigators and Talos Representatives were unable to make it out to location
until 5/22/2026 due to weather. No equipment had been moved since the day of the
incident. When BSEE Investigators arrived on 5/22/2026, White Fleet Abandonment
decommissioning crew members and Talos Company Representative who were on location the
day of the incident had been sent in for a Talos investigation debrief. BSEE
Investigators took photos of the area, equipment utilized, 30-inch conductor, and
interviewed the Fluid Crane Operator who was still on the platform assisting the Fluid
Crane Mechanic with repairs.
BSEE Investigators documented that all sides of slot “C” conductor had slip die marks
and the pin which had been installed in the conductor to secure the 5-inch work string
was missing. The drop likely caused the pin to break or deform enough that it came
out. BSEE Investigators did note that the torch cut holes in the 30-inch conductor did
not appear deformed from the pin impacting. 30-inch slip dies installed in the casing
jack’s stationary appeared in good condition and were free of debris which would have
made the slips ineffective. The 30-inch slip dies did have casing material embedded in
them. BSEE Investigators identified a chain hoist connected to the 30-inch slip
handles still installed in the stationary bowl. Investigators sent questions to Talos
questioning the manufacturer’s guidance concerning the chain hoist being attached and
the possibility of the chain hoist preventing the slips from seating evenly around
conductor. Vendor owner of the 30-inch slips stated “The chain hoist should not be
connected to the slips while slips are supporting pipe. They should only be used to
lift slips out of bottom bowl.” BSEE Investigators confirmed through multiple sources
the chain hoist was connected to the 30-inch slips after the conductor slipped to
secure the 30-inch slips from falling out the bowl.
The Fluid Crane Operator stated he did not take any weight beyond the 5-inch work
string, becket, and bails which allowed the 5-inch slips installed in the traveling
head to be removed. The weight indicator in the crane was analog with no recording
capability. BSEE Investigators reviewed the daily report for day of the incident,
weather report for the day of the incident, witness statements, JSA, White Fleet
Abandonment Procedure for pulling casing with casing jacks, crane records, Talos
photos, Talos initial report, Talos Procedure Hazard Review, and Talos Recovery Plan.
BSEE Investigators followed up with an onsite visit on 6/11/2026 to interview the
White Fleet Abandonment decommissioning Supervisor in charge of running the casing
jacks and a White Fleet Abandonment decommissioning crew member who was in basket at
the time of the incident. The White Fleet Abandonment decommissioning crew reported
the casing was moving due to weather conditions but not beyond normal conditions which
would require stop work. Weather conditions at the time of the incident were a wind
speed of 27 knots and sea state of 6-foot. BSEE Interviews aligned with witness
statements and procedure questions were answered by Talos Company Representative and
White Fleet Abandonment decommissioning Supervisor. The upper section of the slot “C”
conductor and 30-inch stationary slips were sent in for a material evaluation to
include dimensional, mechanical, chemistry and a bacterial
evaluation. The Drive Pipe Recovery Procedure was discussed, and the temporary crane
was inspected. All critical crane parts were changed out, and an annual crane
inspection was completed 6/9/2026. A load test was completed on the crane’s main line,
and a pull test was completed on the crane’s auxiliary line before operations
commenced following the incident.
The remaining conductors were removed successfully without incident. A spear was
utilized after the top section of the slot “C” Conductor was removed. Due to the
unknown failure mechanism of the drop, a two-retention method was utilized which
incorporated the use of two sets of slips, or one set of slips and a pin inserted
above the stationary slips. Note: A controlled cutter was used which expedited the
cutting and pinning process.
The report concluded the slot “C” 30-inch conductor showed extreme
material evaluation
wall loss predominantly on a quarter section of the casing near the top. This reduced
the casing’s resistance against slip crushing forces and led to the slips losing grip
as the compromised casing pipe elastically deflected out of shape. The 30-inch
stationary slips had minimal wear and were in good overall condition. The material
recommends that the conductor pipe be inspected prior to pulling
evaluation report
operations.",,Members:,,,,,,,,,,,,,,
SP-49-20250730-1310,,ACCIDENT INVESTIGATION PANEL FORMED:,2025-07-30,13:10,,SP,49,C,* WIRELINE UNIT,,LIFTING,,,,,INV-5cbb64,,,,SUP-312fdb,District Supervisor,,,,,"On 30 July 2025, a Supreme Services, Inc. (Supreme) crew contracted by W & T Offshore,
Inc. (W&T) was laying down a mechanical casing cutter in a shipping basket on the
South Pass (SP) 49 “C” platform (Lease Number G02177) after performing work on Well
C005. While handling the cutter, the outermost casing jack bowl separated unexpectedly
and slid down the tool. An operator’s left hand was trapped, resulting in serious
injuries to the left hand, including a severed finger. Immediate first aid was
provided, and the Injured Person (IP) was evacuated via Motor Vessel (M/V) to the “A”
platform before being airlifted to shore and transported by ambulance to University
Medical Center New Orleans. There, the IP underwent medical treatment that resulted in
the permanent dismemberment of three fingers. W&T reported the incident to the Bureau
of Safety and Environmental Enforcement (BSEE) New Orleans District (NOD).",,ACCIDENT INVESTIGATION PANEL FORMED:,,,,,,,,,,,,,,"SEQUENCE OF EVENTS:
On 30 July 2025, at 13:10 Central Daylight Time, a plug and abandonment crew from
Supreme was engaged in removing a 12-inch mechanical casing cutter from Well C005 and
placing it into a designated shipping basket for storage. The cutter was previously
secured in the well by means of a casing jack and two slip bowls, one inner bowl and
one outer bowl, with inserts designed to hold the Bottom Hole Assembly (BHA) during the
cutting process. Upon completion of the cutting operation, a crane was connected to the
top of the BHA to facilitate removal of the slip bowl inserts. The crew proceeded to
lift the mechanical casing cutter in a near-vertical position, raising it just high
enough for the bottom edge of the tool to clear the slip bowl inserts inside the casing
jack. As the cutter was lifted, the inner bowl, which remained engaged below the outer
bowl, was allowed to rest on the horizontal stabilizer fins for temporary support while
the tool was still suspended by the crane. At this point, the outer bowl remained
attached to the inner bowl, and both components were generally upright as the crew
prepared to relocate to the shipping basket. The mechanical casing cutter was then
lifted via crane and moved approximately 20 feet to the shipping basket on the deck.
The bottom of the mechanical casing cutter was placed into the basket first, with the
top portion hanging over the front edge, suspended by the crane.
Once the bottom of the mechanical casing cutter was in the basket, a Supreme operator
and service technician approached the basket placing their hands on the
the 3rd party
lower portion of the cutter near the cutting knives to help guide the tool down. During
this process, the outermost bowl (approximately 250 pounds) unexpectedly dislodged and
slid down the length of the tool, traveling past the stabilizer fins. Subsequent
inspection determined that the two bowls had been bonded together by a heavy buildup of
grease and debris from prior cutting operations. This created what is commonly referred
to as a “grease lock”, in which the downward force applied during cutting causes a
vacuum-like seal between surfaces. When the mechanical casing cutter was repositioned
horizontally, the internal pressure differential was released abruptly, allowing the
outermost bowl to separate and slide freely.
The service technician was able to remove their hands before the bowl passed; however,
the Supreme operator’s left hand was caught between the bowl and the tool, resulting in
an amputation of one finger and traumatic crush injuries to two others. The crew
immediately halted operations, administered first aid to control the bleeding and
retrieved the severed finger for possible reattachment. The attending vessel was
notified and moved into position alongside the platform to facilitate medical
evacuation. The IP was transferred to the “A” platform, where a medic stabilized the
injury and prepared the severed finger and other dismembered tissue for perseveration.
The IP was subsequently airlifted via field helicopter to the RLC base in Venice, LA,
and then transported by ground ambulance to University Medical Center New Orleans.
Medical evaluation confirmed that the index, middle, and ring fingers on
the left hand sustained irreparable damage, and they were permanently amputated. A
safety standdown was conducted on the platform after the IP was evacuated, and all
operations were halted for the day.
BSEE INVESTIGATIONS:
The BSEE-assigned investigator received and reviewed information submitted through
emails, phone communications, and witness statements from the operator after the
incident occurred. An investigation team boarded the platform on 14 August 2025. The
team requested relevant paperwork and conducted interviews with individuals that were
present during the incident or who arrived shortly after the incident occurred. The IP
was not on location at the time of the investigation and was unable to be interviewed.
IN CONCLUSION:
The investigation determined that while Supreme maintained a formal “no hands” policy
(Dated: 11/30/2022), the policy was not effectively communicated to or enforced among
the crew. Apart from one recently hired employee whose knowledge was derived solely
from the employee handbook during onboarding, crew members interviewed on location were
either unaware of the policy or unfamiliar with its requirements. Furthermore, hands-
free tools were not provided until after the incident, and the permit process
authorizing manual tool handling was not implemented. The cutter was placed in a
confined basket with other tools, creating restricted access. The absence of push poles
or other approved hands-free safety devices increased the likelihood of manual
handling. The crew relied on an unsupported assumption that the bowls would remain
attached while being lifted from the casing jack to the shipping basket, with the
potential hazard not identified due to the absence of a task-specific pre-job safety
meeting or risk assessment. These deficiencies collectively demonstrated a failure to
implement and enforce established safety policies and hazard controls."
VK-817-20250816-0530,,,2025-08-16,05:30,,VK,817,A,,,LIFTING,,,,,,,,,SUP-312fdb,District Supervisor,,,,,"On the morning of 16 August 2025, the Motor Vessel (MV) Dry Tortugas struck the
production platform Viosca Knoll 817 A (VK 817), on Lease G09743, and operated by High
Point Gas Gathering, LLC. The impact of the allision was located near the SW corner of
the platform, which resulted in damage to the platform from the +10 level to the +50
level. The MV was owned and operated by Romero Papa LLC. The vessel had been
previously operating in the field as a support vessel. The allision resulted in a few
minor non-recordable first aid injuries. No serious injuries were reported and no
pollution.
The allision resulted in extensive damage to the platform support structures, piping,
and walkways, which resulted in an immediate platform Emergency Shut Down (ESD). The
M/V sustained damage to its bow, pilothouse, mast and other areas, but the crew did
not report any injuries. Damage to the platform was estimated to be $4.45 million, and
damage to the M/V was estimated to be $500,000.",,,,,,,,,,,,,,,,"SEQUENCE OF EVENTS:
On 16 August 2025 at 0500 hours, personnel on board VK 817 were preparing for their
morning safety meeting. At the same time, the captain of the M/V, a 143-foot work boat
tending to the field, set the autopilot to navigate toward VK 817 at a speed of
approximately 6 knots, prior to departing the field to head to its next destination
Main Pass (MP 260 P).
At 0530 hours, the M/V violently struck the VK 817 platform on the Southwest corner.
Immediately after the allision, the Control Room Operators (CRO) rushed to the
eastern-side handrail and observed the M/V Dry under the platform and beginning to
back away from the structure. The platform was immediately ESD’d. Once the severity of
the damage to the platform was assessed, the decision was made to begin de-manning.
On 27 August 2025, two representatives from the Bureau of Safety and Environmental
Enforcement (BSEE) arrived on location to begin an incident investigation. BSEE
personnel questioned the personnel on board (POB) and requested documentation
consisting of the POB list and morning reports from the platform. They also took
photos and requested additional photos of the damage to the platform and vessel to be
sent via email.
BSEE INVESTIGATIONS:
The BSEE investigation revealed that on the morning of the allision, the 17 POB were
preparing for the morning safety briefing as the M/V was headed towards VK 817 to
acknowledge its departure to MP 260 P approximately 4 miles away. According to
statements provided in the United States Coast Guard (USCG) Investigation Report, the
M/V Master admitted to setting the autopilot and then subsequently falling asleep. The
CRO’s at VK 817 were unaware of the M/V’s fast approach to the platform.There was no
radio call made from the MV to the platform, and no external surveillance monitors or
warning alerts were triggered on the MV or platform to alert personnel of the
approaching MV.
The sudden impact of the MV’s allision with the platform shook the entire facility.
After the allision, platform personnel ran to the eastern handrail and observed the
M/V under the platform just to the right of the High-Pressure Gas Pipeline. Extensive
damage to the lower levels of the platform was observed.
IN CONCLUSION:
In conclusion, the USCG investigation found that the M/V allided with VK 817 because
the captain fell asleep at the controls, while the vessel was navigating toward the
platform on autopilot.
From the USCG investigation, the master failed to adhere to International Navigational
Rule #5 which requires maintaining a proper lookout by sight, hearing and all
available means to assess the situation and avoid collisions. Additionally, the Master
failed to adhere to International Navigation Rule #8 which requires taking timely and
effective action to avoid collisions. The M/V failed to have a Bridge Navigational
Watch Alarm System installed which is designed to continuously monitor the bridge and
alert the crew in the event of inactivity or lack of response from the operator. The
absence of this system allowed the Master to fall asleep at the helm without any
alerts to notify other crew members of the situation.
Additionally, the Master did not adhere to the work-hour limitations. The Master was
on a two-week rotation, working the midnight-to-noon 12-hour watch schedule. On the
previous day, during their off-duty hours, the Master engaged in manual labor cleaning
bilges. This additional work exceeded the limitations set forth in Coast Guard
regulation 47USC8104(b), which restricts crew members from working more than 12 hours
in a 24-hour period, except in emergencies. This fatigue resulting from his excessive
workload likely contributed to the Master’s inability to remain awake during their
watch."
VK-989-20241202-0830,,,2024-12-02,08:30,,VK,989,A,,,LIFTING,,,,,INV-dacd5a,,,,SUP-0501dd,District Supervisor,,,,,"On 02 December 2024, an incident occurred at Viosca Knoll (VK) 989, platform A. VK 989
A is a fixed leg platform that is owned and operated by Talos Petroleum LLC (Talos).
The incident occurred when a gas release was detected during the pressurization of the
subsea flowline pipeline segment 10688 (flowline). The flowline was being pressurized
for testing and commissioning of a Subsea Control Module (SCM) pod which was recently
replaced.",,,,,,,,,,,,,,,,"SEQUENCE OF EVENTS:
On 02 December 2024, at approximately 0830 hours, a gas release was discovered by a
Remote Operated Vehicle (ROV) on the flowline after operators suspected a possible
leak in the flowline during pressure testing of a newly replaced SCM pod. The week
prior to the gas leak being discovered, template wells TB-04, TB-05 and Mt. Providence
subsea wells had lost communication with the control room. Due to the wells losing
communications with the control room, the SCM pod was replaced to reestablish
communications with these wells. Once the control pod was replaced, the new control
pod was tested.
During testing of the control pod, the control room operators received data that
indicated there was a possible gas release coming from the flowline. The suspected gas
release resulted in the use of a ROV that was currently on-site to investigate the
location and source of the suspected gas release. The ROV was deployed while gas from
VK-989 A was used to pressurize the flowline. While the flowline was pressured, the
ROV was able to identify gas bubbles coming from the flowline at a 90-degree bend
segment in the flowline. Once the source of the release was identified by the ROV, VK-
989 A suspended all pressure testing and the ROV returned to surface.
BSEE INVESTIGATIONS:
On 05 December 2024, an incident report was submitted to the Bureau of Safety and
Environmental Enforcement (BSEE) and assigned to a BSEE Accident Investigator (AI).
The report consisted of a brief description of the incident, the flowline information
and a field layout map identifying the flowline’s location. The AI began collecting
additional information from Talos concerning the incident.
Based on the information that was reviewed by the AI, when the gas leak was discovered
on 02 December 2024, VK-989 A operators were able to isolate the pipeline segment to
mitigate the possibility of further gas leaks occurring from the subsea pipeline
segment. Talos engineers and project managers have been in contact with third party
vendors to evaluate their options to repair the flowline segment. Once Talos has a
plan in place for the repairs or replacement of the flowline segment, Talos will
submit the plan to the Bureau of Safety and Environmental Enforcement (BSEE) pipeline
division for approval. There is currently no definitive timeframe for the completion
of the engineering evaluations to submit to BSEE pipeline division.
Per Talos internal conversations, the repairs to the flowline could consist of
installing an engineered clamp on the damaged section or installing an engineered
flexible pipe to replace the damaged section of flowline. The options will not be
solidified until additional subsea investigation and engineering are completed and
BSEE pipeline division has reviewed and approved the repair plan. Further subsea
investigations will determine the proper repair for the affected pipeline segment.
Without knowing the exact cause of the gas release, Talos provided casual factors that
could have caused the gas release. Talos believes that there might have been a repair
in the flowline at some point in the past and the field weld that would have been made
to repair the flowline could have possibly had imperfections leading to corrosion in
the repaired area. The corrosion could have led to the weakening of the flowline,
allowing the flowline to crack and release the gas inside the flowline.
IN CONCLUSION:
When the possibility of a gas release was discovered on 02 December 2024, while
testing a newly installed (SCM) pod, Talos took action to confirm there was a gas
release by deploying a ROV to investigate. Once the gas release was confirmed by the
ROV, Talos then shut down the testing operations and isolated the pipeline segment to
prevent any further releases from occurring. Talos communicated with their engineering
team and project managers to implement a plan of action to repair the leaking pipeline
segment. Once Talos can perform their engineering evaluations of the affected pipeline
segment, they will be submitting their plan to the BSEE pipeline division for
approval. Once approved, Talos will be able to perform the repairs needed on the
leaking pipeline segment, with the intent to return to service once repaired.
Talos suspects that the gas release was due to a previous field repair that may have
been completed on the affected section of flowline piping. When Talos visually
inspected the area where the gas release occurred, they noticed that the insulation
looked slightly different than the rest of the insulation on the remaining jumper
section of the flowline. Talos believes this could indicate that a field repair was
performed in the past and the repaired area was re-dressed in a newer or different
insulation than the original insulation on the jumper. Talos believes that if the
field repair was made on-site, corrosion could have negatively affected the repaired
area due to field welds being more susceptible to imperfections. The exact cause will
not be able to be determined until the faulty flowline section can be fully inspected
and tested for specific indications of imperfections"
VK-989-20260108-0845,,ACCIDENT INVESTIGATION PANEL FORMED: Members: 29. NO,2026-01-08,08:45,,VK,989,A,,,LIFTING,,,,,INV-bde742,,,,SUP-312fdb,District Supervisor,,,,,"On 08 January 2026, at 0845 hours, an incident occurred at Viosca Knoll (VK) 989 A
(Pompano) platform. Pompano is a fixed leg platform located in the Gulf of America and
is owned and operated by Talos Petroleum LLC (Talos). During the incident, Danos &
Curole Marine Contractors, Inc. (Danos) contractor crew was in the process of
replacing 480-volt cable (CLX) for a vapor recovery unit (VRU). While replacing the
cables, the crew determined that an old cable needed to be removed from the cable tray
to have room to install the new cables. A Danos crew member began cutting the
identified cable with an electric bandsaw when an arch flash occurred due to cutting
the wrong cable. There were no injuries or pollution associated with the incident.
There was damage to the bandsaw blade and the energized cable that was cut.",,ACCIDENT INVESTIGATION PANEL FORMED: Members: 29. NO,,,,,,,,,,,,,,"SEQUENCE OF EVENTS:
Per the Talos investigation report, on 07 January 2026, at 1400 hours, the Danos
electrical crew that was tasked with work to replace the CLX cables arrived on
Pompano. At 1500 hours, the Danos crew and the Talos electrician walked down the
jobsite and performed the required Lock Out Tag Out (LOTO) procedures on the CBA-4010
(VRU #1 1st stage) compressor motor. At 1530 hours, the junction box for the VRU #1
1st stage was prepped for work. During this timeframe, the Talos electrician
identified the VRU #1 cable to be cut and removed. The Talos electrician showed it to
the Danos crew. Work then concluded for the day.
On 08 January 2026, at 0600 hours, Danos electrical crew members took part in a pre-
tour safety meeting, JSEA, and Permits to Work (PTW) for the VRU #1 1st stage cable
replacement. At 0700 hours, a cable spool was set up on the drill deck and prepared
for the cable replacement. At 0800 hours, the crew began running new cable for the VRU
#1 1st stage from the drill deck through the deck penetration location. At 0840 hours,
the new cable was routed to the cable tray below drill deck. At this point, the crew
determined that the old cable needed to be removed from the cable tray to accommodate
the new cable installation. At 0845 hours, a Danos crew member electrician used a
portable bandsaw to cut what was believed to be the old cable. When the Danos crew
member cut into the cable, an arch flash occurred when the bandsaw blade contacted the
energized cable during the cut. All work was immediately stopped, and the incident was
reported to the Talos Offshore Installation Manager (OIM). The energized cable that
was mistakenly cut and was the source of the arc flash was servicing CBA-4060 B (VRU
#1 2nd stage) which was in service at the time of the incident. The energized cable
was locked out by Talos electrician after the incident.
BSEE INVESTIGATIONS:
On 13 January 2026, Talos submitted an electronic report to the Bureau of Safety and
Environmental Enforcement (BSEE). The electronic report included a description of the
incident, investigation reports, photographs and other related documentation. After
the report was submitted, the incident was assigned to a BSEE Accident Investigator
(AI) on 14 January 2026.
Once assigned to the incident, the AI requested additional documents from the operator
pertaining to the incident. The AI then performed an on-site investigation at Pompano
where additional photographs were taken and additional documentation was requested.
Before the AI arrived at the location to perform the on-site investigation, the cable
that was mistakenly cut had already removed from the area to avoid any further
hazards. Through the review of the Talos investigation report, Danos investigation
report, and witness statements, the AI was able to verify the details that took place
leading up to and during the incident.
Per the Talos and Danos investigation reports, the Talos electrician identified the
wrong cable that needed to be cut and removed. The Talos electrician then proceeded to
point out the wrong cable to the Danos personnel during the pre-job walkthrough. The
cable that needed to be removed was locked out and energy isolation was performed.
Unfortunately, the Talos electrician identifying the wrong cable during the pre-job
walkthrough led to the incorrect (energized) cable being cut. Additionally, the Danos
crew member did not independently verify the correct cable to be cut and removed. This
allowed the wrong (energized) cable to be cut and the arc flash to occur. The VRU #1
2nd Stage breaker did trip as designed once the cable was cut into. After realizing
the breaker was tripped and the wrong cable was cut, energy isolation was performed
along with LOTO on the VRU #1 2nd Stage breaker.
Upon further review of the incident and documentation, the Job Safety Environmental
Analysis (JSEA) that was performed for the task did not have the hazards listed for
cutting the wrong cables. Additionally, there were no controls or mitigation methods
implemented to verify the correct cable to be cut before cutting the cable. By not
verifying the correct cable to be cut, the Danos crew did not follow their company’s
procedure (Cable Removal-Demolition Procedure ES-P-300-002). Per the Danos policy, the
demolition crew is required to use the Cable Removal-Demolition Procedure checklist in
conjunction with the JSEA. The checklist was not performed as per Danos policy. The
investigation also exposed a breakdown in communication between the Danos management
and the electrical crew. Danos admitted that the policy was not distributed to the
Danos work crew that was replacing the cable prior to the job and the Danos work crew
replacing the cables were not familiar with the cable demo procedures as this type of
task was not usually in their scope of work.
Danos stated that the crew did not follow the Danos Work Safe Oath Element- Energy
Isolation which states to verify isolation and zero energy before work begins. The
investigation found that as the job scope changed and it was determined that the old
cable would need to be removed to install the new cable, the JSEA was never updated to
account for the new tasks and the hazards that were involved with the new task.
On 11 March 2026, the New Orleans District forwarded Safety Alert No.506, ""Arc Flash
Incident Highlights Critical Need for Voltage Verification During Offshore Electrical
Maintenance,” previously issued by the Office of Incident Investigations, to Talos
Petroleum LLC for awareness.
IN CONCLUSION:
The incident that occurred on 08 January 2026 at Pompano was a direct result of poor
communication, management not providing crew members with proper procedures prior to
performing a task, and personnel not following company policies set in place for
personnel safety. The incident could have had a far worse outcome. Fortunately, the
breaker for the CBA-4060B tripped as intended when the band-saw cut into the cable. As
a result of this incident, a Safety Alert was distributed throughout Talos that
focused on proper energy isolation and verification prior to work being performed.
Danos management distributed their Work Safe Oath Element training to employees
through the Danos dashboard to reinforce safety around life-saving rules. Danos also
conducted a Safety Stand Down with the Power Gen field team including the Ops Manager
and Project manager to discuss the incident and the path forward. The Cable Removal-
Demolition Procedure that was not distributed prior to the incident, will be
distributed through Computer-Based training to all work groups to become familiar with
the process/procedure. Lastly, Danos created an Early Learning Bulletin and
distributed it to work groups to review the learnings and prevent similar incidents in
the future."
WR-425-20260411-0345,,ACCIDENT INVESTIGATION PANEL FORMED:,2026-04-11,03:45,,WR,425,,NOBLE STANLEY LAFOSSE (FKA,,LIFTING,,,,,INV-5cbb64,,,,SUP-89289d,District Supervisor,,,,,"On April 11, 2026, an employee suffered a hand injury from an incident that occurred
on the Noble drillship Stanley Lafosse, which is working for Murphy Oil Corporation.
Drilling operations were being conducted at Walker Ridge Block 425, OCS-G 16987, Well
Chinook #5. Two roustabouts (RSTB1) and RSTB2 (IP) were tending to a tag line
connected to a cantilever basket over the side of the vessel, from different decks.
RSTB1 was located on the aft lower transfer deck and the IP was located on the aft
tensioner deck. Following the release of the tag line from RSTB1 the full weight of
the tag line was supported by IP which is 40 lbs. of tag line. The IP's left hand was
pulled into the outboard vessel handrail and resulted in an injury to the top of the
left hand. After the incident no immediate pain was reported, but discomfort developed
later and was reported to the on-board medic. The decision was made to send the IP
ashore by helicopter due to swelling. Medical evaluation identified a small bone
fracture to the left pinky finger. On April 13, 2026, IP received a release with
limitations that require finger splint.
RSTB1 and IP were assigned in tandem to control a tagline attached to a cantilever-
mounted personnel work basket. The basket was manned and positioned along the port
side of the vessel to conduct rust remediation activities on the vessel hull. A task
risk assessment (TRA) was in place as well as a lift plan and work permit. A pre job
meeting was conducted.
RSTB1, second in tandem and holding the dead end of the tagline, communicated with the
IP of his intent to release the tagline to reposition himself for a better angle.
Upon release of the tagline tension by RSTB1 control of the basket was maintained by
the IP. Following the release of tension by RSTB1, the IP has the full weight of the
tag line in her hands. The IP's left hand was pulled into the vessel outboard
handrail. This resulted in an injury to the top of the left hand.
At the time of the incident no immediate pain was reported, but discomfort developed
later and was reported to the on-board medic. The IP was initially examined by the
medic and returned to duty. The decision was made to send the IP ashore by helicopter
due to swelling. Medical evaluation identified a small bone fracture to the left pinky
finger. An incident investigation report was started by Noble.
The Bureau of Safety and Environmental Enforcement (BSEE) Houma District office was
notified orally, and a written report was submitted in 15 days. The BSEE Houma
District Inspectors (Inspectors) were able to conduct an onsite investigation on April
16, 2026, and photos, witness statements and TRAs were obtained. After reviewing the
TRAs and documents, BSEE found it to be inadequate. The TRAs are generic and not job
specific. They fail to include hazards associated with handling large taglines,
positions of personnel to handrails, performing operations on multiple decks and over
the side activities. Also, it was found that there was poor communication between
RSTB1 and the IP, loss of situational awareness with hand placement in the line of
fire to the handrail, and inadequate hazard recognition with the weight of the tagline
and resulting shock load when released. The IP was wearing proper PPE as per the
first report and the pictures submitted by the operator. Finally, BSEE concurs with
the findings in Noble's incident investigation report.
After conducting an onsite investigation, reviewing pictures, documents and the
Noble
incident investigation report, BSEE concluded that the hazards associated with
handling large taglines (consider weight, size, need for additional personnel, hand
off procedures and handling). BSEE believes that a proper hazard analysis would have
prevented this incident.",,ACCIDENT INVESTIGATION PANEL FORMED:,,,,,,,,,,,,,,
MC-778-20220606-1030,,,2022-06-06,10:30,,MC,778,A(Thunder Horse,,,LIFTING,,,,,INV-e4c472,,,,SUP-bb2929,District Supervisor,,,,,"On 6 June 2022, at 1030 hours, a pollution incident occurred at Mississippi Canyon MC
778 A (Thunderhorse), Lease OCS-G 09868. A subsea leak was observed by a Remotely
Operated Vehicle (ROV) during a subsea inspection of the Slot 47/MC822-13/TD004 well
(Well TD004). The estimated volume of the hydrocarbon leak was 9 barrels. BP
Exploration & Production Incorporated (BP) is the designated operator of the lease.",,,,,,,,,,,,,,,,"SEQUENCE OF EVENTS:
On 5 June 2022, at 1700 hours, an unplanned shut-in occurred due to a generator power
failure. During the shutdown, an increase in hydraulic fluid consumption was observed.
The increase in hydraulic consumption was believed to have been caused by an apparent
failure of the Surface Control Subsurface Safety Valve (SCSSV) in Well TD004.
On 6 June 2022, at 0500 hours, BP personnel began troubleshooting the cause for the
hydraulic consumption. Well TD004 was identified as the cause for the consumption and
subsea leak. The well was shut in at 1000 hours with the SCSSV closing around 1030
hours.
On 7 June 2022, while BP was troubleshooting the B control side of the SCSSV, a dark
discharge was noted coming from the Subsea Control Module (SCM) vent port.
On 13 June 2022, the Motor Vessel Holiday arrived back at Well TD004 to complete
troubleshooting the control lines and SCSSV. The testing and troubleshooting confirmed
the integrity of the A-side and SCSSV.
BSEE INVESTIGATION:
The Bureau of Safety and Environmental Enforcement (BSEE) New Orleans District (NOD)
Accident Investigator (AI) received notification of the incident on 6 June 2022. The
AI requested and received further documentation via the BSEE eWell Reporting System.
The AI met with BP’s Regulatory Compliance Advisor and discussed the incident and
received BP’s meeting minutes from initial BSEE meetings.
The BSEE investigation determined that there had been a platform power loss and
fieldwide shutdown on 5 June 2022. The platform power loss occurred as a result of
failed process run cards. BSEE determined that the loss of power event was not a
reportable event because the emergency back-up power responded as designed and
returned critical power to the platform within 45 seconds.
BSEE agrees with BP’s assessment that the most likely probable cause of the leak is
due to a rod piston seal failure. It is suspected tha rod piston seals of the Surface
Controlled Subsurface Safety Valve had failed, allowing oil and gas to enter the
hydraulic lines and discharge through the hydraulic vent. BP’s subsea wells tying into
the Thunderhorse platform have had a history of rod piston seal failures. One event
occurred in 2021 causing a leak of over 50 barrels of hydrocarbons.
BSEE investigated BP’s subsea leak detection system to determine whether it was
effective in identifying this leak. BP’s subsea leak detection system, known as
Condition Rate of Change (C-ROC Algorithm), uses a conditional rate of change (an
algorithmic sensor-based leak detection technique) which detects changes in pressure
trends. BSEE confirmed that the system was active at the time of the leak but could
not detect this relatively small discharge.
There are several NRC reports related to this event. On 6 June 2022, BP reported to
the National Response Center (NRC# 1337946) the pollution incident that occurred on 5
June 2022 at 1700 hours. The caller reported a potential control valve failure inside
of an offshore subsea well. Then, on 7 June 2022 at 0645 hours, the National Oceanic
and Atmospheric Administration (NOAA) reported an image that described a sheen (NRC#
1338032) as follows: ""POSSIBLE, UNCONFIRMED OIL WAS OBSERVED IN SATELLITE IMAGERY. THE
ANOMALY APPEARED DARK AND STOOD OUT WELL AGAINST THE BACKGROUND, AND WAS LOCATED CLOSE
TO TWO OIL FACILITIES. THE ANOMALY WAS 6.5 NM LONG AND UP TO 2.8 NM AT ITS WIDEST
SECTION. THE WIND AT THE TIME WAS FROM S AT 8KT."" Next, BP reported NRC# 1338045 on
the same day (7 June 2022) at 1418 hours, ""CALLER REPORTED AN UNKNOWN SHEEN FROM AN
UNKNOWN SOURCE DURING A FLYOVER. THE SHEEN HAS MADE ITS WAY TO THEIR FACILITY."" The
sheen was 1.5 miles long by 300 yards wide. Finally, on 11 June 2022 at 1500 hrs (NRC#
1338496), BP observed (by the ROV) a crude oil release (through bubbles) coming out
the subsea control module vent.
Conclusion:
BSEE concluded that when the leak occurred, BP operated within their leak detection
and prevention polices. The probable cause of the leak is an equipment failure related
to the rod piston seal on the SCSSV. BSEE will continue to perform a detailed
investigation into rod piston seal failures with the intent of preventing further
pollution."
ST-26-20210314-1050,,ACCIDENT INVESTIGATION 29. PANEL FORMED: NO,2021-03-14,10:50,,ST,26,D-QTRS,,,LIFTING,,,,,INV-26b6e0,,,,SUP-1a27cc,District Supervisor,,,,,"On March 14, 2021, at approximately 0800 the crew of ST 26 CDF was attempting to
offload the Motor Vessel “Captain Rod” when high strain of the aux line occurred. The
Crane Operator of the ST 26 D crane latched onto the load which had been manifested
from the boat dock to weigh 4,300 lbs. However, when the lift was made, the crane
reportedly “struggled and bogged down”. After further investigation it was determined
that the actual load weight was 8,500 lbs instead of the labeled weight of 4,300 lbs.
BSEE Houma District investigation found that the cause of this incident is determined
to be poor communication between the dock crane operator and the dispatcher. Normal
operations to manifest the weight of a load at the dock is for the Crane Operator to
call out the weight as indicated on the load indicator while loading the boat to the
Dispatcher who records it on the manifest. According to witness statements, the Crane
Operator called out 8,500 lbs, but the Dispatcher recorded the incorrect weight of
4,300 lbs.
The load chart for the aux line for the crane on ST 26 D shows it is rated for 6,650
lbs at all angles during both dynamic and static lifts. The aux cable certificate for
the crane on ST 26 D reflect a rating of 45,000 lbs. The winch certification reflects
a rating of 12,000 lbs. According to the Sparrow Crane Engineer, it is determined
that the weak point of the crane is the jib bolts that connect the jib to the crane
boom. However, after the incident, an inspection of the crane was conducted, and no
damage was noted to the jib assembly.
BSEE Houma District Office cannot determine the exact cause of the damage found to the
aux line cable. The aux line cable and winch were both rated for more than the weight
of the load. However, it is noted that the last annual inspection was completed on
May 29, 2020, approximately 10 months before the incident occurred in March 2021. The
crane was due for its next annual inspection on May 29, 2021.",,ACCIDENT INVESTIGATION 29. PANEL FORMED: NO,,,,,,,,,,,,,,
UNKEYED-e77e68db3fe0,,,,,,DC,5,,,,LIFTING DEVICE HTV Pipe Handler,,,,,INV-92431c,,,,SUP-3da5d4,District Supervisor,,,,,"-
On October 26 2013, at approximately 2230 hours the Horizontal to Vertical (HTV) pipe
handler fell to the rig floor causing damage to the HTV pipe handler, fox hole cover,
and a joint of 6-5/8"" drill pipe.
The drill crew was in the process of drilling ahead while picking up and racking back
6-5/8"" drill pipe with the HTV pipe handler. The crew made up a full stand of pipe
and was in the process of pulling it out of the fox hole to hand it off to the bridge
racker. At this time, both 1"" support cables for the HTV parted and the HTV fell 42'
to the rig floor. The 3 drill crew employees operating the equipment were an
estimated 15 feet away resulting in no injuries.",,,,,,,,,,,,,,,,
EB-160-20151201-2200,,,2015-12-01,22:00,,EB,160,A-Cerveza,,,LIFTING DEVICE,,,,,INV-784f93,,,,SUP-a14d2c,District Supervisor,,,,,"On 01 December 2015, Fieldwood Energy notified the Lake Jackson District a crane
incident had occurred at East Breaks 160 A, OCSG-2647, Complex ID 10178. The incident
occurred during rigless Plug and Abandonment (P&A) operation using a hydraulic jack
system and the platform crane. The P&A Supervisor and the crew were subsequently
interviewed, and statements were taken by BSEE.
At approximately 2230 hours operations were being conducted using the platform crane
to pull 1,620 feet of 3 1/2 inch drill pipe/ work string weighing about 22,500
pounds. The lessee had previously dynamically tested the crane to approximately
35,000 pounds. The lessee also established a “safe” working limit of 30,000 pounds.
The crane was connected to the work string by elevators positioned below the top tool
joint of the string.
While lifting the work string with the crane, it became lodged in the well casing.
The Crane Operator attempted to free the string from its bind by pulling up to 30,000
pounds, 7,500 pounds over the free weight of the work string. The crew was unable to
free the stuck work string by pulling with the crane. The crew then set the slips,
and the crane cable with rigging was slacked off by 4 to 5 feet, leaving the crane
hoist system and rigging attached to the work string with no load on the crane.
The crew then began to use the hydraulic jack system in attempt to pull the work
string. Up to 100,000 pounds of pulling force was applied to pull and lay down the
first two joints of work string. The next joint of work string was slowly pulled
approximately 30 feet out of the hole with extensive drag, but not high enough to set
the bottom slips and break out the joint. The work string became stuck within the
well casing with the bottom hole assembly at approximately 1,548 feet. The crew
applied a pulling force of 275,000 pounds in an attempt to free the work string, at
this moment the work string suddenly released from the down-hole bind.
The abrupt release of the bind caused the work string to transverse upward
approximately 4 to 6 feet and then immediately fell downward. The sudden release of
energy upward threw the hydraulic jack system’s traveling slips out of the upper
casing bowl. The top joint of the work string had not been pulled out of the hole far
enough to set the bottom slips and break the joint connection. Therefore, when the
top traveling slips were thrown out of the bowl by the pipe rebound, no slips
remained in position to support the weight of the work string.
When the work string subsequently fell back downward into the hole, its full weight
with force was suddenly applied to the crane’s hoist system and boom due to the still
attached elevators. The force of the falling work string then shock loaded the crane
causing the crane boom to catastrophically buckle and collapse on the work basket of
the hydraulic jack system. The crane boom then folded in half sending the jib end of
the boom toward the Crane Operator’s cab. The jib end of the boom was narrowly
suspended approximately 15 feet above the manned Crane Operator’s cab resting on a
single boom stop.
There were no reported injuries, fire, or environmental pollution caused by the
incident. Damage was estimated to more than $160,000.",,,,,,,,,,,,,,,,
EB-160-20160205-0640,,,2016-02-05,06:40,,EB,160,A-Cerveza,,,LIFTING DEVICE,,,,,INV-081f85,,,,SUP-61d362,District Supervisor,,,,,"On February 5, 2016, the Crane Operator was performing his daily pre-use inspection
on the temporary crane that had been installed. While checking the anti-two block
safety system (Cranesmart) for the main block, the system failed to deactivate. The
Crane Mechanic on board the platform advised the Crane Operator to lower the boom to
see if the system's activation signal would clear. By putting the Cranesmart in
bypass, the boom descended, and while being lowered the auxiliary wedge socket
assembly and ball and hook made contact with the boom tip causing the load cell, ball
and hook to fall into the Gulf of Mexico.",,,,,,,,,,,,,,,,
EB-160-20191209-0700,,09-DEC-2019 ACCIDENT INVESTIGATION 29. PANEL FORMED: NO,2019-12-09,07:00,,EB,160,A-Cerveza,,,LIFTING,,,,,INV-a52072,,,,,,,,,,"On 9-December-2019, at East Breaks 160 A, at approximately 0700 hours, Plug and
Abandoment(P&A) personnel were in the process of conducting a blind lift, pulling 41
joints of 3-1/2"" drill pipe with Bottom Hole Assembly(BHA)and mechanical cutters. The
crew attempted to pull the BHA through a window which was milled into the 16"" casing
of Well A12, utilizing the East platform crane. The total drill pipe string weight of
19,900 lbs. was identified by the Crane Operator. During the lift, the weight
indicator increased to 24,000 lbs. The Crane Operator immediately stopped and slacked
off to decrease the load weight. P&A personnel set DU-Regular slips into the Quik Pac
lower bowls and the Crane Operator began to lower the single joint elevators to allow
the crew to unlatch from the drill pipe. After lowering the drill pipe approximately
four feet, the work string began to fall through the slips. When the tool joint made
contact with the single joint elevators, the work string stopped and the crane was
shock loaded. Prior to disconnecting the elevators, the crew attached a safety collar
on top of the slips. Once the crane was free of the load, it was placed back in the
boom craddle and placed out-of-service until an inspection could be completed.
The Root Cause: BSEE discovered the lessee failed to ensure personnel were properly
inspecting the slips and bowls and operating all equipment as per Manufacture's
Operations/Maintenance Instruction Manual prior to use.
Contributing causes:
1. Personnel failed to ensure slips completely seated into the bowls.
2. Personnel failed to ensure the slips and bowls were properly lubricated prior to
use.
3. Job Safety Analysis (JSA) did not contain steps to ensure slips and bowls were
properly cleaned and greased prior to use.",,09-DEC-2019 ACCIDENT INVESTIGATION 29. PANEL FORMED: NO,,,,,,,,,,,,,,
EB-602-20220910-1630,,,2022-09-10,16:30,,EB,602,,HELIX Q-4000,,LIFTING,,,,,,,,,SUP-720eab,District Supervisor,,,,,"17. investigation findings
Summary
On September 10, 2022, at approximately 1600 hours, an incident occurred onboard the
Helix Q 4000 located at East Brakes 602. The designated operator of East Breaks 602 is
Anadarko Petroleum Corporation. After completing abandonment operations while rigging
down, the Helix Drilling crew was removing the Torpedo Guide / Bullet Frame (TG) from
the drill-string onboard the Helix Q-4000. During the TG removal, a floor-hand
suffered an injury from the swinging door of the TG. The Injured Person’s (IP) right
arm was pinned between the swinging door and the TG frame. The IP was sent ashore for
evaluation and was diagnosed with a fractured right arm resulting in lost time greater
than (3) days.
Timeline
On September 10, 2022, at 1200 hours the Helix crew prepped and reviewed the Job
Safety Analysis (JSA) for the removal of the TG. The Helix crew attached two air hoist
lines and the Sand Line Crane (SLC)to the TG. Members of the Helix crew lifted the TG
with the air tuggers with two members, one on the left and one on the right and used
their hands on the TG frame for load stability.
At approximately 1600 hours the TG was lifted up and clear of the production tubing
stump. Next, the IP used his hands to push on the left side of the TG frame as the air
hoists and SLC attempted to lower the TG to the floor. While maneuvering the TG the
unsecured TG door opened and pinned the IP’s right arm against the TG frame. The air
tuggers were slacked off and the TG door swung away from the IP releasing his arm. The
job was stopped, and the IP was seen by the onboard medic. After discussions with
onshore medical personnel, the IP was subsequently evacuated to shore for further
evaluation.
Investigation findings
Onsite investigation was conducted on September 12, 2022.
The BSEE Accident Investigator (AI) requested and reviewed Job Safety Analysis (JSA),
Work permits, Work instructions, Procedure, Witness Statements, Helix lifting
procedures Daily Reports, Photographs, and Helix’ Health and Safety Manual WOUS-HS-MA02
Rev. 06 Date 28 July 2022.
During the onsite investigation it was verified that the IP was wearing all required
Personal Protective Equipment (PPE) when the incident occurred.
Helix’ Health and Safety Manual WOUS-HS-MA02 Rev. 06 Date 28 July 2022 paragraph number
23.4.6 states “Using taglines only as outlined by JSA / Lift Plan or instruction of CO/
ACO” and “Working Hands Free unless the task dictates that hands must be used to
control the load. This must be documented in a Critical Lift Plan”. Critical lift plan,
if completed and used, was not provided to BSEE.
TG does not have engineered lifting points. The air tugger lines were choked around the
TG frame. Along with this no taglines or push poles were used during the lift. All were
verified during the onsite investigation and through photographs.
A written procedure for the removal of the TG was not provided to BSEE. During the
onsite investigation BSEE was informed that the procedure used was only what was
documented on the JSA. The JSA used for the removal of the TG included job steps for
the installation of the TG but did not identify any steps for removal. The Helix crew
stated during the BSEE onsite investigation that, “the removal steps were just the
reverse of installation”. JSA identifies known swinging door hazard, yet no engineering
mitigations have been initiated. JSA stated use hands to mitigate swinging door
hazard. IP failed to maintain control of the TG door. JSA is titled install and remove
torpedo tube but only describes installation steps, removal steps are not described in
the document.
Hazard mitigation steps taken by the company. Create a task specific JSA for the
removal of the TG. Evaluate feasibility and application to use mechanical devices
(i.e. - tugger and snatch blocks, sandline crane or other rigging configurations) for
maneuvering the torpedo guide when suspended. Paint / stencil specific NO-GO Zones to
highlight line of fire hazard in relation to the torpedo guide door and cross beam to
make personnel aware of pinch/ crush point. Modify TG door so that when the door is in
the open position it can be secured to prevent movement.",,,,,,,,,,,,,,,,
EI-100-20140913-0900,,,2014-09-13,09:00,,EI,100,B-PRD,,,LIFTING DEVICE,,,,,INV-1e429f,,,,SUP-6dbc20,District Supervisor,,,,,"On September 13, 2014 at approximately 0900 hours, a Sandblaster was injured when his
blasting nozzle was accidentally activated.
Prior to the incident, the Sandblaster was attempting to repair his hoses. He noticed
that he had a leak on a fitting that was causing his blasting hose to function
improperly. After the repairs were made, the Sandblaster activated the blasting
nozzle three times to ensure the nozzle was repaired.
As the Sandblaster was preparing to continue blasting, he placed the nozzle across
some piping while attempting to put on his blasting hood. It is believed the nozzle
was activated due to the nozzle coming in contact with the piping. As he removed his
hardhat and safety glasses, the blasting hose whipped through the air and sprayed the
Sandblaster across his face causing small cuts across his face and allowing debris to
enter his eyes.
The Sandblaster was transported to Lafayette General for further evaluation.
Following the investigation findings, the Lessee and the Sandblasting Company have
decided to make it mandatory to have a shut off valve between the nozzle and the air
hoses. The valve shall be put in the open position when sandblasting operations are
being conducted and turned off when not in use.
The BSEE Lafayette District conducted an onsite investigation September 15, 2014.",,,,,,,,,,,,,,,,
EI-238-20200119-1400,,ACCIDENT INVESTIGATION 29. PANEL FORMED: NO,2020-01-19,14:00,,EI,238,E,,,LIFTING,,,,,INV-f3f0a2,,,,SUP-59f561,District Supervisor,,,,,"On January 19, 2020 at approximately 1400 hours, a mechanic was injured while
descending a stairway and missing the final step at Arena Offshore, LP operated
facility located at EI238E. The mechanic was evacuated to Teche Occupational Clinic in
New Iberia La. At 5:28 PM on January 19, 2020, Arena Offshore LP, verbally reported
the incident to the Bureau of Safety and Environmental Enforcement (BSEE) Lafayette,
District.
A mechanic wearing a backpack style tool bag and carrying a cardboard box was being
escorted by the production operator while descending the heliport stairway. The
production operator stated the mechanic maintained three points of contact while
descending the stairs. The tool bag weighed approximately 50 pounds and the cardboard
box weighed approximately 10 pounds. As the mechanic attempted to place his foot on the
last step, he missed the step causing him to fall forward striking the left side of his
head and torso on the handrail. When the mechanic missed the step, the weight of the
tool bag on his back added to the severity of his injuries. The platform operator who
was escorting the mechanic down the stairs, grabbed the mechanic’s items and brought
the mechanic to the PIC.
Initially, the mechanic stated he was not injured due to the incident but shortly
after, the mechanic began feeling discomfort and was flown to a medical facility to be
evaluated. The mechanic was diagnosed with a bruised kidney and placed on light duty
for a 4-week period pending further evaluations.
The BSEE Lafayette District conducted an onsite investigation January 24, 2020.",,ACCIDENT INVESTIGATION 29. PANEL FORMED: NO,,,,,,,,,,,,,,
EI-252-20200116-0530,,29. ACCIDENT INVESTIGATION PANEL FORMED: NO,2020-01-16,05:30,,EI,252,I,,,LIFTING,,,,,INV-ee283e,,,,,,,,,,"On January 16, 2020, at approximately 0530 hours, a deckhand sustained injuries on the
M/V Mr. Lloyd while attempting to retrieve a Job Safety Analysis from a personnel
basket for Arena Offshore, LP at Eugene Island 252-I. The deckhand suffered two
fractured ribs due to this incident.
Once the motor vessel arrived at the facility, the crane operator lowered the
personnel basket containing a Job Safety Analysis (JSA) that was requiring a signature
by all employees involved with the crane lifting operations. Personnel placed the JSA,
located inside a zipped plastic bag, in the middle section of the personnel basket.
The deckhand stated he boarded the personnel basket placing both feet inside to
retrieve the JSA. The crane operator stated, he could not see the personnel basket or
the deckhand at time he began to lift due to the design of the platform deck blocking
his view of the boat. The crane operator stated he heard the command to “come up” on
the radio prior to lifting but could not determine who was speaking. As the crane
operator began lifting the basket, the deckhand began to exit the basket, stepping on
the opening of the basket between deck cover and the foam padding causing him to twist
his left leg and back. As the deckhand departed the personnel basket, he lost his
balance causing him to strike the midship bitt of the vessel.
The boat captain asked the deckhand if he was injured and the deckhand responded that
he was okay. Once the motor vessel arrived at the dock, Arena was notified that the
deckhand was sent to a physician due to his injuries. The deckhand suffered two
fractured ribs due to this incident.
The BSEE Lafayette District conducted an onsite investigation on January 21, 2020.
During the investigation, BSEE investigators found the following information:
The Job Safety Analysis indicated the crane operator was to follow hand signals from
the deckhand. The deckhand who was injured was listed as the designated signal person.
However, the crane operator stated he could not see the deckhand or the personnel
basket at the time of the lift. There was no listing on the Job Safety Analysis for
verbal communication.
According to the boat personnel, there was no verbal communication given by anyone on
the boat to lift the personnel basket. The crane operator stated he received the
signal by radio to “come up” with the personnel basket but could not determine who
gave the command. At the time of the incident, the radios were set on an open marine
channel allowing the crane operator to receive communication from other facilities.
The crane operator failed to follow Arena’s Safe Practices Manual* concerning crane
operations. According to the lift planning section, the crane operator should have
revised the original lift plan.
*As per Arena’s Safe Practices Manual:
“Section 28.28 (A) (1) Signals between the Crane Operator and the designated signal
person should be discernible, audibly or visually, at all times. The Crane Operator
should not respond unless signals are clearly understood.
Section 28.28 (c) (2) When operations are required to be controlled by signals, a
designated signal person should be assigned to work with the crane. The designated
person should: Be in clear view of the Crane Operator to ensure that their signals may
be seen. Their position should give them clear view of the load, crane, personnel, and
area operation. If the Crane Operator’s view of the primary signal person is
obstructed, a secondary signal person should be provided.
Section 28.31 (B.)(1) A lift plan should be created before each crane operation and
adhered to during the entire operation. If the lift plan cannot be followed, it must be
revised.""",,29. ACCIDENT INVESTIGATION PANEL FORMED: NO,,,,,,,,,,,,,,
EW-921-20120817-1200,,,2012-08-17,12:00,,EW,921,A-Morpeth TLP,[J,,LIFTING DEVICE,,,,,INV-0f50ee,,,,SUP-297e45,District Supervisor,,,,,"At 11:47 am on 17-AUG-2012, the PAX pump 8710, export oil shipping pump, caught fire
due to an apparent failed seal. ENI final investigation revealed that the resulting
fire was caused by a failed internal thrust bearing that allowed a metal to metal
friction point and rapid temperature increase in the presence of flammable dry oil.
The fire loop activated the Emergency Shut-Down (ESD) system. Personnel responded
immediately by going to their muster area. Both fire water pumps started
automatically and the deluge opened up over the pump area. Two fire crews consisting
of 8 men with firefighting gear assisted with extinguishing the fire within 5
minutes. The fire was contained between the #1 and #2 pumps.",,,,,,,,,,,,,,,,
EW-873-20220303-0315,,,2022-03-03,03:15,,EW,873,A (LOBSTER),NABORS MODS 200,,LIFTING,,,,,INV-0f83e6,,,,SUP-1a27cc,District Supervisor,,,,,"On March 3, 2022, an incident occurred on the Nabors MODS 200 working under contract
for EnVen Energy Ventures, LLC. Completion operations were being conducted at Ewing
Banks Block 873 Platform A (Lobster), OCS-G-12136 Well #A011. The diesel engine for
the #3 generator threw a rod out of the side of the engine block allowing hot oil to
spray on some air filters. The filters ignited causing a fire in the engine room.
The fire was extinguished, no injuries were reported, and an onsite investigation was
initiated.
On the morning of March 3, 2022, the drill crew was going in the well with drill pipe
when the Nabors Motorman notified the Nabors Driller that there was a fire in the
engine room. The Driller activated the fire alarm, then secured the well. The #3
engine broke a piston rod allowing it to come through the side of the engine block.
This allowed hot motor oil to spray onto nearby stored air filters causing them to
catch fire. The Motorman attempted to shut down the diesel engine from the control
panel in the engine room but was unsuccessful. The Motorman then proceeded to the
Variable Frequency Drive (VFD) and was successful in shutting down the engine. The
platform Emergency Shut Down (ESD) was activated and a muster of all personnel was
initiated with all accounted for. The Motorman and the night drill crew extinguished
the fire using eleven 20 lb. fire extinguishers. There were no injuries reported and
an investigation was initiated.
Investigation:
The Bureau of Safety and Environmental Enforcement (BSEE) conducted an onsite
investigation on March 3, 2022, which included collecting rig documentation and taking
pictures. The investigation team learned thru reviewing Nabor’s documents that there
were spare engine air filters stored in the vicinity of the #3 diesel engine due to the
lack of storage space. Evidence and pictures show that the piston rod broke in the #3
engine, allowing it to penetrate the engine housing. According to Nabors component
information document, the engine sump contained 220 gallons of SAE 15W40 oil. Once the
engine housing was cracked, hot motor oil was sprayed threw out the area while the
engine continued to run. The spare engine air filters were doused with hot motor oil
causing them to ignite. The Motorman attempted to shut down the engine from the engine
control panel but was unsuccessful. He immediately went to the VFD and fuel source and
successfully stopped the engine. The Motorman and the night drill crew extinguished
the fire with dry chemical extinguishers then used a water hose after to cool down the
area and prevent re-ignition.
Nabors sent a report to all Nabors Offshore Corporation (NOC) rigs with direction from
the Operations Manager that no flammable material may be stored in the engine room for
any reason. Also, Nabors Corporate Preventative Maintenance team will research and
review engine failures versus their preventative maintenance practices.",,,,,,,,,,,,,,,,
GB-72-20111226,,,2011-12-26,,,GB,72,A,,,LIFTING DEVICE,,,,,INV-4fbb8c,,,,SUP-93291b,District Supervisor,,,,,"On 26 December 2011 an employee injured his right index finger while decommissioning
a portable crane (PC). The PC being decommissioned was affiliated with a construction
project for a Newfield well that will be processed at the facility. Due to the
projects completion, the PC was being dismantled and placed on a supply vessel. The
platform crane was being used to load the PC to the supply vessel. Using a four part
sling, the injured employee (IE) secured the loose gear fastened to the boom tip of
the platform crane. Once tension was applied to the four part sling, the IE unbolted
the boom tip from the remaining crane boom. The IE was standing on a walkway located
between the boom sections. The walkways were constructed for safer access to assemble
and disassemble the boom sections. A signalman was on location and was given the
signal by all employees involved with the lift that it was safe to proceed. Using the
platform crane, the crane operator began to lift the boom tip away from the PC to be
loaded on the motor vessel. As the boom tip was lifted, it separated from the
remaining boom section and caused the remaining section to move. The IE placed his
right hand on the outer edge of the boom section as he was attempting to balance
himself. The boom tip shifted in the opposite direction smashing the IE's right index
finger as the boom tip came in contact with the remaining boom section. The Medic on
board the platform treated the injury and transported the IE to Industrial Medical
located in Broussard Louisiana for further treatment. No pollution or property
damages resulted from this incident.",,,,,,,,,,,,,,,,
GB-426-20190331-1745,,29. ACCIDENT INVESTIGATION,2019-03-31,17:45,,GB,426,A-Auger TLP,,,LIFTING,,,,,INV-03d3fc,,,,,,,,,,"On March 31, 2019 at approximately 1745 hours, an employee was injured while
attempting to step down from a firewater pump skid.
The injured employee (IP) entered the firewater pump skid to address a coolant
release. The IP climbed down a fixed ladder and thought he had placed his feet on the
grating but was standing on the skid which is 17 inches high. The IP stepped and fell
forward coming in contact with the grating. The IP injured his left wrist during the
fall and reported the injury to the facility medic. The lessee transported the IP to
Terrebonne General for additional treatment. A doctor diagnosed the IP with a
fractured wrist.
The BSEE Lafayette District conducted an onsite investigation April 3, 2019.",,29. ACCIDENT INVESTIGATION,,,,,,,,,,,,,,
GC-155-20140924-0600,,,2014-09-24,06:00,,GC,155,,NOBLE DRILLER,,LIFTING DEVICE,,,,,INV-33477a,,,,SUP-9bf3eb,District Supervisor,,,,,"-
On September 24, 2014, approximately 150 barrels of Synthetic Based Mud (SBM) were
discharged into the Gulf of Mexico while crews onboard the Noble Driller prepared the
rig to take on completion fluid.
The Noble Driller had been contracted to Marubeni Oil and Gas Company and was tasked
with drilling their MA002 well located in Green Canyon 155, lease #G16698. The crew
onboard the Noble Driller had just finished drilling operations and were making
preparations to move into the completion of the well. The rig had already unlatched
the Blow Out Preventer (BOP) from the wellhead and was on stand-by in the ""Safe
Zone,"" an area designated by the operator to ensure that the rig is clear of all
subsea infrastructures.
While the rig was on stand-by, the crew members were instructed to clean all lines
and tanks on the vessel that had been previously filled with SBM. This cleaning
process needed to be completed before the rig could take on completion fluids. At
the same time, the Derrickman on tour was asked to transfer SBM from the portside
four column tank to the active and reserve pits. The transfer of SBM into mud pit #3
was completed, and the Derrickman left the area to conduct other operations. When
the Derrickman returned to the mud pits approximately an hour and a half after the
transfer, he noticed that the level in pit #3 had dropped significantly. He
immediately secured the master valves, which were left open for ongoing cleaning
operations, and stopped the fluid loss. After verifying the SBM in all of the pits,
it was determined that approximately 150 barrels of SBM had been released into
offshore waters.
The investigation following the incident showed that a leaking dump valve on the #3
pit had allowed SBM to leak out of the pit. Since the master valves were in the open
position due to cleaning operations, the SBM was being routed directly overboard
after escaping the #3 dump valve. Because the pit was left unattended for an hour
and a half, there was no one in the pit room to observe the steadily decreasing
level. In addition, the Pit Volume Transmitter (PVT) Alarm was found to be set out
of range. The PVT alarm is a device that is designed to warn the Driller if there is
an unexpected gain or loss of fluid volume in the pits. The set points for the alarm
had been set so far apart that the alarm was rendered inoperable.",,,,,,,,,,,,,,,,
GC-281-20210604-0930,,,2021-06-04,09:30,,GC,281,,SEADRILL WEST NEPTUNE,,LIFTING,,,,,INV-0f05fe,,,,,,,,,,"On June 4, 2021, an incident occurred onboard the Seadrill West Neptune working for
Talos Oil and Gas LLC. Completion operations were being conducted at Green Canyon
Block 281, OCS-G 33242, Well #3. The Oceaneering Remotely Operated Vehicle (ROV) crew
was in the process of launching the ROV when the ROV Technician inadvertently placed
his left hand in an identified pinch point between the two cantilever support areas of
the ROV lifting frame, as it extended over the side of the vessel. The ROV Technician
informed the winch operator to lift the frame to release his hand from the pinch
point. The ROV Technician reported to the medic on board, then was sent in on a
medivac helicopter for further evaluation and an onsite investigation was initiated.
On the morning of June 4, 2021, the Oceaneering ROV team, consisting of one ROV
Supervisor, one ROV Winch Operator, and one ROV Deckman, attended the pre-tour meeting
with the day drilling crew to discuss ongoing operations. After the meeting, the ROV
team convened in the ROV shack to compete additional paperwork and review and sign the
Task Based Risk Assessment Form (TBRA) on the launch of the ROV. A pre-dive
inspection was completed, with barriers in place, and the gates lowered in preparation
for the ROV deployment. The ROV Supervisor was piloting the ROV while the Winch
Operator and Deckman prepared to launch the ROV over the port side of the drillship.
The ROV team always used open radio communications during the launch of the ROV. The
Deckman’s responsibility was to pull the rope to lower the gate on the ROV deck as it
is being deployed and stand back out of the Red Zone. After the gate was lowered, the
Deckman remained in an unidentified Red Zone as the Winch Operator lowered the A-Frame
onto the lower pedestal. The Deckman placed his left hand between the two contact
points where the A-Frame and lower pedestal met. The Deckman immediately contacted
the Winch Operator by radio to stop the operation and retract the A-Frame to remove
his hand. Upon removal, the Deckman informed the ROV Supervisor and reported to the
Medic’s office. It was decided to Medi-Vac the Deckman to shore for further
evaluation.
Due to the Covid – 19 pandemic, the Bureau of Safety and Environmental Enforcement
(BSEE) team was unable to conduct an initial onsite investigation at the time of this
incident. However, the investigation team was able to collect documentation and
pictures furnished by the operator at the team’s request. The investigation team
reviewed the documentation and noted that a Task Based Risk Assessment Form (TBRA) was
reviewed and signed by the entire Oceaneering ROV team involved in the launching of
the ROV for a routine inspection dive. It was noted that the TBRA did not identify
the potential pinch point hazard between the upper A-Frame and lower pedestal on the
ROV lifting unit. Also, each crew member involved in the task, read the TBRA
themselves and signed the document without any open discussion as a team to identify
additional hazards. The incident location was not identified as a potential red zone
during the risk assessment of the task. The Deckman pulled the gate rope to lower the
gate on the ROV deck and remained in an unidentified red zone instead of proceeding to
the next task of observing the ROV being deployed over the side. The ROV team
considered the launching of the ROV a routine operation which the Deckman had been
involved in multiple times with no issues noted. The Deckman stated that he was not
under any pressure to hurry up but just became complacent of where his hand was during
the task.
Seadrill and Oceaneering will update the TBRA form on the launch and recovery of the
ROV as well as identify red zones and safe observation zones which will be properly
labeled for all ROV systems with this existing hazard. Also, a physical barrier will
be designed and installed on the launch and recovery system to eliminate this pinch
point.",,,,,,,,,,,,,,,,
GC-608-20121219-1400,,,2012-12-19,14:00,,GC,608,A(TLP MARCO POL,BLAKE 1007,,LIFTING DEVICE,,,,,INV-f1918e,,,,SUP-cade04,District Supervisor,,,,,"On Dec. 29, 2012, while performing work on Anadarko's Marco Polo platform located at
GC 608, an employee toes were severed by a Marine Portable Transfer (MPT ) Tank while
attempting to relocate the tank, by crane, to another area of the rig.
The Crane Operator was instructed to relocate the MPT Tank, weighing approximately
28,000 pounds, to the strongback beam mats located near the aft of the drill floor.
The Crane Operator, along with two Roustabouts, went up to the strongback mats to
discuss the job and mark out exactly where the load was to be set but no formal Job
Safety Analysis (JSA) or Risk Assessment was done. After discussing the job, the
Crane Operator proceeded to the west side production crane while the Roustabouts left
to gather the required rigging equipment needed to make the lift. When everyone was
in place, the Crane Operator lowered the load line and the stinger, which was then
attached to the MPT Tank. The Roustabouts failed to attach taglines to the load
before the lift was made as required by Blake's 'Personnel Safety Manual (SG-3 Crane
Operations)'. The first Roustabout was positioned at the southwest corner of the
tank, in sight of the Crane Operator. The second Roustabout, the injured person
(IP), was positioned at the northeast corner of the tank where he was out of the
Crane Operators line of sight and in an area where he didn't have an escape route.
The IP was in charge of flagging the Crane Operator and was doing so with the use of
a hand held radio since he wasn't visible to the Crane Operator during the lift.
Before making the lift, the Crane Operator asked the (IP, Flagger) if the block was
centered over the load. The IP instructed the Crane Operator to boom down and pick
up on the tank. The load came off the deck about 6 inches and shifted to the east
towards the IP. Once the Crane Operator noticed the load starting to swing, he
dropped the load back down onto the deck without instruction from the Flagger. The
tank came down on top of the IP's right foot, compressing the steel toe of his boot
and severing off four toes with the exception of his pinky toe.
The Toolpusher and the Rig Safety Training Advisor were both notified immediately
after the accident. The platform Medic examined the employee's injuries and prepared
the IP for Medevac to shore for further evaluation and treatment.",,,,,,,,,,,,,,,,
GC-645-20180519-1323,,,2018-05-19,13:23,,GC,645,A(HOLSTEIN SPAR,HOLSTEIN SPAR RIG,,LIFTING,,,,,INV-0ada0a,,,,,,,,,,"On May 19, 2018, an incident occurred on board the Holstein Spar Rig working for
Anadarko in Green Canyon Block 645. While utilizing the lateral support guide frame
(LSG) as a work platform, the drill crew began operations to rig down the blow out
preventers (BOP’s) and high pressure riser on the A-8 well. During this operation,
the LSG fell approximately 17 feet after two employees removed the nuts that bolted
the frame to the riser. Both employees were injured and sent in on a medivac
helicopter for further medical treatment.
On the morning of May 19th, the day drill crew began the process of removing the BOP’s
from the completed A-8 well. The crew involved consisted of the Toolpusher, Driller,
Assistant Driller (A/D), a Derrickhand, a Shakerhand and (2) Floorhands. Prior to
commencing work, a Job Safety Analysis (JSA) was reviewed and signed by the crew.
Attached to the JSA was a four page, step by step procedure to nipple down the BOP’s
and the high pressure riser. The Driller met with the drill crew that was performing
this task on the BOP deck and gave instructions on how to complete the procedure, up
to connecting the lifting cap on the high pressure riser. He also instructed the crew
to stop once the lifting cap was secured. He would return prior to starting the next
step in the procedure and give further instructions. Once the riser cap was bolted
onto the riser, the Driller proceeded back to the BOP deck and met with the drill crew
and service technicians to discuss the plan forward.
After meeting with the drill crew, the Driller proceeded to the drill floor to lower
the wire rope slings through the rotary table using the drawworks and traveling block.
Once the high pressure riser cap was secured, the wire rope slings were lowered and
shackled to the riser cap as instructed. The Driller heard a loud noise while
powering down the drawworks and proceeded to the BOP deck to investigate the sound.
Upon arrival, the he saw that the LSG frame had dropped approximately 17 feet to the
mezzanine deck below. One employee was found being assisted off the top of the frame
by two service technicians using a ladder, and another employee had fallen an
additional 9 feet to the mezzanine deck. Both employees were injured from the fall
and were transported by medivac to a hospital for further medical evaluations.
The Bureau of Safety and Environmental Enforcement (BSEE) investigation team conducted
the initial onsite investigation on May 19, 2018. The team collected evidence, took
photographs, collected statements from witnesses, and interviewed personnel involved.
It was discovered that once the riser cap was bolted in place and the wire rope slings
secured to the riser cap with shackles, the Toolpusher instructed two drill crew
employees to start removing all but 4 of the 1 ½” nuts on the sixteen studs that were
holding the high pressure riser to the LSG frame in place. The drill crew employees,
one a Floorhand and the other a Shakerhand, removed all of the 1 ½” nuts from the
sixteen studs. This direction from the Toolpusher contradicted what the Driller
discussed with the drill crew prior to the Toolpusher arriving on the BOP deck. Once
the last nut was removed, the LSG frame dropped with both crew members standing on it.
During interviews, BSEE Investigators learned that the Toolpusher had not read the JSA
or the procedure prior to the incident. He had signed the documentation, but did not
actually read the documents until after the incident. He had been promoted from Deck
Foreman only five days prior to the incident, and had never been involved with this
procedure before. BSEE Investigators also learned that the Driller was the only
member of the crew that had experience with this task, but the crew disregarded his
instructions to not remove any bolts because the Toolpusher instructed them to do so.
According to interviews, the crew felt that since the Toolpusher was the Drillers
supervisor, they must follow his orders as he must have known what needed to be done.
The Toolpusher arrived to the work site after the Driller went to the drill floor, and
instructed crew members to remove the bolts from the high pressure riser to the LSG
frame. This was against the Drillers instructions, and most notably it was out of
step with the procedure. During interviews with BSEE’s investigation team, it was
noted that one of the Floorhands involved with the procedure told the rest of the crew
that the Driller had instructed them to only install the lifting cap on the riser and
to not remove any bolts. He told the crew that they shouldn’t be removing the bolts,
but they proceeded regardless. It was later learned that this Floorhand had felt the
LSG frame shift while it was being unbolted and he moved outside of the work area
while the other Floorhand and Shakerhand continued unbolting the high pressure riser
from the LSG frame.
The correct procedure for removing the riser from the LSG frame would have been to
bolt the lifting cap onto the riser, release the riser from the wellhead, lift the
riser and LSG frame until the lateral support dogs could be pulled into place, pull
out the support dogs, lower the riser and LSG frame onto the beams at which point the
LSG and Riser would be supported, remove the nuts from the studs holding the riser to
the LSG, and pull the riser out of the LSG frame. At the Toolpusher’s instruction,
the crew unbolted the nuts from the studs holding the riser to the LSG before the LSG
frame was supported by the dogs. The failure to follow the planned procedure
triggered the incident and left two employees injured.",,,,,,,,,,,,,,,,
GC-20170913-0709,,,2017-09-13,07:09,,GC,,,MAD DOG SPAR RIG,,LIFTING DEVICE,,,,,INV-197b46,,,,,,,,,,"On September 13, 2017, the Mad Dog Spar Rig unintentionally discharged 71 barrels of
Synthetic Oil Based Mud (SBM) into the waters of the Gulf of Mexico. The accidental
discharge was due to valve misalignment while cleaning the mud pill pit.
The Derrickman (DKM) was preparing to mix a cement spacer in the mud pill pit for the
upcoming cement job. After notifying the Mud Logger, he began transferring water to
the mud pill pit and noticed that there was residual contamination from SBM. The
Cementer was notified of the contamination, and he requested that the residual SBM be
cleaned from the mud pill pit prior to mixing the spacer. The DKM contacted the
Toolpusher (TP) and requested the key to the overboard discharge valve, and he then
proceeded to fill the slugging pit with water in order to flush the mixing lines.
Once the slugging pit was full and the mixing lines were flushed into the mud pill
pit, the DKM and a Floorhand (FLH) used a “valve line-up checklist” to verify that
the proper valves were in the open or closed positions. Once the DKM and FLH were
confident they had all valves in their proper positions and the “valve line-up
checklist” was completed, the TP issued the key to the DKM to open the overboard
discharge line. As soon as the DKM opened the discharge valve and activated the
pump, the Mud Logger contacted the DKM, Well Site Leader (WSL) & Assistant Driller
(AD) to inform them of a loss of SBM in the active mud system. The DKM verified that
the valve line-up was correct, but the Mud Logger informed him that there was a
continued loss in the active system. At this point, the DKM turned off the pump and
closed the overboard discharge valve. From the time the overboard valve was
initially opened to the time it was closed was approximately eight minutes, and in
that time frame, 71 barrels of SBM were pumped overboard.
Bureau of Safety and Environmental Enforcement (BSEE) Inspectors conducted an onsite
inspection/investigation September 15, 2017, and collected documentation for the
incident. It was determined that 71 barrels of 13.8 pound per gallon (PPG) SBM was
unintentionally discharged into the Gulf of Mexico due to incorrect valve line up.
At the time of the onsite investigation, rig personnel were unwilling to state that
an incorrect valve line up was the cause of the SBM release. They indicated that
this was a possibility, but they also identified a leaking valve as potential cause.
The rig identified a splitter valve that was leaking and changed it as a precaution.
However, SBM fluid was not lost until the DKM activated the fluid pump and started
pumping fluid overboard, and flow stopped once the pump was turned off and the
overboard valve was closed. The leaking splitter valve may have been a contributing
factor to the SBM discharge, but it was not the primary cause. BP’s response letter
to the incident of non-compliance also identified an incorrect valve line-up as the
primary cause of the SBM discharge. BP also identified that even though a checklist
was used to verify valve alignment, a mistake must have been made, and improper valve
alignment did occur.
The contractor has discussed the incident and their findings with all crew members in
their weekly safety meeting and addressed policies in place for valve line-up and
valve verification to prevent a reoccurrence.",,,,,,,,,,,,,,,,
GC-821-20210227-1330,,29. ACCIDENT INVESTIGATION PANEL FORMED: NO,2021-02-27,13:30,,GC,821,,DIAMOND OCEAN BLACKHORNET,,LIFTING,,,,,INV-179363,,,,SUP-806b44,District Supervisor,,,,,"On February 27, 2021, an incident occurred on the Diamond Ocean Black Hornet which was
working under contract for BP Exploration & Production Inc. Drilling operations were
being conducted at Green Canyon Block 821 OCS-G34561 Well 002. There was an
unintentional discharge of approximately 13 barrels of synthetic oil-based mud (SOBM)
into the Gulf of Mexico due to a valve misalignment at the mud mix manifold while
attempting to transfer wash water overboard.
On the morning of February 27, 2021, the off duty Derrickhands (crew 1) prepared a Job
Safety Analysis (JSA) in preparation to discharge wash water overboard from the #17
mud pit. Also that day, the on duty Derrickhands (crew 2) needed to increase the mud
weight in the #11 and #13 active mud pits. They activated the #1 mud mixing pump to
circulate the mud while increasing the fluid weight. At 12:00 hours there was a tour
change and the mixing pump was left on to continue circulating the fluid in the pits.
The crew 2 Derrickhands communicated to their relief (crew 1) the current operation
with handover logs and verbal notifications. With the mud mixing pump already lined
up on the #11 and #13 active mud pits, the crew 1 Derrickhands proceeded to line up
the valves on the mud mixing manifold to discharge the wash water overboard. The
procedure called for the wash water to be pumped overboard using the #1 mud mixing
pump after the overboard discharge valve was opened. With the mud mixing pump still
circulating the mud in the #11 and #13 active mud pits, the overboard discharge valve
was opened and the Driller noticed a volume loss in the #11 and #13 active mud pits.
He notified the crew 1 Derrickhands and they immediately started looking for the
issue. They referenced the mud monitoring screen and shut down the #1 mud mixing pump
and closed the discharge valve, but not before discharging 13 barrels of SOBM into the
Gulf of Mexico.
The Bureau of Safety and Environmental Enforcement (BSEE) Inspectors conducted an
onsite inspection and investigation on March 10, 2021 and collected documentation for
the incident. It was determined that approximately 13 barrels of 14.7 pounds per
gallon (PPG) SOBM was discharged into the Gulf of Mexico due to an incorrect valve
line up. Of the 13 barrels of SOBM, 6.24 barrels was comprised of synthetic oil. The
investigation revealed that the #1 mud mixing pump was left on by the crew 2
Derrickhands when they went off tour. During the tour change meeting, one of the crew
1 Derrickhands one was informed that the #1 mud mixing pump was still circulating the
#11 and #13 mud pits, and the other was informed that the mud weight was increased but
not specifically told that the #1 mud mixing pump was still running. The mixing pump
activation was not listed in the daily handover logs given to either of the crew 1
Derrickhands coming on tour. After the Derrickhands discussed which valves to open
and who was going to manipulate each valve, the process started. The Driller
instantly noticed mud volume losses in the #11 and #13 mud pits after they opened the
overboard discharge valve and he notified the Derrickhands. Moments after speaking
with the Derrickhands, one proceeded to the mud monitoring screen in the mud pit room
and turned the #1 mud mixing pump off while the other closed the overboard discharge
valve. They strapped the #11 and #13 mud pits to determine the amount of SOBM
discharged overboard, which was found to be 13 barrels.
The investigation determined the primary cause of this discharge was improper valve
alignment and failure to follow procedures. The crew 1 Derrickhands failed to
properly check the mud system and valve alignments prior to opening the overboard
discharge valve. Poor communication during tour change also contributed to this
discharge. The Diamond Offshore Transfer Permitted Fluid Overboard procedure states
to double check the line up by walking the line to confirm appropriate valves are open
and others are closed prior to opening the overboard discharge valve. Diamond
Offshore has revised and implemented their Job Safety Analysis (JSA) and the Site-
Specific Plan (SSP), adding a Fluid Transfer Pre-Checklist that includes a step to
ensure both mud mixing pumps are switched off prior to the valve alignment. Also, a
documented discussion was held with the on and off tour Derrickhands about the job
expectations, highlighting the importance of having the proper line-up checks and
preparing accurate handover notes at tour changes.",,29. ACCIDENT INVESTIGATION PANEL FORMED: NO,,,,,,,,,,,,,,
GC-680-20171227-1845,,,2017-12-27,18:45,,GC,680,A (Constitution,,,LIFTING,,,,,INV-2c50a9,,,,,,,,,,"On December 27, 2017, an incident occurred on the Green Canyon (GC) 680-A Constitution
Spar, Outer Continental Shelf (OCS) Lease Number G22987. The structure is situtated
134 miles from shore in approximately 4,970 feet of water. The Designated Operator of
Record is Anadarko Petroleum Corporation (APC).
APC reported two related incidents to the Houma District outside of office hours--one
on December 27, 2017, and the other on December 31, 2017. The After Hours Engineer
noted the following:
Event on December 27:
After the wireline operations crew finished setting a plug in the Well A-1 dry tree,
220 barrels of 10.4 pounds per gallon (ppg) fluid were pumped into the well annulus to
kill the well. Once the wireline and pumping operations ended, the crew stood down for
a 6:00 pm Simultaneous Operations (SIMOPS) meeting. At that time, a crew member on the
workover deck noticed the Well A-1 riser drop three to four feet, coming to a rest on
the grating and beams on the deck. All four of the dry tree wells and surface
controlled subsurface safety valves (SCSSVs) were shut in, and all affected areas were
barricaded. Personnel mustered.
Event on December 31:
While attempting air-up operations on Buoyancy Can Chamber #2, personnel heard what
was thought to be a leak below the spar deck. Operators shut down the operation and
notified engineers about the situation. The engineers instructed the operators to
begin air-up operations on Buoyancy Can Chamber #3. During air-up operations,
personnel noticed an air leak on the chamber piping below the casing deck. A platform
Emergency Shutdown (ESD) and general alarm were initated, and personnel mustered. At
approximately 3:30 pm, the Well A-1 dry tree descended 28 feet, coming to a stop on
the spar deck.
A damage assessment was performed. When Remotely Operated Vechicles (ROVs) were
dispatched, pictures were taken, and it became obvious that all of the fill-up lines
were extremely corroded.
The buoyancy can consists of seven chambers. The top chamber (#1) is sealed. Chambers
#2 through #7 are open ended at the bottom, and each chamber is equipped with a three-
inch galvanized air fill-up line. The purpose of the air fill lines are to inject
nitrogen into each chamber. The set pressures ranging from 41 pounds per square inch
(psi) in Chamber #2 to 84 psi in Chamber #7 are maintained by a U-tube effect, where
water is injected into the fill-up line at the U-tube to prevent nitrogen from
escaping. This process prevents water from entering the bottom of each chamber,
thereby maintaining proper buoyancy to maintain the dry well and riser assembly.
Due to extreme corrosion in the Air Fill lines for chambers #2 and #3, nitrogen was
allowed to escape causing the water level in both chambers to rise. Once both chambers
filled with water, the weight of the Well A-1 dry tree and riser overcame the buoyancy
of the remaining Chambers #4 through #7. The increased load caused the grating on the
workover deck to collapse, allowing the the Well A-1 tree and riser to descend until
coming to a stop on the spar deck.",,,,,,,,,,,,,,,,
GC-680-20170429-0112,,,2017-04-29,01:12,,GC,680,A (Constitution,,,LIFTING DEVICE,,,,,INV-2d2818,,,,SUP-707722,District Supervisor,,,,,"On April 29,2017, a fire occured on the Green Canyon 680-A Constitution spar platform
(OCS-G 22987). Anadarko Petroleum Corporation is the Designated Operator of Record.
The platform is situated 134 nautical miles from shore in 4,970 feet of water.
At approximately 1:12 a.m., operators responding to a Level Safety Low (LSL) alarm
for the Flash Gas Compressor No.2 coolant tank witnessed a fire. The operators shut
in the platform, activated the general alarm, and then extinguished the fire with a
handheld portable fire extinguisher. After the general alarm sounded, all personal on
the platform mustered to their assigned locations. There were no reportable injuries
to personal during this incident.
Investigation findings show vibration caused a hole to develop in stainless steel
tubing containing engine coolant. The vibration of the compressor engine caused the
tubing to rub against a retaining bolt head, creating a hole and allowing coolant to
spray onto the engine exhaust piping. The piping was covered with protective heat
blankets. Once the blankets became saturated with the coolant, the hot exhaust from
the engine ignited the coolant and caused the resulting fire.",,,,,,,,,,,,,,,,
GC-787-20180508-0915,,,2018-05-08,09:15,,GC,787,A (Atlantis),,,LIFTING,,,,,INV-ed9d5e,,,,,,,,,,"At approximately 2115 hours on Tuesday, May 08, 2018, an incident occurred on the
Floating Semi-Submersible Platform, Atlantis. The platform is located at Green Canyon
Block 787-A, OCS-G 23579. The operator on record is BP Exploration & Production Inc. A
high pressure gas release occurred on sales gas meter #3. The gas release was
discovered by third party personnel working in the area, who immediately contacted the
control room. Production personnel confirmed the gas release and the control room shut
in and blew down the gas compression system. The operating personnel then opened the
valve for the buyback gas in order to keep the gas generators online. After
approximately 15 minutes, the operating personnel realized the buyback gas was feeding
the existing gas release. After the buyback gas valve was closed and approximately 30
minutes after the initial discovery, the gas release ended at approximately 2145
hours. Throughout the incident no general alarm, emergency shutdown (ESD), or
personnel muster was initiated. However, after the gas release ended the platform
remained shut in overnight.
During normal operations on Friday, April 20, 2018, 18 days prior to the gas release,
a third party measurement technician was replacing a transmitter on the sales gas
meter #3 and installed Teflon seals. The technician was unaware of a BP policy that
only Viton O-rings (Green Tweed 938 elastomer) should be used instead of the Teflon
seals. The seal failed at approximately 2100 psi resulting in this gas release
incident. This was the fourth gas release incident to occur on BP facilities since
2008 and the third on Atlantis. On October 07, 2008 a gas release incident occurred on
the Atlantis facility. On June 21, 2009 a gas release occurred on another BP facility
(Nakika). Eleven days later on July 01, 2009 another gas release occurred on the
Atlantis facility. All of these incidents were due to failed Teflon seals.
During the BSEE visit at the platform on June 20, 2018, the inspectors noted the
height/distance of the gas detectors in relation to the sales gas skid and pointed
this out to the operators. Statements were obtained in relation to the incident. On
August 23, 2018, BSEE interviewed the Measurement technician who performed the gas
meter transmitter and seal replacement on April 20, 2018. The technician verified that
miscommunication played a factor in the chain of events which led to the incident.
According to the technician, the BP employee asked him if he was replacing ""like for
like"". The technician assumed the BP employee meant the transmitter equipment since he
had no knowledge of the importance of the seals.",,,,,,,,,,,,,,,,
GI-22-0850,,,,08:50,,GI,22,,,,LIFTING DEVICE,,,,,INV-fa8334,,,,SUP-d96acd,District Supervisor,,,,,"Two Exterran mechanics were in the process of replacing and testing the wiring
harness on the magneto of the Gas Booster Compressor engine (Unit 72900) on GI 22-L-
CMP platform. According to statements, one of the mechanics selected the 'start'
sequence at the panel energizing a permissive start sequence while the other mechanic -
tested the voltage output of the magneto, which tested good. An electronic timing
light was connected to the #1 spark plug wire and the 2"" inspection cover had been
removed to allow observance of the timing marks on the engine's flywheel in order to
check the timing. The mechanic then selected the 'startup' sequence. Once the starter -
engaged and the engine started to turn, a noise was reported to have been heard that
caused the mechanic at the panel to look up and say ""flames"". He immediately shut the -
compressor down and ran around the engine to check on the other mechanic who had been
-
standing on the starter and magneto side of the engine. An Energy XXI Operator nearby -
also noticed the compressor attempting to start, but also noticed yellow and black
flames rising up approximately four or five feet above the compressor's head to the
muffler's cross pipe on the opposite side of the Compressor's panel. As the operator -
was in route to the ESD station, he observed one of the Exterran mechanics engulfed
in flames. His view was slightly obstructed, but he could see the mechanics upper
body and head. His head was bowed down, hands lifted up chest high with palms up. As
he went to help him he saw the mechanic falling from the compressor base, stumbled to -
the deck, stand up and walked slowly backwards to the firewall. He then noticed the
other mechanic emerged from the front of the panel. They both went to assist the
injured person (IP) who seemed disorientated and standing unstable. As the other
mechanic attended to the IP the operator went to put out the fire which had ceased
burning except for a small residual flame on the fuel supply piping which was then
smothered out with a gloved hand. The IP was immediately taken across the catwalk to
the GI 22-L Quarters platform to the Medic for first aid treatment for burns to the
hands and face, then flown in for medical attention. The flash fire was reported to
have last approximately 3 seconds. The mechanic was reported to have received 2nd
degree burns on his face and hands. -
The Investigation revealed: -
According to Energy XXI investigation, a pin-hole leak in the 2"" braided, flex
starter exhaust piping was the source of fuel for the fire. The ignition source
possibly being from the starter engaging with the engine flywheel creating a spark. -
BSEE's Accident Investigator's assessment based on the available information provided -
would suggest that the ignition source would have come from either, the opened
conduit junction box, exposing the magneto voltage to the engine coils and spark plug -
wires power source or portable timing light tool or volt meter ground. Note: The
opened junction box was classified for use in hazardous locations and located at the
height of where the mechanic's face and hands were burned at the time of the ignition -
of the flash fire. -
It was reported that the flash occurred while the compressor was cranking and turning -
over, which would suggest the starter was fully engaged and gears meshed and highly
unlikely creating a spark. However, the engine's ignition and voltage systems would
have been energized and active.
$500 -",,,,,,,,,,,,,,,,
HI-110-20151117-0700,,,2015-11-17,07:00,,HI,110,A,,,LIFTING DEVICE,,,,,INV-394a6a,,,,SUP-dbf5ea,District Supervisor,,,,,"On 17-Nov-2015, at approximately 0700 hours, a contract worker experienced
chemical exposure at W&T Offshores High Island (HI) 110 ‘A’ platform, Lease G-02353.
The Injured Party (IP) was kneeling on a solid deck while working on a chemical
injection pump. The IP removed a rag from a bucket and placed it on the deck to
cushion his knees while working on the injection pump. The IP noticed a burning
sensation on his left knee and realized the rag he was kneeling on was saturated with
Tretolite DM0484X demulsifier. (Tretolite DM0484X demulsifier is a specialty
chemical typically used as an emulsion breaker to separate water in oil). The IP
notified the Person in Charge (PIC), then went to the shower and rinsed the affected
area with water. The PIC applied first aid cream to the affected area and the IP
returned to work. The IP continued to work for the next two days and the burn
worsened. The IP was sent in 20-Nov-2015 for medical treatment by a physician.
The IP was examined on 21-Nov-2015 by a physician at the Acadiana Medical Center
in Lafayette, LA. The physician prescribed Silvadene ointment be applied to the
affected area. The IP was placed on restricted duty until his release to full duty on
03-Dec-2015.",,,,,,,,,,,,,,,,
HI-536-20130718-1200,,,2013-07-18,12:00,,HI,536,,ACTIVITY:,,LIFTING DEVICE,,,,,INV-6ad605,,,,SUP-4b6994,District Supervisor,,,,,"On July 18, 2013 a construction crew arrived at HI A536 'C' to replace a leaking
flange gasket on the pipeline company's equipment. The platform was shut in at the
time of the incident to perform the repair. A Behavioral Job Safety Analysis (BJSA)
was held and secondary tasks were discussed but not specifically addressed in the
BJSA. After the pipeline flange gasket was replaced, the construction crew continued
to the secondary task of removing a sight glass from Blowdown Separator MBF-1350. The
Blowdown Separator is a piece of pipeline equipment used during pipeline repairs to
prevent excessive liquid flow to the Flare Scrubber. The Blowdown Separator was Out-
Of-Service (OOS) at the time of the injury. The 65# sight glass was attached to the
separator with an upper and lower pipe nipple. While attempting to remove the bottom
nipple of the sight glass with a pipe wrench, the nipple broke off due to severe
corrosion. The IP then grabbed the sight glass at the bottom and pulled it away from
the separator in an attempt to break off the top nipple which was also severely
corroded. When the IP pushed the site glass back toward the Blowdown Separator, the
top nipple broke causing his left index finger to be driven into the corroded ASME
code plate bracket causing the severe laceration.",,,,,,,,,,,,,,,,
HI-20160828-0800,,,2016-08-28,08:00,,HI,,B,,,LIFTING DEVICE,,,,,INV-82df1f,,,,SUP-61d362,District Supervisor,,,,,"On 28 August, 2016, HIA 573 B Fieldwood Energy reported an Injury with Evacuation
that occurred at 0800 hours. Investigation of the incident revealed the Injured
Person (IP) ascended an extension ladder without using a spotter or anchoring the
ladder at the deck level; IP ascended approximately 6 to 7 feet up. The ladder slid
on the wet deck, IP fell and landed on his right elbow and shoulder. Field Medic
examined the IP, determination was made to evacuate the IP to UTMB Galveston, Texas.
IP was released to light duty the same day and IP was returned to full duty
approximately three (3) weeks later.
In review of the Pre-Task Hazard Inspection Checklist and Construction Department Job
Safety and Environmental Analysis (JSEA) for the task at the time of the incident
multiple deficiencies were discovered. There were no annotation of ladders tied off,
fall protection needed for the job, fall protection rescue systems, safety harness
and anchor device 100% and the Person In Charge (PIC) failed to signed the JSEA.",,,,,,,,,,,,,,,,
UNKEYED-b2febb71716d,,,2020-01-20,10:00,,,,A-Cognac,NABORS 202,,LIFTING,,,,,INV-c5a211,,,,,,,,,,"On January 20, 2020 at 10:00 hours, Enven Energy Ventures (EnVen) had a dropped object
incident on board the Nabors 202 rig while conducting drilling operations at
Mississippi Canyon 194 well A23, ST2 OCS-G 02638. The incident involved a joint of 10
3/4 inch (in) casing falling out of the elevators into the V-Door. The dropped casing
contacted another joint of casing, causing it to slide out of the V-Door and through
the kick plate onto the walkway, then coming to rest on the pipe rack against the
handrail. Enven reported the incident to the Bureau of Safety and Environmental
Enforcement (BSEE) New Orleans District. There was one minor injury sustained; an
employee tripped and fell while moving away from the area when the incident occurred.
The Nabors drill crew was running 10.75 in casing into the well. Approximately
202
10,095 feet of casing had been run when the crew picked up the 207th joint. A signalman
was in place outside the driller’s shack assisting the driller while picking up the
casing with the single joint elevators out of the V-door. While lifting the casing, the
elevators hit the derrick A-frame and compromised the elevators' integrity. The casing
joint was dislodged from the elevators, causing it to fall into the V-door and striking
another joint of 10.75 in casing which was resting in the V-door. The 10.75 in casing
then slid out of the V-door and through the kick plate landing on the pipe rack.
After the casing was secured on the pipe rack, there was a ""safety stand down"" with all
personnel involved in running casing. The well was monitored on the trip tank during
the “safety stand down.”
According to EnVen investigation report, the",,,,,,,,,,,,,,,,"sequence of events was as follows:
1) 10.75 in was being run in the hole.
2) The crew picked up the 207th joint of 10.75 in casing from the V-door using the
single joint elevators.
3) As they were picking up the joint, the elevators came in contact with the derrick
A-frame.
4) The flagger motioned to stop and the driller released the throttle.
5) Contacting the A-frame caused the single joint elevators to fail at the hinge,
shearing the pin, and allowing the joint of casing to fall back into the V-door.
6) When the joint of casing fell back into the V-door, it contacted the other joint of
casing, causing it to slide out of the V-door and through the kick plate on the
walkway, and coming to rest on the pipe rack, against the handrails.
7) The joint that fell from the elevators bounced out of the V-door damaging a section
of the handrail and coming to rest against a tote tank, which was located on the pipe
rack.
8) One employee tripped while trying to remove himself from harm’s way. He received
first aid, was sent to shore for further medical evaluation, he was released and
returned to full duty. The employee was not in the direct line of fire.
9) The damage sustained during the incident was two sections of handrail and a tote
tank."
MC-437-20190506-0748,,,2019-05-06,07:48,,MC,437,A-Appomattox,,,LIFTING,,,,,INV-579cc6,,,,SUP-bb2929,District Supervisor,,,,,"Investigation Findings:
On 6 May 2019, at 0748 hours, a partial loss of power occurred at Shell Offshore Inc.
(Shell) Mississippi Canyon (MC) 437-A (Appomattox) OCS-G 33733 Platform. The platform
restored power on 6 May 2019, 0909 hours. The production facility was not producing
oil and gas at the time of the power loss. Shell reported no injuries or pollution
associated with this incident.",,,,,,,,,,,,,,,,"Sequence of Events:
On 6 May 2019, at 0748 hours crew members attempted to swap the generator’s fuel from
diesel to natural gas. During the swap, the facility lost primary generator power.
Next, the Uninterrupted Power Supply (UPS) failed to supply backup power.
The UPS failure caused a shutdown of the fire and gas processor, which prevented the
emergency generator from starting. The power loss also affected the facility’s Gai-
tronics system and alarms. The Offshore Installation Manager (OIM) initiated a safety
stand down. He dispatched crew members throughout the facility to communicate the
power loss to the 175 persons onboard.
Crew members found that UPS-3451 malfunctioned. They bypassed UPS-3451 and restored
power to the Fire and Gas processor, which allowed the emergency generator to start.
The UPS remained bypassed and the facility resumed generator fuel swap operations. At
2147 hours, the fuel swapping operations caused another loss of power. However, with
UPS-3451 in bypass, the emergency generator restored power within 30 seconds.
On 7 May 2019, a Nolan Power Technician found undersized fuses on the UPS’s inverter
capacitor bank and damage to the capacitor bank. The technician removed the capacitor
bank along with the mounting board. The technician replaced the capacitor bank to
restore UPS-3451.
BSEE Investigation:
On 14 May 2019, a team consisting of one Bureau of Safety and Environmental
Enforcement (BSEE) investigator and one United States Coast Guard (USCG) member
performed an investigation. While onboard, investigators assessed the systems related
to the partial loss of power. BSEE and USCG conducted a joint investigation per MOA
OCS-05.
At the time of the loss of power, MC 437-A Appomattox platform had not commenced first
oil production to the facility. The BSEE investigator verified that the Emergency
Shutdown (ESD), all the subsea wells, Surface Controlled Subsurface Safety Valves
(SCSSVs), Shutdown Valves (SDVs), and Boarding Shutdown Valves (BSDVs) would have
functioned as per the approved Deepwater Operation Plan (DWOP).
Conclusion:
Shell’s root cause analysis (RCA), found that a turbine generator trip and failure of
the UPS-3451 caused the partial loss of power. The emergency generator could not start
without power to the fire and gas processor. The UPS system failed due to shorted
capacitors and undersized fuses on the inverter capacitor bank. The BSEE investigation
team accepts these findings. BSEE also found that Shell had proper expertise and
documentation on the platform to respond to the incident."
MC-762-20141021-1805,,,2014-10-21,18:05,,MC,762,,NOBLE BULLY I,,LIFTING DEVICE,,,,,INV-25ba67,,,,SUP-e417a2,District Supervisor,,,,,"­
The casing crew (third party employees) had just completed running the 16"" casing
string into the hole and were preparing to install the 1,250 ton Rotary Mounted Slips
(RMS) into the rotary. This component is utilized for running the casing string into
the wellbore on drill pipe aka landing string. While attempting to install the RMS
the main body pin was pulled from the RMS. This procedure allows the slips the
ability to open and go around the drill pipe in the rotary table. During this time
there were two air hoists attached to the RMS. While picking-up the RMS with the two
air hoists, the RMS began to rotate. At this time the Injured Person (IP) attempted
to stop the RMS from rotating and placed his hand into the hinged section of the
component which subsequently opened causing the hinged side to rapidly close with
significant force and crushing the IP's index, middle and ring finger on his left
hand.
The",,,,,,,,,,,,,,,,
MC-778-20200713-1055,,,2020-07-13,10:55,,MC,778,A(Thunder Horse,,,LIFTING,,,,,INV-7027f2,,,,SUP-bb2929,District Supervisor,,,,,"Record notes that on 3 July 2020 at 0840 hours,
personnel observed a sheen which covered 80% of a 3-yard area and was silver. There
sheFeonr wPasu blic Release
was no foam associated with the produced water sheen. On 4 July 2020, the
again observed at 60% coverage over a 10-yard area and was silver and continuous.
The BSEE NOD Investigator identified several reports from the National Oceanic and
Atmospheric Administration satellite imagery of sheens around Thunder Horse before and
on 13 July 2020. The BSEE investigator found that BP placed the MC 822 TD003 S45
subsea well into production before verifying that the workover fluids were cleaned up.
The mixture of process and workover fluids may have caused abnormal emulsion and
foaming in several vessels such as the Crude Oil Treater and Intermediate Pressure
separator. The emulsion and foaming may have crossed the vessel’s oil weir into the
water dump line.",,,,,,,,,,,,,,,,
MC-942-20151130-0915,,,2015-11-30,09:15,,MC,942,,MAERSK DEVELOPER,,LIFTING DEVICE,,,,,INV-95134f,,,,SUP-a6ae23,District Supervisor,,,,,"On 30-Nov-2015 an incident occurred aboard the Maersk Developer; a semi-submersible
drilling rig which required the Injured Person (I.P.) to be airlifted from the
facility.
This incident took place at approximately 0915-hours while the drill crew were making
up stands of 5” heavy weight drill pipe. During this process a Teflon pipe drift,
(rabbit) is utilized to verify the inside diameter of the pipe. The rabbit is
inserted into the top of the joint of drill pipe while laying horizontally on the
pipe skate. A thread protector is placed on the bottom of the pipe to act as a catch
for the rabbit. In this particular instance, a chain tugger was utilized to raise the
joint of pipe into the vertical position.
After the third joint of drill pipe was hoisted into the vertical position (NOTE:
Three joints of drill pipe create one stand of drill pipe) the I.P. then removed the
thread protector. When the I.P. did not see the rabbit exit the drill pipe, he
signaled the tugger operator to raise the joint of drill pipe approximately two feet.
At this point, the I.P. proceeded to look up into the drill pipe. As the IP is
looking up the pipe, the rabbit came free and struck the I.P. in the face and he
immediately collapsed to the rig floor. All work was stopped and the I.P. was sent to
the medic for evaluation. A medevac was arranged and the I.P. was air lifted from the
facility. The I.P. received numerous lacerations and fractures to the facial area
requiring surgery.
Maersk’s drilling procedure states that if the pipe drift (rabbit) becomes lodged
inside of the pipe, a hammer may be utilized to strike the joint of pipe; provided
the individual using the hammer is wearing a face shield.",,,,,,,,,,,,,,,,
MC-607-20181201-0339,,,2018-12-01,03:39,,MC,607,,PACIFIC SHARAV,,LIFTING,,,,,INV-2d4c82,,,,SUP-ca4bf5,District Supervisor,,,,,"On 1-Dec-2018 at approximately 03:35 hours, the Drillship Pacific Sharav experienced
extreme unexpected changes in wind speed and direction due to strong thunderstorms in
the area (Mississippi Canyon Block 607). This event resulted in a forced excursion of
the vessel’s planned position. At 03:37 hours, the excursion initially reached the
Yellow Watch Circle (as defined by the Well Specific Operating Guidelines) that
immediately raised the Dynamic Positioning (DP) Yellow Alert. With the winds
increasing (91 knots), the excursion continued further. Meanwhile, the Driller on tour
had already begun to execute the Senior Toolpusher’s orders to space out, shut down
the mud pumps and stop rotation. Prior to this event occurring, the operation being
conducted was drilling out the 11.875” liner shoetrack (there was approximately 7-15’
of undrilled shoetrack with cement remaining). At 03:38 hours, the vessel crossed the
Red Watch Circle which immediately raised the Red Alert. The Chief Mate made the
announcement over the Public Announcement System to inform the crew that the vessel was
now in Dynamic Position (DP) Red Alert and advised everyone to stay clear of the moon
pool.
At 03:39 hours, wind speeds were 84 knots and the vessel was 366 feet off the planned
position. In the Drillers Cabin, the Senior Toolpusher confirmed with the Driller that
space-out was completed. Once confirmed, the Toolpusher pushed the button on the
Driller's Control Panel (DCP) to activate the Emergency Disconnect Sequence (EDS-3).
The manually activated EDS-3 actuated the Blowout Preventer (BOP) Casing Shear Rams
(CSR’s) and sheared the drill pipe across the stack. After activating the EDS-3, the
Driller raised the drill string to ensure that the sheared end of the drill string was
above the Blind Shear Rams (BSR’s) prior to closing.
At 03:40 hours, the programmed EDS-3 disconnected the Lower Marine Riser Package
(LMRP) from the BOP with the BSR’s closed and the well secured. At this time, drilling
fluid [14.9 ppg Synthetic Oil-Based Mud (SBM)] was released to the sea floor from the
LMRP and attached riser column. The Operator (Chevron USA Inc.) calculated a total
volume of 2,282 bbls of SBM inside the riser column at the time of the incident. After
re-latching the LMRP to the BOP, the operator recovered 609 bbls of SBM (based on the
operator’s report). Therefore, the incident released a total of 1,673 bbls of SBM into
Gulf of Mexico waters. At approximately 05:00 hours, an operator representative
notified BSEE and the National Response Center (NRC Confirmation #1231769) of the
incident. At 06:18 hours, ROV video surveillance verified the well was secure with no
indication of flow.",,,,,,,,,,,,,,,,
MC-736-20180516-1015,,29. ACCIDENT INVESTIGATION PANEL FORMED: NO,2018-05-16,10:15,,MC,736,A(Thunder Hawk),,,LIFTING,,,,,INV-dbcbb1,,,,SUP-bb2929,District Supervisor,,,,,"On May 16, 2018 at 1015 hours, a pollution event occurred at Noble Energy’s
Mississippi Canyon (MC) 736 A (Thunder Hawk) Platform. The original pollution event
was reported on May 15, 2018, describing the sheen as 1,500 feet [0.25 nautical miles
(nm)] by 25 feet [0.004 nm]; and the quantity was 9.6 ounces of hydrocarbon. On May
16, 2018, Bureau of Safety and Environmental Enforcement (BSEE) inspectors observed a
sheen estimated at 14.77 barrels of oil discharging from the MC 736 A facility’s
overboard water line.",,29. ACCIDENT INVESTIGATION PANEL FORMED: NO,,,,,,,,,,,,,,"Sequence of Events:
From May 13 to May 16, 2018; the Thunder Hawk platform experienced three separate
shut-in and start-up events. The facility operators pumped methanol and hydrate
inhibitor into the flowlines to prevent hydrates from forming in the subsea flowlines
after each shut-in event which caused additional demand on the overboard water
treatment system.
On May 13, 2018, the first shut-in occurred. At approximately 1700 hours, a capacitor
failure in the uninterruptible power supply (UPS) activated the smoke alarm, dropped
power to the UPS system, and prompted a full uncontrolled shut-in of production
including closure of the Surface Control Subsurface Safety Valves (SCSSVs). After the
shut-in, methanol and Low-Dose Hydrate Inhibitor (LDHI) were pumped into the system to
prevent hydrates from forming in the subsea flowlines. While bringing the production
back online on May 14, 2018, control room operators (CRO’s) experienced slugging, or
irregular gas or liquid flow. The CRO’s also noted issues with level control and
safety devices in several process vessels.
On May 15, 2018 at 0800 hours, Deck Operator 1 observed a 25 feet by 1,500 feet sheen
(silvery light colored) emanating from the overboard water discharge on the southeast
corner of the facility. The Offshore Installation Manager (OIM) instructed the deck
operators to initiate a collection of an overboard water sample within two (2) hours
of first observation of the sheen and additional samples within the first twenty-four
(24) hours of sheen observation to submit to a third-party lab, per National Pollutant
Discharge Elimination System (NPDES) permit requirements. Noble Energy personnel
reported the sheen to the National Response Center (NRC # 1212188).
On May 15, 2018 at approximately 1000 hours, CRO’s performed a controlled shut-in
(second shut-in) of production to repair the UPS system. This shut-in did not require
the closure of SCSSVs. Therefore, a lesser volume of methanol and LDHI was pumped into
the subsea flowlines. At approximately 1230 hours, CRO’s brought production back
online. During the ramping up phase, the CRO’s again noted issues with level control
and safety devices in several process vessels. The CRO’s instructed the deck operators
to visually verify the vessels’ levels to determine the readings’ accuracy. While the
deck operators verified the levels in the Free Water Knockout (FWKO), they discovered
oily water in the produced water weir. The deck operators manually adjusted the water
level in the FWKO to prevent oily water from discharging to the float cell. Next, the
CRO’s made adjustments to the levels in the float cell to prevent oily water from
discharging through the produced water outlet. The level was controlled manually in
these vessels throughout the night until the next morning.
On May 16, 2018, the crew observed another sheen on the water. The OIM was made aware
of the sheen and relayed this information to onshore Noble energy personnel. According
to one of the operators, the sheens was residual hydrocarbon from the nights of the
14th and 15th. The operators continued to monitor the sheen into the morning.
BSEE inspectors arrived on the facility at approximately 1040 hours on May 16, 2018 to
find that production was online, and the platform was actively sheening. On May 16,
2018, at approximately 1300 hours, CRO’s performed a controlled shut-in (third shut-
in) of production as ordered by BSEE’s issuance of two (2) Notifications of Incident
of Noncompliance (INCs).
BSEE Investigation:
On May 16, 2018, the BSEE New Orleans District (NOD) Accident Investigator received a
summary email of the previous day’s report to the NRC. This email included NRC report
#1212188. Also, that morning, the NOD received a Marine Pollution Surveillance Report
(MPSR) from National Oceanic and Atmospheric Administration (NOAA). This report
indicated, with high confidence, possible oil observed via satellite at 1835 hours on
May 15, 2018. The report described the sheen measuring 7.7 nm long and 2 nm wide
possible oil. The NOAA analyst indicated that the sheen was connected to MC 736 A
(Thunder Hawk) platform according to the latitude and longitude. Although Noble did
not report this incident to BSEE directly, the NOD Office dispatched a team of
inspectors to conduct an incident follow-up inspection of the facility on May 16,
2018.
The inspectors observed a sheen approximately 5 miles long by 3.5 miles wide
estimating it at 14.77 barrels of oil, confirming the NOAA’s marine pollution
surveillance report of a possible sheen. During the overflight, inspectors spotted and
took photos of two whales swimming in the dark oil parts of the sheen. There were no
records of a sheen reported to the NRC on the morning of May 16, 2018.
The BSEE inspectors landed on location at approximately 1040 hours on May 16, 2018,
and the platform was still online with the sheen observed emanating from the overboard
water line. The operators informed the inspectors the platform had been shut-in since
May 15, 2018 due to a UPS repair and they were in the process of bringing the facility
back online. During the onsite investigation, inspectors confirmed the sheen was
emanating from the Float Cell overboard water line. While on location, the BSEE
investigation team reviewed information regarding the pollution event that occurred on
May 15-16, 2018.
On June 11, 2018, after reviewing the collected documents, the BSEE investigation team
returned to the facility. The team interviewed half of the key witnesses (other half
were on days off) that were directly involved in the troubleshooting of the process
upset. The team later interviewed the other half by phone. The investigation team
gathered additional documents needed to complete the investigation and conducted an
inspection of the process equipment mentioned in the report. Operators stated that
due to the ramp-up sequence, insufficient water inventory could have caused the
produced oil and high volumes of methanol and LDHI to affect the specific gravity of
the fluid inside of the process vessels. This may have caused the level sensors to
have an inaccurate reading of the true fluid level.
The Noble Energy conclusion revealed indications of undeveloped administrative
controls for adjusting standards and procedures. Noble Energy’s report stated: “With
increased communication between offshore operations and onshore production leadership,
the operational and reporting causal factors could be eliminated. The updating of
start-up procedures and quality control checks to ensure proper sequencing of subsea
well ramp-ups to account for large volumes of the chemical would help set a clearer
expectation for operations and maintenance staff, as well as third-party contractors.”
Conclusion:
In conclusion, the investigation team found that the pollution event was most likely
caused by inadequate operational procedures. From the end of 2017 to the time of the
incident, water production increased by approximately 6,000 barrels per day (BPD).
However, the increase in water production did not prompt a review of the produced
water handling system and well start up procedures. A review of operational procedures
and start-up procedures in particular may have identified the need to sequence well
startups from unplanned shutdowns. Prior to the incident, the facility started their
highest oil producing wells first. The high oil producing wells may have filled water
handling vessels with a low volume of an oily water, LDHI, and MEOH mixture. Next,
when the operators brought on wells with a higher water-cut, the incoming water may
not have had adequate separation before high fluid levels caused fluid discharge
through the water outlet. This problem may have been exacerbated by the relatively
high levels of MEOH and LDHI present in the flow stream. These chemicals are water
soluble and change the Specific Gravity of the fluid, which could result in inaccurate
readings on the level sensors. The supposed inaccuracies may have caused the failure
to remotely control the oil and water interface.
The BSEE inspectors issued two shut-in INCs to Noble Energy for this incident: (1) An
E100 for failing to prevent an unauthorized discharge of pollutants into offshore
waters, including the incident reported on the morning of May 15, 2018, and the BSEE
Inspectors observations the following morning; and (2) a G110 for failing to conduct
operations that preserve the environment."
PL-23-20160229-1930,,,2016-02-29,19:30,,PL,23,D,,,LIFTING DEVICE,,,,,INV-1d7728,,,,SUP-707722,District Supervisor,,,,,"On Februrary 29,2016, an incident occurred on the South Pelto (PL) 23-D platform
(OCS-G 1238). The platform is operated by Talos Energy Offshore LLC (Talos).
According to the operator, a production alarm sounded at 1930 hours. Personnel went
to the panel to investigate and found the burner safety low (BSL) indicator for the
Heater Treater (NBK-2900) activated. Upon arrival at the treater, the operator
noticed a small fire in the BSL box of the left-side fire tube. (Note: There are two
fire tubes in this treater.) The operator activated a nearby Emergency Shutdown
Station (ESD), notified other personnel of the fire, and put out the fire with a 30#
BC fire extinguisher. There were no injuries, nor was the platform evacuated. The
platform remained shut in from the time of the incident until repairs were completed
on March 18,2016. Production was resumed on March 19,2016.
Background information from the Talos incident investigation report states as
follows: ""The fire was inside the 24-inch fire tube inside of the heater treater. The
tube was identified as A-106 Grade B schedule 20 material. There were two fire tubes
in this heater treater and both tubes experienced the same type of corrosion. The
treater was processing approximately 380 bopd and 200 bwpd. The gas phase contained
1.33% of CO2 and no H2S. The produced water had a laboratory pH of 2.95 and a
chloride content of 25,028 mg/l. The operating conditions in the treater were 30 psig
and 120°F. The chemical program consisted of a paraffin inhibitor with an emulsion
breaker and water clarifier used as needed. The emulsion breaker being used contained
phosphoric acid. It was being injected upstream of the primary vessels at the
header.""",,,,,,,,,,,,,,,,
MC-809-20220820-1007,,ACCIDENT INVESTIGATION 29. PANEL FORMED: NO,2022-08-20,10:07,,MC,809,A-Ursa TLP,,,LIFTING,,,,,INV-96203f,,,,SUP-bb2929,District Supervisor,,,,,"On 20 August 2022, an incident requiring muster occurred on the Mississippi Canyon
(MC) 809 A – “Ursa”. Ursa is a Tension Leg Platform (TLP) owned and operated by Shell
Offshore Inc. (Shell) operating 62 miles offshore in 3970 feet of water. A worker
entered into a Safe Welding Area (SWA) and noticed a small flame emanating from an
unattended oxygen/acetylene cutting torch. The flame was quickly extinguished using a
nearby portable fire extinguisher, and the area was secured. Out of an abundance of
caution, the control room activated the general alarm causing a full muster and a Fire
Team was dispatched to the scene. No flame, smoke or damage was observed by the Fire
Team at the scene. There were no injuries or pollution as a result of this incident.",,ACCIDENT INVESTIGATION 29. PANEL FORMED: NO,,,,,,,,,,,,,,"SEQUENCE OF EVENTS:
On 20 August 2022 at 1007 hours, a worker entered into the SWA and observed a small
flame emanating from an unattended oxygen/acetylene cutting torch hanging from the
bulkhead. The worker immediately notified the Control Room who then sounded the
General Alarm for full muster and assembly of the Incident Command System (ICS) team.
Simultaneously, the worker grabbed a nearby portable fire extinguisher located inside
the SWA and extinguished the flame, securing the area. The Fire Team was dispatched to
the scene, but did not observe any flame, smoke, or damage. Meanwhile, the remaining
platform workers reported to their assigned muster station. A fire watch was
designated and posted in the SWA to monitor and ensure no reoccurring flames appeared.
All personnel at the muster station were given the “all clear” and returned to their
duties.
BSEE INVESTIGATION:
On 20 August 2022 at approximately 1500 hours, the Bureau of Safety and Environmental
Enforcement (BSEE) received notification on the incident with photos provided.
On 22 September 2022, Shell provided additional documentation and a root cause
analysis to the BSEE New Orleans District office.
According to reports and documentation obtained by a BSEE Accident Investigator (AI),
it was discovered that a construction crew was working in the SWA shortly before 0900
hours. During this time, construction crews were utilizing a cutting torch to cut a
patch plate to size to be installed on a blast wall. Shortly after the cutting
commenced, construction personnel decided to use a plasma cutter in lieu of the
cutting torch. Reports stated that the cutting torch and hoses were then rolled up and
stored on a bracket hung on the wall. Speculations suggest that a spark from the
plasma cutter (while in use) ignited the acetylene side of the cutting torch resulting
in a small flame. The estimated time the flame burned before being discovered by
another worker at 1007 hours was approximately 1 hour. No damage, pollution, or
injuries occurred from this incident.
CONCLUSIONS:
The BSEE New Orleans District office determined that the torch bottle valves were not
closed when finished with use, the torch lines were not depressurized, and the
acetylene valve on the torch itself was not fully closed tight. As a result, sparks
from the plasma cutter came into contact with the torch head, and igniting a small
flame from the acetylene side of the torch.
Shell’s corrective action to prevent future incidents of the same nature include
closing torch bottle valves when NOT in use, depressurizing torch lines after bottle
valves are closed, and checking equipment before work to ensure connections are tight.
In addition, Shell also reiterated that personnel utilizing the SWA should be mindful
of where the sparks are being directed, what is in the area, and how the spark
direction could affect items in the area."
SP-93-20141020-1000,,,2014-10-20,10:00,,SP,93,­ A,,,LIFTING DEVICE,,,,,INV-43fa1c,,,,SUP-248c85,District Supervisor,,,,,"-
On October 20, 2014 at 1000 hours, a fire occurred on an Energy XXI Facility, Lease
OCS-G 1619, South Pass 93-A platform involving an Energy XXI contractor, Island
Operating Company (IOC) Lead Operator (LO). The LO was loading the #4 Arial
Compressors after a shutdown. The LO restarted the compressor using the Standard
Operating Procedures (SOP). After the compressor went through its sequence, it then
cranked up and went down again. The LO reset the panel for a second time and cranked
the unit again. When the unit was loaded in manual mode all was working properly, but
when switching the governor from manual mode to automatic mode, the LO heard a loud
popping sound from the compressor turbine area. The compressor unit then shut down
and a small flash fire about 6"" long was seen by the LO around the turbine area. The
LO called out on the radio a fire at the compressor then proceeded to station #102 to
grab a 30 lb fire extinguisher. The fire was put out in seconds and no injuries were
reported from this accident.
On October 21, 2014, BSEE Investigators arrived on location to investigate the fire
on compressor #4. It was revealed that the compressor turbine had small fragments
that went unnoticed from previous repairs, causing coolant to enter into the right
bank (RB) cylinder from cracked heads causing a cascade affect. Once metal entered
the combustion area, the failure became critical. The cylinder head was destroyed on
(RB-6) and passed metal to (RB-5) which was scarred. The major internal breakdown
included instant damages to the lube oil sealing systems/components that then allowed
lube oil to communicate with the manifold, then a small flame developed causing the
turbine side impeller to be destroyed along with the turbine housing internally. The
vibration switch was changed out after numerous shutdowns before accident occurred.
The vibration switch is a major component to warn of some type of damage to the
compressor package.",,,,,,,,,,,,,,,,
SS-154-20161223-1550,,,2016-12-23,15:50,,SS,154,E-AUX,,,LIFTING DEVICE,,,,,INV-d698a4,,,,SUP-707722,District Supervisor,,,,,"At approximately 1550 hours on December 23, 2016, an incident occurred on a fixed
structure located at Ship Shoal Block 154 (E-Auxilliary platform), OCS 00420. The
operator of record is Ridgelake Energy, Inc. (Ridgelake), who contracts Island
Operating Co. onboard this facility.
During normal production operations, personnel noticed smoke coming from the exhaust
stack on the Heater Treater (NBK-1800). After shutting off the fuel gas to the
burner, the operator noticed a small fire inside the fire tube and left to retrieve a
handheld fire extinguisher. When he returned, the fire was already out. The treater
was drained of all fluids, and the fire tube was removed and sent to a fabrication
and repair yard in Scott, Louisiana. BSEE inspectors were there on December 29, 2016,
to witness the sandblasting and cleaning of the fire tube, as well as to assess the
damage.",,,,,,,,,,,,,,,,
VR-131-20120917-1330,,,2012-09-17,13:30,,VR,131,CF,,,LIFTING DEVICE,,,,,INV-3713b7,,,,SUP-74b951,District Supervisor,,,,,"On September 17, 2012, an incident occurred at VR-131 CF platform which resulted in
damage to the platform crane's boom. On the day of the incident a Job Safety
Analysis (JSA) meeting was conducted to discuss offloading construction materials
from a motor vessel (MV) onto the platform, which involved a third party construction
crew. At ~1300hrs the contract crane operator (CO) was attempting to offload a tool
building from the MV however; he failed to accurately identify the load weight and
use proper hoisting techniques to safely lift loads as per API RP 2D 3.2.1(c) which
stipulates ""The Crane Operator should verify that the hook load is within the crane's
applicable Onboard or Offboard Rated Load at the radius at which the load is to be
lifted"" and as a result this led to the failure of the crane's boom.
On September 18, 2012, the BSEE Lake Charles District began an accident
investigation which included an onsite visitation. During this time it was
discovered that a Crane Pre-Use had not been filled out prior to the days lifting
operations and the parties involved failed to identify the weight of the load. Based
on BSEE's evaluation of the cargo manifest, we discovered the weight of the tool
building was 7,500 pounds and witnesses to the incident stated that the boom angle
during the lift was from ~30 to ~40 degrees. An evaluation of the crane's load chart
indicated that the load rating at these angles were from ~3,610 to ~4,500 pounds.
Witnesses also reported that multiple lift attempts were made however, during these
attempts the crane was unable to hoist the tool building onto the platform, which
resulted in the crane being overloaded by ~3,900 pounds during the first attempt and
~3,000 pounds during the second attempt. These actions by the CO ultimately led to
the boom failure. At no time was Stop Work Authority (SWA) exercised after the
initial unsuccessful attempt to lift the load, which may have prevented the incident.
Based on written and/or verbal statements, the",,,,,,,,,,,,,,,,
VR-214-20130512-1345,,,2013-05-12,13:45,,VR,214,A,,,LIFTING DEVICE,,,,,INV-069224,,,,SUP-5ec8c0,District Supervisor,,,,,"-
On May 12, 2013, Quality Energy Services was on location at VR-214 for Chevron U.S.A.
INC. conducting Permanent Abandonment (PA) work on multiple wells. At approximately
07:00 a Job Safety Analysis (JSA) meeting was conducted for Electric-line (E-line)
and Slick-line (S-line) work. In the JSA under mitigations to minimize/eliminate
hazards the JSA states ""Use crane to move/assemble lubricators if feasible. Lift with
legs/keeping back straight. Keep hands and fingers from between
lubricator/rigging/deck/equipment"". While using the E-line lubricator on the A14 well
some of the PA crew assembled the S-line lubricator in anticipation of rigging it up
on the next well to be serviced. The S-line lubricator was twenty seven feet long and
weighed approximately three hundred and ninety pounds and was placed on stands in the
work area.
When the PA crew was finished using the E-line lubricator on the A14 well it
became apparent that the S-line lubricator needed to be moved approximately two feet
to make room to lay the E-line lubricator down in the work area. At 13:45 a member of
the PA crew attempted to move the S-line lubricator by hand. The sheave on the S-line
lubricator snagged on the work deck and rolled the S-line lubricator up out of the
cradle on the top of the stand. While the PA crew was holding onto the lubricator the
Injured Person (IP) attempted to help place the lubricator back onto the stand. The
PA crew member was unable to support the weight of the S-line lubricator and dropped
it from a height of approximately twelve inches above the work deck onto the IP's
foot. The IP was removed from the work area and transported inland to see a
physician, the diagnosis was a fractured foot.",,,,,,,,,,,,,,,,
398-20120801-0020,,,2012-08-01,00:20,,,398,A,BLAKE 210,,LIFTING DEVICE,,,,,INV-867f68,,,,SUP-4e82ea,District Supervisor,,,,,"On August 1, 2012, preparations were made to test the Blowout Preventers (BOPs)after
rigging up the Blake 210 rig on location at VR 398 Well A002. The tubing hanger that
was installed in the wellhead was found to be severely corroded, preventing testing
the BOPs to the maximum anticipated surface pressure (MASP). The decision was made to
cut the tubing string in order to remove the leaking tubing hanger and test the BOPs
to the MASP. The tubing was cut at 840'on July 25, 2012 with a jet cutter. This cut
was made above the DX plug which was previously installed on December 2, 2010 at
869'.The BOPs were then tested to 250/10000 psi. The 2-7/8"" tubing stub was engaged
with an overshot ran on 3.5"" 12.95 ppf workstring. Several attempts were made to open
the equalizing port on the DX plug using wireline tools. Reports from the facility
indicated, in error, that the equalizing ports had opened and pressure was equalized
above and below the plug. Pumping on the tubing string showed a drop in tubing
pressure for all three attempts to pump down the tubing. Pump pressure was 3000 psi
initially and bled off to 2000 psi during the first attempt and then dropped from
3000 psi to 1000 psi on the second and third attempt. Bailers were then run and
recovered approximately 4 ounces of metal from the top of the DX plug. Wireline was
once again run and the plug was latched, jarred, and approximately 750 lbs. of pull
was put on the plug resulting in the plug not coming free from the profile and
wireline tools becoming stuck. The operator was unable to release the overshot and
cut the tubing above the wireline fish and pulled workstring and 9.63' of 2-7/8""
tubing, leaving the top of fish at approximately 855'. An external cutter was then
run on 3.5"" workstring to cut the tubing below the DX plug.After approx. 4 minutes of
cutting, the tubing parted and the well began to flow resulting in the workstring
being ejected from the well. The annular and pipe rams were closed in order to
bringthe well under control. Approximately 809'of workstring had been ejected before
the blind shear rams were closed and the workstring sheared. Visual confirmation
during lockdown of the blind shear rams verified closure and shearing of work string.
Approximately 77' of workstring and BHA (Bottom Hole Assembly) remained in the well.
Upon examination of the plug after removal from the wellbore, it was determined that
the wireline equalizing prong did not completely shift the collet to fully open the
equalizing ports. Three attempts were made to pump down the tubing, with all three
attempts resulting in a pressure drop and no positive confirmation as to where the
pressure was bleeding off. It was later determined that the overshot packoff was
leaking, resulting in the loss of pressure into the casing annulus. The pressure drop
was assumed to be going down the tubing and into the formation; thus, giving a false
indication that the pressure was equalized. The decision was then made to make an
external cut on the tubing below the DX plug, resulting in the tubing parting, the
trapped pressure below the plug being released into the casing annulus, and the
workstring being ejected from the well. Inspection of the DX plug showed that
wireline debris from the jet cutter as well as sand from the well was lodged in the
DX plug from the top of the fishing neck down to the lower portion of the plug body
and the equalizing-sub assembly. The presence of the debris and sand prevented the
equalizing ports from being completely opened, as well as prevented fluids from being
pumped down below the plug to kill the well. This debris prevented the equalizing
prong from seating completely into the equalizing sub in the lower portion of the
plug; thus, not allowing the equalizing collet to shift completely open.",,,,,,,,,,,,,,,,
VR-261-20151216-1845,,,2015-12-16,18:45,,VR,261,A-AUX,,,LIFTING DEVICE,,,,,INV-8cd3e3,,,,SUP-9c5c4a,District Supervisor,,,,,"On December 16, 2015, a crane incident occurred at approximately 6:45pm on Fieldwood
Energy’s Vermillion 261-A-Aux facility. The Crane Operator and two Production
Operators were positioning the boom to make a lift on the top deck near the crane
pedestal. During positioning, all parties heard a loud noise and the Crane Operator
stopped the job. Upon inspection, they noticed both the crane’s boom stops and boom
cords were bent/damaged. At this time, the Crane Operator returned the boom back into
the boom rest and placed the crane out of service.
On December 29, 2015, Fieldwood Energy reported the event to the BSEE Lake Charles
District and a BSEE Inspection Team assembled onsite to conduct an investigation into
the incident. The Inspection Team’s review of the crane confirmed damage to the boom
chords, boom stops, and revealed the extension shaft for the boom hoist limit device
was loose and bent. Furthermore, the Team identified that the boom angle indicator
was covered with paint overspray and grime making it difficult to read from the Crane
Operator’s station.
Although a job safety analysis and a pre-use inspection were performed prior to the
lifting activities, they failed to identify any deficiencies with the crane nor did
they note the potential hazard associated with the close proximity of the load to the
crane’s minimum boom radius and low lighting conditions. These oversights prevented
all parties involved in the lifting activities from taking the proper precautionary
measures to correct the deficiencies and mitigate any associated hazards. Neither the
Signal Person nor the Crane Operator noticed the boom was nearing the boom stops. The
boom reached the upper boom hoist limit device but it failed to function; most likely
because the extension shaft was loose and bent thus allowing the boom to exceed its
maximum angle height and come into contact with the boom stops. As a result, damage
to the crane occurred. Specifically, bent chords on the lower section of the boom and
bent boom stops.",,,,,,,,,,,,,,,,
205-20120905-2030,,,2012-09-05,20:30,,,205,,SPARTAN 208,,LIFTING DEVICE Air Tugger Cable,,,,,INV-66e08d,,,,SUP-1f9755,District Supervisor,,,,,"On September 5, 2012, the Spartan 208 was on location at WC 205 for Mariner Energy
operated by Apache Corporation conducting Permanent Abandonment (PA) work on the A2
well. At 20:00 hours, a Job Safety Analysis (JSA) and a Working from Heights
Checklist was completed to change the Sala block in the derrick. However, the JSA did
not mention the hazards of pinch points and moving parts in the work area of the Sala
block. The injured party (IP) was hoisted to the location of the Sala block by the
Driller using the man rider hoist. The riding belt that the IP was wearing restricted
his access to the Sala block. The IP used his secondary lanyard from his safety
harness to tie off to the derrick then dismounted from the riding belt to stand on
the derrick for access to the Sala block. The Driller then proceeded to the drill
floor hoist #2. This location restricted his line of sight with the IP and radio
communications were established to complete the job. The IP attached rigging
equipment on the Sala block for an anchoring point to attach the #2 hoist for
lowering the Sala block. The IP radioed the driller to raise the #2 hoist hook to his
location. The IP placed his hand on the moving cable from #2 hoist in an attempt to
guide the cable up the derrick. The cable started moving faster than the IP
anticipated, pulling his hand in the snatch block and crushing his index, middle, and
ring fingers on his right hand. The IP removed his hand from the snatch block and
radioed to the Driller that he needed medical attention. The IP attached his harness
to the riding belt and was lowered to the drill floor and evacuated for medical
treatment.",,,,,,,,,,,,,,,,
WD-152-20190117-0930,,,2019-01-17,09:30,,WD,152,A,,,LIFTING,,,,,INV-997c5f,,,,,,,,,,"On January 17, 2019, at 0930 hours, a fire occurred in the vicinity of the glycol
dehydration unit on the Renaissance Offshore, LLC (Renaissance) facility West Delta
(WD) 152-A, Lease OCS-G 01604. Renaissance reported no pollution and no injuries
associated with this incident.
On the day of the incident, the Operators conducted a Job Safety Analysis (JSA) for a
field startup to return to producing after an extended shutin. The Operators and a
Mechanic on the platform began the process to bring the platform back online.
During the platform startup process, the Field Foreman visually inspected the glycol
unit. Next, the Field Foreman started the glycol unit around 0800 hours. The Field
Foreman ignited the glycol reboiler and initially set the temperature to 200 degrees
Fahrenheit (F). Then, he began to increase the temperature to 250 degrees F. While in
the process of increasing the temperature, the # 1 compressor shut down due to high
pressure. The Field Foreman left the glycol unit unattended while the temperature was
increasing from 200 degrees F to 250 degrees F. Then, the Field Foreman and the
Operators began refilling the diesel fuel tank on a temporary diesel generator while
the platform was in the final stages of startup.
While the Operators filled the temporary diesel generator on the top deck, the Mechanic
prepared to perform an inspection and repair of an intake valve on the #3 compressor.
At approximately 0930 hours, the Mechanic witnessed a large flame emanating from the
north side of the platform. He alerted the Operators of a fire and pulled the Emergency
Shutdown (ESD).
The Person In Charge (PIC) activated the fire alarm and manned the #4 fire reel on the
west side of the upper deck. The Operator manned the # 9 fire reel on the east side of
the lower deck. The Field Forman manned the # 8 fire reel located on the east side of
the lower deck.
The Mechanic and the Night Operator donned their life jackets and went to the primary
muster area located on the south side of the lower deck. The Mechanic started the life
capsule engine, preparing to launch. The A-operator alerted the personnel on the WD
133-F platform to shut in due to the fire on the WD 152-A platform.
After personnel extinguished the fire, they assessed the damage and reported the fire
to the Renaissance Production Superintendent.
Renaissance isolated the glycol system from the production system. Next, Renaissance
shipped damaged components onshore to perform a fit for service inspection and Non-
Destructive Examination (NDE) on the components. Renaissance also tasked third-party
contractors to remove and replace asbestos panels on the north side of the compressor
building damaged in the fire.
The Bureau of Safety and Environmental Enforcement (BSEE), New Orleans District,
Accident Investigator (AI) contacted the Renaissance Production Superintendent after
receiving notification of a flash fire on the WD 152-A platform. BSEE requested
pictures of the Glycol Reboiler Unit fire to determine the level of investigation
needed. After receiving the pictures, BSEE determined that the incident was more
serious than a “flash fire” as originally reported. The AI and Supervisor Inspector
(SI) issued a preservation order.
On January 22, 2019, the AI and a BSEE Office of Safety Management (OSM) Engineer
began the initial onsite investigation. Upon arrival, BSEE personnel took aerial
photographs showing evidence that the fire reached above the compressor building,
located on the upper deck around the glycol reboiler unit. After landing, the
investigation team collected documents, took photographs, and interviewed several
personnel. The BSEE team conducted a hazard assessment in the vicinity of the glycol
unit. Next, the Field Foreman verbally provided the",,,,,,,,,,,,,,,,"sequence of events. BSEE then gave
permission for Renaissance to clean up the affected area to avoid marine debris and
pollution.
On January 23, 2019, due to weather, the AI and a Production Inspector conducted phone
interviews of the personnel involved in the fire.
On January 24, 2019, the AI returned to the platform to conduct further interviews and
take additional videos and photographs to document the condition of the glycol
reboiler unit.
Investigators observed several temperature safety elements (TSE) associated with the
glycol unit burned out by the fire. The AI observed the Glycol Reboiler’s fire-damaged
aluminum shell, broken sight glass, melted pressure gauges, burned heat exchanger
insulation, heat-damaged electric motor/belt, and fire-damaged electrical wiring. The
AI also observed several components covered with black soot, the glycol containment
skid half filled with burnt glycol, and fire damaged asbestos panels around the
compressor building with large sections missing. The AI observed fluid residue 20-30
feet above the glycol unit indicative of a pressure release.
BSEE agrees with Renaissance’s determination that no continual fuel sources
contributed to the fire, and the fire was exclusively external to the reboiler because
there was no damage to internal components.
BSEE determined the fuel source was a release of glycol and hydrocarbon condensate out
of the reboiler’s still column onto the stack. The stack is a probable ignition source
due to high operating temperatures. The TSE on the stack melts at 1170 degrees F which
implies that the operating temperature may reach temperatures greater than 660 degrees
F. The ignition temperature of Triethylene Glycol (TEG) is 660 degrees F. Therefore,
it is likely that the glycol ignited upon contact with the stack.
Rapid temperature rise during boiler start up likely caused an overpressure and
subsequent release of glycol and liquid contaminates out of the stack. The Operator
increased the temperature from 200 to 250 degrees F without circulating glycol and
allowing enough time to boil off water. According to Gly-Tech’s TEG Systems Manual (an
industry recognized training manual), “heat the reboiler to no more than 220 degrees F
before start up circulation.” The TEG Systems Manual also states, “While circulating,
the temperature should be increased slowly to avoid flooding the still column with
excess water vapor that could result in eruption of glycol from the still.”
The high water content of 21% exacerbated the overpressure. The typical water content
of the reboiler is 5-10%. Water and other contaminates changed phase so rapidly that
the pressure build up within the vessel opened the Pressure Safety Valve (PSV) and
forced TEG out of the still.
The Renaissance Glycol start up procedure did not provide specifics on the rate of
temperature increase when starting the reboiler after an extended shut in. The Glycol
start up procedure also directed to not circulate glycol until the temperature reached
350-375 degrees F. Renaissance identified deficiencies in training and supervision.
Renaissance failed to provide training which would have allowed Operators to understand
characteristics of phase vaporization and handling contaminated or saturated glycol.
In addition, Glycol operations experts from the company Gly-tech recommend that
operators continuously attend Glycol start-ups. However, Renaissance Operators left the
glycol skid unattended during start-up. BSEE recognizes the failure to attend the start
up as a contributing cause of the incident.
BSEE determined that the most likely cause of the fire is the glycol stack igniting TEG
and other contaminants exiting the glycol still. The rapid temperature build up in the
boiler during startup caused overpressure, forcing TEG of out the still. Renaissance
failed to provide specific glycol startup procedures specifying circulation time before
raising the temperature above 220 degrees F. Renaissance also failed to provide proper
glycol training."
UNKEYED-36d99d167a36,,,2021-09-25,10:30,,,,D,,,LIFTING,,,,,INV-d964c5,,,,,,,,,,"On 25 September 2021, an injury occurred on West Delta (WD) 73 D, a production
platform owned and operated by Cox Operating, LLC (Cox). The injured person (IP) was
assisting the construction crew in moving a sheet of tin metal. The IP tripped while
moving the metal causing the IP to fall. In an attempt to stop the fall, the IP
grabbed the edge of the sheet tin metal. The sharp edge of the tin metal cut through
the IP’s work glove and caused a laceration to the left thumb. As a result of the
injury, the IP was flown in and taken to an onshore medical facility where treatment
beyond first aid was given.",,,,,,,,,,,,,,,,"SEQUENCE OF EVENTS:
On 25 September 2021 at approximately 1030 hours, a contract operator for Crosby
Energy Services (Crosby) was assisting a construction crew in moving a sheet of tin
metal when the injured person (IP) tripped on a section of grating. As the IP was
falling, the IP reached out and grabbed hold of the sharp edge of the sheet tin metal
in an attempt to stop the fall. The sharp edge cut through the IP’s work glove and
caused a laceration to the left thumb. The IP was given a towel where pressure was
applied to the wound until the bleeding subsided. Due to the severity of the injury,
the IP was flown in and met by a representative from Crosby and taken to a hospital in
Houma, LA where the IP received treatment beyond first aid.
On 27 September 2021, the IP underwent surgery to repair damage that occurred to the
IP’s left thumb. It is unknown at this time when the IP will be able to return to work
for full duty.
BSEE INVESTIGATION:
On 27 September 2021, the Bureau of Safety and Environmental Enforcement (BSEE)
Accident Investigator (AI) received an email summary of the incident that occurred at
WD 73 D.
On 28 September 2021, the AI obtained documents, information, and photographs from
Cox.
The AI found that the IP was not wearing cut resistant gloves adequate for the task.
CONCLUSIONS:
An uneven deck grating caused the IP to trip. Also, the IP was wearing gloves that
were not a cut resistant work glove and did not provide adequate protection from the
sharp edge of sheet tin metal."
