Incident Number,incident Title,Incident Classificatioin,Date of Incident,Time of Incident,Date of Report,Site,Area,Unit,Detail,Work Group,Description,Incident Type A,Incident Type B,Incident Type C,Incident Type D,Investigation leader - Name,Investigation leader - Position,Incident Classified by - Name,Incident Classified by - Position,Investigation Acceptor/Approver (Owner) - Name,Investigation Acceptor/Approver (Owner)- Position,Approval Date,Close out Approval - Name,Close out Approval - Position,Close out Date,What happened?  ,What was the outcome?,Incident Classification,What was the worst outcome that could reasonably be expected to have happened?,Health & Safety Incident - Classification,Health & Safety - Risk Score,Health & Safety  - Consequence,Health & Safety - Likelihood,Environment & Reputation - Incident Classification,Environment & Reputation - Risk Score,Environment & Reputation  - Consequence,Environment & Reputation - Likelihood,Financial Cost & Business - Incident Classification,Financial Cost & Business Interruption - Risk Score,Financial Cost & Business Interruption  - Consequence,Financial Cost & Business Interruption - Likelihood,How did the incident occur
CP-BF2EE5947A,,Incident,2021-01-10,07:30,2021-01-12,GI,76,A,,Production Operations,LIFTING,Loss Event,Environment & Reputation,Loss of Containment,,SYN-e06098,Production Foreman,SYN-58ad3a,Facility Engineer,SYN-a769cb,Maintenance Supervisor,2021-01-18,SYN-41eaca,Production Foreman,2021-02-18,"On 10 January 2021, at 0730 hours, a pipeline pollution event occurred at the Fieldwood
Energy LLC Grand Isle (GI) 76-A, OCS-G 02161 platform. A 3/8” hole developed in the
departing pipeline which discharged an estimated 8.35 barrels of hydrocarbons into the
Gulf of Mexico (GOM). The pipeline subsequently shut-in due to a pressure sensor
measuring pressure below the set point.",Reported as a pollution release.,Incident,,Incident,6,C,2,,,C,,,,,,"SEQUENCE OF EVENTS:
On 10 January 2021, during normal operations, the operators at the GI 76-A platform
experienced a Pressure Safety Low (PSL) trip on the departing 12” pipeline, KAH-101
segment #8217. The pipeline pressure sensor detected the leak, shutting in the
platform. The operators then observed a sheen on the surface of the water. When the
operators observed the sheen, they suspected it could be from the pipeline with the
PSL that tripped.
While investigating the cause of the PSL activation, operators bled down the pipeline
to stop additional pollution. The operators then contacted the Field Foreman located
on Fieldwood Energy’s main structure, GI 47-AQ. The Field Foreman conducted a fly-over
in order to estimate the size of the sheen. The Field Foreman reported the pollution
event to the National Response Center (NRC #1222650) as well as the BSEE New Orleans
District after hours engineer. The sheen measured 6.5 miles long and 1.5 miles wide,
totaling 352.27 gallons (8.35 bbls). The Field Foreman called for a dive boat
contracted to Fieldwood. Upon arrival, the diver identified the leak near a weld
located approximately a quarter-mile from the platform. Fieldwood began monitoring the
sheen hourly from the time of its discovery at 10:50 am on 10 January 2021 until the
sheen had completely dissipated at 3:00 pm on 11 January 2021.
After the diver identified the leak, Fieldwood submitted a pipeline repair plan to the
BSEE Pipeline Section to install a 12” Plidco split-sleeve clamp. BSEE gave approval
for the repair on 13 January 2021. The clamp was installed and leak tested at the
normal operating pressure of 1060 psi for 2 hours while being observed by the diver.
After a successful test, the pipeline was bled down to ambient pressure and buried 3’
below the mudline.
BSEE INVESTIGATION:
On 12 January 2021, BSEE New Orleans District Production Inspectors arrived on
location, gathered information, issued an E100 and G111 Incident of Noncompliance, and
conducted interviews.
The interviews revealed the operators followed Fieldwood Energy’s oil spill procedure.
During the Fieldwood overflight, the latitude and longitude of the leak were matched
to a 12” Right of Way (ROW) pipeline, segment #8217 belonging to Fieldwood Energy.
The investigation revealed this pipeline was originally used for gas sales and
condensate. Fieldwood Energy converted the pipeline to a bulk oil pipeline without
BSEE’s approval, failing to comply with 30 Code of Federal Regulations (CFR) 250.1000
(3) Modification or relinquishment of a pipeline right-of way. This information was
confirmed during a follow up inspection of the platform by BSEE investigators on 16
January 2019.
Investigators also discovered the pipeline pumps’ (PAX-231/232) Maximum Discharge
Pressure (MDP) of 1800 psi was greater than the pipeline’s MAOP of 1203 psi.
Therefore, the pipeline is required by API RP 14C to be protected by a primary and
secondary means of overpressure protection, a Pressure Safety High (PSH) and Pressure
Safety Valve (PSV) respectively.
The pipeline’s primary means of overpressure protection was the PSH set at 1200 psi.
Although this set point is below the MAOP of the pipeline, it is too close to MAOP to
allow for set pressure tolerance. 30 CFR 250.865 states that the PSH must be set
sufficiently below the maximum allowable working pressure of the discharge piping. API
RP 14C Section D.3.2 states the set pressure tolerance for set pressures greater than
5 psi is plus or minus 5 percent; however, the trip pressure should not exceed the
pressure rating of the equipment protected. In summary, the pipeline pumps may have
overpressured the pipeline without activating the PSH due to the MAOP of the pipeline
being within 5 percent of the set point. The improper PSH set point has been
identified as a possible contributing cause to the incident because an overpressure
event may have gone undetected and caused a hole in the pipeline.
The pipelines secondary means of protection was the PSV on the PAX pumps as referenced
on Fieldwood’s Safety Analysis Function Evaluation (SAFE) Chart. However, the pumps’
PSV was set at 1323 psi which does not sufficiently protect the pipeline’s MAOP at
1203 psi. Therefore, the pipelines did not have proper secondary overpressure
protection. The improper PSV set point on the pipeline pumps has also been identified
as a possible contributing cause.
CONCLUSION:
The investigation concluded that Fieldwood properly followed oil spill reporting
procedures. However, Fieldwood failed to set the PSH on the pipeline properly, failed
to set the PSV on the pipeline pumps properly, and lastly failed to obtain approval
from BSEE Pipeline Section before converting the pipeline from gas sales to bulk oil."
CP-D5270111A8,,,2021-01-29,06:45,2021-01-31,MP,296,C,,Production Operations,LIFTING,Loss Event,Health & Safety,,,SYN-3bc182,Production Foreman,SYN-c123af,Production Foreman,SYN-86cbdb,HSE Advisor,2021-02-06,SYN-d4017a,Facility Engineer,2021-03-06,"On January 29, 2021, an injury occurred at Main Pass (MP) 296 C, Lease OCS-G 01673,
operated by GOM Shelf LLC, during a vessel cleaning operation. An Acadian Contractors
Construction crew was removing studs on the manway for a Surge Tank when a wrench
struck the contractor in the mouth. GOM Shelf medically evacuated the Injured Person
(IP) to shore, where he received stitches and treatment for a cracked tooth. On
January 30, 2021, the physician released the IP to return to regular full duty.",The incident resulted in an injury recorded as Other Injury. The facility was evacuated.,,,,,,,,,,,,,,,"SEQUENCE OF EVENTS:
At 6:00 am on January 29, 2021, platform personnel held a pre-job safety meeting and a
JSA prior to beginning the task of preparing vessels for internal steam cleaning and
pressure washing. Personnel began removing the 20 studs on the manway opening for the
ABJ-1400 Oil Run Surge Tank. The task required two (2) personnel. At 6:45 am, the crew
was on the second to last stud when the (secondary) backup wrench came off and struck
the rigger in the mouth, busting his lip and cracking his tooth.
GOM Shelf immediately evacuated the IP to Gulf Regional Medical Center in Abbeville,
Louisiana where the medical staff administered medical treatment (4 stitches to lower
lip) and a tooth replacement procedure. The physician released the IP to return to
full duty on January 30, 2021. However, he did not return to MP 296 C, but was
reassigned to Acadian’s on-land shop.
There was a safety stand down to discuss the incident with all personnel. The Bureau
of Safety and Environmental Enforcement (BSEE) received notification of the incident,
and GOM Shelf later submitted the incident into eWell. The scheduled vessel cleaning
operation restarted and was completed without further incident. An operator
representative ordered a newly designed tool for securing the nut and stud; however,
the tool did not arrive until after the task was completed.
BSEE INVESTIGATION:
On February 5, 2021, the BSEE Investigator arrived on location. The BSEE Investigator
requested and reviewed all JSA’s, P&ID’s, LOTO’s, and permits for confined space entry
and hot work. BSEE interviewed the relief Ultimate Work Authority (UWA) person and the
job foreman. Investigators took photos of the incident location (Oil Run Surge Tank)
as well as the other vessels listed as cleaned. Prior to going on location, the
Investigator contacted the GOM Shelf Safety Coordinator and requested and received all
incident reports and available documents concerning the injury.
The investigation found that the overall work scope included the removal and
replacement of five (5) manway covers and several bolted access covers. The
construction team removed and replaced over 150 studs and nuts using the traditional
hand-held hammers and hammer wrenches. However, several studs were accessible with the
use of a pneumatic impact wrench.
GOM Shelf identified an alternative tool, a Hammer Tight Slugging Wrench Retainer,
which allows personnel to tighten and loosen studs using a hammer wrench with no
second person involved. GOM Shelf ordered and received the new tool after the tasks
were completed, and will be using it on a trial basis.
Conclusion:
During the BSEE investigation, it was determined that the contractor did not have the
(secondary) backup hammer wrench adequately secured or held in positon as not to allow
it to slip or bounce off once impacted with the hammer. The crew did not use Best
Available Safety Technology (BAST).
BSEE Recommendations:
No recommendations."
CP-9E1D15576D,,,2021-02-14,14:45,2021-02-15,,,A(MAD DOG SPAR),,Construction,LIFTING DEVICE,,,,,SYN-0f9aca,Maintenance Supervisor,SYN-12c89a,Production Foreman,SYN-381495,Operations Superintendent,2021-03-03,SYN-741bca,Facility Engineer,2021-03-07,"On 14 February 2021, BP Exploration and Production Inc's Mad Dog spar had a pollution
event resulting in approximately 50 barrels going into the water of the moon pool
center well. While pulling a sample off of the disposal (sump) caisson, a production
operator observed a strong hydrocarbon odor in the area. He entered the well bay,
looked into the center well and observed crude oil on the surface of the center well.
Appropriate regulatory agencies were notified and all hot work was ceased. BP removed
all oil from the center well caisson and began regular monitoring of the center well.
Temperature Safety Elements (TSE) were lowered just above the fluid level, and
personnel trained in the use of the foam system protecting the center well also began
monitoring the area regularly. The Mad Dog personnel also conducted a full platform
drill with the scenario of a fire in the center well.
BP's investigation determined that a faulty check valve allowed oil to enter the
caisson. This valve was repaired and double isolated with manual block valves that
are locked closed. The check valve remains isolated until the piping is re-designed
and re-routed to prevent another occurrence.",,,,,,,,,,,,,,,,
CP-FD6D0CBC38,,Serious Incident,2021-02-17,09:26,2021-02-19,EI,259,C,,Drilling,LIFTING DEVICE,Loss Event,,,,,,SYN-972da8,Marine Coordinator,,,,,,,"On the morning of February 17, 2021 at approximately 0926 hours, the crane operator at
Nexen Eugene Island 259 C platform was attempting to lift a gang box from the M/V
Grant (field boat). The load was to be placed on the top deck of the production
platform. During the lifting process, while the load was suspended over the water,
the crane operator heard a loud pop and then felt the boom jerk. He immediately
noticed the boom and load falling to the water, but missed the field boat located
adjacent to the platform. The crane heel boom section remained attached to the crane
pedestal while hanging over the side of the production platform, with the boom tip
submerged in the water. Three (3) third party contractors on the platform were
standing on top of the compressor building taking measurements to fabricate
handrailing, when they were struck by small fragments from the boom cable when it
parted. Their injuries were limited to small pieces of wire being embedded in their
skin, covering shoulder and neck areas on their upper body.",Reported as a crane incident.,Serious Incident,,Serious Incident,20,D,5,,,,,,,,,
CP-4B15C3DC3B,,,2021-03-23,22:15,2021-03-27,AC,857,,T.O. DEEPWATER THALASSA,Maintenance,LIFTING,Loss Event,Health & Safety,Injury Minor,,SYN-cda7ee,Marine Coordinator,SYN-93dfd2,Operations Superintendent,SYN-3e658f,Marine Coordinator,2021-03-31,SYN-03e2b2,Production Foreman,2021-04-26,"On 29-MAR-2021, approximately 1630 hours, a Subsea Engineer onboard the Transocean
Drillship Thalassa, was utilizing a tagline to help guide a load down to the deck in
the Subsea POD shop. While pulling on the tagline, the Injured Person(IP) heard a
pop and felt pain in the right knee.
A verbal risk assessment prompt card was done by personnel involved in the job task
prior to the crane lowering the load.
The Subsea Engineer pulled to hard on the tagline while attempting to guide the load
which caused him to injure himself.",The incident resulted in restricted work or job transfer for more than 3 days. The facility was evacuated.,,,,,,,,,,,,,,,
CP-783EC00CCA,,Very Serious Incident,2021-03-30,02:20,2021-04-01,GC,282,,NOBLE DON TAYLOR,Production Operations,LIFTING hydraulic running tool,Loss Event,Business Interruption & Cost,Equipment Damage,,,,SYN-72d48d,Maintenance Supervisor,,,,,,,"On March 30, 2021, an incident occurred on board the drillship, Noble Don Taylor
while under contract for Talos Energy Resource Technology (ERT) LLC. The Noble Don
Taylor was located at Green Canyon Block 282 OCS - G -16727 at the time of the
incident. A single 35,000 pound slick riser joint fell across the rig floor after it
was hoisted into the air using a hydraulic riser running tool which was suspended from
the top drive. There were no injuries reported, but an employee in the area was
nearly struck by the dropped riser joint.
The morning of Wednesday March 30, 2021, at approximately 0220 hours, the “A” drill
crew was in the process of picking up and running riser joints to latch the 18.75 inch
subsea Blow out Preventers (BOP’s) to the SS003 well. Prior to commencing work, the
“A” drill crew which consisted of 2 Drillers, 2 Assistant Drillers, 7 Floorhands and 1
Subsea Engineer held a pre job safety meeting. A Work Instruction Manual (WIM) report
was generated with all the necessary personnel, permits, tools, equipment and Job
Safety Analysis (JSA’s). All documents were reviewed and signed by the crew. Work
commenced using the hydraulic Riser Running Tool (RRT), and the first slick riser
joint was latched onto with the primary hydraulic lock and secondary manual lock
engaged, verified by a designated drill crew member. The designated crew member, a
Floorhand, communicated to the Driller via a thumbs up that both locks were engaged
and ready to be lifted. The 75 foot long slick riser joint was placed vertically in
the spider gimbal and connected to the riser system. The drill crew retrieved the
second slick riser joint from the riser cart with the RRT following the same
procedure, but a different crew member, a Subsea Engineer, engaged the manual lock on
the RRT and confirmed to the Driller via a thumbs up that both locks were engaged.
After receiving the thumbs up confirmation, the Driller hoisted the second 75 foot
long slick riser joint into the air approximately 74 feet before the RRT came free and
the riser joint fell across the drill floor, striking the gimbal and crushing the
drops shed. There was a crew member located near the drops shed, but he saw the RRT
slip out of the riser and he ran in a safe direction.
The Bureau of Safety and Environmental Enforcement (BSEE) investigation team conducted
the initial onsite investigation on March 30, 2021. The team took photographs,
interviewed personnel and collected statements. The investigation team learned the
Floorhand that had made the first function was the designated person to close the
manual lock of the RRT. When the RRT was stabbed into the second riser joint, he was
placing a water hose in the choke and kill lines. While doing this, he saw the Subsea
Engineer manipulating the secondary manual lock on the RRT. He asked another crew
member if the Subsea Engineer locked the RRT, and he replied yes and gave him a thumbs
up. The Floorhand then moved near the auxiliary side drops shed while the riser joint
was being moved. The Subsea Engineer stated that he was on the rig floor checking the
seals in the riser, and he asked another Floorhand if he was going to lock the RRT,
and he responded with, “You got it.” The Subsea Engineer then positioned himself to
function the manual lock on the RRT, slid the secondary lock, and made sure the pin
was seated to keep it from sliding. He gave the thumbs up to the Driller and he
proceeded to pick up the riser joint. Once the joint was near vertical, the RRT
slipped out of the riser joint and fell to the rig floor. The Floorhand that had
positioned himself near the auxiliary drops shed saw the RRT slip out of the riser
joint, and ran in the opposite direction. Moments after he cleared the area, the
riser joint impacted the drops shed and crushed it beyond repair. The Rig Manager
instructed the rig to not lower the RRT until he was on the rig floor, and he stated
that when the RRT was lowered, he observed the manual lock was not engaged.
The primary lock on the RRT is hydraulically operated from the Drillers chair. The
tool is seated in the joint of riser, and the Driller pushes a button to engage the
lock. Locking dogs extend into the grooves inside the joint of riser, and if seated
properly indicator pins will drop and allow the secondary manual lock to be
functioned. To function the manual lock, the operator must pull a “T-Handle” up and
rotate the manual lock ring 10 degrees. The “T-Handle is then released and it engages
into a hole on the tool. By rotating the “T-Handle,” the pins are isolated via a
metal plate and this prevents the primary lock from being allowed to open. If the RRT
is not properly seated in the riser, the primary lock can still be engaged even though
the dogs are not engaged in the grooves of the riser. If the dogs are not engaged in
the grooves of the riser, the RRT will not have an effective hold on the riser, and
the secondary manual lock cannot be engaged. The inability to function the secondary
manual lock would be a sign that the RRT is not properly seated in the riser and not
safe to lift. In the RRT’s manual under the “Manual Lock-Out” section, it states:
“Ensure the running tool is locked properly to the riser joint before picking up.
Failure to heed this warning may cause serious injury or death to personnel.”
Based on the design of the RRT and the interviews of personnel, the investigation team
identified the primary cause of this incident to be that the RRT was not properly
seated in the riser and the secondary manual lock was not engaged. The Subsea
Engineer stated that he engaged the manual lock, but when the RRT was lowered to the
rig floor, it was found in the open position. The secondary manual lock could not
have opened on its own, indicating that it was never actually locked. And if it was
never actually locked, the primary lock was probably not properly engaged. If the
primary locking dogs were not extended within the riser’s internal grooves, the RRT
could not support the weight of the riser.
Since the incident, Noble has revised the WIM for running riser and BOP’s so that
there will be a designated person to engage the secondary manual lock on the RRT and
added a secondary verifier. The JSA has also been revised to include that the second
verifier and the indicator rods on the RRT are painted red and green for greater
visibility for secondary latch verification. Also, revisions have been submitted to
management for review on Noble’s personnel zone management procedures for the drill
floor area.","There were no injuries reported, but an employee in the area was nearly struck by the dropped riser joint.",Very Serious Incident,,Very Serious Incident,25,E,5,,,,,,,C,,
CP-3B79FD9E11,,Serious Incident,2021-04-17,10:00,2021-04-19,EW,910,A,,Maintenance,LIFTING DEVICEAir Tugger,Loss Event,,,,SYN-7be90f,Facility Engineer,SYN-a0b3ee,Operations Superintendent,SYN-81ae96,Maintenance Supervisor,2021-04-22,SYN-b12842,Maintenance Supervisor,2021-06-15,"The crew was attempting to remove a storm damaged MCC building from the platform to a
crew boat using four 10K Tuggers and two 4K tuggers. There was no structural support
on top of the building to install cable guides and the lifting eyes were on the
bottom of the building. The 4 ¿ 10 K tuggers were rigged to each corner and the 2 ¿ 4
K tuggers were for backup and to control the movement. Snatch blocks were rigged
overhead and over the water to lower the building in a straight descent to the boat.
The plan was to skid the building off the side of the platform and lower to the boat.
The building was being skidded off the platform. As the center of the building
crossed the last beam of the deck, the building became top heavy and rolled over
(bottoms up) and it struck a scaffolding set on the next deck down knocking the
scaffolding ¿peg¿ boards overboard. One of the corner 10K air tugger cables parted
from the shock loading of the roll. Once the building was stabilized, the supervisor
lowered the building to the crew boat securely","Reported as a lifting-device incident. Estimated property damage $5,000.",Serious Incident,,Serious Incident,20,D,5,,,,,,,A,,
CP-E8CD75BF8D,,,2021-04-18,18:30,2021-04-23,,73,A,,Production Operations,LIFTING DEVICE,Loss Event,Health & Safety,Injury Minor,,SYN-3e5dac,Maintenance Supervisor,SYN-36f22f,Maintenance Supervisor,SYN-6e3bcd,Production Foreman,2021-04-28,SYN-d7393a,Marine Coordinator,2021-08-12,"On April 18, 2021, at approximately 18:30, on Energy XXI GOM's, OCS-G 02947, Main
Pass (MP) 73 A Platform, a Crane Mechanic received a puncture wound to his right shin
when he slipped on oil and water residue and struck his right shin on the corner of
the skid, as a result of a weather related slip hazard. Injured Person (IP) was sent
in for treatment and was put on restricted work duty for 1 week.",The incident resulted in restricted work or job transfer for more than 3 days. The facility was evacuated.,,,,,,,,,,,,,,,"Sequence of Events:
The Crane Mechanic was working on changing boom cylinders on the crane boom. Oil and
water were in the crane power skid and high winds blew oil and water from the skid
onto the deck of the crane mount. The Crane Mechanic was climbing back onto the skid
and slipped on the residue, striking his right shin on the corner of the skid. He was
flown in for treatment and put on restricted duty for 1-2 weeks.
Follow-up: IP was seen and treated for a puncture wound to the right shin, was
prescribed antibiotics, no stitches and put on restricted duty for one week."
CP-FC86518082,,Very Serious Incident,2021-05-17,01:00,2021-05-18,MC,109,A-Amberjack,,Drilling,LIFTING,Loss Event,,,Combustion,SYN-bda861,Marine Coordinator,SYN-4ac38b,Maintenance Supervisor,SYN-f2ae20,Production Foreman,2021-05-30,SYN-d9d167,Facility Engineer,2021-08-20,"An explosion occurred on 17 May 2021, at 0115 on the Mississippi Canyon (MC) 109
A (Amberjack) Platform, Lease OCS-G 5825, operated by Talos Petroleum LLC (Talos). The
explosion originated from a 12 Volt (V) battery located inside a Remote Terminal Unit
(RTU) Panel. The force of the explosion blew the panel door off the enclosure. Debris
from the explosion landed 45 feet away. The explosion did not cause damage to nearby
equipment. No injuries or pollution occurred.",No injuries or pollution occurred.,Very Serious Incident,,Very Serious Incident,25,E,5,,,,,,,A,,"Sequence of Events:
At 0115 on 17 May 2021, night operators, who had just made their rounds, heard a
boom and felt the platform shake. They investigated the explosion and found the RTU
Panel to be the source. The Night Operators chose not to activate the Emergency Shut
Down (ESD), shut in production, or muster. Personnel searched but could not identify a
gas source. They woke up and notified the Person In Charge (PIC). The PIC investigated
the incident the next morning.
At 0800, MC 109 A shut in due to an unrelated high pipeline pressure.
At 0820, Talos verbally notified BSEE of the incident.
BSEE INVESTIGATION
BSEE Inspectors arrived onsite 17 May 2021 at 0925 to begin the investigation.
The investigators found that American Midstream, a gas sales contractor, installed and
operated the RTU Panel. American Midstream personnel arrived on location at 1000 to
begin their investigation with Talos personnel.
The inspectors performed a walkthrough and photographed the damage outside and inside
the RTU Panel. Investigators interviewed personnel and took statements. Inspectors
requested and reviewed documents and drawings. The inspectors noted the panel was
located in a Class 1 Division 2 area according to the Area Classification Layout.
Talos’ investigation indicated on 14 April 2021, the platform electrician attempted
to find out why the American Midstream RTU Panel did not have power. The electrician
discovered the 110V electrical input to the panel disconnected in the communications
room next to the Motor Control Center (MCC) room. This caused the depletion of the two
12V Odyssey PC925 non-spillable drycell batteries within the panel. The electrician
could not fully recharge the batteries after several hours. He then replaced two 12V
Odyssey batteries with one 12V ACDELCO Voyager II Marine/RV Battery. Although the
electrician stated that he adjusted the charging voltage to 12V, the battery showed
signs of cracking/splitting from overcharging. Talos’ investigation report also
revealed eliminating one battery resulted in directing the 24V charge into the one 12V
battery causing a hazardous overcharge. The overcharged battery released excess
hydrogen inside the non-vented panel creating an explosive environment. BSEE
inspectors noted that the electrical components inside the panel were not listed by a
Nationally Recognized Testing Laboratory (NRTL) for use in a Class 1 Division 2
hazardous area.
BSEE Investigators found that the operators did not have knowledge of the battery’s
ability to vent hydrogen within the panel. However, API RP 14F (incorporated by
reference in 30 CFR 250.198) states, “All rechargeable type batteries release hydrogen
to the atmosphere in varying degrees.” API RP 14F continues, “All rechargeable battery
systems should be installed such that hydrogen cannot collect in sufficient quantity
to create a hazard.”
The installation of rechargeable batteries inside a non-vented panel creates a Class 1
Division 1 location inside of the panel according to API RP 500. However, the
components inside the panel were not rated for a Class 1 Division 1 area. Even if the
panel was vented, Talos installed the panel in a Class 1 Division 2 area. However, the
components inside were not rated for a Class 1 Division 2 area.
The BSEE investigation determined that the event was not a rupture as initially
reported by Talos, but an explosion."
CP-1D33D4C3C1,,Incident,2021-05-31,22:15,2021-06-01,MC,762,,NOBLE BULLY I,Production Operations,LIFTING DEVICE,Loss Event,Environment & Reputation,Loss of Containment,,,,SYN-7e36ce,Facility Engineer,,,,,,,"-
On 31-MAY-2021 at 2215 hours, the primary sealing element for the riser slip joint
failed due to a loss of air pressure. As a result 20.8 barrels of 12.8 pound per
gallon synthetic based mud (SBM) was spilled into the moon pool.
The operation at the time of the incident was fluffing cement tanks in preparation
for a cement squeeze job. During this operation the rig service air, not able to keep
up with the air demand, dropped to about 40 psi allowing the sealing element in the
slip joint to relax. While engine control room personnel were responding to the low
rig air alarm, it was noticed that the slip joint was leaking SBM into the moon pool.
Once all air compressors were online and full rig air was restored, the sealing
element engaged stopping the leak.",Reported as a pollution release.,Incident,,Incident,6,C,2,,,C,,,,,,
CP-02C26650DB,,,2021-06-09,09:50,2021-06-13,,,F,,Well Services,LIFTING DEVICE,,,,,SYN-39e8ab,Marine Coordinator,SYN-9d653b,Operations Superintendent,SYN-e42a75,Operations Superintendent,2021-06-21,SYN-0f7f2b,Facility Engineer,2021-07-16,"On 9 June 2021, Apache platform operators noticed a high temperature alarm flashing
on the air compressor unit #1, then reported the alarm to the mainetenace contractor;
PESCO Inc. Later that evening, at approximately 2200 hours, a platform fire alarm
sounded and the operators found the air compressor on fire. The operators discovered
that a sand blasting crew had covered the unit with filter media causing it to
overheat.",,,,,,,,,,,,,,A,,
CP-6027395E36,,Very Serious Incident,2021-07-14,23:25,2021-07-15,MC,194,A-Cognac,NABORS 202,Construction,LIFTING,Loss Event,,,,SYN-d56156,Maintenance Supervisor,SYN-e4f1d0,Marine Coordinator,SYN-fd863a,HSE Advisor,2021-07-21,SYN-534201,HSE Advisor,2021-09-04,"On July 14, 2021 at 10:00 hours, Enven Energy Ventures (EnVen) had a dropped object
incident on board the Nabors 202 rig while conducting drilling operations at
Mississippi Canyon 194 well A23, ST2 OCS-G 02638. The incident involved a joint of 10
3/4 inch (in) casing falling out of the elevators into the V-Door. The dropped casing
contacted another joint of casing, causing it to slide out of the V-Door and through
the kick plate onto the walkway, then coming to rest on the pipe rack against the
handrail. Enven reported the incident to the Bureau of Safety and Environmental
Enforcement (BSEE) New Orleans District. There was one minor injury sustained; an
employee tripped and fell while moving away from the area when the incident occurred.
The Nabors 202 drill crew was running 10.75 in casing into the well. Approximately
10,095 feet of casing had been run when the crew picked up the 207th joint. A signalman
was in place outside the driller’s shack assisting the driller while picking up the
casing with the single joint elevators out of the V-door. While lifting the casing, the
elevators hit the derrick A-frame and compromised the elevators' integrity. The casing
joint was dislodged from the elevators, causing it to fall into the V-door and striking
another joint of 10.75 in casing which was resting in the V-door. The 10.75 in casing
then slid out of the V-door and through the kick plate landing on the pipe rack.
After the casing was secured on the pipe rack, there was a ""safety stand down"" with all
personnel involved in running casing. The well was monitored on the trip tank during
the “safety stand down.”
According to EnVen investigation report, the",Reported as a crane incident. The facility was evacuated. Estimated property damage $2675.,Very Serious Incident,,Very Serious Incident,25,E,5,,,,,,,A,,"sequence of events was as follows:
1) 10.75 in was being run in the hole.
2) The crew picked up the 207th joint of 10.75 in casing from the V-door using the
single joint elevators.
3) As they were picking up the joint, the elevators came in contact with the derrick
A-frame.
4) The flagger motioned to stop and the driller released the throttle.
5) Contacting the A-frame caused the single joint elevators to fail at the hinge,
shearing the pin, and allowing the joint of casing to fall back into the V-door.
6) When the joint of casing fell back into the V-door, it contacted the other joint of
casing, causing it to slide out of the V-door and through the kick plate on the
walkway, and coming to rest on the pipe rack, against the handrails.
7) The joint that fell from the elevators bounced out of the V-door damaging a section
of the handrail and coming to rest against a tote tank, which was located on the pipe
rack.
8) One employee tripped while trying to remove himself from harm’s way. He received
first aid, was sent to shore for further medical evaluation, he was released and
returned to full duty. The employee was not in the direct line of fire.
9) The damage sustained during the incident was two sections of handrail and a tote
tank."
CP-E25A5F1EF9,,,2021-07-26,14:45,2021-07-27,EI,208,­ J,ENSCO 90,Production Operations,LIFTING DEVICE,Loss Event,Health & Safety,Injury Minor,,SYN-04c94b,Marine Coordinator,SYN-c05a55,HSE Advisor,SYN-daf69f,Maintenance Supervisor,2021-08-01,SYN-c727f8,Maintenance Supervisor,2021-09-09,"­
At approximately 14:45 hours on 26 July 2021, an Ensco Floorhand sustained a
finger injury while working on the Ensco 90 jack-up rig during drilling operations
for Ankor Energy, LLC on Well J007 located at Eugene Island (EI) Block 208J.
The finger injury occurred when the Floorhand was assisting with the picking up of 7-
inch casing joints at the v-door area. The Floorhand installed a lift nubbin in
casing joint #2 and used a valve bar to tighten the nubbin in the casing joint. When
the Floorhand tightened down on the lift nubbin, casing joint #2 slid down the cat
walk pinning his right index finger between the valve bar and the end of casing joint
#3. The rig floor crew freed the Injured Party's (IP) finger by lifting the casing
joint with an air hoist. It was observed that the IP's right index finger was nearly
amputated at the first knuckle joint and he sustained bruising to the right middle
finger. The IP was taken to the Rig Medic for immediate medical treatment; however,
due to the severity of the finger injury, it was determined that the IP would have to
be evacuated for medical treatment at a hospital.
At 15:45 hours on 26 July 2021, the IP was air lifted from the rig and he arrived
at the LSU Medical Center in New Orleans, Louisiana (LA) at 16:20 hours for medical
treatment. The hospital was unable to save the first knuckle to fingertip (distal
phalanx area) of the right index finger; therefore, it required surgical amputation.
On 30 July 2021, the IP was released from the hospital and was assigned to light
duty work at Ensco's warehouse located in Broussard, LA. Ensco has classified this
accident as a ""Restricted Work Case.""
The Ensco Incident Investigation Report stated that the probable cause of the finger
injury was attributed to a casing joint slipping down the cat walk because it was not
supported by the back stop.
According to the Ensco Incident Investigation Report, the following were listed as
contributing causes to the injury: 1) a worker was not assigned to verify that all
casing joints were supported by the cat walk back stop; 2) workers did not recognize
that a casing joint was not supported by the cat walk back stop; 3) the hazard
analysis did not address potential pinch points created by slipping casing joints and
4) inadequate spacing of casing joints in the v-door.","­ At approximately 14:45 hours on 26 July 2021, an Ensco Floorhand sustained a finger injury while working on the Ensco 90 jack-up rig during drilling operations for Ankor Energy, LLC on Well J007 located at Eugene Island (EI) Block 208J.",,,,,,,,,,,,,,,
CP-C3BE94F691,,Incident,2021-07-28,09:30,2021-07-29,GB,427,,NOBLE DON TAYLOR,Well Services,LIFTING DEVICE,Loss Event,Environment & Reputation,Loss of Containment,,SYN-954ce9,HSE Advisor,SYN-b5f94c,Production Foreman,SYN-b2c6c9,HSE Advisor,2021-08-04,SYN-92438d,HSE Advisor,2021-10-12,"On 28 July 2021, the Noble Drilling Service, Inc. (Noble) Don Taylor (NDT) drill ship
under contract to Shell Exploration and Production Company (Shell) reported an
initial discharge of approximately 26 barrels (bbl) of 15.1 pounds per gallon (ppg)
synthetic oil base mud (SOBM) during exploration operations on Well DC005 (Cardamom)
at the surface location in Garden Banks (GB) Block 427. Shell notified the Bureau of
Safety and Environmental Enforcement (BSEE) Lafayette District and reported the spill
to the United States Coast Guard (USCG) National Response Center (NRC Report
#1180500) about the initial 26-bbl spill but submitted a report revision on 8 June
2017 to the USCG NRC (NRC Report #1180527) to increase the total estimated amount of
SOBM spilled to 94.2 bbl.
Chronological Order of Events:
On 27 July 2021, drilling operations ceased in order to conduct a required 14-day
subsea blowout preventer (BOP) pressure test. The wellbore was circulated for 3
hours; however, Noble followed Shell’s well program requirement of circulating three
bottoms up prior to running casing. Shell stated in Noble’s investigation report that
there was no deviation in the circulating requirements, but drilling operations was
not at the depth to run casing before pressure testing the subsea BOP. While tripping
out of the hole in order to make up and run the test plug, a loss of 115 bbl of 15.1
ppg of SOBM was recorded. On 27 July 2021, the subsea BOP was pressure tested from
13:00 hour (hr) to 18:45 hr from the Toolpusher’s panel with the yellow pod. The
subsea BOP was then function tested from 18:45 hr to 19:15 hr from the Driller’s
Panel with the blue pod.
On 28 July 2021 at 08:25 hr, the remote operated vehicle (ROV) was deployed to inspect
the marine riser and subsea BOP. At approximately 09:00 hr, ROV personnel contacted
rig management and reported that SOBM had been observed leaking from an area between
the upper and middle pipe rams on the subsea lower triple BOP. At approximately 14:45
hr, a 45 bbl pill was spotted at a measured depth of 2,970 feet (ft) and the ROV
observed that the SOBM leak from the subsea BOP equipment had stopped. At 15:40 hr,
Shell received approval from BSEE to set a 500-ft cement plug in the 11.75-inch by
11.875-inch casing.
On 29 July 2021 a 500-ft cement plug composed of 335 cubic feet of cement was set in
the 11.75-inch by 11.875-inch casing; however, a SOBM loss of 249 bbl was observed
indicating that the cement plug was potentially lost due to low pressure sand below
the 11.75-inch liner shoe. In addition, on 29 July 2021, BSEE Lafayette District
inspectors conducted a monthly rig inspection and while onsite, the BSEE inspectors
gathered any available information related to the subsea BOP SOBM spill.
On 30 July 2021, BSEE issued a Preservation Order pursuant to Section 22 of the Outer
Continental Shelf Lands Act (43 U.S.C. section 1348) to Shell to preserve all
relevant information related to the SOBM spill that occurred on 28 July 2021. At
07:22 hr, BSEE granted Shell approval to temporarily abandon the well. At 08:30 hour
on 30 July 2021, a cast iron bridge plug (CIBP) was set at a measured depth of 21,353
ft followed by a 500-ft cement plug composed of 320 cubic feet of cement that was set
on top of the CIBP.
On 31 July 2021, a successful negative test was conducted on the CIBP and cement
plug; therefore, the subsea BOP was unlatched at 19:35 hr for retrieval to the
surface. From 10 to 2 August 2021, a BSEE incident investigation team conducted an
onsite incident investigation that included witnessing the inspection of the subsea
BOP when it was pulled to the surface. The","Reported as a pollution release. Estimated property damage $36,000.",Incident,,Incident,8,D,2,,,C,,,,B,,
CP-8EF558598C,,Incident,2021-08-22,02:17,2021-08-24,ST,311,A,H&P 100,Production Operations,LIFTING,Loss Event,Environment & Reputation,Loss of Containment,,SYN-01c7c4,Maintenance Supervisor,SYN-a454bc,Maintenance Supervisor,SYN-427310,HSE Advisor,2021-09-04,SYN-955397,Maintenance Supervisor,2021-10-08,"On August 21, 2021, an incident occurred on the Helmerich & Payne (H&P) platform
rig 100, which was working under contract for Walter Oil and Gas. Drilling operations
were being conducted at South Timbalier-311-A platform-OCS-G-31418 well A002. There
was an unintentional discharge of approximately 517 barrels of synthetic based mud
(SBM) into the Gulf of Mexico. The accidental discharge was due to a butterfly valve
that failed during the transfer of SBM from the work boat to the platform rig.
On the afternoon of August 21, 2021, Walter Oil and Gas was completing the cement
job on the 10.125 inch liner. Later that evening, additional SBM drilling fluid was
needed to begin drilling the next hole section. The SBM was to be transferred from
the work boat “Esplanade” to the rig’s mud pit system. Prior to commencing the
transfer of the SBM drilling fluid, a Job Safety & Environmental Analysis (JSEA) was
reviewed and signed by the Toolpusher, Driller, Assistant Driller, Derrickhand, and a
Floorhand (Pit Hand). The Motorman was making preparations to receive fuel from
another vessel on the eastern side of the platform, so the decision was made to
transfer SBM from the western side of the platform. The Floorhand aligned the 4 inch
hose and valves in order to receive SBM in reserve pit 1. Once aligned, he radioed
the work boat to start pumping the 15.6 pound per gallon SBM. At approximately 22:00
hours, he received a call on his hand held radio from the Motorman to shut-down the
fluid transfer. The Floorhand initiated an “All Stop” and immediately radioed the
work boat to discontinue the transfer. He proceeded down stairs to the Motorman’s
location and noticed that the east side transfer hose was positioned on the deck. He
also noticed that the TODO Dry Break valve was detached, which left the hose open
ended allowing the SBM to leak into the Gulf of Mexico. The Toolpusher was alerted on
the drill floor of the situation and he proceeded to the area where the incident had
taken place. A TODO Dry Break valve was re-installed and the transfer proceeded until
there was enough drilling fluid to complete the fluid transfer operation. Clean up of
the area commenced, the Company Man was advised, and the Bureau of Safety
Environmental Enforcement office in Houma was notified.
The Bureau of Safety and Environmental Enforcement (BSEE) investigation team conducted
the onsite initial investigation on August 23, 2021. The team took pictures,
collected statements, and interviewed personnel involved. The team’s investigation
revealed that the facility was equipped with two 4 inch transfer lines, located on the
east and west side of the rig. Both stations would allow the transfer of drilling
fluids into the rig’s mud pit system. Each transfer line was equipped with a 4 inch
butterfly valve and a TODO Dry Break valve which allows for a spill-free disconnect.
The team also discovered that the day rig crew had locked the 4 inch butterfly valve
in a closed position and detached the TODO valve from the east side transfer line
because they thought there was a problem with the west side TODO valve. After the
west side TODO valve was removed from the 4 inch hose, a plug consisting of old
dehydrated drilling fluid was discovered to be obstructing the flow. The plug was
removed, and the west side TODO valve was reattached and put back into service with no
issues. The Deck Foreman stated that he communicated to the night crew that the east
side TODO valve needed to be re-installed prior to the fluid transfer. The night rig
crew did not re-attach the east side TODO valve which left the transfer hose open
ended and the single butterfly valve closed making it the only barrier to prevent SBM
from escaping. The source of the leak was attributed to a gasket failure in the 4
inch butterfly valve and the second barrier of the TODO valve not being installed.
Approximately 517 barrels of SBM was inadvertently discharged overboard before an all
stop was called and the SBM transfer was ceased. There was not a requirement
identified in any of the procedures, JSA’s, or checklists that were available to the
investigation team showing that the rig crew needed to have the TODO valve installed
prior to fluid transfers. During interviews, it was stated that the TODO valve was
required to be installed as secondary spill prevention in case the butterfly valve
failed. The investigation team could not locate this requirement in writing. The
investigation team identified the failed butterfly valve as the primary cause of this
non-permitted discharge of SBM, but it may have been prevented if the TODO valve had
been installed. The lack of a written requirement to have the TODO valve installed
was a contributing cause to this incident.
Since the incident, H&P has replaced the failed butterfly valve with a new valve and
installed an additional gate valve at each transfer station. The combination of the
butterfly valves and gate valves at each transfer station gives redundant integrity to
the mud system to prevent future discharges. There will also be a low pressure test
on the mud system prior to any fluid transfers to ensure the system is sealed as
required prior to any transfer of fluids.",Reported as a pollution release.,Incident,,Incident,8,D,2,,,C,,,,,,
CP-A54C179A20,,,2021-09-13,14:15,2021-09-15,,,A-PRD,,Production Operations,LIFTING DEVICE,,,,,SYN-348563,Maintenance Supervisor,SYN-6c7788,Facility Engineer,SYN-6a5535,Maintenance Supervisor,2021-09-24,SYN-3cb3b1,Facility Engineer,2021-11-21,"At 1415 hours on 13 September 2021, an Operator for Maritech Resource was manually
refueling the #1 diesel generator while it was running. During the refueling
operation, the Operator left the manual refueling operation unattended to start the
#2 generator, located approximately three feet from the #1 generator. Once the
Operator started the #2 generator and turned to walk back to the #1 generator, he
detected a fire approximately four feet by four feet in diameter being emitted from
the #1 generator. The Operator immediately utilized a 30-pound ABC fire extinguisher
to extinguish the fire, removed the diesel hose from the fuel tank opening, and
closed the ball valve. The #1 generator stopped on its own as a result of the fire
extinguisher displacing the oxygen to the generator's intake system.
A collective investigation was conducted by Maritech Resources and
(owner of generator). It was determined that there was a momentary flash fire caused
by an external source, and the most likely source of ignition was a static discharge
during the refueling process. Diesel is flammable and can be ignited by heat, sparks,
flames, or other sources of ignition (e.g., static electricity, pilot lights, or
mechanical/electrical equipment, and electronic devices such as cell phones,
computers, calculators, and pagers that have not been certified as intrinsically
safe).
In addition, the Operator did not complete a Job Safety Analysis (JSA), and did not
review the Material Safety Data Sheet (MSDS) describing the hazards and safety
precautions associated with diesel. During the diesel refueling operation to the #1
generator, the Operator did not ground the fuel nozzle and hose to the generator
package. Also, the refuleing process was conducted with the #1 generator running and
unattended.",,,,,,,,,,,,,,A,,
CP-68FE7B4E5E,,Incident,2021-10-07,08:50,2021-10-10,AT,140,RIG NAME DIAMOND OCEAN STAR,,Well Services,,Loss Event,Environment & Reputation,Loss of Containment,,SYN-6fb149,HSE Advisor,SYN-191cff,Production Foreman,SYN-933ce1,Production Foreman,2021-10-17,SYN-b8404e,Operations Superintendent,2021-11-18,"The incident occurred while running 13 5/8"" casing. The well was on trip tank and the
trip tank volume started dropping. While the driller took action to line-up and fill
the trip tank, the driller noticed the light was on indicating the diverter overboard
valve was open. The diverter valve was closed immediatedly upon discovery.
Approximately 19 barrels of SBM was discharged from the trip tank and through the
diverter valve. No visible sheen was observed on the water surface. The percentage of
oil in the synthetic based mud, was 52% which is approximately 9 bbls.
Investigation findings:
Rig Electrician & Sub-Sea Engineer checked for electrical problems at the accumulator
panel. Electrical system checked normal.
When the air operated diverter valve was inspected, they noticed that the packing
seal was leaking; this allowed the valve to open and release SOB mud over board.
The diverter valve is also used for well control operations and is tested weekly.
There is no preventative maintenance schedule for the diverter valve.
There is no alert system installed to monitor the valve when not in use.
The valve was repaired, and the valve on the other side of the diverter overboard
line was also replaced as preventative maintance.
The MMS was not notified of the pollution event.","Reported as a pollution release. Estimated property damage $3,800.",Incident,,Incident,8,D,2,,,C,,,,A,,
CP-B2A240DFA2,,Incident,2021-10-15,05:50,2021-10-18,GC,65,A-Bullwinkle,,Maintenance,LIFTING,Loss Event,Business Interruption & Cost,Equipment Damage,,SYN-0d27ab,Operations Superintendent,SYN-49e391,Marine Coordinator,SYN-5e0255,Production Foreman,2021-10-24,SYN-b7ee82,Maintenance Supervisor,2021-11-27,"On October 15, 2021 at approximately 5:50 AM a vessel collision occurred at Fieldwood
Energy’s Green Canyon 65 A “Bullwinkle” manned facility. The Motor Vessel Ms. Melissa,
a 170 foot support vessel contracted by Fieldwood Energy, was on approach when it
collided with the platform. There were no injuries reported but both the vessel and
the platform sustained damage. The vessel damaged the starboard bow area (dent and
scratch) and the mast. The platform received damages to the Northwest walkway
(grating, supports and wiring) and bumper (dent) located at the +10 level. Safety
systems and production equipment were not damaged as",There were no injuries reported but both the vessel and the platform sustained damage.,Incident,,Incident,4,D,1,,,,,,,B,,
CP-5791A4827D,,Very Serious Incident,2021-11-02,14:00,2021-11-05,EI,327,A,,Production Operations,LIFTING DEVICE,Loss Event,,,,SYN-087048,Operations Superintendent,SYN-f1fd51,Marine Coordinator,SYN-e55a64,Maintenance Supervisor,2021-11-11,SYN-246c01,Maintenance Supervisor,2022-01-04,"On November 2, 2021 at approximately 1400 hours, a Nabors Offshore crane operator noticed
a loss of engine RPM while operating the boom control from the cab of the platform's
production crane. The crane operator then ceased all operations, rendered the crane
out-of-service, and notified the facility Person-In-Charge (PIC) of the incident. The
PIC then notified the Acme Hydraulic's field crane service mechanic who was presently
on location finalizing paperwork associated with said crane. During the crane's
reassessment, the mechanic removed the boom winch hydraulic motor from the drum
assembly, while the hydraulic hoses remained connected to the hydraulic motor.
Subsequent to the mechanic having the operator activate the crane's boom lever, the
boom initiated an uncontrollable descent while unspooling cable from the boom winch.
The boom's descent came to a stop only after all of the cable became unspooled. In
addition, the wedge socket, located on the inside portion of the cable drum,
prevented the boom from descending to the water. During its descent, however, the
boom struck a diesel generator's exhaust stack prior to coming to a complete halt.
The boom was positioned at a minus 10 degree angle when the mechanic and platform
personnel were able to secure the boom to a side structural beam of the platform. All
operations were suspended, and assessment of the incident was initiated.",Reported as a crane incident.,Very Serious Incident,,Very Serious Incident,,,,,,,,,,,,
CP-6A3B6A17BD,,,2021-12-05,01:31,2021-12-07,ST,200,A,ROWAN GORILLA IV,Drilling,LIFTING DEVICE,Loss Event,Health & Safety,Injury Minor,,SYN-bce5f0,Production Foreman,SYN-333c62,Maintenance Supervisor,SYN-ac2cfe,Operations Superintendent,2021-12-16,SYN-d224c1,Production Foreman,2022-02-24,"On December 5, 2021, a Floor Hand working on the Rowan Gorilla IV, which was
contracted to EPL Oil and Gas/Energy XXI, suffered an injury to his left hand while
performing tripping operations on the rig floor.
At approximately 01:25 hours, the Assistant Driller (AD) took over control of the top
drive following a change out of the elevators from 6 3/4"" to 4"". As the AD raised the
top drive to pick up the first stand of 4"" drill pipe, two Floor Hands were
simultaneously positioning the iron roughneck around the pipes collar to break torque
on the lifting sub. While the AD was raising the top drive, which was now holding the
4"" drill pipe, he noticed the throttle pedal ""felt different."" He briefly looked down
at the pedal, and when he looked up, the drill pipe swung uncontrolled against one of
the Floor Hand's wrist. The Injured Person's (IP) wrist and hand were crushed between
the drill pipe and the iron roughneck, which caused a laceration to his left hand.
The IP was sent in at 08:05 hours for further medical evaluation via a normally
contracted helicopter. The laceration required stitches but no further injuries were
identified. The IP was sent back to the rig the same day, but he was placed on
restricted work duty.
The normal procedure for running drill pipe called for the top drive to be raised and
to stop and wait for the floor hands to be ready to ""tail-in"" the drill pipe into
place. Tail-in means that the Floor Hands would help guide the drill pipe into place,
which is a controlled method of running the pipe. The AD took his eyes and attention
off of the operation, and during this lapse in attention to the job, he broke from
normal procedure by continuing to raise the top drive when he should have stopped and
waited for the Floor Hands to move the drill pipe. In addition, the crew on the
drill floor failed to follow Rowan's 'Red Zone Policy'. This policy states that no
personnel should be in the 'Red Zone' while the top drive is being operated. This
would protect the personnel working on the rig floor by keeping them out of harm’s
way while equipment is moving and being transferred around the rotary. Had the drill
crew followed these policies, the incident would likely not have occurred.
Following the incident it was noted that on the tour previous to the incident, the
Driller and AD had identified a missing pin in the top drive throttle pedal. They
replaced the pin with a nut and bolt, and initially the pedal did stick but after
adjustment the pedal operated smoothly. The Maintenance Supervisor inspected the
pedal following the incident and determined the pedal to be working correctly.","On December 5, 2021, a Floor Hand working on the Rowan Gorilla IV, which was contracted to EPL Oil and Gas/Energy XXI, suffered an injury to his left hand while performing tripping operations on the rig floor.",,,,,,,,,,,,,,,
CP-6FBA9BECDE,,,2021-12-07,11:45,2021-12-11,WC,280,B,,Well Services,Atmospheric,Loss Event,Health & Safety,,,SYN-dc256c,Maintenance Supervisor,SYN-a36314,Operations Superintendent,SYN-684c64,Marine Coordinator,2022-01-01,SYN-9a5265,HSE Advisor,2022-01-15,"Our investigation revealed the platform was shut-in and bled down the morning of 1­
14-05. The pipeline company arrived at around 10:30 a.m. to perform
maintenance on their valves. Before Duke departed the platform the 16"" sales valves
and 16 riser valves were closed. Operations personnel were having problems
11
maintaining dry fuel gas to run the gas generator. Later in the day the decision was
made to flow the platform in order to get rid of the condensate in the vessels, so
the 16 sales valve, 16 riser valve and 2"" condensate injection line were opened.
11 11
Production personnel used well B-8 to pressurize the system and at 5:15 p.m. on 1-14­
05 the pressure on the pipeline meter tube was 870 psi. Personnel reported condensate
blowing out the flare boom and openended piping on the coalescer at around 9:15 p.m.
on 1-14-05. The decision was made to shut back in and bleed the system down. It is
evident that the system was not isolated and bled down the same way it was that
morning because pressure remained on the pipeline meter tube. Once the pressure was
bled off the production equipment, the 3rd party construction crew continued removing
old valves from the coalescer. Gas was reported coming from the top of the coalescer
at around 11:30 p.m. and the 1/2"" ball valve and gauge valves were closed. The gas
release began at around 11:45 p.m. on 1-14-05 and lasted until 8:45 a.m. on 1-16-05.",The incident resulted in an injury recorded without a severity code.,,,,,,,,,,,,,,,
CP-98B7510218,,,2021-12-13,14:00,2021-12-19,EI,238,E,,Production Operations,LIFTING,Loss Event,Health & Safety,Injury Minor,,SYN-73fce7,Production Foreman,SYN-c67744,Facility Engineer,SYN-d088ff,Facility Engineer,2021-12-23,SYN-ede37d,HSE Advisor,2022-01-25,"On December 13, 2021 at approximately 1400 hours, a mechanic was injured while
descending a stairway and missing the final step at Arena Offshore, LP operated
facility located at EI238E. The mechanic was evacuated to Teche Occupational Clinic in
New Iberia La. At 5:28 PM on December 13, 2021, Arena Offshore LP, verbally reported
the incident to the Bureau of Safety and Environmental Enforcement (BSEE) Lafayette,
District.
A mechanic wearing a backpack style tool bag and carrying a cardboard box was being
escorted by the production operator while descending the heliport stairway. The
production operator stated the mechanic maintained three points of contact while
descending the stairs. The tool bag weighed approximately 50 pounds and the cardboard
box weighed approximately 10 pounds. As the mechanic attempted to place his foot on the
last step, he missed the step causing him to fall forward striking the left side of his
head and torso on the handrail. When the mechanic missed the step, the weight of the
tool bag on his back added to the severity of his injuries. The platform operator who
was escorting the mechanic down the stairs, grabbed the mechanic’s items and brought
the mechanic to the PIC.
Initially, the mechanic stated he was not injured due to the incident but shortly
after, the mechanic began feeling discomfort and was flown to a medical facility to be
evaluated. The mechanic was diagnosed with a bruised kidney and placed on light duty
for a 4-week period pending further evaluations.
The BSEE Lafayette District conducted an onsite investigation December 18, 2021.",The mechanic was diagnosed with a bruised kidney and placed on light duty for a 4-week period pending further evaluations.,,,,,,,,,,,,,,,
CP-96EAF2138B,,,2022-01-08,17:40,2022-01-12,,,,NOBLE LORRIS BOUZIGARD,Well Services,LIFTING DEVICE,,,,,SYN-210c17,Marine Coordinator,SYN-c0f3ab,Facility Engineer,SYN-6391be,HSE Advisor,2022-01-17,SYN-a26c4a,Marine Coordinator,2022-06-24,"During an acid job being conducted between the frac boat and rig, acid was being
pumped down the drill pipe while taking completion fluid returns through the mud
return line to the gumbo box. The completion fluid returns were intended to be routed
to shaker #2 and then to pit #3 however, the manual drain valve beneath the gumbo box
was incorrectly positioned in the open position. This allowed 230 bbls of 15.7 ppg
Zinc Bromide completion fluid to flow to the master drain line and inadvertently
overboard. The open gumbo box drain valve was immediately closed once the crew
members discovered the open valve. The discharged Zinc Bromide was barely visible on
the Gulf waters as a result of it being a water based completion fluid.
The LLOG investigation determined that the gumbo box drain valve was left in the open
position subsequent to flushing the lines from the frac boat however, there was no
requirement for this valve to be opened in order to flush the lines. The gumbo box
drain valve is rarely opened and should not have been opened for this operation. One
individual opened the valve but did not communicate his actions with the rest of the
crew.
The Derrickman had not been informed that circulation from the frac boat had been
initiated, so he was not monitoring the pit volume totalizer to ensure that returns
were being received. The rig camera at the Gumbo box was being used to confirm fluid
returns, but no one was sent to monitor the shale shakers located downstream of the
gumbo box. The investigation determined the following: 1) the gumbo box drain valve
was not part of the lock-out program, 2) the crew members terminology on names for
specific valves was not precise, and 3) the crew members did not monitor the
operations when they returned from their meal break.",,,,,,,,,,,,,,C,,
CP-86126D932D,,,2022-01-12,22:45,2022-01-13,MP,30,DIAMOND OCEAN DRAKE,,Maintenance,,Loss Event,Health & Safety,,,,,SYN-625a13,Maintenance Supervisor,,,,,,,"While tripping in the hole with 5 1/2"" drill pipe, the Derrick hand was operating the
Spinner Hawk. After a connection, a malfunction occurred with the spinner wrench
chain. The Derrick hand used his hand to push the chain of the spinner wrench. At
the same time he used his other hand to hold the spinner wrench steady due to weather
and unknowingly grab the close lever and not the designed handle. This caused the
jaws of the wrench to close around his hand and arm causing serious injury to his
left forearm and thumb. The injury is classified as a loss time accident.
Findings:
The incident investigation took place 4/8/06 @ 1600 hours.
1. The Spinner Hawk was not recognized as needing to be isolated (Lockout, Tagout)
before making adjustments or repairs to unit.
2. Employees appear to be accustomed to fixing the chain on the spinning wrench
whenever it's not lying properly. The culture onboard accepted this as common
practice and didn't recognize the hazard.
3. No equipment specific JSA was written on use of this Spinner Hawk. Hazards are
mentioned in the JSA for tripping pipe (JSA # 117-DRL-C-00l) which was reviewed
before the operation. However, it is not extensive enough to ensure a safe operation.
4. Injured Person has been on this rig and in this position for a significant amount
of time and apparently has performed this action repeatedly in the past while
operating the spinning wrench.
5. Control levers on unit are not marked as to which lever is the clamp and which is
the spin lever. The two levers are only one inch apart and apparently came this way
from the manufacturer.
6. Simulated operation of the Spinner Hawk showed no deficiencies in operation. Chain
stretch was within tolerance, control levers functioned properly, and warning labels
noted on each side.
7. Injured Person began operating Spinner
22:45.",The incident resulted in an injury recorded without a severity code.,,,,,,,,,,,,,,,
CP-B092285F66,,,2022-01-24,04:45,2022-01-26,,,A,,Marine & Logistics,LIFTING DEVICE,,,,,SYN-c2551f,Maintenance Supervisor,SYN-f7068a,Maintenance Supervisor,SYN-d4ce20,Production Foreman,2022-01-31,SYN-ae019c,Operations Superintendent,2022-03-01,"On 24 January 2022, during simultaneous operations, a flash fire occurred at
approximately 0700 hrs which resulted in the pump operator receiving burns to his
neck, left arm, shoulder and facial area. During the time leading up to the
incident, a lift boat was adjacent to the producing platform with Coil Tubing (CT)
operations in progress. At approximately 2300 hrs on 23 January 2022, the pump unit
associated with the CT operations began cavitating due to an accumulation of foam in
the trip tank. At this time, CT circulating operations were shut down and the trip
tank was cleaned out. On 24 January 2022 at approximately 0230 hrs, pumping
operations resumed with no fluid returns from the fluid outlet (U-tube) associated
with the gas buster. Although safer methods of checking for fluid returns from the
well were available, the crew allowed the bottom clean-out valve on the gas buster to
remain in the open position while attempting to establish fluid returns from well A­
1. This resulted in gas venting from both the top and bottom of the gas buster.
Furthermore, the investigation findings revealed that fluid returns were never re­
established and the crew did not make any attempt to pump fluid into the gas buster
(i.e., establish a fluid column in the gas buster to direct the gas out the top). A
double diaphragm pump (fill-up pump) was available to pump fluid from the trip tank
into the gas buster, but was not hooked-up until after the flash fire incident.
Witnesses stated that they heard the revolutions per minute (rpm) on the pump unit's
engine increase and decrease followed by a small ""pop"" (backfire) from the left bank
exhaust muffler. The BOEMRE investigation revealed the decision was made to close
the clean-out valve on the bottom of the gas buster rather than closing the choke on
the inlet to the gas buster. The initially opened gas buster clean-out valve
resulted in a large gas plume migrating from beneath the gas buster to the pump
engine's air intake. The engine's rpm increased again, causing the engine to
backfire and ignite the gas plume (flash fire). The flash fire engulfed the pump
operator's work station, causing him to dive to the deck in an attempt to vacate the
area. The flash fire self-extinguished in seconds and a small fire associated with
the air intake breather element was extinguished with water. The choke operator
closed the choke and then the pump operator pulled the emergency kill switch on the
diesel engine's air intake shutdown for the pump unit. The well was secured and the
crew administered medical treatment to the pump unit operator.
Subsequent to the incident, the BOEMRE Lake Charles District performed an inspection
and accident investigation for the production platform and lift boat operation to
determine that: (1) the kill line on the Blow Out Preventer (BOP) stack was not
installed as required in the approved Application For Permit to Modify (APM), (2) the
chickson piping running down the center of the catwalk from the lift boat to the
platform inhibited emergency egress, (3) the diesel engine's air intake shutdown on
the replacement pump unit was stuck in the open position and failed to function, (4)
the Job Safety Analysis (JSA) utilized during the time of the incident did not
identify all associated job hazards, including vented gas causing a hazardous
atmosphere and possible ignition sources and (5) slings on the coil tubing reel skid
were found to have separating strands.
Based on interviews with the parties involved, it was also determined that: (1) the
senior lead, well site supervisor and engineering staff never conducted any detailed
discussions concerning the simultaneous operations, (2) the Simultaneous Operations
Plan (SIMOPS) was emailed to the job site on 26 January 2022, two days after the
incident, (3) the SIMOPS involved coil tubing operations with the injector head
installed on well A-1, which was with-in ten (10) feet of the natural gas compressor
and (4) there was no Emergency Shut Down (ESD) Station installed on the lift boat
during the simultaneous operations.
* * * * * * PROPRIETARY * * * * * *",,,,,,,,,,,,,,,,
CP-AF65344437,,,2022-01-31,23:30,2022-02-04,ST,308,A (Tarantula),,Drilling,,Loss Event,Health & Safety,,,SYN-1c3a9a,Production Foreman,SYN-f3c468,Marine Coordinator,SYN-c7ed7c,HSE Advisor,2022-02-10,SYN-6788e5,Production Foreman,2022-02-24,"Upon completion of a frac job, there was approximately 9,500 pounds of pressure on
the drill pipe. While pulling on the drill pipe to move the crossover to the reverse
position, the hydraulic choke was not completely closed. When the crossover tool hit
the reverse position, the 9500 pounds bled to zero within 55 seconds. This caused a
tremendous surge of pressure to the overboard line. This is a rubber 2 inch line,
which is rated for 10,000 pounds but normally only has 100 to 200 pounds of pressure
on it. The line was secured with rope and chains. When the pressure hit the line,
it parted the line from a tied down position. The force caused the line to whip
around uncontrollably. This line then struck an employee from behind and knocked him
into a handrail, causing several injuries. The employee sustained four fractured
ribs,a laceration to his calf and brused spleen and kidney. He was treated for a
blood clot in his leg, which has not been attributed","The incident resulted in an injury recorded without a severity code. Estimated property damage $5,300.",,,,,,,,,,,,,A,,
CP-3AED37EBF4,,,2022-03-05,14:40,2022-03-07,ST,200,A,BLAKE 651,Marine & Logistics,LIFTING,Loss Event,Business Interruption & Cost,Equipment Damage,,SYN-9d0609,Operations Superintendent,SYN-cfb97a,Operations Superintendent,SYN-7609e3,Maintenance Supervisor,2022-03-22,SYN-d90a44,Production Foreman,2022-04-13,"On March 5, 2022, the Blake 651 platform rig was conducting abandonment operations
for Energy Partners Limited Oil and Gas, Inc. (EPL) on South Timbalier 200 A facility
(ST200A). While drilling a bridge plug at 474 feet with the annular preventer closed,
the drill pipe was suddenly forced up 15 feet and bent the drill pipe in the derrick.
This pushed the top drive outward toward the open side of the derrick while pushing
the drill pipe against the back side of the derrick. Operations were suspended and
EPL contacted the Bureau of Safety and Environmental Enforcement (BSEE) to discuss how
to move forward. There were no injuries to personnel as a result of this incident.
Well A001 abandonment operations started on March 3, 2022. The crew checked the
well-bore and the casings for pressure and documented them all to be 0 psi, and
removed the dry hole tree. The rig’s blow out preventers (BOPs) were installed and
pressure tested to the approved BSEE pressures, and on March 4, 2022, the crew
started the well abandonment procedure. Cement was tagged at 257 feet, and the crew
started drilling cement. The cast iron bridge plug (CIBP) was found at 474 feet on
the morning of March 5, 2022, and after circulating the well clean with 8.6 pound
per gallon seawater, the crew held a well control drill and pulled out of the hole.
The crew went back into the hole with a magnet assembly and recovered a single, small
piece of metal. After pulling the magnet assembly, the crew went back into the hole
with a 6.875 inch mud motor and a 8.5 inch flat bottom shoe assembly to mill the 9.625
inch CIBP. Once the crew reached the CIBP, the annular preventer was closed, and the
system was lined up to take returns through the rig choke and vented though the gas
buster. While milling, the crew was pumping 7 barrels per minute at 480 psi, with the
mud motor rotating 80 revolutions per minute with approximately 7,500 pounds of weight
on bit applied. The estimated applied force on the CIBP with the weight of the drill
pipe (also called the work string) was 31,000 pounds. After milling 3 inches of the
9.625 inch CIBP, the 3.5 inch work string shot 15 feet out of the hole and bent the
drill pipe in the derrick. This pushed the top drive outward toward the open side of
the derrick while pushing the drill pipe against the back side of the derrick. The
pumps were immediately stopped and the well was checked to see if it was still
flowing. The well was not flowing, and the crew shut down operations to evaluate the
situation.
EPL contacted BSEE Houma District and worked with District Engineers to formulate and
approve the plan forward, which included the use of a snubbing unit to finish milling
the CIBP. BSEE Inspectors also conducted an on-sight investigation on November 13,
2017. Evidence was collected, and they interviewed the crew about the incident. Once
the Inspectors were satisfied that the situation was contained, they departed the rig.
The well was static, but circulation could not be established down the drill string
due to the bends of the pipe in the derrick. The lower pipe rams were closed, and
slip rams were installed in the upper pipe rams. Once installed, the slip rams were
closed in addition to the lower pipe rams. The drill string in the derrick was
secured with chains to prevent accidental movement during the next phase of the
operation. A hot tap was used to safely tap into the drill pipe, and an ice plug was
placed in the drill pipe to isolate the drill string from the well bore. The drill
pipe was then cut approximately 15 feet above the rotary table and a Full Opening
Safety Valve (FOSV) was installed to secure the drill pipe. With the drill string
secure, the rig crew removed the top drive from the derrick and sent it in for
repairs. The bent drill pipe was also removed and sent in. A snubbing unit was then
rigged up on top of the rig’s BOP stack and pressure tested to the BSEE approved
pressures. The snubbing unit was then used to mill and burn the 9.625 inch CIBP and
clean out the casing. Once this was done, the snubbing unit was rigged down, and the
rig finished abandoning the well using standard rig equipment.
The investigation determined that the CIBP was forced up the hole without allowing gas
to vent. It released with the seal elements still intact and did not allow the
pressure to vent as expected. Well pressure acted on the surface area of the 9.625
inch CIBP and exceeded the weight on bit applied by the rig. In the future, EPL will
drill small pilot holes in large bridge plugs to ensure pressure is vented prior to
actually drilling out the plugs and not compromising the CIBP holding slips.
For P ublic Release",There were no injuries to personnel as a result of this incident.,,,,,,,,,,,,,,,
CP-046ACB062E,,,2022-03-10,18:43,2022-03-16,GC,237,B (Helix),,Well Services,LIFTING,Loss Event,Business Interruption & Cost,Equipment Damage,,SYN-c9f894,Production Foreman,SYN-e5b1d9,HSE Advisor,SYN-ec579b,Marine Coordinator,2022-03-23,SYN-03b1df,Production Foreman,2022-06-11,"Incident:
On March 10, 2022, a Disabled Safety Systems Incident occurred on the Helix Producer
1 (HP-1) Floating Production Unit (FPU) operated by Talos ERT LLC and owned by Helix
Energy Solutions located in Green Canyon (GC) Block 237 in the Gulf of America. On
December 1, HP-1 was experiencing severe weather conditions with high winds when a
primary loss of station event occurred. HP-1 was pushed outside of the safe zone of
the watch circle which triggered an Emergency Disconnect (EDC). All the subsea
infrastructure was successfully shut in; however, the buoy did not release from the
vessel as required, leaving production attached. The vessel was able to return within
fifteen feet around the center of rotation once the winds subsided. The vessel
remained shut in and Talos began troubleshooting efforts to determine the cause of the
failed disconnect.",Reported as a damaged or disabled safety system.,,,,,C,,,,,,,,,,"Sequence of Events:
On the evening of December 1, the HP-1 FPU was operating under normal conditions when
severe weather suddenly moved into the area. Talos reported that they were not aware
of the approaching weather, and the conditions changed extremely quickly with heavy
rain and winds in excess of 70 mph.
At 6:43 p.m., the vessel was positioned five feet from center; the weather was normal,
with winds around 20 mph out of the southwest. Approximately fifteen seconds later,
the winds had increased to 65 mph and changed direction out of the northwest. At
approximately 6:44 p.m., the winds had exceeded 77 mph, and the vessel was pushed to
almost 70 feet off center. This activated the Watch Circle Zone 2, which is an alarm-
only zone triggered at 66 feet.
At approximately 6:45 p.m., HP-1 was pushed to a maximum of 103 feet from center due
to the sudden onset of extreme winds. The bridge began the shut-in and disconnect
sequence prior to this point, when HP-1 was around 70 feet off center. The field shut
in and the crew believed all components functioned as required. Due to deplorable
conditions, visibility was poor and a disconnect could not be verified from the
bridge. An operator went to the turret to verify the disconnect and it was discovered
that the buoy had not dropped. The operator prepared to initiate another drop via the
Extreme Emergency Disconnect (EEDC), which is a hydro mechanical disconnect that
requires manual operation of a three-way ball valve and coupling of the EEDC supply
line to hydraulically force open the clamps, dropping the buoy. There are two EEDCs
located on board, one near the life rafts on the starboard (right) side and one on the
turret (EEDC #2) on the port (left) side. The operator was notified that the HP-1 had
returned to center, not to initiate the EEDC#2.
It was reported that the weather subsided as quickly as it progressed. At
approximately 6:48 p.m., the wind calmed down and HP-1 safely returned to the center
zone of the watch circle. Assessments of the top side and subsea infrastructure were
made following the incident. No damage was found in either location, and there were
no reported injuries. Following the incident, the vessel remained shut-in and,
troubleshooting efforts continued to determine the cause of the failed disconnect.
BSEE Investigation:
At approximately 9:30 p.m. on March 10, 2022, the BSEE Houma District After Hours
received an initial notification via phone call of a failed EDC event that occurred on
the HP-1 FPU. A detailed timeline describing the event was included in the email
communication chain after the follow-up email. BSEE investigators were made aware of
the situation, and the decision was made to conduct a follow-up investigation (IF) the
next day. However, weather conditions did not permit investigators to fly offshore
the following day. Another attempt was made on December 3 and BSEE investigators
successfully made it offshore.
During the IF on March 12, 2022, Investigators met with Talos management and learned
that Talos’ HP-1, a vessel known as a Floating Production Unit vessel, was
reconstructed to function as an offshore production facility, and designed to
disconnect from a buoy and move off location for reasons such as dry-dock, weather, or
other emergencies. BSEE learned that at HP-1, multiple alternative systems exist for
initiating buoy disconnection, including manual, automatic, and extreme emergency
systems. Once disconnected, the buoy, which is connected to the subsea risers, will
submerge to approximately 100 feet below the water surface.
Retrieval of the buoy is completed by utilizing a Remote Operate Vehicle (ROV) and two
large cables lowered into the water. The ROV then attaches the cables to the buoy
using large shackles, and the buoy is then raised back to the FPU into the turret
section by large hydraulic winches. This turret section of the vessel houses the buoy
and allows the vessel to rotate around the stationary buoy to adjust for sea heading
while production is online.
Once the buoy is guided back into the turret, it is connected to a section of the
turret called the multi-bore connector or quick connect/disconnect (QCDC). On this
QCDC is a stab plate, and this is what allows production to flow onto the vessel
through the production train. Production to HP-1 originates from subsea wells
connected to the FPU via subsea production risers (risers). The buoy serves as the
connection between the risers and the production train on the FPU. Once the
connection is successful, two hydraulic pistons are closed, allowing twelve clamps to
latch on to the buoy to close and hold it in place.
HP-1 is held in place by Dynamic Positioning (DP) and is the only FPU in the Gulf of
America that operates on DP. The DP system at HP-1 is a computer-controlled system
that automatically maintains a vessel's position and heading using its own thrusters
and propellers, eliminating the need for anchors. There is a designated area of
circumference that HP-1 must maintain to maximize production and minimize equipment
stress. Distances from this center location form Watch Circles, which are safety
systems designed to protect the facility and prevent pollution. The watch circle
distances and designed functions are:
• 66 feet from center – Will sound an alarm facility wide
• 100 feet from center – Will initiate a subsea Emergency Shutdown (ESD)
• 120 feet from center – Will initiate a sequence disconnect (SDC) which is the
automatic disconnect of the buoy from the vessel
Personnel have the choice to manually disconnect once the 66 feet alarm sounds.
However, the automatic responses to shut in and disconnect will initiate at the 100
feet and 120 feet circle.
The system used on the evening of December 1 consisted of two buttons, yellow and red,
that initiate a shut-in and disconnect sequence when activated simultaneously. The
yellow button initiates a subsea shut-in, and the red button will initiate the buoy
disconnect sequence. Once the sequence is activated, the buoy should be released in
less than one minute. The order of activation is yellow, immediately followed by red.
There are four locations of these buttons stationed throughout the vessel: In the
bridge, the Offshore Installation Manager (OIM) office, the control room, and the
Motor Control Center (MCC). The station on the bridge was activated on December 1 in
response to the weather event.
BSEE also learned that there are twelve clamps stationed in the turret above the buoy
that hold it in place. These clamps are operated by two hydraulic pistons that are
designed to open in response to an EDC signal. One piston is sufficient to open all
clamps, the other is in place for redundancy. Talos discovered in the initial
troubleshooting following the incident that the primary hydraulic piston did not
function, which resulted in a failed disconnect. Talos reported that the hydraulics
bled down properly as designed, so the piston should have operated. Further
investigation into the matter revealed that the piston was replaced in 2024 when HP-1
was on drydock, along with a full replacement of the clamp O-rings. However, multiple
drops occurred since that time with success, including the annual inspection and for
Hurricane Francine evacuation.
Further investigation into the pistons revealed corrosion build up including heavy
rust on the rotating collars of the multi-bore connector (QCDC). It was hypothesized
that the buildup of rust possibly prevented the pistons from functioning properly.
Talos cleaned and removed the entire collar surface of the rust built up to ensure a
smooth surface. Fresh grease was also applied directly to the surfaces and into all
grease nipples around the QCDC as per the lubrication procedures of the FES Disconnect
Transfer System Operating and Maintenance Manual. Both pistons were function-tested
numerous times to ensure smooth operation of all contact points, bearings, clamps, etc.
Talos presented BSEE with a plan to verify full functionality, redundancy, and
reliability of all the disconnect systems. The plan was to simulate the scenario
experienced on December 1, with a multistep procedure, followed by multiple tests after
the buoy has been successfully disconnected to ensure system functionality. All
components in the system would be verified during these tests. BSEE agreed with the
proposed plan and instructed Talos that these tests will need to be witnessed by BSEE
personnel to give approval to return to service. BSEE investigators planned to return
to location once Talos was prepared to begin the testing.
After the initial IF, Talos began conducting their own tests separate from the BSEE
investigation. On March 12, 2022, after BSEE departed HP-1, Talos conducted their
first test by recreating the event. HP-1 was brought out to 103 feet in the same
southeasterly direction. The EDC was activated with an unsuccessful disconnect once
again. Visual pressure gauges and trends showed the signal was sent to the pistons,
but failed to actuate once more.
Talos then attempted to test the SDC via watch circle activation. The set point to
auto disconnect was temporarily changed from 120 feet to 100 feet. This method
produced a successful disconnect and the buoy dropped. After retrieval of the buoy,
Talos continued to test the EDC, EEDC, and SDC again as planned; all producing
successful drops. Once the tests were completed, Talos elected to change out the
malfunctioning piston with a spare they had on board and conducted further testing as
necessary following the replacement of an EDC piston per procedure. BSEE was notified
and prepared to return to HP-1 to witness the required testing needed for approval to
return to production.
On March 16, 2022, BSEE investigators returned to HP-1 to witness the required tests
needed for approval. Upon arrival, Talos informed BSEE that they continued to conduct
several scenarios of testing following the piston replacement. Including, a recreation
of the incident, plus the SDC and both EEDC locations. BSEE required Talos to conduct
four tests: an incident recreation, an automatic activation of the SDC, and manual
activation tests for both EEDCs.
The first test BSEE witnessed was a recreation of the incident. One investigator was
positioned in the bridge to verify EDC activation via buttons, and the other was
positioned on deck with a proper view of the buoy from a safe location to verify
release. At approximately 5:30 p.m. on December 7, Talos conducted the incident
recreation test and brought HP-1 out to 103 feet of the watch circle. The EDC was
activated with the bridge button system and BSEE investigators witnessed a successful
disconnect and buoy drop. Talos expressed to BSEE that the turn around to reattach the
buoy was about five hours.
Once HP-1 had successfully latched onto the buoy, the automatic SDC test at the 120-
foot watch circle was conducted. Both BSEE investigators positioned themselves in the
control room, which displayed a live visual simulation of watch circle boundaries, the
vessel’s position, and real-time crossing points. Live camera feeds of the buoy were
also available for verification. The test began at approximately 9:20 p.m., with HP-1
drifting toward the 100-foot watch circle. At 9:25 p.m., HP-1 crossed the 100-foot
mark, successfully triggering a subsea ESD. HP-1 continued drifting until it crossed
the 120-foot mark at approximately 9:30 p.m., at which point the SDC successfully
activated, disconnecting the buoy. BSEE investigators verified the buoy drop via live
camera footage. Due to the lengthy retrieval process and investigators’ work-hour
limitations, testing concluded for the night.
Poor weather conditions on December 8 prevented Talos from safely retrieving the buoy
due to rough seas. Talos explained that retrieval of the buoy in such conditions is
hazardous and could result in equipment damage and personnel injury. The decision was
made to stand down until weather conditions improved. By early morning on December 9,
the weather conditions had subsided enough to allow HP-1 to safely maneuver over the
buoy and retrieve it. At approximately 4:22 a.m. on December 9, Talos conducted the
test on the manual EEDC #1 located on the starboard side of the vessel near the life
raft station. One BSEE investigator was stationed in the bridge for a proper view of
the buoy. The other was positioned on site at the EEDC #1. A Talos operator activated
the valves to initiate the disconnect sequence. The test was successful and the buoy
dropped.
HP-1 was able to successfully retrieve the buoy around midday on December 9. EEDC #
2, located on the turret, was the only station left to be tested. At approximately
3:00 p.m. on December 9, Talos conducted the final test on the EEDC #2. Both BSEE
investigators were positioned at EEDC to witness; the buoy was visible from this
position. The disconnect was initiated and the buoy successfully dropped. With all
required tests completed successfully, investigators expressed satisfaction and
instructed Talos to request final approval to return to production through the BSEE
Houma District.
Once HP-1 was back on normal production status, Talos sent the removed piston onshore
to a contractor to conduct a proper teardown inspection to identify any deficiencies.
The contractor conducted a full teardown inspection of the piston, including
inspection for internal failure, leaks, and any other issues that would prevent the
cylinder from retracting. The contractor concluded that no abnormalities were found
after the inspection and multiple function tests were completed on the piston. The
cylinder functioned normally, and no failure of the cylinder could be found. Only
minor discrepancies were identified, including negligible corrosion on the exterior of
the piston body and miniscule scratches observed on the rod. However, the contractor
reported that these deficiencies were within operational tolerance and should not be
considered as the contributing cause to the incident.
Conclusion:
After all the evidence gathered during the onsite follow-up, reviewing witness
statements, taking pictures, and witnessing the tests of the disconnect systems
presented by Talos, BSEE concludes that the direct cause of this incident was the
hydraulic piston that failed to open during the event on December 1. Had the piston
functioned properly, as witnessed by BSEE, the buoy would have successfully dropped
and allowed HP-1 to safely disconnect from production during severe conditions.
Additionally, one contributing cause to this incident is the severe weather conditions
that abruptly took place on the evening of December 1. Talos expressed that they were
aware of weather passing north, but no weather was forecasted for their location. Had
this weather event not occurred, the loss of station would not have occurred and there
would have been no need to originally disconnect. Had Talos been aware of the
approaching storm, better preparations could have been made, including a head change,
which would have better held the vessel in place on center location.
Talos implemented multiple long term corrective actions as a result of this incident.
Proper lubrication and inspection will be conducted after every disconnect and before
reconnection in accordance with the FES Disconnect Transfer System Operating and
Maintenance Manual. This will occur at least annually as well as any event separate
from testing that may require a disconnect to occur. All lubrication, maintenance,
and inspections of the QCDC will be tracked and monitored in the company's electronic
maintenance management system."
CP-3D7A1B48AC,,,2022-03-19,23:30,2022-03-24,GB,426,A-Auger TLP,,Marine & Logistics,LIFTING,Loss Event,Health & Safety,Injury Minor,,SYN-d35f57,HSE Advisor,SYN-190286,Facility Engineer,SYN-aabca4,Production Foreman,2022-04-04,SYN-d2adaa,Facility Engineer,2022-04-28,"On 19 March 2022, at approximately 1310 hours, an injury occurred on Shell Offshore
Inc. (Shell) OCS-G08241 Garden Banks (GB) 426-A.",The IP was transported to a medical facility for additional medical treatment including X-rays that revealed a closed displaced fracture on the fifth metacarpal bone of the left hand.,,,,,,,,,,,,,,,"Sequence of Events:
On 19 March 2022, a production operator was on the deck testing the boarding shut down
valve (BSDV) for the Cardamom Field. There were three control room operators monitoring
the pressures of the BSDV’s during the testing. As the testing began, a contract
chemical employee, the injured personnel (IP), began asking questions on the BSDV
inspection process. The Production Operator reviewed the procedure with the IP. The
valve alignments were made to begin the leakage test and the pipe pressure was reduced
to 0 psig through the flare system. The Production Operator confirmed with the Control
Room Operators that the pipe had 0 psig. A hose that was not secured was installed
between BSDVs 2471A and 2471B that was utilized to drain residual fluid in the BSDV
skid drain. The Production Operator opened the needle valve connected to the hose to
drain any residual fluid and observed cycles of fluid and gas indicating the BSDV may
have been leaking. The Production Operator walked to the other side of the BDSV to
retrieve a grease gun to perform maintenance on the BSDV. While the IP was holding the
hose with his right hand approximately 3.5 feet from the end, the hose became
pressurized, releasing a high amount of pressure at the end. This occurred due to the
equalizing valve BSDV 2471B being opened at the LCP-2470 Cardamom Boarding Valve
Control Panel, causing the IP to lose control of the hose. Shell was unable to identify
who opened the BSDV 2471B equalizing valve while completing the blowing down of the
flowlines. The metal fitting on the end of the hose came in contact with the IP’s left
hand. The IP then released the hose and attempted to exit the BSDV skid area. While
attempting to exit the area, the metal fitting on the end of the hose struck the IP in
the back that resulted in welts near the right shoulder blade. The Production Operator
proceeded to the panel and closed all valves on the Boarding Valve Panel except for the
BSDV 2471C, to shut off the pressure to the hose. The IP was taken to the Platform
Medic’s office to be evaluated. The Platform Medic consulted with an Onshore Physician
and the decision was made to fly the IP onshore for additional treatment. The IP was
transported to a medical facility for additional medical treatment including X-rays
that revealed a closed displaced fracture on the fifth metacarpal bone of the left
hand.
BSEE Investigation:
On 19 March 2022, the Bureau of Safety & Environmental Enforcement (BSEE) Lafayette
District (LD) Accident Investigator (AI) received a notification via phone call of an
incident with injury occurring on Shell’s GB 426-A “Auger Facility”. The AI requested
additional information pertaining to the incident such as Shell’s Boarding Valve
Testing Procedure and other relevant documents from Shell.
On 20 April 2022, the BSEE LD AI and the BSEE Production Supervisory Inspector performed a
phone interview with the IP. Photographs of the incident location were taken on 3 April
2021, and emailed to the AI. Procedures were requested, and witness statements of
relevant personnel were taken and emailed to the AI. BSEE LD Inspectors were delayed
from visiting the location due to COVID restrictions and began quarantine procedures
due to the GB 426 Facility’s level 3. The on-site investigation was conducted by BSEE
LD Inspectors during the scheduled annual inspection that was conducted on 21 July
2021.
The AI discovered that utilizing a hose to indicate zero pressure on the flowline was
not part of Shell’s Operating Procedure. The Operating Procedure states that blowing
down to “zero pressure is not required. Blowdown to a point where at least 500 psi
differential is across the boarding valve and monitor for pressure build-up”. The IP
had no experience with testing the BSDV’s and did not realize that the hose could
pressurize.
Conclusion:
BSEE found that the probable cause of the injury was due to pressure being
introduced to the hose after the piping had been bled down to zero. Utilizing the
hose to show zero pressure on the flowline was not part of the Shell’s Operating
Procedure. An additional probable cause includes allowing the IP to assist in the
testing of the BSDV without prior experience in boarding valve testing operations."
CP-6E609FE29C,,,2022-03-28,12:45,2022-03-31,GC,236,RIG NAME NOBLE THERALD MARTIN,,Construction,,Loss Event,Health & Safety,,,SYN-6f1456,Maintenance Supervisor,SYN-074300,Production Foreman,SYN-3a6aec,Facility Engineer,2022-04-05,SYN-32c42e,Operations Superintendent,2022-08-08,"The drill crew was in the process of installing chicksan lines on the Expro Flowhead.
The flowhead contains valves with handles that are held in place by
safety pins. The crew was unaware that at some point after
installation, the safety pin that secured the master valve handle fell out/was
removed. While in the process of relocating one of the tugger lines,
personnel tried to whip the line to get it on the other side of the valve and knocked
the valve handle off. The valve handle weighing
feet and struck a Noble employee on the side of
employee sustained lacerations around the right
head. Also, his wrist was broken.",The incident resulted in an injury recorded without a severity code.,,,,,,,,,,,,,,,
CP-99AE614DE1,,,2022-04-10,12:00,2022-04-11,MP,107,D,HERCULES 204,Maintenance,LIFTING DEVICE,Near Hit,,,,SYN-a443f4,Operations Superintendent,SYN-9f02ca,HSE Advisor,SYN-7cee19,Maintenance Supervisor,2022-04-18,SYN-a7e921,Operations Superintendent,2022-06-02,"On April 10, 2022, at approximately 1145 hours, on the Hercules 204 located at LLOG
Exploration Offshore, Inc.'s Lease OCS-G 31435, Main Pass Block 107, rig floorhands
were attempting to break three joints of tubing (one stand) and lay the tubing on the
casing deck. The stand of tubing was in the mouse hole, and one joint was broken and
laid down. The rig personnel decided prior to starting the job, that 36 inch pipe
wrenches would be used to break the tubing, in lieu of the hydraulic tongs that were
available on the floor for this specific job. Rig personnel were using the hydraulic
tong that was located on the rig floor as a stop to support the back-up 36 inch pipe
wrench. The hydraulic tong was not connected to the tugger and was sitting in the up
right position. When pressure was applied against the tong, the tong fell over. The
hanging cylinder for the tong was connected to the top of the tong and rested
downward towards the deck with a four part shackle connected on the end with a cotton
pin. When the tong fell over, the cylinder resting from the top lifted upward and the
shackle on the end of the cylinder, with the cotton pin, struck the Injured Person
(IP) in the face, resulting in a 1 ½"" laceration to his left cheek. The IP was
treated by the medic and was evacuated for medical treatment, where he received
stitches and was given a full release to return to work.",The facility was evacuated.,,,,,,,,,,,,,,,
CP-9534B48819,,,2022-05-17,19:21,2022-05-18,MC,522,,T.O. MARIANAS,Construction,LIFTING DEVICE,Loss Event,Health & Safety,Injury TLI,,SYN-606e96,Operations Superintendent,SYN-a0d216,Production Foreman,SYN-4bba0e,HSE Advisor,2022-05-21,SYN-d8a98c,Maintenance Supervisor,2022-06-07,"On May 17, 2022, on the Transocean Marianas, located at BP E&P Inc.'s Lease OCS-G
8823, Mississippi Canyon (MC) Block 522, a Roustabout suffered a back sprain while
moving heavy equipment. The Injured Person (IP) was moving heavy equipment into an
enclosed container for shipment when a pry bar
weight on a 2x6x4 piece of wood he was placing
evacuated on a scheduled flight to Houma. Loss","On May 17, 2022, on the Transocean Marianas, located at BP E&P Inc.'s Lease OCS-G 8823, Mississippi Canyon (MC) Block 522, a Roustabout suffered a back sprain while moving heavy equipment.",,,,,,,,,,,,,,,
CP-D330F37F05,,Very Serious Incident,2022-05-21,12:15,2022-05-22,WR,315,,SEADRILL WEST VELA,Maintenance,LIFTING Material handling with tugger,Loss Event,,,,SYN-087c4a,Facility Engineer,SYN-88448f,Production Foreman,SYN-c31ebb,Maintenance Supervisor,2022-05-26,SYN-73182f,HSE Advisor,2022-06-17,"On May 21, 2022, an incident occurred on board the Seadrill West Vela drillship
working for Equinor Gulf of Mexico LLC. Drilling operations were being conducted at
Walker Ridge Block 315 OCS-G35733 Well #001. The drill crew was in the process of
replacing the Hydra-racker hoist wire rope when the wire rope slipped from its rigging
and fell approximately 114 feet to the drill floor. No injuries were reported, and an
onsite investigation was initiated. This incident had a high severity dropped object
potential.
On the morning of May 21, 2022, the drill crew was assigned to cleaning the main
and auxiliary Hydra-rackers on the rig floor. The main Hydra-racker was positioned on
the auxiliary side due to wireline operations taking place on the main side of the
drill floor. While in the process of cleaning the main Hydra-racker, a drill crew
member noticed there was damage to the main Hydra-racker wire rope and reported it to
his supervisor. The supervisor made the decision to replace the damaged wire rope with
a new one. A Pre-job meeting was held and a “Task Based Risk Assessment “(TBRA) and a
“Step by Step Procedure” (SSP) form was reviewed and signed by all personnel involved
with this process. The drill crew proceeded to disconnect the lower thimble on the
damaged cable and connect it to the new cable. Utilizing the racker winch and the
damaged wire rope, the drill crew rigged and pulled the new wire rope up to a staged
position. After securing the new wire rope to the racker beam, the drill crew slacked
off the damaged wire rope and disconnected it from the new one. Once disconnected, the
old wire rope was rigged up to a tugger to pull it completely off the winch drum and
spooled up on a cable drum. The drill crew attached the new wire rope to the tugger
and released the hang off rigging in order to stab the tail end of the cable into the
drum clamps. While the drill crew was attempting to secure the new wire rope to the
drum clamps, the rigging came free and dropped the wire rope approximately 114 feet to
the rig floor. There was no damage to equipment and no injuries were reported.
Investigation:
Due to Covid-19 pandemic protocols, the Bureau of Safety and Environmental Enforcement
(BSEE) investigation team was not able to conduct an initial onsite investigation
immediately. The investigation team was able to collect incident documentation, photos
and witness statements furnished by the operator at the team’s request. The
investigation team reviewed the incident documentation and noted:
The investigation team found a pre-job meeting was held and a TBRA and SSP was
reviewed and signed by all personnel involved in the operation on the auxiliary side
of the drill floor.
As work commenced, the drill crew removed the lower thimble on the damaged wire rope
and rigged it up the new wire rope. Utilizing the damaged wire rope and racker winch,
the drill crew pulled the new wire rope to the winch location using a nylon strap and
hung it off on the racker beam. After disconnecting the damaged wire rope from the new
wire rope, the drill crew spooled up the damaged wire rope onto a cable drum. The
tugger was then rigged to the nylon strap holding the new wire rope attached at the
racker beam. As the drill crew connected the new wire rope rigging to the tugger,
removing the weight from the racker beam, it was possible to connect the tail end to
the clamps on the winch drum. While the drill crew was attaching the cable, the new
wire rope came free from the nylon strap and fell approximately 114 feet to the drill
floor.
The investigation team also noted that the rigging procedure utilizing the nylon strap
was not carried out as per the TBRA. The procedure calls for the use of a 1-3/8” clamp
connected to the dead-end side of the wire rope. The drill crew was unable to locate
that clamp but proceeded anyway, using several wraps and multiple half hitches of the
nylon strap to the new wire rope to hoist into place. The nylon strap used in this
process was not located in the Seadrill onboard sling registry and had no inspection
certifications. It was not a Seadrill sling issued by any of their vendors and it is
unclear where the sling originated. It was also noted in the final company report that
possibly the preservative used to coat the new wire rope could have saturated the
nylon strap allowing the wire rope to slip out.
Seadrill action plans are to update the appropriate maintenance procedure with the
proper manufacturer procedure and ensure that the proper wire snakes are available on
board to use for the wire rope replacement. Also, Seadrill has updated the appropriate
TBRA’s and SSP’s to reflect change in the manufacturer’s procedure.",There was no damage to equipment and no injuries were reported.,Very Serious Incident,,Very Serious Incident,25,E,5,,,,,,,,,
CP-F5097143EF,,Incident,2022-05-25,12:00,2022-05-30,WD,73,A,,Construction,LIFTING,Loss Event,Environment & Reputation,Loss of Containment,,SYN-ffacb3,HSE Advisor,SYN-ec8964,Facility Engineer,SYN-52791a,Facility Engineer,2022-06-07,SYN-e481dd,Marine Coordinator,2022-07-28,"From 25 May 2022 to 27 May 2022 several pollution events occurred at the West
Delta (WD) Block 73 A Platform, Lease OCS-G 1083 operated by Cox Oil (Cox). BSEE
inspectors observed the first pollution event and estimated it to be 14 barrels (bbls)
of oil. BSEE and Cox independently reported the pollution to the National Response
Center (NRC) #1240673 and #1240592, respectively. Although BSEE ordered the shut in of
the platform on 25 May 2022, this pollution event continued until 27 May 2022 due
to several valve failures in the produced overboard water discharge line. The shut in
of this platform affected several platforms in the WD 73 Field: WD 73 C, WD 73 D, WD
74 B, WD 74 F, WD 91 G, WD 93 E, WD 99 B. A second separate pollution event occurred
on 25 May 2022 due to two oil pump failures which contributed to the original 14
barrels of oil. A third pollution event of less than a barrel of oil occurred on 21
March 2019, when the platform’s sump system overfilled during cleanup efforts: NRC
#1240626. On 27 May 2022, Cox reported a final observation of less than a gallon:
NRC #124073. After the final report, Cox mitigated the pollution by removing the
faulty valves. No injuries occurred from these incidents.",No injuries occurred from these incidents.,Incident,,Incident,6,C,2,,,C,,,,,,"Sequence of Events:
According to Cox’s Root Cause Analysis (RCA), on 25 May 2022, at 11:37 on the WD 73
A Platform, the Solar gas compressors inadvertently shut down due to wet fuel gas,
resulting in a loss of discharge pressure to the gas lift loop for the entire WD 73
Field. At 13:00, the Operators brought the Solar compressors back online returning the
field to full gas lift pressure. However, this resulted in a fluid surge to the
instrument gas supply and the produced water system. When the excessive fluids reached
the produced water system, the Free Water Knockout (FWKO) vessel lost its interphase
fluid level. As a result of the higher oil to water ratio, oil discharged through the
water dump piping to the Skimmer Vessels. The Skimmer Vessels subsequently lost their
interphase fluid level resulting in the abnormal amount of oil discharged to the two
Flotation Units. Once the abnormal volume of oil reached the Flotation Units, the
excess hydrocarbon discharged to the single produced overboard water discharge point,
causing a spill in the Gulf of Mexico (GOM). The Operators observed the sheen and
identified the source as the produced water outlet. The Operators then closed the
produced water outlet shut-down valve. However, leaks internal to the isolation valves
went undetected until 27 May 2022 causing continuous pollution.
At 15:30, one of the Skimmer’s pneumatic oil pumps failed, spraying oil on the deck.
The Operators removed the failed pump and began cleaning oil from the deck. Next, a
second pneumatic oil pump failed, also spraying oil on the deck. As a result of the
pump failures, hydrocarbon sprayed from the pumps and entered the GOM causing the
second pollution event. At 15:35, BSEE Inspectors observed the sheen while flying back
to New Orleans from an inspection in the Mississippi Canyon Area. BSEE Inspectors
documented and recorded the sheen before landing on the platform. Both pneumatic pumps
failed before BSEE Inspectors landed at 15:50. Before leaving, BSEE Inspectors ordered
the shut-in of the A Platform.
A third pollution event of less than a barrel of oil occurred on 26 May 2022, when
the platform’s sump system overfilled during cleanup efforts: NRC # 1240626.
The original pollution event stopped on 27 May 2022, when Cox identified that three
failed valves allowed continuous seepage of hydrocarbon out of the produced water
discharge lines.
BSEE Investigation
BSEE Inspectors observed a sheen on 25 May 2022, and documented it to be 6 miles
long, 0.7 miles wide, 65% silver, 20% rainbow, and 5% dark brown with 85% coverage
calculated at 14 bbls of oil. After landing at 15:50, the BSEE Inspectors performed a
walkthrough of the A Platform. BSEE observed an operator gathering information about
the sheen with the intention of reporting the pollution to NRC. Cox reported the sheen
at 17:47 at 8.3 bbls (NRC #1240592). The Inspectors then observed hydrocarbon on the
deck, grating, facility legs, and equipment on the cellar deck below the Skimmer’s
pneumatic oil pumps (PBA-107 and PBA-108). This confirmed the failed pumps as a source
of pollution into the GOM waters. The Inspectors requested the Job Safety Analysis
(JSA) for the work on the pumps; however, the operator failed to perform a JSA before
removing the pneumatic oil pumps. Next, the Inspectors noted and photographed that
personnel failed to properly install the pumps with respect to the different bolt
patterns and dissimilar materials (plastic to carbon steel). BSEE later discovered
that the pumps were non-metallic and must be torqued to manufacturer specifications to
prevent cracking or leaks.
Then, the Inspectors discovered and photographed six safety devices on the Platform
Auxiliary Panel in bypass. Inspectors observed two platform personnel in the area of
the bypassed Skimmer Vessels; however, these personnel were performing work other than
monitoring the safety devices. Additionally, five of the devices indicated an abnormal
condition but the required shut-in functions had not been executed. The Inspectors
photographed the valves that would isolate the process from the Skimmer Vessels in the
open position. Therefore, the Skimmer Vessels were not out of service at the time of
the bypass discovery. Next, the Inspectors confirmed that the main pollution source
was the produced water discharge outlet by documenting the excessive oil content in
the Flotation Units (ABM-A002 and A003). Next, BSEE Inspectors verified that
production was still flowing since the bypassed devices could not execute their shut-
in function. As a result, the BSEE Inspectors requested that the facility be shut in.
BSEE issued an E-100 (S) Enforcement INC to Cox for the oil sheen. The Inspectors
further documented evidence that the facility’s drain system was not functioning
properly which caused a hazardous accumulation of hydrocarbons in the containment
skids of the Water Skimmers and Flotation Units. The Inspectors also noted that
personnel could not provide BSEE approved As-Built drawings while on the facility.
BSEE Inspectors and Accident Investigators (AI) performed a follow-up inspection on 21
March 2019. Upon arrival, the Inspectors noted and photographed a sheen emanating from
the facility. Cox reported this sheen to the NRC as 0.2 gallons at 09:03 (NRC
#1240626). The pollution event was reported to have occurred at 07:05. During the
follow-up investigation, BSEE photographed evidence of oil overflow out of the top of
the Sump Tank (ABH-A001). The Inspectors photographed the top of the sump tank which
contained a hazardous accumulation of hydrocarbon. BSEE also witnessed a level
measurement of the oil in the sump tank which indicated oil had entered the water
discharge leg of the sump causing further pollution. Additionally, the Inspectors
documented a Vacuum Pressure Safety Valve (VPSV) on top of the Sump Tank in an
unlatched position. The BSEE Investigators determined the pumping down of the
containment skids and vessels into the Sump caused discharge from the sump.
Next, an event unrelated to the original spill occurred; AI’s witnessed liquid
methanol and hydrocarbon gas blowing from the top of a sight glass vent into the
atmosphere. The Investigators found that a check valve failed which allowed backflow
into the methanol transporter.
The following day Investigators reviewed additional spill reports. At 10:35 on 22
March 2019, Cox reported a sheen to the NRC which occurred that day at 08:20 estimated
at 1 teaspoon (NRC #1240743). National Oceanic and Atmospheric Administration (NOAA)
reported to the NRC (co-located to NRC#1240743) a sheen (discovered via satellite
imagery) at 16:32 on 27 May 2022 that was 5.8 nautical miles (nm) long and 0.16 nm
wide. The reason for the continued pollution was related to the original incident.
The Cox Production Manager stated that three valves on the overboard water discharge
lines failed to hold. When Operators identified the valve failures, they removed the
valves and installed a skillet preventing further pollution. The Cox Production
Manager stated that excessive sand and debris in the produced water process vessels
caused the valve failures. Cox Operators later confirmed this statement when they
identified sand and debris in the vessel during cleanout.
The BSEE investigation reviewed documentation to determine the root cause of the
pollution out of the overboard water discharge. After reviewing Cox’s RCA and speaking
with the Cox Production Manager, BSEE agreed that the loss of interphase level in the
FWKO caused this pollution event. The Cox RCA suggests that a failure of a control
valve on the discharge line from the FWKO to the scrubber vessels as the cause for the
loss of the interphase level. The Cox RCA stated that condensate in the instrument gas
supply line of the control valve caused the control valve’s failure. However, BSEE
Investigators add that sand and debris in the control valve could have exacerbated the
failure. BSEE also determined that the Operators could have caused the excess of
fluid in the produced water system by failing to restrict flow when they fully
restored the gas lift pressure. Operators confirmed the presence of condensate in the
control line when they drained the lines at the control panel. BSEE was not able to
confirm any fluid in the instrument gas supply. The Cox RCA claims the excessive
condensate was due to the Operators’ failure to maintain a proper level in the MBF-
A016 (Fuel Gas Scrubber). This vessel needs to be manually drained, especially after a
compressor shut down, to prevent excessive condensate in the instrument gas supply.
BSEE also agrees with Cox’s assessment that the fluid in the instrument gas supply
would have rendered several required safety devices inoperable. When reviewing Cox’s
operating procedures for WD 73, BSEE noted that the Operators should have tested the
safety devices before allowing process flow to the vessel. Furthermore, the Cox
Production Manager stated that the instrument gas supply had a history of excessive
condensate. In fact, a permit was in work to fix this issue at the time of the
incident. However, the Cox WD 73 operating procedure failed to mention draining the
instrument gas supply after a compressorshutdown. This pollution event continued from
25 May 2022 to 27 May 2022 because the overboard water discharge valves failed to
close. BSEE agrees with Cox’s Production Manager that the cause for the valve failures
may have been sand and debris preventing full closure of the valves.
The failed sump pumps discharging hydrocarbons caused the second pollution event. The
Cox RCA originally stated that a failed pump (PBA-107) diaphragm caused the discharge.
However, the Cox Production Manager later stated that the pollution was a result of a
failed flange. BSEE believes that both causes occurred. BSEE was able to support the
possibility of a failed flange on the first Skimmer Pump due to the photographs of
improper flanging on other similar pumps by the same manufacturer. Photographs show
mismatched flanges mated with missing bolts. Also, personnel statements indicated that
as the BSEE Inspectors landed, the second Skimmer pump (PBA-108) failed contributing
to this pollution incident.
Discharge from the Sump Tank overboard water discharge line and overflow out the top
of the Sump Tank (ABH-A001) caused the third pollution event as evidenced by BSEE
Investigators’ photographs. The root cause of this pollution was the manual pumping of
hydrocarbons from overflowing containment skids into the deck drains, which
overwhelmed the two sump pumps capacity to effectively maintain an appropriate level.
This pollution could have been prevented if the Sump was manned during this operation
since the Sump Level Safety High (LSH) would not have shut in any manual pumping
operations. Relief records indicated that the two sump pumps were repaired the
previous hitch and again repaired/replaced immediately after this pollution incident.
Conclusion
BSEE concluded that there were three sources of pollution between 25 May 2022 and 22
March 2019. First, the produced water discharged hydrocarbon into the GOM as a result
of excessive hydrocarbon in the water processing vessels, the Free Water Knockouts,
Skimmers, and Flotation Units. This pollution source was not fully stopped until 22
March 2019 due to leaking valves in the overboard water system. The second source of
pollution occurred on 25 May 2022, due to failed pumps discharging hydrocarbon over
containment into the GOM waters. The third point of discharge was caused by discharges
from the Sump Tank overboard water discharge line and overflow out the top of the Sump
Tank. The investigation resulted in 14 INCs and a list of corrective actions for Cox."
CP-66B4C93D81,,Very Serious Incident,2022-06-03,23:15,2022-06-05,WR,160,,T.O. DISCOVERER,Maintenance,LIFTING DEVICE PRS - Dropped objects,Loss Event,,,,,,SYN-7280d0,Facility Engineer,,,,,,,"On June 3, 2022, while working for Statoil Gulf of Mexico LLC, an incident
occurred onboard Transocean’s Discoverer Americas when a collision between a stand of
drill pipe and the rig’s Pipe Racking System (PRS) led to two pieces of equipment
falling approximately 144 feet to the drill floor. At the time of the incident, the
rig was performing drilling operations on Statoil’s #002 well and was located in
Walker Ridge Block 160, Lease OCS-G34634.
At 18:00 hours, the day of the incident, the drill crew onboard the Discoverer
Americas performed a shift change and held a pre-job safety meeting with the crew
members who were working on the rig floor to discuss the upcoming operations.
Although a Written Risk Assessment (WRA) was performed and a safety meeting held
before the work began, the crew failed to discuss the hazards involved with
transferring ‘Tall Stands’ of pipe. The Driller stated in an interview that he
assumed that the task of transferring the ‘Tall Stand’ of pipe would be discussed
further, and in more detail, once the crew had gotten to that point. A ‘Tall Stand’
of drill pipe is an average stand of drill pipe that has a crossover installed on the
bottom of it. The crossover is installed to allow the crew to transition from one
size drill pipe to another when using a tapered drill string. Special attention must
be given while transferring these stands of pipe due to limited space on the drill
floor.
At approximately 23:00 hours, the drill crew finished running the 5 inch drill pipe
and began preparing to run the 5 7/8 inch drill pipe. The Assistant Driller (AD),
who was in charge of running the PRS, went out to the drill floor to confirm that all
of the proper changes had been made to the equipment before transferring of the 5 7/8
drill pipe began. The AD instructed one of the Floorhands to keep a close watch on
the drill pipe as it was transferred from the PRS to well center. The Floorhand
positioned himself at a safe distance from the lift while maintaining good visuals of
both the PRS and the AD.
Upon returning to the Driller’s console, the Driller asked the AD if he had confirmed
the Inside Diameter of the elevators and the Outside Diameter of the drill pipe to
ensure they were compatible. The AD had only confirmed the size of the elevators and
had to return to the drill floor to get measurements on the pipe. Once back in the
Driller’s console, the Driller reminded the AD to visually verify the clearance
between the top of the stand of pipe and the PRS tub by using the rig’s camera. He
also asked if the Floorhand had been briefed on the operation. The AD confirmed that
the Floorhand had been briefed and proceeded to transfer the stand of pipe.
The AD extended the arms of the PRS and grabbed the stand of pipe. With the pipe
secured, the bottom latches of the fingerboard were opened. The Floorhand signaled
the AD to pick up on the stand of pipe in order to clear the base of the racker.
The procedure for picking up a ‘Tall Stand’ of pipe calls for the stand to be picked
a minimum of 2 to 3 inches and then retracted and tilted 45 degrees before continuing
to pick up. This step is to ensure that the stand of pipe is able to clear the PRS
Tub. Based on the AD’s statement, he was focused solely on the instructions given to
him by the Floorhand and not on his camera or following the proper procedures as he
was making the lift. The AD continued to lift the stand of pipe, unaware of his
proximity to the PRS Tub. As the stand of pipe came into contact with the PRS Tub, a
loud bang was heard on the drill floor and the PRS automatically lowered the pipe
back to the drill floor. The job was stopped and an investigation into the incident
began. It was found that the result of the incident was half of the PRS’s Support
Retainer, weighing 79 lbs., and a Teflon Bearing, weighing 3 lbs., being knocked off
of the PRS and falling 144 feet to the drill floor.","Reported as a lifting-device incident. Estimated property damage $16,282.",Very Serious Incident,,Very Serious Incident,25,E,5,,,,,,,A,,
CP-57D88C9DD8,,Serious Incident,2022-06-06,20:30,2022-06-07,ST,245,A,,Marine & Logistics,LIFTING DEVICE,Loss Event,Business Interruption & Cost,Equipment Damage,,SYN-fa8c3d,Production Foreman,SYN-77c976,Production Foreman,SYN-d14721,Production Foreman,2022-06-12,SYN-f2b518,Maintenance Supervisor,2022-07-11,"During Plug and Abandonment (P&A) operations the crane operator was instructed to
position the Manitex ML 1200 platform crane over the number five wellbay, check the
angle and make the lift to the maximum allowable pull at that angle. While attempting
to pull 570 feet of 7-5/8""casing with the platform crane, the bolts holding the ring
bearing to the pedestal broke causing the crane to fall. When the crane fell it
struck the helipad and landed on top of a pump skid and a displacement tank.
Subsequent to the incident the P&A work was shut-down. There were no injuries or
pollution associated with the incident.
The Root Cause Analysis (RCA) performed by the Operator indicated that the ring
bearing connection was not inspected during the crane annuals. The RCA indicated that
eighteen swing gear bolts,however, were indicated to have been loose with three
broken. The last crane maintenance inspection was performed on 6 June 2022 and the
last annual inspection on 17 March 2022.
The crane operator was qualified for the type of crane, but had no actual operational
time on this crane type, there was no weight indicator in the crane cab, but a
dynamometer was installed on the main block hoist. A signalman was utilized for the
lift operation using standard hand signals.
No Job Safety Analysis (JSA) documentation could be located to determine that a JSA
was performed prior to the incident.",There were no injuries or pollution associated with the incident.,Serious Incident,,Serious Incident,20,D,5,,,,,,,C,,
CP-9D63C7E5D6,,,2022-06-07,13:15,2022-06-08,AC,857,A(Perdido),H&P 205,Production Operations,LIFTING DEVICE,Loss Event,Health & Safety,Injury TLI,,SYN-de0828,HSE Advisor,SYN-ea9b39,Maintenance Supervisor,SYN-cb27c0,HSE Advisor,2022-06-12,SYN-80e17c,Maintenance Supervisor,2022-09-01,"On June 7, 2022, an injury occurred during drilling activities at Alaminos Canyon
857, H & P 205 Rig, OCS-G-17565, operated by Shell Offshore, Inc. The injury
occurred on Well GA006 (API#608054004401) during general rig maintenance. An H & P
Mechanic was struck in the face by a flange associated with a butterfly valve for a
saltwater filter, causing lacerations above his right eyebrow and down the bridge of
his nose. The H & P Mechanic was medevaced to a medical facility for stitches and
returned to the rig the next day.
H & P 205 Rig Mechanic was in the process of tightening bolts to a flange connection
for a butterfly valve secured in a bench vise. While torqueing the second to last
bolt on the flange connection, the flange rotated in the vise due to the force
applied, causing the flange to release from the vise striking the injured party in
the face. Factors which caused the injury include improper body position and
excessive force applied to the tool being utilized.
Personnel should not apply excessive force to a tool while pulling toward their body
or stand in the direct path of impact should equipment fail. The vice utilized during
the incident was replaced due to excessive wear on the jaw. Standing in line with the
open part of the jaw reduces the vice’s clamping force on the object being held, and
may allow the object to be released directly toward personnel.
The Job Safety Analysis (JSA) for the work to be done on the flange connection to the
butterfly valve was filled out and signed by the rig Mechanic. Steps five and six of
the JSA recommend proper body positioning and proper tool selection for the job to be
conducted. H & P 205 management have addressed the issues related to the incident and
submitted corrective actions fleet wide.",The H & P Mechanic was medevaced to a medical facility for stitches and returned to the rig the next day.,,,,,,,,,,,,,,,
CP-AF101CEEE5,,,2022-06-08,08:00,2022-06-09,WC,237,A,,Maintenance,LIFTING DEVICE,Loss Event,Health & Safety,,,SYN-fa5bb6,Operations Superintendent,SYN-e55edd,Marine Coordinator,SYN-8357b2,HSE Advisor,2022-06-14,SYN-44bf76,Production Foreman,2022-07-31,"The lead operator was instructed by the production foreman to proceed to WC-237-A and
offload wireline equipment. The lead operator stated that when Mr. Nichols stepped on
well A-6 hatch cover it gave way and Mr. Nichols and the hatch cover fell to the deck
below. The lead operator also stated that it was the first time they had ever been on
the platform. Although there was no JSA filled out, the lead operator mentioned that
safety issues related to the scope of the job were discussed.
The TODCO-152 departed the platform in August 2004 after working on three different
wells. While the rig was on location it conducted a sidetrack operation on well A-6.
Our investigation of the A-6 well access opening revealed that the structural beams
which support the access hatch cover were cut. Other large openings in the deck were
discovered while conducting our inspection of the facility. Our investigation also
revealed that A construction crew was on location approximately 10 days prior to the
date of the incident, running a new pipeline riser and flowline for a new incoming
well (WC-237#5).
The hatch cover was picked up from the deck below in order to find out the possible
position the hatch cover may have been in prior to the accident. The first way we
tried it, the opening was to large allowing the cover to fall straight through the
opening and when the hatch cover was turned it allowed approximately 1/4"" to 1/2"" of
the angle iron frame to set on the edge of the opening. With the beams being cut it
allowed the hatch cover to move freely inside the opening.",The incident resulted in an injury recorded without a severity code.,,,,,,,,,,,,,,,
CP-9F92249E10,,,2022-07-07,12:00,2022-07-10,MC,208,,,Production Operations,LIFTING,Loss Event,Business Interruption & Cost,Equipment Damage,,SYN-3120eb,Operations Superintendent,SYN-965706,Facility Engineer,SYN-c454ce,Operations Superintendent,2022-07-14,SYN-f2df38,Maintenance Supervisor,2022-08-22,"On 7 July 2022, at 1200 hours, a loss of communication to Mississippi Canyon (MC)
208 (Seafloor location) Subsea (SS) 001 OCS-G 32303 (Bottom hole location at SS 209),
occurred at the Murphy Exploration & Production Company's MC 254 A Delta House
platform. This resulted in a catastrophic failure of the satellite umbilical cobra
head termination on the MC 208/209 SS001 well side of the Niedermeyer satellite
umbilical. Although the failure resulted in the unintentional release of hydraulic
fluid, the amount was not above the EPA’s pollution reporting requirement. The loss of
communication initiated a fail-safe shutdown sequence that successfully shut in
associated wells.","Reported as a damaged or disabled safety system. Estimated property damage $5,750,000.",,,,,C,,,,,,,,D,,"Sequence of Events:
From 8 July 2023 to 9 July 2023, the MC 254 A (Delta House) facility
experienced a catastrophic failure of the satellite umbilical cobra head termination
on the MC 208/209 SS001 well side the Niedermeyer satellite umbilical. One High
Pressure (HP) and two Low Pressure (LP) hydraulic supply lines ruptured during the
event.
On 10 July 2022, a Remote Operated Vehicle (ROV) inspected the subsea system
verifying a catastrophic failure on the cobra head by observing a hydraulic fluid leak
coming from the cobra head on the MC 208/209 well's tree, with three broken hydraulic
supply lines HP2, LP1 and LP2. It was determined that the discharged amount of
hydraulic control fluid was under 1,000 gallons, which is below the EPA’s threshold
for reportable pollution of 1,356 gallons. Additionally, no sheen was observed on the
surface as a result of this incident.
On 13 July 2022, an independent vessel disconnected the satellite umbilical cobra
heads on both the MC 253 Umbilical Termination Head (UTH) and the MC 208/209 well's
tree. The umbilicals were then wet-parked on the seabed.
On 14 September 2022, an independent vessel recovered the satellite umbilical on a reel
and offloaded it in Alabama for further investigation and removal of the cobra heads.
Once the reel was offloaded and the cobra heads removed, cracked tubing was discovered.
BSEE Investigation:
On 14 August 2022, one Bureau of Safety and Environmental Enforcement (BSEE) New
Orleans District (NOD) Accident Investigator arrived on the MC 254 A (Delta House)
facility to conduct interviews and obtain trends and documents on MC 208/209 Well SS001
pertaining to the investigation.
On 15 September 2022, a team consisting of one BSEE NOD Accident Investigator and two
BSEE Regional Pipeline Section Engineers conducted a follow-up investigation in
Theodore Alabama. The BSEE team interviewed multiple personnel, took photographs, and
collected documents.
Conclusion:
BSEE agrees with the following conclusions from Murphy’s root cause analysis:
1. Heavy weight and center of gravity offset from the UTH assembly resulted in high
shear and bending moment on the Multi Quick Connect (MQC) plate beyond its reported
capacity. The main failure mode was the collapse of the bolts on the MQC bracket.
Sheared bolts were present on both ends of the umbilical. Also, numerous cracked welds
and missing interface blocks were discovered on the MC 208/209 well's tree end.
2. Temporary buoyancy modules that were used during original installation of the
satellite umbilical were left on the cobra heads to avoid high loads on the MQC plate.
Since the rigging used for temporary buoyancy modules was not meant for long term
subsea use, it failed on the MC 208/209 well's tree end which caused additional load
transferring on the MQC plate resulting in additional
208/209 well's tree end.
3. The Electrical Flying Lead (EFL) being grounded to
consumption of anodes on adjacent structures."
CP-28BCE26628,,Serious Incident,2022-07-20,19:30,2022-07-21,MI,703,A,,Production Operations,LIFTING DEVICE,Loss Event,Health & Safety,Injury Minor,,SYN-a1e16b,Maintenance Supervisor,SYN-ca0912,Maintenance Supervisor,SYN-c4a756,Facility Engineer,2022-07-31,SYN-abb919,Marine Coordinator,2022-09-13,"While attempting to remove D-ring on four part sling load from crane hook after load
was landed on deck, rigger on top of Marine Portable Transfer (MPT)tank was having
trouble getting the D-ring unhooked. Coiled Tubing Unit (CTU) Supervisor was
assisting by pushing up on slings. Rigger on top of MPT tank got the D-ring unhooked
and dropped the D-ring over the side of tank. The D-ring caught the right index
finger of the supervisor on deck between the side of tank and the D-ring. Supervisor
initially stated that he was wearing the company required high-visibility impact
gloves but later into the investigation changed testimony to say that he was not
wearing any gloves at the time of the incident.",The incident resulted in restricted work or job transfer for more than 3 days. Reported as a crane incident. The facility was evacuated.,Serious Incident,,Serious Incident,20,D,5,,,,,,,,,
CP-C7C9B9694D,,,2022-07-21,13:45,2022-07-23,GC,680,A (Constitution,[J,Production Operations,LIFTING DEVICE,Loss Event,Health & Safety,Injury TLI,,SYN-7741c0,Production Foreman,SYN-6284b7,HSE Advisor,SYN-0a448e,Operations Superintendent,2022-08-06,SYN-c55739,Production Foreman,2022-08-15,"On 22 July 2022, the Ensco 8500 semi-submersible rig under contract with Anadarko
Petroleum Corporation (Anadarko), was conducting drilling operations on Well SS001
located at the surface location of Keathley Canyon Block 875 when the primary slip
joint packer on the upper telescopic joint failed resulting in the discharge of
approximately 14.0 barrels of 12.8 pounds per gallon (ppg) Synthetic Based Mud (SBM)
into the Gulf of Mexico. The secondary packer was energized and sealed off the slip
joint preventing further SBM discharge. Anadarko reported no visible surface sheen
or recoverable quantity; therefore, no cleanup activities were initiated. Anadarko
notified the National Response Center (Incident Report #1031429) about the incident.
The upper telescopic joint packer was shipped to Drip-Quip for analysis to determine
the cause of the failure.
Based on the investigation findings and analysis of the telescopic joint, the
probable causes of the incident were attributed to the following: 1) failure of the
Upper Split Insert Wiper Seal (SIWS) and 2) debonding failure in the Upper Slip Joint
Packer.
The Upper SIWS was found to be granulated and it came apart when removed from the
Packer Housing. Moreover, the upper SIWS elastomer was worn through leaving it too
thin to absorb potential heat by friction during well operations.
When the Upper Packer was removed, it had a through wall breach near the lower end
ring. This was considered to possible debonding failure of the end ring to rubber.
The Upper Packer had two inner diameter breaches and one outer diameter crack that
were adjacent to the metal end ring major bond surface indicating a developing
debonding situation since this is the origin of control pressure failure.
The upper SIWS had excessive wear that allowed the Upper Packer, located on the
outside of the SIWS, to move further inward toward the Inner Barrel. In addition,
higher stresses than normal may have been applied SWIS resulting in the urethane
wiper moving away from the center end rings until it compressed against the outer
retaining rings and became stuck.","The incident resulted in a lost-time accident with more than 3 days lost. Estimated property damage $150,000.",,,,,,,,,,,,,C,,
CP-23ED7A0BF3,,Incident,2022-07-30,15:45,2022-08-01,VR,287,A,,Construction,LIFTING DEVICE,Loss Event,Environment & Reputation,Loss of Containment,,SYN-572dc7,Marine Coordinator,SYN-0900f6,Production Foreman,SYN-d652b4,HSE Advisor,2022-08-08,SYN-4d691a,Operations Superintendent,2022-08-29,"MMS Investigators found that the heater treater (NBK 1107) had been improperly
designed and installed. This unit was equipped with manually operated drains that
were used to drain water and sand from the bottom of the vessel. The drains had
individiual 2"" manual valves and were manifolded together. A single line from the
drain manifold was piped directly to the skimmer's overboard line and it bypassed all
upstream water treating equipment. This design / installation is not designed /
installed correctly to prevent pollution and was in violation of 30 CFR 250.300
(b)(3). Manual drains used to drain the bottom of pressure vessels should be piped
to water / sand treating equipment prior to discharge. Since the spill, the drains
from the heater treater were blind flanged. This will correct the design /
installation of the heater treater.",Reported as a pollution release.,Incident,,Incident,6,C,2,,,C,,,,,,
CP-1B64E6DB5E,,Serious Incident,2022-07-31,19:00,2022-08-03,ST,23,CC,,Production Operations,LIFTING,Loss Event,Business Interruption & Cost,Equipment Damage,Combustion,,,SYN-1b65bb,Maintenance Supervisor,,,,,,,"FFoorr PPuubblliicc RReelleeaassee
On July 31, 2022 at approximately 1745, a Fire occurred on Glycol Reboiler vent
line. Operators were adding glycol to the system following a platform shut down. The
incident occurred on Cantium LLC facility South Timbalier Block 23 CC OCS 00166.
At approximately 1730, the facility shut in due to a Level Safety Low (LSL) on the
Glycol Surge Tank (ABJ 102). While operators were pumping more Glycol into the Surge
Vessel a flame was noticed coming from the Pressure Safety Valve (PSV) vent line for
the Glycol Reboiler (BBC 201) when the valve relieved pressure. At that time pumping
operations stopped and calls were made to the field Forman and HSE. No Emergency Shut
Down (ESD) and muster were activated because the facility was already shut in and the
only 2 personnel on board were at the scene of the incident. At approximately 1900
hours, operators from GI 37 R arrived by boat. At 2000 hours, a plan was made to put
a water hose with potable water in the top of still column to put the fire out which
was successful.
In October of 2023, the still column of the Reboiler was sent in to a construction
yard for repair. The glycol outlet into the still column was corroded. Once
returned, Cantium construction crew reassembled the unit. Immediately after the gas
dehydration unit was placed back in service the still column clogged with sludge. The
clog appears to be due to the still column not being cleaned enough and when ceramic
saddles were replaced from being broke at the bottom of still column. Cantium crews
then proceeded to disassemble the still column and removed the 1” ceramic saddles that
make up the packing section of the still column. Cantium then reassembled the still
column and brought the unit back online.
BSEE was notified on August 1, 2022, of a fire a that occurred on the Glycol
Reboiler.","Reported as a fire and damage over $25,000. Estimated property damage $40,000.",Serious Incident,,Serious Incident,12,D,3,,,,,,,B,,
CP-215260714B,,Serious Incident,2022-08-02,16:40,2022-08-03,GB,161,,CAL-DIVE Q-4000,Drilling,LIFTING Man Rider & CTLF,Loss Event,Health & Safety,Injury TLI,,SYN-a4a799,Facility Engineer,SYN-3634e3,Maintenance Supervisor,SYN-447318,Operations Superintendent,2022-08-10,SYN-35310c,Facility Engineer,2022-09-19,"At 16:40 hours on 2 August 2022, a Helix Energy Solutions (Helix) Roughneck sustained
serious injuries to his left hand during well abandonment operations on the Helix
Q4000 semisubmersible vessel under contract to Freeport-McMoRan Oil & Gas LLC
(McMoRan) at the surface location in Garden Banks (GB) Block 161. The severity of the
injuries to Helix Roughneck’s left hand required evacuation for surgery.
Helix Q4000 personnel were tasked on 2 August 2022, to hoist and install a wireline
valve assembly using the coiled tubing lift frame (CTLF) that is attached to a
multipurpose tower (MPT). A permit to work, four job safety analyses (JSAs), and a
man riding checklist were prepared prior to work activities and reviewed by all
personnel involved in this task. Two Helix Roughnecks were hooked up to man riders
and then positioned on the CTLP in order to guide the wireline valve assembly as it
was being hoisted with the main wench. One of the Helix Roughnecks observed that the
wireline valve assembly began to shift as it was being hoisted and could potentially
contact the CTLF. Therefore, the Helix Roughneck used his left hand to grab the
static line above the sheave on the CTLF main wench in an attempt to reposition the
wireline valve assembly. His left hand then became trapped in between the main winch
sheave and the static line cable. He initiated a stop work request and directed the
CTLF operator to lower the main winch to free his left hand. The Helix roughneck was
lowered to the rig floor and escorted to the Rig Medic’s office for a medical
evaluation and first aid. It was observed that his left thumb was partially amputated
in addition to a severe laceration on the left ring finger. The Helix Roughneck was
evacuated from the Q4000 by helicopter and transported to University of Texas Medical
Branch at Galveston for medical attention.
BSEE investigators conducted an onsite incident investigation at the Q4000 on 15 March
2018. BSEE meet with McMoRan and Helix representative who informed BSEE that they
were in the initial stages of their investigation, so information was limited. BSEE
gathered all available pertinent documents, inspected the incident scene and
coordinated for the delivery of all remaining investigation-related documents from
McMoRan and Helix.","At 16:40 hours on 2 August 2022, a Helix Energy Solutions (Helix) Roughneck sustained serious injuries to his left hand during well abandonment operations on the Helix Q4000 semisubmersible vessel under contract to Freeport-McMoRan Oil & Gas LLC (McMoRan) at the surface location in Garden Banks (GB) Block 161.",Serious Incident,,Serious Incident,20,D,5,,,,,,,,,
CP-872326FC4E,,Serious Incident,2022-08-06,09:30,2022-08-08,SM,99,A,,Drilling,LIFTING,Loss Event,Health & Safety,Injury Minor,,SYN-005169,Facility Engineer,SYN-48ff2a,HSE Advisor,SYN-5f8f3e,Operations Superintendent,2022-08-14,SYN-16a775,Operations Superintendent,2022-08-22,"On August 6, 2022 at approximately 0930 hours, a contract employee (CE) injured his
index finger on his left hand while attempting to position a cutting box on the deck
during lifting operations.
The CE was attempting to position a cutting box that was being lowered by the platform
crane. The cutting box was to be used while cleaning the sump. As the rigger on the
boat connected the shackles to the cutting box, the crane operator began lifting the
fast line. As the fast came up, the sling caught the lid on the cutting box and lifted
the lid several inches. As the crane operator lowered the cutting box to set on the
platform, the CE placed his hands between the lid and the box in an attempt to control
the cutting box prior to coming in contact with the deck. When the tension was
released from the sling, the lid dropped smashing the CE’s left index finger. The CE
was wearing gloves at the time of the incident.
The CE was transported to a medical facility for additional treatment where it was
determined he fractured the finger.
The BSEE Lafayette District conducted an onsite investigation August 10, 2022.",The CE was transported to a medical facility for additional treatment where it was determined he fractured the finger.,Serious Incident,,Serious Incident,20,D,5,,,,,,,,,
CP-F883ABFF3A,,Incident,2022-08-14,19:30,2022-08-17,SM,149,,ROWAN JP BUSSELL,Production Operations,LIFTING DEVICE,Loss Event,Environment & Reputation,Loss of Containment,,SYN-129055,Marine Coordinator,SYN-79f7f1,HSE Advisor,SYN-2afb63,Production Foreman,2022-08-23,SYN-60f4ec,Maintenance Supervisor,2022-09-20,"On August 14, 2022, at approximately 1930 hours, on the Mariner Energy, Inc.'s Lease
OCS-G 02592, South Marsh Island Block 149 Platform D, utilizing the Rowan JP Bussell
Rig, approximately 33 barrels (BBLs) of Zinc Bromide (ZnBr2) and approximately 37
BBLs of a weighted blend of Calcium Bromide (CaBr2) and Calcium Chloride (CaCl2) was
released into the Gulf of Mexico (GOM), resulting from an upset condition during
completion operations for Well D-1 (OCS-G 16325). At the time of the pollution
incident, the rig crew was pulling drill pipe hanging from the well's storm packer.
As the drill pipe was pulled, the wellbore volume was displaced with weighted
completion fluid. While tripping drill pipe out of the hole the mud engineer reported
to the Driller and Offshore Installation Manager (OIM) a loss of completion fluid
from tank #4. Neither the Driller nor the OIM observed fluid loss since there was no
increase in fluids entering the trip tank. Regardless, they decided to divert flow to
tanks #1, #2, and #6 (work tank). Subsequent to diverting the flow, a continual loss
of fluid occurred from tank #6 while the trip tank's level remained normal (no gain
or loss). Upon investigation, it was discovered that the lost fluid was being
delivered to the pre-load tank #39 (25 BBL capacity) and overboard into the GOM
through an open dump valve #4. The pre-load tank was believed to be isolated from the
completion fluids, but the tank's closed suction line's butterfly valve (new valve)
#2 leaked. This allowed the completion fluids to enter the pre-load tank. From the
pre-load tank, the 25 BBLs of fluid was recovered and the approximately 70 BBLs of
ZnBr2, CaBr2, and CaCl2 completion fluid blend was lost overboard.",Reported as a pollution release.,Incident,,Incident,8,D,2,,,C,,,,,,
CP-2674FB26E1,,Serious Incident,2022-08-23,14:00,2022-08-24,EI,24,,,Maintenance,LIFTING,Loss Event,,,Combustion,SYN-99fc76,HSE Advisor,SYN-0f8fb2,Maintenance Supervisor,SYN-0c67bb,Maintenance Supervisor,2022-08-29,SYN-1c2f75,Facility Engineer,2022-10-11,"On August 23, 2022 at approximately 1400 hours an employee received burns to his
face and neck while attempting to ignite a Heater Treater.
Operators observed the NBK-2000 Heater Treater surging. The operators shut in the
Heater Treater and completed a Job Safety Analysis (JSA) as well as paperwork for the
lock out tag out procedure (LOTO).
The operators hooked the crane’s auxiliary line to the flame arrestor utilizing a
nylon strap so it could be removed to gain access to the ignitor components. The LOTO
procedure was in place and the manual fuel valve was locked closed. The Piping
Isolation Procedure specifies double block and bleed but during this operation single
block and bleed was utilized.
One of the operators placed a ladder in front of the area where the flame arrestor was
located to assess the problem and discovered the ignitor wire was disconnected. The
wire was reconnected and the ignitor was tested with the main fuel valve closed to
verify it was attempting to ignite. The flame arrestor was bolted back in place and
the ignitor was tested again with the fuel valve in the closed position.
The operator located on the ladder climbed down and preceded to the ignitor box. The
second operator climbed the ladder to verify the pilot was lit. The second operator
attempted to verify the pilot was lit through a one inch sight glass but could not get
a visual. He removed three of the four nuts off of the 8 ½ inch sight glass cover
plate to see inside of the treater.
It is unclear if the second operator communicated that the 8 1/2 inch cover had been
removed from the treater. The second operator placed his face in front of the opening
as the gas accumulated in the treater and another attempt was being made to ignite the
pilot. As the gas lit, fire came through the opening coming in contact with the second
operators face and neck.
The injured operator was transported to a medical facility to receive additional
treatment. He was diagnosed with 1st and 2nd degree burns.",He was diagnosed with 1st and 2nd degree burns.,Serious Incident,,Serious Incident,12,D,3,,,,,,,,,
CP-754AE9C18C,,Serious Incident,2022-08-24,05:10,2022-08-26,MC,736,A(Thunder Hawk),,Marine & Logistics,LIFTING DEVICE,Loss Event,,,Combustion,SYN-186886,HSE Advisor,SYN-b20683,HSE Advisor,SYN-2d148c,Operations Superintendent,2022-09-01,SYN-8fde5d,Production Foreman,2022-10-03,"On 24 August 2022 at 0510 a fire occurred at Murphy Exploration MC 736-A OCS-G
27306 (Thunder Hawk) Platform. A Pressurized Welding Enclosure (PWE) was constructed
with the approximate dimensions: 32’ (L) x 6’ (W) X 8’ (H) to accommodate the removal
of bumper pads and the repair of deck plates.
During the Night Contractor’s shift, a fire started at approximately 0510 hours
during hot work operations inside the PWE #39 while using a torch to wash off the
welds. During the weld washing, slag rolled under the Velcro portion of the PWE wall,
heated up to the point of smoldering and ignited. The inside Firewatch was not aware
of the fire on the outside of the PWE. SafeZone (Tech #1) was watching the control
panel for PWE #39 when he noticed a fire about 2’ high at approximately 0510 hours on
the outside wall. Tech #1 then hit the Emergency Shutdown (ESD) to shut down the PWE
and all welding.
According to witness statements, Tech #1’s first instinct was to stomp the fire out.
Once he noticed the fire was out, he grabbed a H2O fire extinguisher and soaked the
fire retardant blanket and the panel wall. Simutaneously; SafeZone (Tech #2), the
designated Firewatch, was making his way around to the location of the fire and
witnessed Tech #1 putting it out. Tech #2 said he ran to find another H2O fire
extinguisher and when he returned Tech #1 had already extinguished the fire.
The SafeZone Techs failed to have fire protection equipment readily available in the
work area for hazardous conditions arising due to hotwork. Murphy’s Safe Welding and
Burning Plan states that there should be a spare fire extinguisher in the area of the
hot work in an event that the primary extinguisher should fail. In this case, there
was no additional fire protection equipment available to use as secondary.
Firewatchers failed to use the appropriate 30# ABC fire extinguisher that is
designated for hot work operations; instead, a H2O extinguisher was used.
During the course of the investigation, miscommunication between Murphy Exploration
and Noble Energy was identified as a contributing factor. Firewatch shall have a
portable radio to communicate in the event of an emergency. Firewatch shall know the
location of platform alarms (Fire, ESD and abandon platform) for the safety of all
personnel and the protection of equipment and environment. The Firewatch shall stay
alert and perform no other duties during hot work activity. SafeZone Techs,
Performance Energy Services (PES) Supervisor and the Noble Inspector failed to notify
the Control Room Operators immediately. This incident was found to be part of an
unsafe situation that posed an immediate danger to all personnel and the overall
safety of the facility.","Reported as a fire. Estimated property damage $25,000.",Serious Incident,,Serious Incident,12,D,3,,,,,,,B,,
CP-C733A576BA,,,2022-09-02,16:30,2022-09-05,AC,856,STENA TAY,,Construction,,Loss Event,Health & Safety,,,SYN-d0df5c,Marine Coordinator,SYN-1e6d71,HSE Advisor,SYN-4c303a,Operations Superintendent,2022-09-11,SYN-348471,Operations Superintendent,2022-10-29,"The tool pusher confirmed he was in position and clear of the lay-down area. The
logging unit was lifted over the port side of the rig and over the shaker room. This
was a blind lift. The tag lines were taken by two men, and the crane operator began
to lower the load into position under the direction of the banksman (driller). The
banksman used a radio to communicate to the crane operator, because the crane
operator cound not see the lay-down area. The banksman dropped the radio as the load
swung toward him. While lowering the lift, the escape route was blocked by the
logging unit. The banksman pushed the logging unit using the handrail for support.
The banksman toppled over the handrail and fell thirteen feet and three inches to the
deck below.
The driller had completed a Banksman and Slinging course a number of years ago,
however, there are no records of completion of that course.",The incident resulted in an injury recorded without a severity code.,,,,,,,,,,,,,,,
CP-5067563F49,,,2022-09-19,00:26,2022-09-20,SM,6524,HIDALGO,[J,Well Services,LIFTING DEVICE,,,,,SYN-f97833,HSE Advisor,SYN-c47613,Maintenance Supervisor,SYN-0cf060,Marine Coordinator,2022-09-24,SYN-eaf0dc,Production Foreman,2022-12-10,"The release is attributed to a rupture of a 3/4 inch diameter piece of pipe attached
to the Glycol vessel (V-16) located on Platform Hidalgo•s Production Deck. The
glyc~l
vessel was at normal pressure of approxamately 1285 psi with normal H2S
op~rating
concentrations of approxamately 19,500 ppm. The release was initally detected by a
combustable gas detector which triggered an alarm and a simultanious ESD.",,,,,,,,,,,,,,,,
CP-58E98FEEFD,,Serious Incident,2022-09-28,11:10,2022-09-29,ST,52,A,,Maintenance,LIFTING,Loss Event,Health & Safety,Injury TLI,,SYN-137963,Facility Engineer,SYN-d4aa52,Facility Engineer,SYN-b29103,Marine Coordinator,2022-10-12,SYN-e35d28,Marine Coordinator,2022-11-19,"At approximately 1110 hours on September 28, 2022, an incident occurred at South
Timbalier Block 52 Platform A, lease number OCS-G01241. The Operator on record is
Arena Offshore, LP.
Upon completing work on the lower level of ST 52 A facility. Personnel started to
relocate equipment to the Liftboat Raimy Eymard. During the second transfer of two air
hoisting work baskets (commonly known as spiders) from the boat landing of the
platform to the deck of the liftboat, a paint crew member injured his right hand while
performing rigging operations. Personnel used the liftboat crane to lift both baskets
(side by side) simultaneously. The baskets contained 9 sections of hoses with an
estimated total weight of 706 pounds. The outreach of the platform deck above was
approximately 30 feet from where the baskets were located on the boat landing and
prevented the liftboat auxiliary load block from being centered over the baskets. The
Injured Person (IP) wrapped the tag line around the top rung of the guardrail to
attempt to control the swing of the load when lifted. As the IP was feeding slack to
the tag line during the lift, his right hand was caught between the guardrail and the
tag line causing fractures to his index, middle, and pinky fingers on his right hand.
A BSEE Inspector arrived on location to investigate the incident on October 4, 2022
after being notified of the injured person. The Inspector gathered witness statements
and took pictures of the work site. The IP’s statement was written in Spanish and had
to be translated by an interpreter on the platform during the investigation. The
interpreter wrote the translation in English, then signed and dated it. The Inspector
took pictures of the boat landing, upper deck, and air hoisting work baskets from the
Liftboat Raimy Eymard.",The incident resulted in a lost-time accident with more than 3 days lost. Reported as a crane incident. The facility was evacuated.,Serious Incident,,Serious Incident,,,,,,,,,,,,
CP-688D792711,,Serious Incident,2022-10-12,17:00,2022-10-13,GC,338,A-Front Runner,,Maintenance,LIFTING,Loss Event,Health & Safety,,,,,SYN-bb4134,Marine Coordinator,,,,,,,"At approximately 1700 hours on October 12, 2022, a crane incident occurred at Green
Canyon Block 338 Platform A, Lease Number OCS-G21790. The Operator on record is Murphy
Exploration & Production Company – USA.
The drilling contract crew experienced a sheave failure during a critical lift when
moving Mud Tank #1 module from the vessel using the port side crane main hoist. The
module, weighing approximately 92.5k pounds, (approximately 96 percent of the cranes
capacity) was being lifted from the boat into position on the facility for mounting on
top of the north mud pump module. On the third attempt to align the guides of the load
to set it in place, the main line tip Nylatron idler sheave shattered resulting in
several dropped objects. Two IPs attending the tag lines were struck by pieces of the
sheave. One IP was struck on the right forearm and the right boot tip. The other IP
was struck on the left middle and ring fingers. Both IP’s received first aid treatment
and released back to full duty status.
BSEE Inspectors arrived on location to investigate after being notified of the crane
incident and IP’s (injured persons) on September 17th, 2019. Inspectors interviewed
the IP’s, Crane Operator, witnesses, gathered statements and took pictures of the
crane and worksite. Upon arrival, the Nautilus Model 1100L-140 Marine Crane boom was
in the boom rest and out-of-service due to the incident. The fragmented pieces of the
sheave that were found were reassembled on the main deck near the quarters. The
outside of the sheave was grey from weathering and score marks were found inside the
bore of the sheave indicating the hub slid off the bearing hub prior to or during
failure. The sheave bearing was still installed on the bearing shaft and the retainer
ring was disconnected from the bearing, resting on the bearing spacer. The loads seen
by the sheave when realigning the mud tank are unknown due to the friction involved
with no load indicator recording on the crane.
The lessee could not provide documentation indicating the roller bearing had been
replaced over a span of 17 years. According to the manufacturer, the roller bearing
had a usable life depending on the weight of the resulting load and RPM.
The roller bearing had exterior corrosion and main lubrication seals were not present
aiding in the accumulation of grease making visual inspection of the bearing
difficult. The outer race had surface corrosion where water was able to reside from
the accumulation of grease.
The work site was visited and the IP’s showed inspectors their locations on the deck
when the incident occurred. Marks were found on the deck where the larger pieces of
the sheave possibly landed. The weight of the load was found listed on the side of the
mud tank #1 as 89,896 lbs. The rigging was found in good condition and certification
tags confirmed rated weights were adequate for the lift.",The incident resulted in an injury recorded as Other Injury. Reported as a crane incident.,Serious Incident,,Serious Incident,20,D,5,,,,,,,,,
CP-2868D67F34,,,2022-10-13,03:05,2022-10-15,,,5. PLATFORM' GAIL,,Production Operations,LIFTING DEVICE,,,,,SYN-e7ae75,Facility Engineer,SYN-4a5c28,HSE Advisor,SYN-a816b4,Operations Superintendent,2022-10-26,SYN-cc0510,Marine Coordinator,2022-11-09,"Venoco experienced a loss of well control while performing a workover/completion
operation on Well E-15 when an Elco, Inc. Wellhead Service Technician removed a 1.SR
diameter lockdown pin and packing-gland from the wellhead. The pin was reJnoved to
achieve a visual alignment of split tubing hanger; however, it is designed only
t~e
to be screwed in and out, without being removed, to secure the tubing hanger in
place. Removal of this pin circumvented the blowout prevention system (BOP}. A short
while (minutes) after removing the pin, completion fluid (seawater) began to flow
from the opening and the ensuing flow turned into a mixture of water and
hydrocarbons. After realizing that the well was flowing the Elco technician alerted
rig personnel of the problem and attempted to replace the pin. Around thie time the
driller closed the annular (bag) blowout preventer after seeing that the well was
flowing because completion fluid was observed by the tool pusher to be rieing in the
BOP stack. Closure of the annular preventer caused increased flow and pressure out of
the 1.5• opening and pushed the pin back out as the Elco technician was unable to
sufficiently secure it. A 2• valve on the 9-5/S• casing was opened to attempt to
relieve the pressure on the 1.5"" opening without success and inadvertantly left open
for a time which increased flow from the well. The·well was unsecured downhole
s~ort
in that open perforations ·in the Monterey formation had an unimpeded path to the
surface except for the well completion fluid which was being lost/depleted due to a
thief zone within the same formation. Venoco had been continuously pumping completion
fluid at a rate of 2.6·barrels/minute through the fill-up line located above the BOP
stack, but estimated that they had stopped pumping between 20 and 40 minutes prior to
the incident to allow visual observation of the tubing hanger through the 1.5""
opening. The deluge system was manually activated in all areas that appeared to
containgas,to help prevent ignition of the gas cloud. Platform operations were
shutdown manually due to LEL(Lower-Explosive-Limit)/combustable gas and H2S
detector/sensor activation in the area of the release. The abandon-platform alarm
sounded and thirty nine (39) nonessential personnel were evacuated from the platform
via 2-Whittaker Escape Capsules. Twelve (12) essential personnel remained aboard the
platform to attempt to bring the situation back under control and to prevent
escalation of the situation. H2S safety precautions were taken by all nonessential
personnel as well as the initial Emergency Response Team {ERT#l) . Upon initial entry
into the upper wellbay, the ERT took gas readings 0% LEL and 0 ppm H2S using a
o~
handheld detector. Their second reading at that location indicated 5 ppm H2S. A third
reading taken in the lower wellbay registered at 63 ppm H2S. Another reading at that
location taken ten minutes later indicated 10 ppm H2S. At that time, entry was made
into the lower wellbay to isolate the 9-5/S• casing valve. The H2S concentration at
the wellhead when the valve assembly was being installed was 0 ppm. The platform
flare continued to burn with residual gas after the shut-down of operations. Workers
attempted to extinguish it with a fire hose and dry chemical extinguishers to prevent
ignition of the gas cloud which was being released in the vicinity and direction of
the flare. Extinguishing the flare proved to be· difficult and exhausting yet critical
to eliminate an obvious and ominous ignititon source. Approximately 1 to 3 barrels of
crude oil spewed onto decking from the opening while the deluge system flooded the
decks with water at an approximate rate of 6000 gallons per minute. A filter screen
on the.deck drainage system plugged with debris causing an overflow of the deck
containment system (curbing) and a spill of approximately 3 gallons of crude oil into
the ocean along with seawater from the deluge system. Rig pumps were eventually
activatedandseawater was pumped into the well at a high rate through the kill line on
the BOP stack and after flowing uncontrolled for approximately 2.5 hours the rate of
leakage subsided enough to allow the installation of a valve assembly into the 1.5""
opening. Valves on this assembly were closed thus eliminating the leak path.",,,,,,,,,,,,,,,,
CP-09636DAF8E,,,2022-11-06,06:30,2022-11-08,GA,151,,HERCULES 251,Drilling,LIFTING DEVICE,Loss Event,Health & Safety,Injury TLI,,SYN-bd442e,Facility Engineer,SYN-e6e7f5,Facility Engineer,SYN-825a89,Production Foreman,2022-11-11,SYN-d611f7,Maintenance Supervisor,2023-01-11,"The third floorman, who was operating the slips, was thrown out of the way. His left
shoulder and elbow were sore from the slips being ripped from his hand during the
pre-mature drill pipe separation. During the onsite investigation on November 20,
2007, his injury was not reported. It was, however, reported to the Lake Jackson
District on the following day.The drill pipe was stuck at 8652 feet while trying to
drill through the cement plug. Jarring operations were attempted with no success.
The crew then rigged up the wireline to run FreePoint inside the pipe in order to
find where the stuck point was located, but were unable to get down to the bottom
with FreePoint. It was believed the BHA was stuck at the bottom of the hole. The
goal was to back-off the collars at 8520 feet. They pulled the wireline out, rigged
up a string shot, and went back down to the bottom of the hole in order to break the
connection between the two 30-foot Monel drill collars on the BHA. While the string
shot was on bottom, the crew applied left-hand torque to the pipe with slips in the
rotary table and captured torque with rig tongs. They tried to work the trapped
torque down-hole before they set off the string shot charges at Monel tool joint.
After applying the torque, and trapping and holding the torque with the rig tongs,
the slips were attempted to be pulled from the rotary by three floormen, then the
drill pipe pre-maturely backed off at approximately 1922 feet below the rotary. Upon
this disconnection down-hole, a sudden release of torque energy caused the tongs and
slips to violently twist off the drill pipe resulting in injuries to three floormen.
One floorman was struck on the side of his head by the drill pipe, causing three
fractures to his skull. One fracture was behind his right ear, one was behind his
right eye, and the third fracture was on the top right of his forehead. He fell
straight down to the floor (face down) and was unconscious.
Another floorman was thrown forward and suffered an injury to his left hand from the
violent rotation of the slips. He was also struck in the back by the rig tongs
rotating off the drill pipe, but did not consider the impact to be overly severe. He
sustained an injury to his index finger and torn ligaments on the back of his left
hand, but had no broken bones.","He sustained an injury to his index finger and torn ligaments on the back of his left hand, but had no broken bones.",,,,,,,,,,,,,,,
CP-CE0CA4123B,,Serious Incident,2022-11-07,06:45,2022-11-09,MP,42,D,,Production Operations,LIFTING,Loss Event,Health & Safety,Injury TLI,,SYN-a0da66,Facility Engineer,SYN-6b8418,Operations Superintendent,SYN-9ae4b1,HSE Advisor,2022-11-16,SYN-1ff1c5,HSE Advisor,2022-12-13,"On 7 November 2022 at 0645 hours, at Main Pass (MP) 42 Delta (D), OCS 00375, a Lost
Time Accident occurred involving a Quality Production Management (QPM) contract
operator. The contract operator was assisting the platform Crane Operator (CO) with
the offloading of a chemical transporter from the field boat to the platform. The
Injured Personnel (IP) is expected to be unavailable for work for two to three months.
Cantium, LLC (Cantium) is listed as the owner/operator of the MP 42 DLM complex.",The incident resulted in a lost-time accident with more than 3 days lost. Reported as a crane incident. The facility was evacuated.,Serious Incident,,Serious Incident,20,D,5,,,,,,,,,"SEQUENCE OF EVENTS:
On Tuesday morning, 7 November 2022, the Cantium CO and the QPM Rigger began
offloading a 500 gallon chemical transporter off the back deck of the Motor Vessel
(MV) Ms. Dee, and positioning it on the top deck of MP 42 D platform. As the CO
lowered the transporter down to the platform deck, and with the IP holding the tag
line in his left hand, the transporter suddenly swung towards the IP. The IP placed
his left hand on the transporter attempting to stop the pendulum swinging motion of
the transporter, but it contacted the stationary transporter on the deck. The IP’s
hand was smashed between the foot of the transporter that was just taken off the field
boat and the top portion of the stationary transporter.
According to witness statements, the IP lost consciousness and his condition
deteriorated quickly. The IP was provided first aid and once he gained his strength,
he was escorted to the helipad for evacuation. Once onshore, the IP was driven to the
Plaquemine’s Medical Center in Port Sulphur, LA for medical treatment and diagnosis.
BSEE INVESTIGATION:
On 7 November 2022, the Bureau of Safety and Environmental Enforcement (BSEE) was
notified of the Lost Time Accident.
On 13 November 2022, a BSEE New Orleans District (NOD) Inspector arrived on location
requesting and gathering information, documents, and witness statements. Photographs
of the incident area were taken.
The BSEE Accident Investigator (AI) reviewed the incident in the BSEE eWell reporting
system as well as reviewed the documents gathered by the BSEE Inspector. The AI
arrived on MP 42 D on 22 November 2022. The AI met and discussed the incident with
Cantium’s Health Safety and Environment (HSE) Coordinator and Field Foreman. The AI
inquired if the platform workers had access to Cantium’s policies regarding crane
operations. The HSE Coordinator said, “All employees have access to ‘Share Point’
online that provides all of Cantium’s policies including crane operations policies.
Also, all employees are required to access their policies upon hiring.” Rigging
policies required the use of tag line(s) but not the use of push/pull poles. Hands on
the load are permitted once the load comes within reach provided the use of impact
gloves are used.
BSEE’s AI interviewed platform personnel. According to these interviews with platform
personnel, BSEE also found that the IP was hired on 3 January 2022, to perform work on
MP 41 B platform and not MP 42 D. Therefore, the IP was new to the facility.
Interviews also revealed this IP did not normally assist in crane operations. The IP
had only been on the job for 10 months. At the time of the incident, he had
volunteered to rig for the crane operator, as the routine rigger was on vacation. The
IP, although he was qualified as a rigger, was not familiar with all the precautions
necessary to position the transporter among the other transporters on deck. The IP’s
normal duties were on MP 41 B platform a few miles away. The AI determined that the
casual factor in this injury was poor hand placement. However, a contributing factor
was the IP’s lack of experience.
BSEE found that the IP was wearing impact gloves per Cantium’s policy. BSEE found the
impact resistant gloves may have prevented a more severe injury.
CONCLUSION:
BSEE has determined a lack of experience and poor hand placement resulted in the
injury. However, impact resistant gloves saved the
injury."
CP-FEEB73F805,,Incident,2022-11-18,11:30,2022-11-20,GC,858,,GSF DEVELOPMENT,Well Services,LIFTING DEVICE,Loss Event,Environment & Reputation,Loss of Containment,,SYN-db1048,HSE Advisor,SYN-0bd06b,Production Foreman,SYN-9bcabd,HSE Advisor,2022-11-24,SYN-012262,Maintenance Supervisor,2022-12-05,"While drilling the 21 inch hole section with a mud weight of 9.0 ppg, a kick was
taken at xxxx and the well was shut-in on the annular preventer. The well was then killed
with 10.1 ppg Kill Weight Mud (KWM) with the drill string becoming stuck, worked free
by jarring, then stripped up to xxxx ft where the well was Circulated and
Condidtioned (C&C) with the KWM. The drill string was stripped in the hole to xxxx,
xxxx, xxxx and xxxx ft with the well C&C using the KWM at each depth. Cuttings
where encounterd, the mud weight increased to 10.3 ppg and the annular preventer
opened with the well determined to be static. The drill string was pulled into the
22 inch Conductor Casing shoe at xxxx feet while the well was C&C. The drill string
was then run to xxxx ft where the well was checked for flow and found to be static,
then to xxxx ft where the hole was C&C before being washed and reamed to xxxx ft.
When the fill from bottoms-up was approximately xxxx ft from surface, gas started to
rapidly break out of the mud, the diverter was closed and returns were routed to the
riser mud degasser. The surge from the gas breaking out of the mud pushed the mud up
and out the mud degasser's vent line. The riser volume dropped approximately 68 feet
(decrease of 180 barrels or 37 psi), with no additional open hole influx observed.
The drill sting assemply consisted of an 18-1/8 inch bit with a 21 inch underreamer,
with the underreamer located 95 ft above the bit. The well was killed through the
underreamer since the bit was stuck in the hole, but once the drill string was
unstuck all subsequent C&C of the hole occurred through both the bit and underreamer.
Subsequent to tallying the mud volume, approximately 5 barrels could not be accounted
for and was believed to be lost overboard.",Reported as a pollution release.,Incident,,Incident,8,D,2,,,C,,,,,,
CP-CF338020AE,,,2022-11-23,08:45,2022-11-27,VK,965,A-Ram Powell,,Well Services,LIFTING,,,,,SYN-588e43,Production Foreman,SYN-1ac2f1,Operations Superintendent,SYN-0e99e1,HSE Advisor,2022-12-05,SYN-94737d,Facility Engineer,2023-02-07,"On November 23, 2022 at approximately 1945 hrs, a gas release occurred on Viosca Knoll
(VK) 956 A-Ram Powell platform, owned and operated by Talos Petroleum LLC (Talos). The
platform shut-in as a result of the gas leak. No injuries or pollution occurred.",No injuries or pollution occurred.,,,,,,,,,,,,,,,"Sequence of Events:
Per the operator’s report, at 1945 hrs on November 23, 2022, a production operator on
night crew noticed a gas leak coming from a hole in the 6 in Low Pressure (LP) test
line leading to the LP header line. The operator activated a Emergency Shut down of
the platform. No hydrocarbons were released into the Gulf of Mexico (GOM) and no
personnel were in the immediate vicinity at the time of the gas release.
On November 24, 2022, Talos requested approval to install a clamp on the leak for a
period of 30 days until such time that the piping could be replaced. Approval was
granted by the Bureau of Safety and Environmental Enforcement's (BSEE) New Orleans
District (NOD).
On December 6, 2022 at 1307 hrs the incident was reported to BSEE in the eWell system.
BSEE Investigation:
On December 6, 2022, the BSEE Accident Investigator (AI) received an email summarizing
the incident. The AI contacted the facility and spoke with the Offshore Installation
Manager (OIM) who indicated the root cause of the incident was from pitting. BSEE
confirmed the excessive corrosion by reviewing photos submitted by the operator. Upon
Talos’ inspection of piping, it was discovered that other areas of piping were in need
of replacement. The corrosion on piping indicates a lack of preventive maintenance.
Pipe coating should be maintained to prevent corrosion.
Conclusion:
Talos' Root Cause Analysis (RCA) and the BSEE AI concluded that the gas leak that
occurred on the 6 in LP test line resulted from pitting caused by corrosion. BSEE
concludes that this leak was caused by an equipment failure due to a lack of
maintenance. The BSEE AI also concluded that the production operators working that
night reacted properly and in a safe and prudent manner. Talos has taken action to try
and prevent this from reoccurrence by replacing all piping in need of maintenance."
CP-43C661ECA2,,Incident,2022-11-26,18:45,2022-12-01,EB,164,,,Drilling,LIFTING DEVICE,Loss Event,Environment & Reputation,Loss of Containment,,,,SYN-315921,Production Foreman,,,,,,,"Mariner Energy Resources (Mariner) was on location to complete abandonment of the
subject subsea well which was Temporarily Abandoned (TA'd) in 1997 without being
completed or produced. On 26 November 2022 at 1845 hours, approximately 6 hours
after the 9-5/8"", 13-3/8"" and 20"" casings were cut 15 feet Below the Mud Line (BML),
fluids were observed leaking from the two 3"" low pressure ports on the 30"" wellhead.
A rainbow sheen was later observed and estimated to be just over a barrel, with the
citing reported to the NRC, BOEMRE and the USCG at 2035 hours, 2046 hours and 2056
hours, respectively. O'Brian's, Clean Gulf Associates and oil spill Fast Response
Units were immediately mobilized. The flow diminished daily until only slight
bubbling was observed, when on 1 December 2022, Mariner installed a pollution dome
over the well to collect any further leakage.
On 3 December 2022, Mariner initiated operations to secure the wellbore using
dynamically positioned well intervention vessels. A cement retainer was set in the
13-3/8"" casing and 30 barrels of cement were pumped below the cement retainer to
isolate the 9-5/8"" x 13-3/8"" annulus; no bubbling or fluid leak was noted after the
cement pumping operation. A cement stinger was then run and 47 feet of cement plug
was set in the 13-3/8"" x 20"" annulus. A cement plug was then pumped in the 20""
casing on top of the 13-3/8"" casing stub with the Top of Cement (TOC) at 23 feet BML,
with an additional five (5) barrels of cement pumped to bring the TOC to 12 feet BML.
The 9-5/8"" casing hanger, seal assembly and stub were cut and pulled using the well
intervention vessel Ross Candies. On 8 December 2022, with no flow being observed,
the vessels were released. Monitoring continued weekly until the 20"" and 30"" casings
were cut 7 feet BML, the wellhead was recovered by the Q4000 and on 19 December 2022,
final site clearance was completed.",Reported as a pollution release.,Incident,,Incident,,,,,,C,,,,,,
CP-A0F413DEA6,,Incident,2022-12-21,05:00,2022-12-22,SM,236,160,,Maintenance,LIFTING DEVICE,Loss Event,Environment & Reputation,Loss of Containment,,SYN-0cae11,Maintenance Supervisor,SYN-6ac403,Maintenance Supervisor,SYN-7a6ca6,Facility Engineer,2022-12-27,SYN-885a26,Facility Engineer,2023-01-11,"During the early morning hours on December 21, 2022 at approximately 05:00 hrs the
motor vessel (MV) Juan, a 200' lift boat had departed from Port Fourchon, LA and was
en-route to Freshwater City, LA. While passing through Chevron's South Marsh Island-
236 field the M/V came into contact with an unidentifiable structure that was not
seen by crew members onboard. Prior to contact one crew member was at
the controls and noticed what seemed to be a large ""blur"" showing up on the radar
screen. Moments later the M/V collided with the structure and a loud sound of gas
being released could be heard by the crew member's onboard coming from the structure.
A total of 2.84 gallons of liquid hydrocarbons were released into the gulf waters
surrounding the small structure.The pollution (oil/gas) was estimated at daylight and
was reported to be a silvery sheen measuring 150 feet in width and 2 miles in length.
All pollution released as result of the incident dissipated during the course the
day. Due to the M/V size and location of heat sources onboard the M/V no gas was able
to reach areas where possible ignition could have occurred.
Chevron's platform personnel located at South Marsh Island 236 A facility received
and responded to an alarm after well No. 160 was struck. The PLC monitoring system
used at South Marsh 236 activated shutting the well in at the surface safety valve.
Alerted by the alarm platform personnel were able to utilize the PLC system to close
the surface controlled subsurface safety valve (SCSSV) stopping any further pollution
and preventing any injuries. No part of the ESD or fire loop system located on the
structure was damage in the collision.
The Lafayette District could not determine from the investigation, if in fact, the
nav-aids were fully operational at the time of the incident. Chevron firmly denies
that the lights on the structure were not operational. A finding in the investigation
indicated that the nav-aids had just been serviced prior to the incident and were
found to be in good working condition. Crew members on board the M/V claim that the
nav-aids on the structure were not working at all at the time of the collision, but
did say they could faintly hear the fog horn as they approached the structure. Since
completing this report all repairs to the structure have been completed and the well
has been returned to production.","Reported as a pollution release and a collision with damage over $25,000. Estimated property damage $350,000.",Incident,,Incident,8,D,2,,,C,,,,C,,
CP-16B473505A,,,2023-01-11,18:05,2023-01-13,HI,A 119,,ROWAN JOE DOUGLAS,Maintenance,LIFTING DEVICE,,,,,,,SYN-124e97,Production Foreman,,,,,,,"While transfering Synthetic Oil Base Mud (SOBM) to the sand traps, rig personnel
inadvertantly opened the #5 sand trap valve and the mud traveled down to the Master
dump valve. The Master dump valve which was supposed to be fully closed was found to
be open approximately 4 inches. This caused a release
waters.",,,,,,,,,,,,,,,,
CP-0D19E3D5BC,,Incident,2023-01-26,17:15,2023-01-28,GC,743,,GSF DEVELOPMENT,Drilling,LIFTING DEVICE,Loss Event,Environment & Reputation,Loss of Containment,,SYN-f27095,HSE Advisor,SYN-011732,Facility Engineer,SYN-84df09,Facility Engineer,2023-02-13,SYN-270a35,Marine Coordinator,2023-03-11,"On the afternoon of January 26, 2023 the rig had stopped drilling and had pulled the
drill pipe back in to the casing shoe to work on maintenance items and was
circulating the wellbore. The electric motor on one of the shale shakers failed. The
screens stopped moving and coated over with mud and cuttings. Three barrels of
synthetic based mud (SBM) overran the screens into the secondary skimmer for the
cuttings drying equipment which overflowed into the over board trough and then into
the Gulf. The duration that the shaker was inoperative was about one minute. See
attached pictures and diagrams of the shale shaker area.",Reported as a pollution release.,Incident,,Incident,8,D,2,,,C,,,,,,
CP-2389456D4E,,,2023-01-30,12:45,2023-01-31,MC,129,,ROWAN RELENTLESS,Production Operations,LIFTING DEVICE,Loss Event,Health & Safety,Injury TLI,,,,SYN-a7c330,Operations Superintendent,,,,,,,"On 30-JAN-2023 at approximately 12:45 p.m. onboard the drillship Rowan Relentless, an
incident occurred involving a third party employee resulting in a fractured leg. The
incident took place while the I.P. (injured person) was attempting to close the lid
on a drill cuttings box.
At approximately 12:39 p.m. an announcement was made over the PA (public address)
system that a helicopter was 20-minutes out. The I.P. stated that he knew that crane
operations would be suspended prior to the helicopter's arrival. At 12:41 p.m. the
I.P. made the decision himself to prepare the cuttings box for removal prior to the
helicopter landing. NOTE: No other rig personnel or third party personnel were
assisting the I.P. while he was conducting this operation (See JSA). After climbing
on top of the cuttings box, the I.P. utilized a chain fall in an attempt to close the
lid. With the chain fall hook on the lid, the I.P. lowered the lid. During this
process, the lid did not completely close because the drill cuttings chute was
preventing the lid from properly closing. (The drill cuttings chute carries the drill
cuttings to the cuttings box from the shakers). The I.P. then proceeded to reopen the
drill cuttings box lid with the chain fall. When he had the lid vertical, he slacked
off of the chain fall and manually attempted to push the lid back open. At this time
(12:45 p.m.), the chain fall hook came free from the cuttings box lid and fell back
into the open position in an uncontrolled manner onto the I.P.'s right leg, pinning
the I.P.'s right leg under the cuttings box lid.
Immediately after the incident took place, the bridge mobilized the Medic and the IP
was taken to the rig hospital for evaluation where his leg was splinted and a Medivac
flight was arranged. It was later determined that IP
fibular requiring surgery.",The incident resulted in a lost-time accident with more than 3 days lost. The facility was evacuated.,,,,,,,,,,,,,,,
CP-DD5356BDB1,,,2023-02-13,21:15,2023-02-16,SS,198,I,HERCULES 205,Construction,LIFTING DEVICE,Loss Event,Health & Safety,Injury TLI,,,,SYN-017327,Maintenance Supervisor,,,,,,,"-
On February 13, 2023, a Floorman working on the Hercules 205 drilling rig was injured
when a joint of 7 inch casing rolled onto his foot. The Hercules 205 drilling rig was
working for Black Elk Energy and was located at Ship Shoal 198.
The day prior to the accident, the A/B crew had been in the process of relocating
bundles of casing from the port side of the rig to the starboard side of the rig.
They were not able to finish making all of the lifts, but installed cable slings on
some of the casing to assist the next crew coming on. After making a crew change,
the C/D crew continued with the task of relocating the bundles of casing. A Job
Safety Analysis,(JSA), was done with possible hazards identified and the crew began
making the lifts. As the Crane Operator started his lift, the crane crew failed to
realize how much slack was in the cable. The work continued and the Injured Person,
(IP), climbed up onto the pipe rack to assist with the landing of the casing. As the
load was coming down, the IP warned a Roustabout that was assisting to stand out of
the way in case the bundle shifted once it settled. The load was landed, and as the
weight was taken off, the cable was allowed to slack off. The slack in the line
allowed the joints of casing to shift enough to roll on top of the IP's left foot.
The IP's foot was pinned underneath the joint of casing momentarily until the Crane
Operator noticed what had happened and lifted the bundle back up.
After the accident, the IP was brought to the living quarters and treated by the Rig
Medic. The operations were put on hold and an investigation was started surrounding
the accident. Witnesses were interviewed and corrective actions were put into place
before the work continued. The IP was sent to Occupational Medical Specialist in
Houma for further evaluation. It was at this time that it was discovered that the
IP's left ankle had been broken.",The incident resulted in a lost-time accident with more than 3 days lost. The facility was evacuated.,,,,,,,,,,,,,,,
CP-3C356856A7,,Serious Incident,2023-02-22,10:45,2023-02-26,MI,,A,,Well Services,LIFTING DEVICE,Loss Event,,,,SYN-a57358,HSE Advisor,SYN-d1c023,Facility Engineer,SYN-c38e17,Facility Engineer,2023-03-12,SYN-19357a,Facility Engineer,2023-04-28,"The crew was conducting well abandonment operations on the MI A-5 well when the
incident occurred. The crane was being used to support and anchor the power swivel.
The big block was attached to the power swivel and the fast line attached to the
tension cable. The power swivel had just been disconnected and the Supervisor was
turning off the power swivel engine when the Crane Operator (CO) began to move the
load and lay it down on the deck. The CO failed to provide enough slack in the fast
line, resulting in in the fast line cable parting about 5 feet above the fast line
ball, with the ball falling to the deck. The investigation also discovered that
there was no weight indicator on the fast line or main load line. No one was injured
since everyone was outside of the area at the time of the occurrence.
After shutting down the operations and discussing the incident, 15 feet of fast line
cable was cut and the ball reattached. The fast line was then used to pick up an 8
feet long section of tool string weighing about 120 pounds to test the ball
reattachment. The fast line was then put out-of-service until a Crane Mechanic (CM)
conducted an inspection of the fast line and returned the crane to service.",No one was injured since everyone was outside of the area at the time of the occurrence.,Serious Incident,,Serious Incident,20,D,5,,,,,,,A,,
CP-EB037DCDDA,,,2023-02-25,15:30,2023-02-28,SM,106,A NORTH,,Well Services,Fall,Loss Event,Health & Safety,,,SYN-2a6d1b,Operations Superintendent,SYN-090d59,HSE Advisor,SYN-ca09c3,Production Foreman,2023-03-05,SYN-99249e,Marine Coordinator,2023-04-11,"On February 25, 2023, at approximately 15:30 hours, Mr. Gregory Rhodes, United Production
and Construction Inc. contract employee, fell approximately eleven (11) feet to a
lower deck sustaining multiple injuries to the index finger of the right hand,
bruised ribs and a cut behind the left ear. Mr. Rhodes was in the process of
removing corroded one inch piping out of the overhead pipe rack of the above deck.
Mr. Marcelle Stewart, Island Operating Company, was located on the deck below
receiving sections of corroded one inch piping from Mr. Rhodes. Mr. Pat Fontenot,
Mariner Energy Inc Person in Charge (PIC), was located on the same deck as Mr.
Stewart approximately 20 feet away. Mr. Rhodes fell after stepping onto a section of
PVC piping that gave way. Mariner's PIC, Mr. Fontenot, apparently ignored Mr.
Rhodes' misuse of the elevated electrical tray and PVC piping above the air
compressor as a walk/work platform and Mr. Rhodes' failure to use fall protection
equipment in accordance with Mariner's Safe Work Procedure Manuel, Section 17.0 Fall
Protection Policy.
Section 17.0 of Mariner's Fall Protection Policy stated Purpose is as follows: ""This
procedure establishes minimum requirements for working at unguarded elevated work
locations that are six (6) feet or more above floor or grade level. This procedure
applies to all Mariner Employees and contract personnel. It covers activities such
as, but not limited to work in or on Pipe racks, unguarded scaffolding, Suspended
scaffolds, Tank tops, Process structures without guarded work platforms, Ladders and
Scaffolds"".
Section 17.0 of Mariner's Fall Protection Policy stated Requirements are as follows:
""This policy provides for continuous or 100% tie off fall protection, when the
possibility of a fall of 6 feet or greater exists. This means that the employee must
be tied off 100% of the time while repositioning or moving into a work area at
heights of 6 feet or greater. This may occur when work activities include
traversing, climbing, descending, etc. This can be achieved by the use of a double
strap, Y lanyard or a self-retracting lifeline. The Supervisor shall be responsible
for recognizing fall hazards and implementing this policy"".
Section 17.0 of Mariner's Fall Protection Policy stated Safe Usage of Personal Fall
Protection Systems is as follows: ""Anytime an employee is working in an area where
there is a potential to fall 6 feet or more; an approved type of fall protection
shall be used. This includes, but is not limited to a body harness and a lifeline,
lanyard, rope grab, deceleration device, or positioning device"".
Section 17.0 of Mariner's Fall Protection Policy stated Training is as follows: A
training program will be provided for each employee who might be exposed to fall
hazards. This program shall enable each employee to recognize the hazards of falling
and shall train each employee in the procedures to be followed in order to minimize
these hazards. Retraining shall be provided for all employees whenever there is a
change in assignments that may introduce the employee to a new fall hazard, or a
significant change in equipment that renders the old equipment obsolete"".
Section 17.0 of Mariner's Fall Protection Policy stated Contractor Responsibilities
is as follows: ""All contractors must have a fall protection procedure that meets
applicable federal and state regulations and should provide at least the same level
of safety as this program. It is the responsibility of contractors to train their
employees in the use of fall protection systems and equipment"".
d
Mr. Stewart state that Mr. Rhodes was standing on the electrical tray overhead when
he turned his back to place a section of the piping down on the deck. Mr. Stewart
heard Mr. Rhodes fall to the deck and initiated first aid immediately. First aid
continued until Mr. Rhodes was evacuated by Medi-vac helicopter to Teche Medical
Center in Morgan City.
Mr. Fontenot was surveying additional corroded piping that needed to be removed. Mr.
Fontenot states that Mr. Rhodes was standing on an elevated electrical tray above the
air compressor and had just handed Mr. Stewart a section of one inch piping before
falling.",The incident resulted in an injury recorded without a severity code.,,,,,,,,,,,,,,,
CP-19F338C9DF,,Very Serious Incident,2023-03-30,03:45,2023-04-02,WR,425,,NOBLE STANLEY LAFOSSE (FKA,Well Services,LIFTING,Loss Event,Health & Safety,Injury Minor,,SYN-241107,Maintenance Supervisor,SYN-8df51e,Maintenance Supervisor,SYN-c56378,Maintenance Supervisor,2023-04-08,SYN-31a502,Facility Engineer,2023-04-26,"On March 30, 2023, an employee suffered a hand injury from an incident that occurred
on the Noble drillship Stanley Lafosse, which is working for Murphy Oil Corporation.
Drilling operations were being conducted at Walker Ridge Block 425, OCS-G 16987, Well
Chinook #5. Two roustabouts (RSTB1) and RSTB2 (IP) were tending to a tag line
connected to a cantilever basket over the side of the vessel, from different decks.
RSTB1 was located on the aft lower transfer deck and the IP was located on the aft
tensioner deck. Following the release of the tag line from RSTB1 the full weight of
the tag line was supported by IP which is 40 lbs. of tag line. The IP's left hand was
pulled into the outboard vessel handrail and resulted in an injury to the top of the
left hand. After the incident no immediate pain was reported, but discomfort developed
later and was reported to the on-board medic. The decision was made to send the IP
ashore by helicopter due to swelling. Medical evaluation identified a small bone
fracture to the left pinky finger. On April 1, 2023, IP received a release with
limitations that require finger splint.
RSTB1 and IP were assigned in tandem to control a tagline attached to a cantilever-
mounted personnel work basket. The basket was manned and positioned along the port
side of the vessel to conduct rust remediation activities on the vessel hull. A task
risk assessment (TRA) was in place as well as a lift plan and work permit. A pre job
meeting was conducted.
RSTB1, second in tandem and holding the dead end of the tagline, communicated with the
IP of his intent to release the tagline to reposition himself for a better angle.
Upon release of the tagline tension by RSTB1 control of the basket was maintained by
the IP. Following the release of tension by RSTB1, the IP has the full weight of the
tag line in her hands. The IP's left hand was pulled into the vessel outboard
handrail. This resulted in an injury to the top of the left hand.
At the time of the incident no immediate pain was reported, but discomfort developed
later and was reported to the on-board medic. The IP was initially examined by the
medic and returned to duty. The decision was made to send the IP ashore by helicopter
due to swelling. Medical evaluation identified a small bone fracture to the left pinky
finger. An incident investigation report was started by Noble.
The Bureau of Safety and Environmental Enforcement (BSEE) Houma District office was
notified orally, and a written report was submitted in 15 days. The BSEE Houma
District Inspectors (Inspectors) were able to conduct an onsite investigation on April
16, 2026, and photos, witness statements and TRAs were obtained. After reviewing the
TRAs and documents, BSEE found it to be inadequate. The TRAs are generic and not job
specific. They fail to include hazards associated with handling large taglines,
positions of personnel to handrails, performing operations on multiple decks and over
the side activities. Also, it was found that there was poor communication between
RSTB1 and the IP, loss of situational awareness with hand placement in the line of
fire to the handrail, and inadequate hazard recognition with the weight of the tagline
and resulting shock load when released. The IP was wearing proper PPE as per the
first report and the pictures submitted by the operator. Finally, BSEE concurs with
the findings in Noble's incident investigation report.
After conducting an onsite investigation, reviewing pictures, documents and the Noble
incident investigation report, BSEE concluded that the hazards associated with
handling large taglines (consider weight, size, need for additional personnel, hand
off procedures and handling). BSEE believes that a proper hazard analysis would have
prevented this incident.","On March 30, 2023, an employee suffered a hand injury from an incident that occurred on the Noble drillship Stanley Lafosse, which is working for Murphy Oil Corporation.",Very Serious Incident,,Very Serious Incident,25,E,5,,,,,,,,,
CP-C58910DB68,,,2023-04-04,11:15,2023-04-06,MC,696,,T.O. CAJUN EXPRESS,Maintenance,LIFTING DEVICE,Loss Event,Health & Safety,Injury Minor,,,,SYN-7b4f60,Facility Engineer,,,,,,,"On April 4, 2023, at approximately 11:15, at Chevron U.S.A. Inc.'s, Lease OCS-G
16641, Mississippi Canyon (MC) Block 696, an employee injured his left arm when he
loss his balance and used his arm, in an attempt to break his fall. The Injured
Person (IP) hyper extended his left arm and was placed on restricted duty.",The incident resulted in restricted work or job transfer for more than 3 days. The facility was evacuated.,,,,,,,,,,,,,,,"Sequence of Events:
The IP was building temporary handrails with scaffolding around the Port Charlie Deck
hatch to be opened. As he was stepping over a lower rail he had completed, his jacket
caught on a scaffold bolt causing him to lose his balance. As he was falling forward,
he reached out to grab the handrail with his left hand but over-reached, striking the
top of handrail with his wrist. Unable to grasp the handrail, he continued falling
forward. With his left arm still on the rail,"
CP-889FB976D8,,Very Serious Incident,2023-04-06,18:45,2023-04-09,MC,773,A(DEVILS TOWER,NABORS MODS 140,Construction,LIFTING,Loss Event,,,,SYN-8c330d,Marine Coordinator,SYN-e245fd,Facility Engineer,SYN-8d039e,Operations Superintendent,2023-04-13,SYN-eea4e4,HSE Advisor,2023-05-07,"On April 6, 2023, at approximately 18:15 hours, ENI US Operating CO. Inc. (ENI) had a
dropped object incident on the Nabors MODS 140 rig while using the South crane during
sidetrack operations on the A005 well at Mississippi Canyon (MC) Block 773. ENI
reported the incident to the Bureau of Safety and Environmental Enforcement (BSEE),
New Orleans District.","The handrail fell approximately 75 ft to the deck below, and no injuries occurred with one person being 6 ft from where the handrail landed.",Very Serious Incident,,Very Serious Incident,,,,,,,,,,A,,"SEQUENCE OF EVENTS:
On April 6, 2023, at approximately 18:15 hours, during the “drill floor toolbox
meeting,” the crane operator decided to use the South crane to move a crossover (sub
for making up the drill string bottom hole assembly) to the rig floor with the help of
a roustabout and floor hand. While lifting the crossover sub using a set of 35-foot
slings and stinger, the roustabout used a tag line to guide the crossover through the
V-Door to the rig floor. Once the floor hand assumed the load was secure, the
roustabout then moved down the catwalk, away from the load. According to the crane
operator, this is when the floor hand signaled with his head to raise the load so the
crossover sub could be manually pulled to the rig floor. Note: the slings were 35 ft in
length which increased the stinger hook’s height when the crossover sub was lifted
horizontally to the rig floor.
As the Crane Operator proceeded to raise the load, which was perpendicular to the
walkway above on the derrick, the stinger hook hit the walkway’s top handrail. Due to
the impact of the stinger hook, a portion of the handrail was pulled apart and broke
off. The broken handrail was 5-1/2 ft by 1-1/2 in of square tubing weighing 13.6 lbs.
The handrail fell approximately 75 ft to the deck below, and no injuries occurred with
one person being 6 ft from where the handrail landed.
BSEE INVESTIGATION:
On April 10, 2023, BSEE conducted an on-site incident follow-up investigation. During
the incident follow-up, investigators collected all available documents related to the
incident including JSAs, pictures, and the lift plan from the Company and HSE
representative.
CONCLUSIONS:
BSEE determined the root cause of this incident to be proper tools and equipment were
not identified prior to performing this task. It was determined by Nabors the
incorrect crane slings were used; they were too long at 35' in length. Also, there was
no communication between the driller and crane operator (leadership positions) prior
to the commencement of this operation. It is imperative that the driller be involved
or have situation awareness of all activities involving the drill floor. In this
instance, the driller was not aware of this lift and did not have the opportunity to
suggest other means of moving the crossover sub to the drill floor or to ensure proper
equipment and personnel were utilized."
CP-AF26AE8FD9,,Serious Incident,2023-04-15,11:50,2023-04-16,ST,34,B,,Drilling,LIFTING DEVICE,Loss Event,Business Interruption & Cost,Equipment Damage,,SYN-15ca2b,Facility Engineer,SYN-cfec5e,Facility Engineer,SYN-cf503d,Operations Superintendent,2023-04-22,SYN-18e4a2,HSE Advisor,2023-05-20,"On April 15, 2023, an incident occurred on the South Timbalier 34B Platform
(Lease OCS G04842). Talos Energy, LLC (Talos) is the Designated Operator of Records.
The platform is situated nine nautical miles from shore in fifty feet of water.
After completing a third and final lift on the back deck of the Motor Vessel (M/V),
the crane operator was in the process of laying the boom down in its rest when the
boom encountered a failure. Just prior to completing the boom rest operation, the two
bottom bolts connecting the midsection and heel section failed. The failure of the
bolts caused excessive stress on the remaining top bolts. Once the top bolts failed
the top section of the boom collapsed (jackknifed) to the right, then dropped down,
eventually hanging by the main and auxiliary cables on the west side of the platform.
The crane operator was able to exit the crane cab. Once the incident was over, the
platform Emergency Shutdown (ESD) system was activated. No reportable injuries
occurred during the incident.
Though the crane was not present at the facility during onsite inspection by BSEE
Houma District personnel, photos obtained of the lower bolt showed signs of
stretching and bending, indicating contact. Therefore, it appears the most likely
cause of the failure of the bottom bolts in the boom midsection was due to a probable
boom/boom stop contact that day or in recent days prior to the incident. The
following third party investigative findings support this","Reported as damage over $25,000 and a crane incident. Estimated property damage $270,450.",Serious Incident,,Serious Incident,20,D,5,,,,,,,C,,
CP-E2B1997418,,,2023-06-03,14:15,2023-06-07,EC,129,A (SEAHORSE),[J,Production Operations,LIFTING DEVICE,Loss Event,Health & Safety,Injury TLI,,,,SYN-499625,Marine Coordinator,,,,,,,"On 03-05-2012 at 1425 hours, during P&A operations on the EC-129 Well A-01 a well
service assistant working for the contractor Chet Morrison Well Sevrvices (CMWS),
was the Injured Person (IP)who suffered head and face injuries.
The IP was returning from the lower deck of the platform to assist two other well
service assistants on the upper deck via a spiral stair case located next to well A­
01. The two assistants on the upper deck were in the process of replacing a grating
panel approximately three feet wide by six feet long weighing in excess of one
hundred pounds over the barricaded open hole above well A-01. During the process of
sliding the grating cover over the hole, the panel slid through the hole and fell to
the deck below. The panel bounced off the stair case and struck the IP, who was
ascending the stairs, on the top front of his hard hat impacting the nose and facial
area.
The IP sustained lacerations to face, nose and lips, with a possibility of a broken
nose, and was given immediate first aid and air transported at 1600 hours to
University of Texas Medical Branch (UTMB) Surgery Hospital in Galveston, Texas for
additional medical treatment.
After reviewing multiple Job Safety Analysis (JSA) for the day of the accident BSEE
inspectors were unable to locate a JSA for the specific task of replacing grating in
the barricaded open hole over well # A-1. None of the JSAs available mentioned open-
hole awareness.",The incident resulted in a lost-time accident with more than 3 days lost. The facility was evacuated.,,,,,,,,,,,,,,,
CP-96BE7D6D00,,Serious Incident,2023-07-31,10:30,2023-08-01,VR,379,A,BLAKE 1505,Drilling,LIFTING DEVICE,Loss Event,,,,SYN-751ae2,Production Foreman,SYN-58ac9c,Production Foreman,SYN-d2b755,Production Foreman,2023-08-09,SYN-1812f8,Facility Engineer,2023-09-06,"-
On 08-June-2014 as the Blake 1505 platform rig was being mobilized onto ANKOR
Energy's Vermilion 379A (VR-379A) facility an incident occurred. The incident
resulted in an injury to a construction worker requiring evacuation of the injured
person (IP).
At the time the incident occurred, both Danos construction personnel and Blake rig
personnel were working on the facility. The construction personnel were working on
the top deck and the cellar deck of the platform, while rig personnel were lifting
electrical equipment from the platform's top deck to the rig floor, located thirty-
seven feet, seven inches (37', 7"") above the top deck, using the platform crane and
cargo basket. Once the electrical equipment had been off-loaded on the rig floor, the
designated flagman signaled the crane operator the ok to lift the cargo basket. As
the cargo basket was been raised off the rig floor the basket caught on the handrail
located on the northwest corner of the rig floor. Before the flagman could stop the
lift, the cargo basket pulled the handrail out of the support sockets resulting in it
falling to the top deck below striking a construction worker operating an air tugger.
The IP received injuries to neck and upper shoulder areas. First aid was administered
to the IP on the facility and then transported to the Occupational Medicine Service,
Houma Louisiana for medical evaluation. The medical evaluation indicated the IP had
sustained contusions to the neck and shoulder areas. The IP was treated and given a
full release to return to work.
On 23-June-2014, the Bureau of Safety and Environmental Enforcement Inspectors
conducted an onsite investigation into the incident. A review of the incident
documentation found separate morning safety meetings for the rig personnel and
construction personnel conducted on the day of the incident. Only rig personnel
reviewed the Job Safety Analysis (JSA) for lifting operations. Step 3-1 required the
area under the lifting operation be flagged off with warning tape. That step was not
completed prior to commencement of lifting operations allowing construction personnel
access to the area.",Reported as a crane incident. The facility was evacuated.,Serious Incident,,Serious Incident,20,D,5,,,,,,,,,
CP-E34F6FA176,,,2023-08-19,11:30,2023-08-21,LA,6660,HOUCHIN,[J,Marine & Logistics,LIFTING DEVICE,,,,,SYN-0f6e00,Maintenance Supervisor,SYN-33a814,Operations Superintendent,SYN-cb83e0,Maintenance Supervisor,2023-08-31,SYN-efa1cc,Maintenance Supervisor,2023-09-25,"2 men were lifting a 4a valve from the deck into a small
& were lifting a 4n gate valve.
on the edge of the basket, the valve was set on",,,,,,,,,,,,,,,,
CP-7E78C21014,,,2023-09-01,15:00,2023-09-03,SM,128,A-PRD,,Construction,LIFTING DEVICE,Loss Event,Health & Safety,Injury TLI,,,,SYN-81d440,Facility Engineer,,,,,,,"-
On September 1, 2023 at approximately 1500 hours, a Contract Employee (CE) fell
approximately 90 feet into the Gulf of Mexico from the rear of a crane he was
previously operating.
The CE had previously repositioned a grocery box to the second deck of the quarters.
As he departed from the controls, he walked to the rear deck of the crane to clean a
small amount of oil in the skid. The CE utilized absorbent pads to wipe the skid and
placed the bag on the grating. The CE stated he stooped down on a beam next to the
skid to access the oil in the skid. It was very humid with foggy conditions at the
time of the incident. This created slippery surfaces throughout the structure
including the beams.
As the CE attempted to stand up, he lost his footing causing him to fall. As he was
falling, he stated that his head came in contact with the hand rail next to the skid
knocking his hardhat into the Gulf of Mexico. He then came in contact with the safety
chain that barricaded the opening to the ladder. As the CE fell, the safety chain
struck the CE between his ribs and under his arm on his left side.
The safety chain had a safety latch that connected to a stainless steel u-bolt. As
the CE came in contact with the chain, the u-bolt broke causing the CE to fall 90
feet to the Gulf of Mexico. The crane is located on the East side of the platform.
Due to the water current, the CE was taken to the North side of the facility. It is
unknown if the CE went under the facility or was able to swim around but was able to
grab an emergency escape rope located on the North side of the structure.
An employee unloading the grocery box noticed the CE was no longer located on the
crane. The employee attempted to page the CE twice before starting to search. As
the employee began searching near the crane, he looked over the side of the structure
and observed the CE's hardhat floating in the water. The employee activated the man-
overboard alarm alerting all employees on the platform to begin to search. A few
minutes later, the CE was spotted hanging on to the escape rope located on the north
side of the facility. The field boat was contacted immediately to retrieve the CE.
The CE was transported to Lake Charles Memorial Hospital due to his injuries. The CE
suffered a severe cut to his forehead, a broken nose and a broken tailbone. He was
then transported to St. Patrick's Hospital and placed in ICU.
During the investigation, it was noted that the CE had a large amount of wear on the
bottom of his boots. This could have been a factor in the CE losing his footing. The
CE was unclear on what caused him to lose his footing.
The BSEE Lafayette District conducted an onsite investigation 9/3/2023.","The CE suffered a severe cut to his forehead, a broken nose and a broken tailbone.",,,,,,,,,,,,,,,
CP-F154929E4F,,,2023-09-05,02:55,2023-09-06,GB,978,,T.O. DISCOVERER INDIA,Maintenance,LIFTING DEVICE,Loss Event,Health & Safety,Injury TLI,,SYN-fcdda1,Maintenance Supervisor,SYN-5eb436,Marine Coordinator,SYN-af9968,HSE Advisor,2023-09-10,SYN-ee58e0,HSE Advisor,2023-10-05,"CHIEF MECHANIC/INJURED PERSON (IP) AND MECHANIC WERE IN THE PROCESS OF REMOVING A
GEAR BOX COUPLING AND MUD AGITATOR SHAFT TO REPAIR A LEAKING OIL SEAL FROM THE
GEARBOX ON SURFACE/ACTIVE PIT S6. IP AND MECHANIC HAD LIFTED GEAR BOX WITH TAPERED
COUPLING AND AGITATOR SHAFT ATTACHED IN ORDER TO PLACE SAFETY CLAMP (DRILL COLLAR
CLAMP) ON THE AGITATOR SHAFT BEFORE SEPARATING THE AGITATOR SHAFT FROM THE GEARBOX.
PRIOR TO SECURING SAFETY CLAMP, THE CREW MEMBERS INSTALLED THE SUPPORT BEAMS WITH ALL
THREAD AROUND THE AGITATOR SHAFT; THEY PERFORMED THIS STEP OUT OF SEQUENCE AS
OUTLINED IN THE WRITTEN RISK ASSESSMENT (WRA). IP AND CREW MEMBER DETERMINED THE
SAFETY CLAMP NEEDED TO BE ADJUSTED TO A SMALLER SIZE AFTER THEY INITIALLY TRIED TO
SECURE THE CLAMP AS IDENTIFIED IN STEP 8 IN THE WRA. THE MECHANIC LEFT THE WORK AREA
TO RETRIEVE A PAIR OF PLIERS NEEDED TO MAKE THE ADJUSTMENT ON THE SAFETY CLAMP.
WHILE DOING SO, THE IP CHECKED TO SEE IF HE HAD THE PROPER SIZE ALLEN WRENCH. THE
WRA IDENTIFIED THE SPECIFIC TOOL HE NEEDED, A 19MM ALLEN WRENCH. WITHOUT THE SAFETY
CLAMP INSTALLED, THE IP PUT THE ALLEN WRENCH ONTO AN ALLEN BOLT HEAD ON THE AGITATOR
SHAFT WHICH WAS SOMEWHAT CORRODED, AND PROCEEDED TO TAP THE ALLEN WRENCH WITH A
HAMMER INTO THE BOLT HEAD. AS THE IP WAS HAMMERING, THE AGITATOR SHAFT AND COUPLING
(WEIGHING APPROXIMATELY 750 POUNDS) SEPARATED FROM THE GEAR BOX OUTPUT SHAFT AND FELL
DOWNWARD. THE IP'S FOURTH AND FIFTH FINGERS ON HIS LEFT HAND WERE SMASHED AND PINNED
UNDER THE WEIGHT OF THE SHAFT BETWEEN THE END OF THE ALLEN WRENCH AND SUPPORT BEAMS
INSTALLED BELOW. THE IP LOST HIS FOURTH FINGER DOWN TO THE FIRST KNUCKLE AND HIS
FIFTH FINGER WAS BADLY CRUSHED AND BROKEN. IP WAS EVACUATED VIA MEDIVAC TO CRESCENT
CITY HOSPITAL IN NEW ORLEANS, LOUISIANA. THE IP RECEIVED TREATMENT AND HAD HIS
FOURTH FINGER AMPUTATED DOWN TO HIS FIRST KNUCKLE AND HIS FIFTH FINGER WAS
RECONSTRUCTED.
THE IP, AS MENTIONED BY THE OIM, LEAD DRILL SITE MANAGER, AND SENIOR TOOLPUSHER;
SHOULD HAD BEEN WEARING HIS IMPACT GLOVES DURING THIS STAGE OF THE REPAIR. THE IP
WAS WORKING ON THE AGITATOR SHAFT AND COUPLING WITHOUT THE SAFETY CLAMP PROPERLY IN
PLACE. THE SUPPORT BEAMS WERE PUT IN PLACE PRIOR TO THE SAFETY CLAMP BEING CORRECTLY
SECURED. THE IP AND MECHANIC INVOLVED DID NOT FOLLOW THE JOB STEPS AS OUTLINED IN
THE WRA. THE MECHANIC DID NOT STOP THE IP FROM WORKING ON THE AGITATOR ASSEMBLY
WITHOUT THE SAFETY CLAMP IN PLACE, THUS; NOT UTILIZING STOP WORK AUTHORITY AND NOT
CALLING FOR A “TIME OUT” FOR WORKING OUTSIDE OF THE PLAN CREATING A HAZARDOUS WORK
ENVIRONMENT LEADING TO AN INJURY OCCURRENCE. THE TOOL LIST IN THE WRA IDENTIFIED A
19MM ALLEN WRENCH WAS NEEDED FOR THE JOB TASK. THE IP CHECKED TO SEE IF HIS WRENCH
WOULD FIT THE BOLT EVEN THOUGH THE WRA OUTLINED WHAT SIZE TOOLS WOULD BE NEEDED FOR
THE JOB. THE IP WAS NOT INVOLVED WITH THE WRA, AND HE WAS ALSO THE SUPERVISOR OF THE
TASK. PERSONNEL DEVIATED FROM THE SEQUENTIAL JOB STEPS AS OUTLINED IN THE WRA. THE
MECHANIC PRINTED THE IP’S NAME ON THE WRA. THE IP NEVER SIGNED THE WRA.
TRANSOCEAN AND LESSEE HAD PRIOR KNOWLEDGE OF SUDDEN UNEXPECTED SEPARATION OF THE
AGITATOR GEARBOX OUTPUT SHAFT FROM AGITATOR SHAFT TAPERED COUPLING. ON THREE
DIFFERENT OCCASIONS DATING BACK TO 2010, AGAIN IN 2014, AND AGAIN IN 2015 SUDDEN
UNEXPECTED SEPARATION OF THE AGITATOR SHAFT FROM THE OUTPUT SHAFT ON THE GEARBOX
OCCURRED. TRANSOCEAN HAD PRIOR KNOWLEDGE OF TWO AGITATOR SHAFTS SEPARATING
UNEXPECTEDLY ON THE DISCOVERER INDIA. THERE WERE NO ADDITIONAL PRECAUTIONARY
MEASURES TAKEN TO MITIGATE THE HAZARD OF UNEXPECTED COUPLING FAILURE CAUSING
SEPARATION OF THE AGITATOR SHAFT FROM THE GEARBOX OUTPUT SHAFT WHILE PERSONNEL WERE
PERFORMING REPAIRS ON THIS EQUIPMENT. PROCEDURES AND WRA’S WERE NOT UPDATED TO
INCLUDE THESE HAZARDS, CAUSING THREAT OF INJURY TO PERSONNEL.",The incident resulted in a lost-time accident with more than 3 days lost. The facility was evacuated.,,,,,,,,,,,,,,,
CP-DA8B8BA200,,Serious Incident,2023-09-10,18:00,2023-09-12,SS,209,K,,Maintenance,,Loss Event,,,Combustion,SYN-89d8bf,HSE Advisor,SYN-e6bc66,Facility Engineer,SYN-deb0c3,HSE Advisor,2023-09-19,SYN-7a184d,Maintenance Supervisor,2023-11-20,"Due to vibration, the 3"" nipple broke on the compressor hydraulic fan pump causing
hydraulic oil to spill on the hot exhaust of the compressor. Heat from the exhaust
caused the hydraulic oil to burn. The fire was extinguished with about one-third of
a 150 lb. dry chemical wheel unit.","Reported as a fire. Estimated property damage $1,000.",Serious Incident,,Serious Incident,12,D,3,,,,,,,A,,
CP-DBE3F957D9,,Incident,2023-09-21,17:10,2023-09-24,EB,599,,DIAMOND OCEAN VALIANT,Maintenance,LIFTING DEVICE,Loss Event,Business Interruption & Cost,Equipment Damage,,SYN-c0d610,HSE Advisor,SYN-1aa714,Operations Superintendent,SYN-ebece3,Production Foreman,2023-09-26,SYN-aae2c8,HSE Advisor,2023-10-08,"M/V C-Rover was tied up on the starboard side to the MODU Diamond Ocean (DO) Valiant
while transferring liquid Synthetic Based Mud (SBM) to the Valiant via the rig's mud
transfer hose. During transfer, C-Rover lost hydraulic power to the bow thruster.
The mud transfer hose was released without problems, but while attempting to recover
the rig stern line C-Rover began to drift into the DO Valiant. M/V C-Rover impacted
the DO Valiant on the starboard aft side, contacting Valiant's columns #3 and #4.
The rig stern line was found to be pulled too tight to remove and was subsequently
cut. M/V C-Rover powers away without further incident. Approximately 30 minutes
later, C-Rover reported a hull breach to the #4 tank
of the incident.","Reported as a collision with damage over $25,000. Estimated property damage $126,000.",Incident,,Incident,,,,,,,,,,C,,
CP-842BEE84F9,,Incident,2023-09-26,08:40,2023-09-29,ST,131,K,,Drilling,LIFTING DEVICE,Loss Event,Business Interruption & Cost,Equipment Damage,,SYN-c66b16,Operations Superintendent,SYN-c16501,HSE Advisor,SYN-bffe0a,HSE Advisor,2023-10-11,SYN-20291d,Marine Coordinator,2023-11-09,"Derrick barge William Kallop had just completed installation of Arena Offshore's
South Timbalier (ST) 131 K platform. Kallop was in the process of recovering its
anchors to relocate to ST 151 for a second structure installation, and after picking
up anchors, tugboat Offshore King lost control of the barge. The derrick barge then
drifted into adjacent Chevron platform complex ST 130D (specifically the D-CP
Compressor platform), thereby damaging the riser guard and 12-inch beam below the
cellar deck.","Reported as a collision with damage over $25,000.",Incident,,Incident,4,D,1,,,,,,,,,
CP-F33EB85E55,,Serious Incident,2023-10-23,02:52,2023-10-26,SM,128,B,,Production Operations,LIFTING,Loss Event,Business Interruption & Cost,Equipment Damage,Combustion,SYN-d4ce74,Maintenance Supervisor,SYN-0de019,Facility Engineer,SYN-10ccef,Marine Coordinator,2023-11-06,SYN-542f18,Maintenance Supervisor,2023-11-30,"On October 23, 2023, at approximately 0252 hours, the C1 compressor experienced a
piston failure that caused damage to the housing and ignited a fire at Arena Offshore,
(Arena) LP OCS-G02587, South Marsh Island (SM) 128 B Facility. While making a round,
the night operator (NO) discovered a fire on the C1 compressor. The NO activated the
fire alarm and the emergency shut down system (ESD). Shortly after the NO alerted
personnel of the fire, the operators were able to extinguish the fire without any
injuries.",There were no injuries to personnel due to this incident.,Serious Incident,,Serious Incident,12,D,3,,,,,,,,,"Sequence of Events:
On October 23, 2023, the NO was near the C1 compressor when a piston failure occurred
causing the piston rod to penetrate the housing and ignite a fire. The C1 compressor
was compressing approximately 3.5 million cubic feet (MMcf) a day at the time of the
failure. The NO activated the fire alarm and the emergency shut down system (ESD).
Shortly after the activation of the ESD, the NO went door-to-door alerting all
personnel of the fire. The operators were able to extinguish the fire using a
firewater hose and 2 (30 lb.) dry chemical fire extinguishers. The Rotating Equipment
Specialist arrived on the SM-128B facility October 24, 2023, to investigate the
incident. There were no injuries to personnel due to this incident.
BSEE INVESTIGATION:
On October 23, 2023, the Bureau of Safety & Environmental Enforcement (BSEE) Lafayette
District (LD) Accident Investigator (AI) received a phone call notification of a
compressor failure that occurred on Arena’s SM-128B Facility. The AI requested
additional information pertaining to the incident such as the compressor inspections,
statements, and other relevant documents from Arena.
The BSEE LD AI conducted an onsite investigation at SM-128B on November 5, 2023. BSEE
conducted interviews with the personnel involved in extinguishing the fire, compressor
mechanics and reviewed all pertinent documentation.
During an interview with a compressor mechanic, it was stated that scarring was found
on the piston. As per the compressor mechanic, the scarring that was discovered is
generally a sign of poor maintenance.
As per the Rotating Equipment Specialist, it was suspected that the piston detached
from the piston rod due to the nut on the end of the rod loosening as a component
fault or from wear that caused the nut to become loose. This event caused the two
bottom connecting rod bolts to break which led to the piston rod nut contacting the
head end of the cylinder and separating from the frame. As the housing broke, the gas
blowing down through the vent system ignited. The operators utilized 2 (30 lb.) dry
chemical fire extinguishers and a firewater hose to extinguish the fire. It was also
determined that the C1 compressor vibration switch tripped but failed to initiate a
shut down at the panel. On October 25, 2023, an Instrumentation and Electrical
Contractor tested the vibration switches on the C1 compressor. The switches tripped
and relayed the signal to shut in the compressor panel. The contractor found moisture
in the output line of the vibration switch. Due to the freezing temperature at the
time of the incident (17 ¿), it is suspected that the fluid froze which would have
allowed the switch to trip but not allow the signal to the panel. The C1 compressor is
scheduled to be rebuilt.
CONCLUSION:
The C1 compressor piston failure led to a sequence of events that resulted in the
piston rod nut contacting the head end of the cylinder and separating from the frame.
As the housing broke, the gas blowing down through the vent system ignited. It was
also determined that the vibration switch tripped but failed to initiate a shut down
at the panel. Due to the freezing temperature at the time of the incident (17F), it is
suspected that the fluid froze which would have allowed the switch to trip but not
allow the signal to the panel. According to statements, the vibration change from the
compressor was enough to trip the vibration switch prior to the fire. If the signal
could have initiated the shut down to the panel, the incident may have been prevented.
As a result of the SM-128B incident, Arena has implemented the following action:
• An in-line desiccant dryer to the pneumatic supply inlets of the compressor control
panel were ordered and will to be installed."
CP-600B617E24,,Serious Incident,2023-11-19,15:00,2023-11-20,,956,A-Ram Powell,H&P 205,Marine & Logistics,LIFTING DEVICE,Loss Event,,,,SYN-1847f7,Maintenance Supervisor,SYN-d59182,Maintenance Supervisor,SYN-d55ee0,HSE Advisor,2023-11-24,SYN-9274bc,Marine Coordinator,2024-02-10,"While preparing to lower the derrick, the cable of the derrick lowering winch pulled
out of the factory made open spelter socket. The cable was attached to the bottom
lowering sheave body, which is in turn secured to the derrick. An attempt was made to
lift the derrick slightly to relieve tension allowing the slides to be removed more
easily. As the weight increased, the cable was pulled out of the socket. Only 3 of 8
slices had been removed prior to the failure. When
the crews began to push the slides back into place",Reported as a lifting-device incident.,Serious Incident,,Serious Incident,20,D,5,,,,,,,,,
CP-2F1992912D,,Serious Incident,2023-11-21,22:17,2023-11-22,AC,857,A(Perdido),,Well Services,LIFTING,Loss Event,Business Interruption & Cost,Equipment Damage,Combustion,SYN-c2e0f6,HSE Advisor,SYN-43d68c,Operations Superintendent,SYN-173b82,Production Foreman,2023-11-27,SYN-6be448,HSE Advisor,2023-12-17,"On November 21, 2023, at 2210 hours, Shell Offshore Inc. (Shell) reported a fire
occurred at Alaminos Canyon (AC) 857, Perdido Spar, lease OCSG-17565. The Universal
Power Supply (UPS- 7560) failed releasing smoke and setting off smoke detectors in the
UPS room. This caused an automated facility shut-in and full power loss at the
Perdido Spar. The estimated cost of repair is $56,830.00. There were no injuries or
pollution reported with this incident.
On November 22, 2023, the Bureau of Safety and Environmental Enforcement (BSEE) Lake
Jackson District Well Operations Accident Investigator and Supervisory Inspector
conducted an onsite investigation at AC 857 Perdido Spar. They collected
documentation, maintenance records, alarm logs and one-line drawings of the effected
circuit and photographs were taken.
The Shell investigation concluded the failure was due to the direct current (DC)
capacitor on the UPS-7560. The capacitor burst upon failure, releasing smoke, while
spraying material onto other components within the inverter housing. The fault caused
arcing/sparking. This resulted in activation of the smoke detectors in the UPS room,
and power to the living quarters being automatically shunt tripped by the safety
system. The automated system shut-in the facility as designed. Facility personnel
mustered, as the Shell Fire Team was sent to UPS room. Smoke was evident in the room,
but the source was unclear as no power breakers were tripped. There was no visible
evidence of charring, and the Fire Team did not see a fire.
The Electrical Team went to the Electrical Motor Control Center to isolate all the
power feeds to UPS and DC power chargers. The electrical team donned proper personal
protective equipment and maintained good communication with the control room as the
electrical team began troubleshooting. Power was intermittently restored to the
Perdido Spar by turning on the power feed breakers one at a time. When powering up
UPS-7560, the displayed showed the failed device to be the inverter. The failed device
was identified as there was arcing seen coming out of the top. After energy was
released and arcing subsided, the breakers for the UPS 7560 were safely opened and
locked out. The UPS 7560 was placed in by-pass and taken out of service so that
remaining equipment could be powered up. Shell reported the estimated cost of damage
to be $56,830.00 and that it will take seven to nine weeks to receive parts for
repairs to be made. The Shell Perdido SPAR is currently using a spare circuit to
provide power to the quarters in the meantime.",There were no injuries or pollution reported with this incident.,Serious Incident,,Serious Incident,,,,,,,,,,B,,
CP-A55DEBBD97,,Very Serious Incident,2023-11-23,15:38,2023-11-25,MC,727,,HELIX Q5000,Well Services,LIFTING,Loss Event,Business Interruption & Cost,Equipment Damage,Combustion,SYN-3206be,Operations Superintendent,SYN-d85d0b,Production Foreman,SYN-69f299,Facility Engineer,2023-12-07,SYN-cce462,Production Foreman,2024-01-11,"On November 23, 2023, at approximately 15:38 hours, Kosmos Energy (Kosmos) experienced a
nitrogen bottle rupture inside a twelve-cylinder bottle rack onboard the Helix Q5000.
The Helix Q5000 was conducting workover operations on well number 3 (API#
608174141901, OCSG 24107). Kosmos reported the incident to the Bureau of Safety and
Environmental Enforcement (BSEE) New Orleans District (NOD) at 19:39 hours.","Three personnel in the area, staging equipment in preparation for pre-charging, sustained minor injuries from the shrapnel produced by the rupturing of the nitrogen bottle; all three personnel were evaluated by the rig medic and subsequently cleared to return to work.",Very Serious Incident,,Very Serious Incident,25,E,5,,,,,,,B,,"SEQUENCE OF EVENTS:
Per Helix Well Operation’s investigation report, the sequence of events are as
follows:
April 8th, 2024:
Rack of 12 Nitrogen Cylinders arrived aboard the Helix Q5000.
June 5th, 2024:
10:00: Bottle rack was moved via 400 Ton crane from the top of the Subsea Shop to the
main deck taging area.
12:00 – 12:15: Subsea and Helix Control System (HCS) conducted toolbox talk and risk
assessment.
12:15 – 14:45: Helix Subsea performed pre-dive checks in preparation of nitrogen
precharge.
14:45 – 15:15: Helix Subsea, HCS, a Schlumberger (SLB), staged equipment in
preparation for pre-charging of the Intervention Riser System (IRS) 7 (Ruptured bottle
rack was not being used for this operation.)
15:23: Nitrogen cylinder ruptured, causing damage to other bottles in the rack and
scattering them across the main deck.
16:14: Safety Standdown initiated; all operations suspended.
16:41: General Alarm was sounded; a public announcement was made for personnel to
muster at the designated muster point. Full muster recorded at 16:54. Note: Times in
this sequence are approximate, based on witness statements, interviews, personnel
recollection, and bridge log.
22:16: After risk assessments and job safety analysis (JSA) were completed, the Airgas
HAZMAT response team began venting cylinders.
BSEE INVESTIGATION:
The BSEE NOD Accident Investigator (AI) received and reviewed information submitted to
BSEE via emails, phone communications, and witness statements regarding the ruptured
nitrogen bottle. On November 28, 2023, the AI conducted an onsite investigation at the
Helix Q5000 requesting photographs, the pre-charge JSA, the pre-charge check, and the
pre-charge and discharge operational procedures. The nitrogen cylinder rack had
recently been brought onboard and was successfully relocated from the top of the
Subsea Shop to the main deck staging area using a 400-ton crane.
Prior to the incident, several activities took place:
A toolbox talk and risk assessment were conducted by the HCS team.
Helix Subsea Team executed pre-dive checks in preparation for nitrogen pre-charging.
Equipment staging was arranged by Helix Subsea and HCS, and a contractor from SLB, to
prepare for the pre-charging of IRS 7 accumulator bottles; notably, the ruptured
bottle rack was not involved in this phase.
At approximately 15:23 hours, a nitrogen cylinder ruptured causing damage to other
cylinders in the rack and dispersing them across the main deck.
Three personnel in the area, staging equipment in preparation for pre-charging,
sustained minor injuries from the shrapnel produced by the rupturing of the nitrogen
bottle; all three personnel were evaluated by the rig medic and subsequently cleared
to return to work. The three personnel included two from Helix and one from HCS.
Following the incident, a safety stand-down was promptly initiated, halting all
operations. The general alarm was activated, and personnel were instructed to muster
at the designated area. A complete muster was recorded by 16:54 hours.
After completing risk assessments and a JSA for the Airgas HAZMAT response team, the
team began venting the cylinders. During the area assessment after the incident, it
was noted that the rack containing the ruptured cylinder was not connected to the
manifold being used for the IRS 7 nitrogen pre-charge operations. The rack containing
the ruptured bottle was a standalone unit, with all cylinder valves closed.
Per the Helix investigation report, the nitrogen cylinder rack adhered to Department
of Transportation (DOT) special permit regulations, which mandate a 10-year
hydrostatic or ultrasonic examination. However, these inspections failed to identify
critical issues such as excessive corrosion with the internal cylinders. Although
visual pre-fill inspections were performed prior to deployment of the bottles to
offshore locations, they did not involve disassembly of the rack for a comprehensive
evaluation of the individual cylinders and manifold components.
The water-based paint coating on the cylinders failed to provide adequate corrosion
protection in the marine environment the bottles experienced during their time
offshore, accelerating corrosion over time. Additionally, the lack of a protective
barrier in the rack’s design allowed for metal-to-metal contact between the bottles
and the rack, increasing the risk of damage and eventually failure. The lack of
drainage in the rack’s design left the cylinders exposed to an even greater corrosive
environment than the already corrosive marine environment the bottles routinely
experienced.
The findings from the analysis of the bottle were that corrosion led to wall loss at
the bottom of the bottle. Normal wall thickness should have been 0.25 in, but the wall
thickness in the corroded region was as thin as 0.075 in. The bottle contained
approximately 2,400 psi at the time of the incident.
CONCLUSIONS:
The incident on November 23, 2023, involving the rupture of a nitrogen cylinder underscores
critical safety and operational challenges associated with the use of nitrogen
cylinder racks aboard facilities in the Gulf of Mexico.
Despite compliance with DOT special permit regulations, deficiencies in the design and
material of the racks contributed to this event, exposing the limitations of current
inspection protocols and the susceptibility of cylinder integrity to the marine
environment.
In response to this incident, actionable steps have been outlined to enhance safety
and operational efficiency moving forward. The operator plans to install a nitrogen
generation system to eliminate the reliance on external rental systems. The transition
to a nitrogen generation system, which will be included in the 2025 budget, represents
a significant shift in Helix’s approach. Furthermore, Helix plans to install a
physical barrier and hard piping to mitigate exposure to personnel and equipment
during potential future failures, thereby ensuring a safer working environment.
Additionally, Helix elected to change their vendor as one of the corrective actions,
demonstrating Helix’s commitment to accountability and quality assurance. The
selection of a new vendor and adhering to an elevated inspection process informed by
lessons learned from this incident, is a critical measure to restore confidence in
operational safety."
CP-A8413831E1,,,2023-12-01,07:10,2023-12-06,MC,503,,SEADRILL WEST NEPTUNE,Production Operations,LIFTING,Loss Event,Health & Safety,Injury TLI,,SYN-131b78,Marine Coordinator,SYN-2b42f1,HSE Advisor,SYN-e41b8b,HSE Advisor,2023-12-13,SYN-4e9937,Maintenance Supervisor,2023-12-28,"On December 1, 2023 at approximately 17:58 hours, LLOG Exploration Offshore, LLC.
(LLOG) experienced a dropped object incident which occurred onboard the drillship
SeaDrill West Neptune rig at Mississippi Canyon 503, Well #007. The incident involved
a spider dog safety door (a piece of grating) falling through the rotary table to the
top of the Blow Out Preventers (BOP) injuring two people. At 20:08 hours, LLOG
reported the incident to the Bureau of Safety and Environmental Enforcement (BSEE) New
Orleans District.
The",The incident resulted in a lost-time accident with more than 3 days lost. The facility was evacuated. Estimated property damage $100.,,,,,,,,,,,,,A,,"sequence of events began after repairing the Blind Shear Rams; the BOP was being
prepared to be reinstalled on the well. The drill floor (driller) was notified by the
subsea engineer to rig up riser running equipment for deploying the BOP. The riser
skate bridge was raised, and the BOP was moved to the transporter to be deployed. When
the BOP was placed in the transporter, the riser skate bridge was lowered, and the
first joint of riser was placed on the skate. At this time the subsea engineer
instructed two floor hands to prepare for mobilizing to the top of the BOP to check
the riser adapter and to accept the first joint of riser.
The two floor hands donned safety harnesses and personal flotation devices and entered
the maintenance basket near the riser adapter walkway. The floor hands exited the
basket and positioned themselves on the walkway and performed the inspection of the
service line stabs and the pin connection of the riser adapter. When the inspection
was completed, the floor hands notified the night tour auxiliary driller they were
ready to accept the first 90 ft. slick joint of riser.
While making their way (the two floor hands) to the maintenance basket, the drill crew
functioned the spider dogs to the open position. The dogs failed to fully open and
therefore reverted to the closed position. At that time, it was noted the back plates
of the work platform were still down preventing the dogs from opening. The night tour
auxiliary driller went to the spider and raised all 4 back plates.
The dogs were functioned to the open position a second time. It was during this
function that the port (left side) aft (toward the back) spider dog safety door was
dislodged from the dog. The safety door then fell off the end and down through the
rotary to the riser adapter where the two floor hands were stationed (as they had not
made it back into the maintenance basket and off of the walkway).
The spider dog safety door struck the riser adapter and the two floor hands knocking
them from the walkway and sustaining various injuries. One injured person (IP) had
facial lacerations and the other IP had a fractured rib.
The rig personnel scaled the BOP to assist the two floor hands as they were suspended
from their self-retracting lifelines. One of the floor hands was upside down, with his
left ankle caught between the grating of the walkway and boost (line) valve. The other
floor hand had swung off the walkway and was able to plant his feet on the BOP main
structure to stop himself from swinging.
The two injured personnel (IPs) were brought down in the maintenance basket and walked
under their own power to the infirmary for treatment and evaluation. The IPs were
evaluated by the medic on site and the decision was made to send the IPs to shore via
med-evac for further evaluation at West Jefferson Hospital in New Orleans, LA. On
December 4, 2023, BSEE started conducting an incident investigation consisting of
communicating with Company Representative and HSE representative on location. BSEE
requested daily reports, photos, witness statements, work permits and procedures.
After reviewing the statements, photos, and drawings, BSEE concluded there was an
inadequate secondary retention chain for securing the grating on the riser spider.
This retention chain did not prevent the grating from falling forward into the hole
once the two bolts that initially secured the spider dog safety door were sheared.
Human Performance Error:
The safety grating was secured to the spider dog by a bracket and was attached to the
dog with 4 bolts. The bolts were sheared off due to the back plate remaining in the
down position and not in the open position on the work platform. Therefore, when the
spider dog was raised to the vertical position, the back plate forced the safety
grating forward shearing the bolts. The back plate must be manually opened or placed
in the up position before the dog is raised, see the attached presentation/photos.
The secondary means of securing the safety grating to the spider dog is a chain which
attaches both ends of the chain to opposite sides of the spider dog. The chain was
attached to the bracket (which secured the safety grating spider dog) and spider dog
by one of the 4 bolts. The chain rapped around the spider dog and is designed to
prevent the spider dog safety grating from falling away from the well center to the
work platform while the dogs are in the open/vertical position. Since the chain was
bolted to the bracket and the bolts were sheared, this allowed the grating to fall
into the well center and the moon pool; again, please seen the attached
presentation/photos."
CP-7D02588F5C,,,2023-12-07,16:45,2023-12-08,ST,193,A,,Production Operations,LIFTING DEVICE,Loss Event,Health & Safety,Injury TLI,,SYN-c883ea,Facility Engineer,SYN-72c4f6,Maintenance Supervisor,SYN-3a9637,Operations Superintendent,2023-12-13,SYN-dfb889,HSE Advisor,2024-02-10,"The Injured Party (IP) was holding a clamp on the hydraulic return line for the crane
with a pair of channel locks. Another operator was cutting a rusted bolt from the
clamp with a battery powered Sawzall. The blade stuck in the bolt and the saw jumped
causing the IP to retract his hand. When the IP moved his hand, the saw blade struck
the back of the IP's left hand causing a one inch laceration. The lacerated area was
covered with grease and contaminants. The wound was field dressed, and then the IP
was evacuated in order to receive immediate medical attention. The IP did not
receive stitches at that time, but was given some prescription medication. The next
day, the IP saw an orthopedic surgeon because of stiffness in three fingers. The
IP's hand required surgery to repair ligaments that were damaged during the incident.
The IP was placed on light duty on 15 December 2023 and was returned to full duty on 30
April 2007.",The incident resulted in a lost-time accident with more than 3 days lost. The facility was evacuated.,,,,,,,,,,,,,,,
CP-B838EAABAC,,,2023-12-11,06:30,2023-12-14,HI,,A,,Maintenance,LIFTING DEVICE,Near Hit,,,,,,SYN-8a695d,Maintenance Supervisor,,,,,,,"On the morning of 12 December 2023, personnel were evacuated from Coldren Resources
offshore production facility At HI A-446A. This facility is owned by Coldren
Resources and operated by SPN Resources. Simultanous operations of producing and well
abandonment were being overseen by Noble Energy. There were 14 personnel onboard,
working day light shifts. When personnel woke up on the morning of the 14th, all
complained of stomach aches, with some personnel vomiting. All personnel were sent
in for medical examinations and as a result of the tests, all had an elevated levels
of carbon monoxide in their blood. Eight of the personnel remained in the hospital
overnight for observation. All personnel were released the next morning with no work
restrictions.",The facility was evacuated.,,,,,,,,,,,,,,,
CP-F05811403B,,Serious Incident,2023-12-22,15:50,2023-12-23,SS,154,E-AUX,,Drilling,LIFTING DEVICE,Loss Event,,,Combustion,SYN-e9fc21,Maintenance Supervisor,SYN-6746e2,Maintenance Supervisor,SYN-8dc91b,Operations Superintendent,2023-12-26,SYN-7ca289,Maintenance Supervisor,2024-02-20,"At approximately 1550 hours on December 22, 2023, an incident occurred on a fixed
structure located at Ship Shoal Block 154 (E-Auxilliary platform), OCS 00420. The
operator of record is Ridgelake Energy, Inc. (Ridgelake), who contracts Island
Operating Co. onboard this facility.
During normal production operations, personnel noticed smoke coming from the exhaust
stack on the Heater Treater (NBK-1800). After shutting off the fuel gas to the
burner, the operator noticed a small fire inside the fire tube and left to retrieve a
handheld fire extinguisher. When he returned, the fire was already out. The treater
was drained of all fluids, and the fire tube was removed and sent to a fabrication
and repair yard in Scott, Louisiana. BSEE inspectors were there on December 28, 2023,
to witness the sandblasting and cleaning of the fire tube, as well as to assess the
damage.","Reported as a fire. Estimated property damage $175,000.",Serious Incident,,Serious Incident,,,,,,,,,,C,,
CP-3692EFDD2C,,,2023-12-24,13:35,2023-12-26,KC,875,,,Production Operations,LIFTING DEVICE,Loss Event,Health & Safety,Injury TLI,,SYN-e09e4c,Marine Coordinator,SYN-14b30c,Production Foreman,SYN-c8d4cf,HSE Advisor,2023-12-30,SYN-6cf525,HSE Advisor,2024-01-31,"-
On December 24, 2023 at approximately 1335 hours, an employee was injured while
attempting to hydro test a pipeline.
The injured employee (IE) was part of a crew that was in the process of hydro-testing
the oil system on a new facility. The maximum pressure to be tested on the system was
9000 psi.
As the pressure reached approximately 8000 psi, the seal on a check valve failed on
the #6 flow line. The testing was stopped and the pressure was bled down to repair
the check valve. The crew stopped for lunch after bleeding the pressure.
Prior to resuming the check valve repair, the test gauges were checked and 2800 psi
was found on a gauge installed downstream of the check valve 2 (CV2) but the IE
failed to check the gauge installed downstream of check valve 1 (CV1). The trapped
pressure located downstream of the (CV2) was bled down utilizing a needle valve
located on that section of piping.
As per the Contractors Standard Operating Procedure, the Hydro Foreman or his
designee shall be responsible for system walk down. There was a foreman present
during hydro-testing operations but failed to detect the hazard.
As the IE and another employee began to unscrew the cap screws so the piping could be
removed to access the leaking valve, trapped pressure downstream of the (CV1) was
released striking the IE in the left side of face and head. The IE was found
unconscious due to his injuries. The IE was transported to a medical facility for
additional treatment.",The IE was transported to a medical facility for additional treatment.,,,,,,,,,,,,,,,
CP-4D06E49FE0,,,2023-12-24,13:00,2023-12-26,HI,A 571,B-AUX,,Drilling,LIFTING DEVICE,Loss Event,Business Interruption & Cost,Equipment Damage,,,,SYN-783fd0,Maintenance Supervisor,,,,,,,"On Wednesday, 12/24/2023, the adjustable choke on the HI-A571 ""A"" A-15 well was found
to be ""cut out"" due to the well producing sand. Operators re-built the choke and
placed the well back on production to the test separator around 4:00 pm. The choke
was set at 4/64 after rebuild instead of the original setting of 8/64 to help control
sand. At approximately 1:30 am, 12/25/2023, platform personnel described being
awakened by noise described as a ""storm"". Upon looking outside the living quarters,
the operators heard a gas leak and observed a large gas cloud in the area where the
test separator was located. The platform ""A"" Operator then headed to the wellbay to
insure all wells had been shut-in. The gas compressor and generator shut-in while an
operator was in-route to the wellbay. Upon arriving at the wellbay, the ""A"" Operator
noticed all wells shut-in except for A-15. Black Elk stated platform shutdown was
due to an ASH Gas Detector reaching 60% LEL. A-15 remained open and gas continued to
leak. The ""A"" Operator then manually closed the wing valve and the gas leak stopped.
Large amounts of sand were observed in the area around damaged piping. The range
charts being run on the test separator at the time the incident occurred showed that
at approximately 6:00 pm, the well flow began to increase. It is believed the choke
was once again ""cut out"" at this time. The PSV began to relieve at some point as
flow increased. The source of the leak was found to be the A-15 flowline PSV
discharge piping as it was cut out at two 90 degree ""elbow"" sections. The chart
shows the pressure at the test separator stayed below the PSH setting of 1368 psi.
The PSH and PSL located on the flowline were found to have sensing lines plugged with
sand and therefore did not function. The report from Xtreme Pressure Services stated
the SSV of the A-15 well was found to have large amounts of sand, which was believed
to be responsible for the A-15 SSV failing to actuate to the closed position.","Reported as damage over $25,000. Estimated property damage $100,000.",,,,,,,,,,,,,C,,
CP-60B0C6B839,,,2023-12-30,12:00,2024-01-01,EB,602,,HELIX 534,Drilling,LIFTING DEVICE,Loss Event,Health & Safety,Injury Minor,,SYN-e7b384,HSE Advisor,SYN-4cd949,Production Foreman,SYN-ad64a7,Maintenance Supervisor,2024-01-04,SYN-6547c5,Production Foreman,2024-02-01,"­
Injured Person (IP) was paged to the Capson deck.
transversing from catwalk to the Capson deck when
fell and landed on his left knee.",The incident resulted in restricted work or job transfer for 1-3 days. The facility was evacuated.,,,,,,,,,,,,,,,
CP-EE305E50DE,,,2024-02-07,18:15,2024-02-10,MC,711,A (GOMEZ),,Marine & Logistics,LIFTING DEVICE,Loss Event,Health & Safety,Injury Minor,,SYN-364c6c,Facility Engineer,SYN-c322c6,Operations Superintendent,SYN-a13afb,Marine Coordinator,2024-02-18,SYN-fd7f20,HSE Advisor,2024-03-23,"On February 7, 2024, at approximately 18:15, on ATP Oil & Gas's OCS-G 14016,
Mississippi Canyon (MC) 711 A Platform (GOMEZ), a contract employee was injured when
his middle finger tip on his left hand was pierced by a broken drill bit, as a result
of equipment failure. Injured person (IP) was placed on light duty.",The incident resulted in restricted work or job transfer for more than 3 days. The facility was evacuated.,,,,,,,,,,,,,,,"Sequence of Events:
A contract employee with Omega was drilling through a piece of metal when the drill
bit in the drill broke. The piece of drill bit that was still in the drill pierced
through his finger tip on this middle finger on the left hand. IP saw the medic to
stop the bleeding and was sent to shore on February 8, 2024, for an evaluation at
CECHE Occupational Medical Clinic in New Iberia, LA. IP had a clean puncture through
his finger, missing the bone and there were no signs of foreign particles on the X-
ray. IP was sent to light duty at Omega's yard."
CP-4A8977A114,,Very Serious Incident,2024-02-23,05:10,2024-02-24,GB,959,,STENA EVOLUTION,Maintenance,LIFTING aerial lift,Loss Event,Health & Safety,Injury TLI,,SYN-4ba1f4,Production Foreman,SYN-d98a2f,Facility Engineer,SYN-1bd447,Production Foreman,2024-03-06,SYN-244e48,Production Foreman,2024-03-23,"On 23 February 2024, an Assistant Driller (AD) employed by Stena Drilling (Stena)
sustained injuries while utilizing an aerial lift man-riding work basket during
drilling operations for Shell Offshore, Inc. (Shell) on the Stena Evolution drillship
located at Garden Banks Block 959. The aerial lift unit is a hydraulic telescopic crane
mounted in the moonpool area on the drillship that can be utilized as a crane or man-
riding work basket.","The IP sustained a laceration to the head requiring numerous sutures and staples, bruising to the left leg and shoulder,and temporary loss of consciousness.",Very Serious Incident,,Very Serious Incident,25,E,5,,,,,,,C,,"Sequence of Events:
On 23 February 2024, Stena was in the process of installing a subsea pump module (SPM)
umbilical line counterbalance sheave to create the storm loop when a Stena AD, the
Injured Party (IP), was ejected from an aerial lift man-riding work basket and fell 16
feet to the deck below. At the time of the incident, the IP was attempting to install
the counterbalance sheave onto the SPM umbilical in the moonpool area. Slack between
two sheaves was required to create the needed spacing for the counterweight
installation. To accomplish this, the crew used an aerial lift man-riding work basket
to pull down on the umbilical cable with a rope to create the necessary slack for
installing the counterbalance. A 0.75-inch polypropylene rope was cradled over the
umbilical by the IP while positioned inside the aerial lift man-basket. The rope was
then tied to each side of the basket, forming a triangular configuration with the
umbilical cable positioned overhead. The umbilical was pulled down to create slack
between the overhead sheaves so the counterbalance sheave could be installed. As the
aerial lift man-riding work basket was being lowered by the Operator, who was
positioned at the walkaround master hydraulic controls, slack on the SPM umbilical
spool was simultaneously paying out. The rope eventually parted when the umbilical ran
out of slack and tension exceeded the rope’s 9,810-pound breaking strength. As a
result, the stored energy from the released tension was transferred to the aerial lift
man-riding work basket, causing it to jolt downward violently. The IP who was
positioned inside the aerial lift man-riding work basket was thrown out and fell
approximately 16 feet, landing on the xmas tree cart deck below. At the time of the
incident, the IP was wearing a life vest and a safety harness; however, the IP’s
harness was not properly secured adequately. The IP sustained a laceration to the head
requiring numerous sutures and staples, bruising to the left leg and shoulder,and
temporary loss of consciousness. First responders provided medical treatment, and a
medevac flight was mobilized. The IP was transported and treated at University Medical
Center New Orleans, Louisiana hospital.
BSEE Investigation:
On 26 February 2024 and 7 March 2024, the Bureau of Safety and Environmental
Enforcement (BSEE) Lafayette District conducted onsite incident follow-up
investigations. On each occasion, BSEE met with Shell and Stena representatives,
inspected the incident scene and gathered all available incident-related documents.
Shell determined that the aerial lift man-riding work basket was operated beyond its
approved design intent by functioning concurrently as a man-riding basket and a lifting
device for loads. It was also discovered that the hydraulics, which would normally
limit the crane to 280 kilograms (617 pounds) of force when the man-riding work basket
is attached, had been placed in bypass. This allowed use of full hydraulic force which
equated to 11,000 kilograms or approximately 24,250 pounds of force. This bypass also
disabled the load indicator lights, alarms and the automatic basket leveling system.
Moreover, the crew failed to recognize the hazards of the task of using the aerial lift
man-riding work basket as a lifting device by pulling downward with rope. There was no
lift plan in place for this type of operation.
In addition, it was found that prior to the aerial lift man-riding work basket going
out of sight, the Managed Pressure Drilling (MPD) Toolpusher held a Toolbox Talk (TBT)
meeting with a Floorman who was passing by so that the Floorman could act as a
Spotter. The MPD Toolpusher had three TBT meeting’s forms on hand, but the Floorman
who was going to act as a Spotter signed the incorrect TBT form, and the IP did not
sign any TBT forms.
During the incident investigation it was also discovered that there was no Management
of Change (MOC) performed when the radio remote controls failed to operate. Therefore,
the operator control station became the primary means of control, thus exposing the
bypass functions to misuse. Moreover, there was no physical method of control to
prevent unauthorized use of bypasses or overrides. The Original Equipment Manufacturer
(OEM) manual and control panel signage state that the deck control panel or operator
station is for emergency use only.
Even though the AD was wearing a safety harness and was tied off to the aerial lift
man-riding work basket, the Stena investigation team determined that the AD had
connected the lanyard to the open-ended inner handrail near the gate, which was the
wrong location to tie off. When the rope broke, the work basket jarred downward and the
IP was thrown from the man-riding work basket and the lanyard hook was pulled off the
open-ended section of the handrail. The man-riding work basket has two dedicated anchor
points for safety harnesses, but the AD did not use either of these anchor points. The
harness and lanyard were inspected, and it was confirmed that they were in good working
condition and not subject to shock load.
The BSEE Incident Investigation Team reviewed all of the final findings of the Shell
assessment report of the incident. According to the Shell report, the incident occurred
because the aerial lift man-riding work basket was being used outside of its design as
both a man-riding basket and as a crane to pull a load simultaneously. In addition,
there was no lift plan in place for this type of operation."
CP-FE4D05FCE3,,Serious Incident,2024-03-22,07:30,2024-03-25,SP,27,5,,Well Services,LIFTING,Loss Event,Business Interruption & Cost,Equipment Damage,,SYN-c9328d,Marine Coordinator,SYN-99292c,Operations Superintendent,SYN-c4ef2b,Facility Engineer,2024-04-03,SYN-a1ae1e,Production Foreman,2024-05-01,"On 22 March 2024, at 0730 hours, an incident occurred at South Pass 27 #5 platform (SP
27 #5). SP 27 #5 platform is owned and operated by Nugulf Operating L.L.C. (Nugulf).
During platform surveying operations for the East Bay field, the Motor Vessel Marc C
(MV) allided with the SP 27 #5 platform. The allision that occurred resulted in damage
to the SP 27 #5 platform and the starboard bow of the MV. Once the MV crew assessed
the damage, the MV was able to drop off two Island Operator workers that were onboard
to a neighboring platform in West Delta (WD) 106 area and continue traveling to the
Allied Shipyard (shipyard) in Golden Meadow, Louisiana for vessel repairs. There were
no injuries or pollution associated with the incident.","Although there were no injuries or pollution as a result of the incident, there was the potential for both.",Serious Incident,,Serious Incident,12,D,3,,,,,,,,,"SEQUENCE OF EVENTS:
On 22 March 2024, the MV was providing transportation for Island Operators to conduct
platform surveys in the East Bay field for decommissioning operations. At
approximately 0730 hours, the Island Operators crew had completed platform surveys and
were beginning to travel to the WD field. Approximately 3 minutes after leaving the
East Bay field and heading to the WD field, the MV contacted the SP 27 #5 platform.
After the MV contacted the platform, the MV crew began assessing the damage on the MV
as well as the SP 27 #5 platform. During the assessment, the crew confirmed damage to
the platform, as well as the starboard bow of MV. There were no injuries to personnel
on the MV. The MV immediately notified the United States Coast Guard (USCG) of the
incident that had occurred. The USCG then gave the MV permission to proceed to drop
off the Island Operators at WD 106 platform and travel to the shipyard for repairs.
Upon arrival at the dock the MV crew was drug tested and provided statements to Gulf
Offshore Logistics, L.L.C. (GOL) representatives. The results of all drug tests
performed came back negative.
BSEE INVESTIGATIONS:
On 22 March 2024, at 1002 hours, Nugulf notified the Bureau of Safety and Environmental
Enforcement (BSEE) of an incident that occurred at SP 27 #5 platform. During this
incident, an MV contacted SP 27 #5 platform which caused damage to both the platform
and the MV. On 4 April 2024, Nugulf submitted an electronic incident report to BSEE.
The incident report consisted of photographs of the damage to the platform and MV, a
brief description of the incident, and other relevant information concerning the
incident.
On 4 April 2024, the incident was assigned to a BSEE Accident Investigator (AI). Once
the incident was assigned, the AI requested additional information pertaining to the
incident and performed an on-site investigation on 11 April 2024. During the on-site
investigation, additional photographs were taken, and verification of the platform
coordinates were performed.
During the incident investigation, witness statements, USCG form CG-2692, and the
internal investigation report from GOL were reviewed. Per witnesses that were onboard
the MV at the time of the incident and the investigation report completed by GOL, the
MV struck the SP 27 # 5 platform shortly after completion of platform surveys in the
East Bay field. Multiple witnesses stated that they felt the MV hit the platform but
no witnesses on board the MV at the time of the incident saw the MV contact the
platform. One witness stated that they were in the wheelhouse with the captain at the
time of the incident but had their back turned away from the bow of the MV at the time
of the incident.
As per the USCG report and the GOL investigation report, after the platform surveys
were completed on 22 March 2024, the captain stated that after leaving the East Bay
field, he looked out the wheelhouse and did not see any structures in his view. He
then set his course to the WD field and was traveling at approximately 8 knots. The
captain then turned around to do paperwork on his computer. The impact with SP 27 #5
was approximately 3 minutes after he set his course. The MV then notified USCG of the
incident and proceeded to drop off Island Operators personnel at WD 106 platform and
traveled to the shipyard for vessel repairs. After the vessel arrived at the shipyard,
GOL management met the vessel there where they gathered statements from all the MV
crew.
The GOL internal investigation concluded that multiple factors could have contributed
to the incident. Some of these factors include the failure to account for the
proximity of navigational hazards, the platform’s low profile which could have caused
limited visibility, and the captain allowing himself to become distracted by working
on the computer and not designating proper look-out personnel while he did his
computer work. The GOL investigation also concluded that the captain violated company
safe navigations/voyage planning policy by setting his course to the WD field prior to
clearing all structures in the East Bay field. It was determined by GOL that the
captain did not use his electronic navigation chart system that has the structures in
the field clearly identified.
IN CONCLUSION:
The incident that occurred on 22 March 2024 could have resulted in a far worse outcome.
Due to the lack of awareness by the boat captain and the failure to use the proper
electronic navigation chart system, the MV contacted the SP 27 #5 platform causing
damage to both the platform and the MV. Specifically, the captains disregard for GOL’s
navigation policy, and focusing his attention on his computer rather than navigating
the vessel while underway, caused the allision. Although there were no injuries or
pollution as a result of the incident, there was the potential for both. Due to the
allision, GOL has stated that they will take multiple steps to prevent this type of
incident from occurring in the future. Some of these steps include a safety alert
being shared with the GOL fleet for maneuvering close to platforms/ structures and
safe navigation of the vessel. GOL will also hold a review of the navigation policy
with each vessel of the entire GOL fleet."
CP-5A16E091A7,,Very Serious Incident,2024-04-08,11:30,2024-04-11,VR,218,B,,Maintenance,,Loss Event,Health & Safety,,Combustion,SYN-6e7a41,Maintenance Supervisor,SYN-0f30de,Operations Superintendent,SYN-8b575a,Maintenance Supervisor,2024-04-16,SYN-b22b37,Production Foreman,2024-06-21,"AS THE WELDER AND WELDERS HELPER WERE PERFORMING HOT WORK ON THE TOP DECK ( PRE FAB
HANDRAILS) SLAG FELL TO THE BOTTOM DECK AND IGNITED A 1/4 FULL TANK OF METHANOL,
CAUSING IT TO EXPLODE. THIS RESULTED IN A FLASH FIRE, FOLLOWED BY SEVERAL SMALL FIRES
INVOLVING RESIDUAL PLASTIC AND PAPER PRODUCTS.
THE EXPLOSION AND RESULTING FIRE CAUSED BURNS TO TWO OF THE WELDERS. THEY WERE
EVACUATED TO SHORE FOR TREATMENT. BOTH WRE ADMITTED FOR TREATMENT, WHICH RESULTED IN
LOST TIME.","BOTH WRE ADMITTED FOR TREATMENT, WHICH RESULTED IN LOST TIME.",Very Serious Incident,,Very Serious Incident,25,E,5,,,,,,,A,,
CP-AAEC0F5FC5,,Very Serious Incident,2024-04-09,14:00,2024-04-10,HI,,A,,Maintenance,,Loss Event,,,Combustion,SYN-3e80de,Production Foreman,SYN-60166b,Operations Superintendent,SYN-fcd73d,Facility Engineer,2024-04-16,SYN-df7296,Production Foreman,2024-05-08,"The compressor failed to start (4-5 times). When the compressor fails to start,
HP gas is vented to flair, LP gas is vented to the low pressure vent line, which is
common to the skimmer tanks installed below the MCC room. Gas migrated from the
skimmer atmosphere along the structure beams and up through the opening in the deck
where the power cables and conduit enter the MCC room from below. The gas detector
alarmed with 20% LFL and the door was opened to ventilate the gas. The gas was
trapped in the electrical panels and the pump relay opened or closed providing spark,
exploding gas and blowing out the doors, panel doors, light fixtures, and building
walls. The employee was blown fifteen feet out of the door.","Reported as an explosion. Estimated property damage $10,000.",Very Serious Incident,,Very Serious Incident,25,E,5,,,,,,,A,,
CP-0D35A2BD08,,,2024-04-18,19:00,2024-04-20,VR,226,A,,Well Services,LIFTING DEVICE,,,,,SYN-7dcb98,HSE Advisor,SYN-7540c1,Maintenance Supervisor,SYN-e683c5,HSE Advisor,2024-05-04,SYN-60e672,HSE Advisor,2024-05-20,"-
Freedom Well Services (FWS) was performing plug and abandonment (PA) operations on
the A-5 well for W & T Offshore on the VR-226A platform. On October 23, 2013, the 7""
casing was being pulled from the well utilizing both casing jacks and the platform
crane. Earlier that morning, the casing was speared and pulled up into the casing
jacks, pinned, and the casing head was removed. The first five joints of casing were
pulled from the well using the casing jacks, torch cut into approximately 40' joints,
and laid down on the platform deck utilizing the platform crane. According to the
FWS morning reports obtained on the facility, the next two joints of casing were
pulled from the well using the platform crane instead of the casing jacks. The load
applied to the crane was at an approximately 37' 6"" radius, 65 degree boom angle and
allowed for a rated capacity on the main hoist of 29,865 lbs. static lift and 19,710
lbs. dynamic lift as per the load chart in the crane cab. The weight of the
remaining 7"" casing was approximately 9,100 lbs. When the second joint of casing
emerged from the well and cleared the top of the work basket on the casing jacks, the
dead man pad eye for the main hoist line ripped out of the right cord of the crane
boom to which it had been welded. The main hoist block, weight indicator and the 1.5""
two-part sling in use fell from the boom and was left suspended from the top of the
casing to which it was attached. There were no injuries reported and all personnel
were accounted for immediately following the incident.
The failed dead man pad eye for the main hoist line was installed on August 10,
2007 and was located closer to the boom tip of the crane than the pad eye originally
installed by the manufacturer. Service tickets indicate that the pad eye was cut,
installed and NDT (Non-Destructive Testing) tested before the crane was used after
the pad eye was installed, however, no record of an approved installation procedure,
welding procedure, engineered drawing of the pad eye or NDT procedure from the
original crane manufacturer or an engineer was found for the repair or modification
of the boom or additional dead man point. The originally installed pad eye was
welded to three different members of the crane boom structure. The failed pad eye was
welded directly to the bottom center wall of the square tubing which makes up the
bottom right cord of the boom.
The initial cut on the 7"" casing was made on October 2, 2013 and a second cut was
made on October 3, 2013. The second cut was made at 550 RKB (Rig Kelly Bushing)
(345ft. below the mud line). An initial attempt was made shortly after the casing
was cut to pull it from the well utilizing only the platform crane. According to
morning reports obtained from the facility, the crane pulled up to 27,000 lbs. on the
casing string and was unable to pull it free. The approximate weight of the 550' of
casing was 14,300 lbs. The static load limit was utilized from the load chart rather
than the dynamic limit. At 27,000 lbs. of pull, the dynamic limit of 19,710 lbs. was
exceeded by 7,290 lbs. when initially attempting to free the casing from the well.",There were no injuries reported and all personnel were accounted for immediately following the incident.,,,,,,,,,,,,,,,
CP-BD12A5BAEA,,,2024-05-20,18:00,2024-05-24,MU,A 111 A,­ A,,Production Operations,LIFTING DEVICE,Loss Event,Health & Safety,,,SYN-5adf36,HSE Advisor,SYN-501cf6,Marine Coordinator,SYN-ac48aa,Marine Coordinator,2024-06-06,SYN-fd0560,HSE Advisor,2024-06-24,"-
Two crew members were inside the work basket utilizing power tongs to trip in the
hole with 3 inch drill pipe. A joint of drill pipe was stabbed into the stump and the
Tong Operator started to swing the tongs towards the pipe to make up the connection.
The Injured Person (IP) was assisting to latch on to the connection and noticed the
tong door was closed. The IP grabbed the tong's door in an attempt to open it,
misjudged the tong's movement. As the IP placed his hand on the tong's door, the
tongs struck the drill pipe resulting in pinching his right thumb between the tong
door and the joint of pipe.",The incident resulted in an injury recorded as Other Injury. The facility was evacuated.,,,,,,,,,,,,,,,
CP-2586CB2E6C,,Very Serious Incident,2024-05-26,13:30,2024-05-30,SM,58,,ENTERPRISE 263,Construction,LIFTING Drawworks / Topdrive,Loss Event,,,,,,SYN-4db7b2,Operations Superintendent,,,,,,,"On 26 May 2024, Byron Energy Inc. (Byron) had a near miss incident involving the
topdrive and traveling block on the Enterprise Offshore Drilling, LLC (Enterprise) 263
jack-up rig that was conducting well operations at South Marsh Island Block 58. There
were no injuries and only limited damage to equipment during this incident. Byron
reported this incident to the Bureau of Safety and Environmental Enforcement (BSEE)
Lafayette District at 14:26 hours on 26 May 2024.
At 08:44 hours on 27 May 2024, a",There were no injuries and only limited damage to equipment during this incident.,Very Serious Incident,,Very Serious Incident,25,E,5,,,,,,,,,
CP-D10A5C8CAF,,Incident,2024-06-04,06:00,2024-06-05,GC,155,,NOBLE DRILLER,Construction,LIFTING DEVICE,Loss Event,Environment & Reputation,Loss of Containment,,SYN-663d62,Marine Coordinator,SYN-a85900,Facility Engineer,SYN-1ddb5e,HSE Advisor,2024-06-15,SYN-916773,Maintenance Supervisor,2024-07-16,"-
On June 4, 2024, approximately 150 barrels of Synthetic Based Mud (SBM) were
discharged into the Gulf of Mexico while crews onboard the Noble Driller prepared the
rig to take on completion fluid.
The Noble Driller had been contracted to Marubeni Oil and Gas Company and was tasked
with drilling their MA002 well located in Green Canyon 155, lease #G16698. The crew
onboard the Noble Driller had just finished drilling operations and were making
preparations to move into the completion of the well. The rig had already unlatched
the Blow Out Preventer (BOP) from the wellhead and was on stand-by in the ""Safe
Zone,"" an area designated by the operator to ensure that the rig is clear of all
subsea infrastructures.
While the rig was on stand-by, the crew members were instructed to clean all lines
and tanks on the vessel that had been previously filled with SBM. This cleaning
process needed to be completed before the rig could take on completion fluids. At
the same time, the Derrickman on tour was asked to transfer SBM from the portside
four column tank to the active and reserve pits. The transfer of SBM into mud pit #3
was completed, and the Derrickman left the area to conduct other operations. When
the Derrickman returned to the mud pits approximately an hour and a half after the
transfer, he noticed that the level in pit #3 had dropped significantly. He
immediately secured the master valves, which were left open for ongoing cleaning
operations, and stopped the fluid loss. After verifying the SBM in all of the pits,
it was determined that approximately 150 barrels of SBM had been released into
offshore waters.
The investigation following the incident showed that a leaking dump valve on the #3
pit had allowed SBM to leak out of the pit. Since the master valves were in the open
position due to cleaning operations, the SBM was being routed directly overboard
after escaping the #3 dump valve. Because the pit was left unattended for an hour
and a half, there was no one in the pit room to observe the steadily decreasing
level. In addition, the Pit Volume Transmitter (PVT) Alarm was found to be set out
of range. The PVT alarm is a device that is designed to warn the Driller if there is
an unexpected gain or loss of fluid volume in the pits. The set points for the alarm
had been set so far apart that the alarm was rendered inoperable.",Reported as a pollution release.,Incident,,Incident,8,D,2,,,C,,,,,,
CP-DD880048AA,,Serious Incident,2024-06-18,16:08,2024-06-19,MP,42,L,,Production Operations,LIFTING,Loss Event,Business Interruption & Cost,Equipment Damage,Combustion,SYN-7ad304,Marine Coordinator,SYN-c92ef6,Marine Coordinator,SYN-73e890,Marine Coordinator,2024-06-25,SYN-99781b,Maintenance Supervisor,2024-08-23,"On 18 June 2024, a fire requiring evacuation occurred in the compressor-generator
building of Main Pass (MP) 42 D, L, and M (D/L/M) complex owned and operated by
Cantium LLC. The MP 42 complex is comprised of three structures (D, L, and M)
connected by catwalks. The ‘L’ platform contains a compressor-generator building that
houses the turbine compressor where the fire originated. After a failed attempt to
extinguish the fire by platform personnel, the Person In Charge (PIC) of the facility
gave the command to retreat and muster to the boat landing of the ‘M’ platform. Once
all personnel were accounted for, the crew boarded Motor Vessel (M/V) Miss Dee, where
they were safely transported to a nearby platform. No injuries or pollution occurred
from this incident.",All safety systems on the platform functioned as designed and all personnel were safely evacuated from the platform with no injuries.,Serious Incident,,Serious Incident,12,D,3,,,,,,,E,,"SEQUENCE OF EVENTS:
On 18 June 2024 at approximately 1550 hours, a platform Emergency Shut Down (ESD)
occurred at the MP 42 D/L/M facility. The PIC went across to the ‘D’ platform to
assist platform operators to try and bring the platform back online. While checking
for possible leaks within the ESD system, the PIC noticed heavy black smoke coming
from the compressor-generator building of the ‘L’ platform. Moments later, a platform
operator who was taking a break in the ‘M’ platform's smoke room, noticed flames
coming out of the roof of the compressor-generator building on the ‘L’ platform. The
operator yelled “Fire” out from the Smoke Room where it was then announced over the
radio.
The PIC and several others grabbed fire extinguishers and headed to the ‘L’ platform
in an attempt to extinguish the fire. After minutes of fighting the fire without
making any progress, the PIC made the decision to retreat from the ‘L’ platform and
muster at the boat landing of the ‘M’ platform where the M/V Miss Dee was waiting.
Once on board the M/V Miss Dee, the PIC used a satellite phone to contact the United
States Coast Guard (USCG) and Cantium’s Operations Manager, alerting them both of the
incident that occurred. The crew was then brought to MP 41 N until the fire could be
contained and the platform was deemed safe to return.
On 18 June 2024 at approximately 1630 hours, the field Production Foreman (PF)
located at MP 299, flew to MP 41 N. The PF and PIC boarded M/V Miss Dee and headed
back to MP 42 L where they used the boat's water cannons to continuously spray water
on the compressor-generator building for the next few hours.
At approximately 1830 hours, the M/V Miss Dee returned to MP 41 N to pickup key
personnel to return to MP 42 D/L/M. After carefully observing the ‘L’ platform and not
seeing any flames from inside or outside of the compressor-generator building, the key
personnel boarded the ‘M’ platform, where they used red danger tape to flag off the
bridge to ‘L’ and the bridge to ‘D’. The M/V Miss Dee, accompanied by M/V Miss Emily,
remained on site and continued to spray water and monitor the compressor-generator
building through the night.
On 19 June 2024, a New Orleans District (NOD) Supervisory Inspector (SI) and a
Field Engineer (FE) with the Office of Incident Investigations (OII) from the Bureau
of Safety and Environmental Enforcement (BSEE), arrived at MP 42 D/L/M to examine the
damage caused by the fire on ‘L’ platform’s compressor-generator building.
On 20 June 2024, an Accident Investigator (AI) with the BSEE NOD arrived at MP 42
D/L/M to begin an investigation, take photographs, and obtain documentation in
relation to the compressor-generator fire on the ‘L’ platform.
BSEE INVESTIGATION:
On 18 June 2024 at 1630 hours, BSEE NOD received notification of a fire that
occurred at MP 42 L.
On 12 July 2024, the BSEE NOD AI received and reviewed a portion of the requested
data from Cantium.
On 15 July 2024, the compressor, engine, and assembly were sent to the 3rd party
compressor company location for a complete tear-down.
On 16 July 2024, the NOD AI and OII FE returned to MP 42 D/L/M to gather more data,
statements and observe the compressor-generator building since the removal of the
compressor, engine, and assembly.
On 30 July 2024, the NOD AI, accompanied by a representative from Cantium, met with
personnel from 3rd party compressor company to observed, inspect, photograph, and
document the disassembled compressor and engine assembly. During visits to the complex,
BSEE personnel found the fire damage around the compressor to be concentrated on one
side of the compressor turbine engine near the exhaust. Cantium stated in their
investigation that the fire was caused by “natural gas [making] its way or migrat[ing]
into the turbine lube oil tank, over pressuring it, blowing the oil tank lid and
spraying lube oil and natural gas onto the compressor engine, and igniting.” The lube
oil tank is in the area where the worst fire damage occurred, and the tank lid was not
in place during BSEE’s initial site visit. This corresponds to Cantium’s conclusion for
the cause of the fire.
According to documents provided by the 3rd party compressor company, the lube oil
system is protected from overpressurization from produced gas by a complex system that
utilized wet seals and buffer gas. The wet seals keep gas from entering the lube oil
system by pumping oil through labyrinth seals at a pressure greater than the gas
pressure created in the gas compression compartments. An auxiliary, or electrical pump
is the primary means for providing pressure for the seal oil with a pneumatic pump as
a secondary.
On the morning of 18 June 2024, Cantium personnel began to bring production back
on at locations that had been offline due to Hurricane Ida. According to data and
analysis provided by Cantium, a gas pipeline from another platform that is tied into
the first stage of the turbine compressor experienced liquid slugging. This was caused
by a combination of increased production going into that pipeline along with presence
of liquid in the pipeline due to being down from Hurricane Ida. Personnel at Cantium
stated that this caused a liquid carryover event in the first stage suction scrubber
prior to the fire event.
At approximately 1553 hours, according to analysis from Cantium, a leak in the ESD/TSE
loop on the ‘D’ platform initiated a facility shut in. The shut in closed the inlets to
the compressor, opened the blowdown valve, and caused the turbine compressor to conduct
a fast stop. Due to the compressor being shut down, the facility lost fuel gas
supplying the generators resulting in a loss of main power. This loss of power means
that the primary seal oil pump was not able to operate. Additionally, the secondary
seal oil pump, a pneumatic pump, lost supply pressure due to the shutdown from the
leaking ESD/TSE loop, rendering the pump inoperable.
At approximately 1558 hours, UV/IR fire detectors detected a fire in the compressor-
generator building. The inability to provide seal oil pressure to the wet seals of the
compressor along with the liquid carryover event allowed produced gas to bypass the wet
seals and enter the lube oil system. The gas then pressurized the lube oil tank,
blowing the lid off of the tank, spraying oil and gas onto the hot turbine engine,
and ignited.
CONCLUSIONS:
Gas migrated into the lube oil tank from a failed wet seal, overpressuring the lube
oil tank. The gas and lube oil blew out from the oil tank lid, spraying lube oil and
natural gas onto the hot compressor engine. This caused the oil and gas on the
compressor engine to ignite and spread rapidly. All safety systems on the platform
functioned as designed and all personnel were safely evacuated from the platform with
no injuries. No pollution into the Gulf of Mexico occurred from this incident. The
Turbine compressor was not overdue for any maintenance."
CP-13A8820D4B,,,2024-06-20,06:50,2024-06-22,,,,FRONTIER DRILLER,Maintenance,LIFTING DEVICE,,,,,SYN-c48d51,Maintenance Supervisor,SYN-d7ab00,Marine Coordinator,SYN-65f301,HSE Advisor,2024-07-01,SYN-844672,HSE Advisor,2024-09-07,"A pollution event occurred as the result of the Driller failing to place the diverter
panel in the ""Test"" mode prior to conducting a diverter test. At the time of the
incident, drilling operations were suspended to perform a function test on the
diverter bag that was just installed. The investigation determined that the Driller
was new to this rig. Inadvertently, the diverter test was performed while the
diverter panel was in the ""Drilling"" mode. Subsequent to the test, the Driller
started the mud pumps and began circulating when he observed a fluid loss on the
monitors and immediately shut down the pumps. An estimated 28 barrels (bbls) of 12.4
ppg Synthetic Based Mud (SBM) was pumped during the incident. Approximately 14 bbls
went back into the pit system and 14 bbls went down the diverter lines, of which, 7.5
bbls was recovered from the lines. An estimated 6.5 bbls of SBM was released into
Gulf waters, of which, 73% or approximately 4.7 bbls was oil. The SBM contained 73%
base oil and 27% calcium chloride. The National Response Center (NRC) was notified of
the incident on 20 July 20 2009 at 0940 hours (NRC Report No. 912098).",,,,,,,,,,,,,,A,,
CP-11BFCC2E3F,,Incident,2024-07-22,09:30,2024-07-23,,47,C-AUX,,Well Services,LIFTING DEVICE,Loss Event,Environment & Reputation,Loss of Containment,,SYN-5fec93,Facility Engineer,SYN-bde766,HSE Advisor,SYN-af8487,Operations Superintendent,2024-07-31,SYN-45d2d0,Maintenance Supervisor,2024-08-13,"On July 23, 2023, a 880 yard wide by 3 miles long sheen was observed at Grand Isle
(GI) Block 47 and is beleived to be coming from the containment caisson at the
toppled GI 47 C AUX platform. Due to weather conditions, BP has been unable to pump
off the caisson since July 13, 2024. An estimated 2.47 bbls of oil has been
released into Gulf waters.
Immediate Action Taken: The Seahorse VI is on location and deployed an absorbent
boom for skimming operations.
Corrective Actions: Seas should be subsiding by this evening which will allow for
pumping operations to take place.",Reported as a pollution release.,Incident,,Incident,6,C,2,,,C,,,,,,
CP-5AB375533E,,,2024-07-26,05:45,2024-07-27,GB,72,,,Maintenance,LIFTING DEVICE,Loss Event,Health & Safety,Injury TLI,,SYN-a4cea3,Operations Superintendent,SYN-879c9f,Operations Superintendent,SYN-f6ebff,Facility Engineer,2024-08-01,SYN-7859f5,Maintenance Supervisor,2024-08-30,"-
On 26 July 2024 at approximately 0545 hours, an employee was injured while
attempting to complete a pre-use inspection on a crane prior to lifting personnel
from an offshore vessel. The injured employee (IE) began climbing the ladder on the
second deck to do a pre-use inspection on the top deck of a crane. To access the top
deck, the IE had to enter through an open hatch located at the top of the ladder.
After the IE boarded the top deck, he walked to the engine side of the crane to begin
the pre-use inspection without closing the hatch. Once the engine portion of the
inspection was completed, the IE began walking toward the opposite side of the crane
to resume the pre-use inspection. Once the IE reached the open hatch location, the IE
failed to realize there was a hatch door that was not in the closed position; leaving
an open hole. The IE fell through the open hole approximately 9 feet 8 inches to the
second level, receiving severe injuries to his upper right arm and lacerations to his
head. The IE was flown to Lafayette General for treatment and observation for a
possible concussion.",The IE was flown to Lafayette General for treatment and observation for a possible concussion.,,,,,,,,,,,,,,,
CP-E7CC208B33,,,2024-08-07,15:00,2024-08-10,EB,602,­ A(NANSEN SPAR),,Maintenance,LIFTING DEVICE,Loss Event,Health & Safety,Injury TLI,,,,SYN-5d2c71,Maintenance Supervisor,,,,,,,"­
On 7 August 2024 at approximately 1500 hours, an injury requiring medical evacuation
occurred at Anadarko Petroleum's East Breaks 602 'A' Nansen SPAR, Lease G-14205. The
operation at the time of the incident involved two contract workers tasked with
replacing corroded 1"" stud bolts on a flange of the production header. The Injured
Party (IP) was struck in the upper lip by a swivel socket attached to a Pneumatic
Torque Unit (PTU) when it slipped off the nut of the stud bolt.
The IP reported to the facility Medic for evaluation at approximately 1510 hours.
The facility Medic's statement concluded the IP sustained a laceration to the right
side of the mouth approximately one-quarter inch above the upper lip with possible
maxilla fracture and dental trauma to the front teeth. At approximately 1705 hours,
the Search and Rescue (SAR) helicopter arrived at the Nansen SPAR and transported the
IP to Lake Charles Regional Airport. The IP was then transported to Lake Charles
Regional Hospital by ambulance for treatment. The initial report from the IP's
employer stated the attending Physician evaluated the IP for a laceration to the
face, concussion and dental trauma.
The initial scope of work was to replace corroded nuts and stud bolts on the
production header utilizing a Hydraulic Torque Unit (HTU). The HTU was found to have
a defective Emergency Shut Down (ESD) and a spare HTU was not available. The
Contractor and Lessee decided to continue replacing the corroded nuts and stud bolts
with a Pneumatic Torque Unit (PTU) and swivel socket. The IP was struck on the upper
right side of the lip by the swivel socket when it slipped off the nut when the PTU
was engaged causing the injury.
On 9 August 2024 the BSEE Lake Jackson District conducted an onsite investigation
and determined the Contractor and Lessee failed to utilize Best Available and Safest
Technology and failed to initiate Stop Work Authority when a PTU was substituted in
lieu of a HTU. A PTU with a swivel socket induces impact and was utilized to replace
the corroded 1"" stud bolts on the production header. A PTU produces extreme pressure
pulsation to the impact area to loosen or tighten a bolt. These same pressure
pulsations can cause swivel sockets to release from the nut and cause injury. A HTU
applies a steady pressure without extreme pressure pulsation and would alleviate the
potential of the swivel socket releasing off the stud bolt, which struck the IP in
the upper lip causing the injury.",The facility Medic's statement concluded the IP sustained a laceration to the right side of the mouth approximately one-quarter inch above the upper lip with possible maxilla fracture and dental trauma to the front teeth.,,,,,,,,,,,,,,,
CP-B81BC32135,,,2024-08-20,13:45,2024-08-21,,6659,HILLHOUSE,,Production Operations,LIFTING DEVICE,,,,,SYN-ef3666,Marine Coordinator,SYN-5769a3,Maintenance Supervisor,SYN-473756,Operations Superintendent,2024-08-28,SYN-16fed5,Facility Engineer,2024-10-07,"The unit was inspected by a PTS Rentals technician and an oil leak in front of the
engine was found to be coming from a rubbed pin hole on a hose connecting to the
crank case emissions absorber. There was a small amount of oil being blown the
o~er
top of the engine and landing on the intake manifold/Turbocharger. As the flash
point of oil is 416 degrees and a piece of oil soaked gasket material was also found
laying on top of the manifold, it is believed this was the cause of the fire.",,,,,,,,,,,,,,,,
CP-EF12925A15,,Serious Incident,2024-08-21,09:00,2024-08-23,GC,468,A (Stampede),,Maintenance,LIFTING Rope access,Loss Event,Health & Safety,Injury TLI,,SYN-7104c9,Marine Coordinator,SYN-3bb9f8,Production Foreman,SYN-df9ea8,HSE Advisor,2024-08-31,SYN-72b4c0,Marine Coordinator,2024-10-25,"On August 21, 2024, Hess Corporation (Hess) notified the Bureau of Safety and
Environmental Enforcement (BSEE) that an injured person (IP) had been evacuated from
their tension leg platform (TLP) “Stampede” located within Block 468 (Lease OCS-
G26313) of the Green Canyon area. While inspecting the Seawater Reject Caisson
(SWRC), a Rope Access Technician (RAT) experienced an uncontrolled descent of 90’
before his fall was arrested approximately 8’ from the waterline. During the fall,
the IP’s left leg struck a SWRC support clamp resulting in injuries to his lower left
leg. Rope Access (RA) teams worked together to rescue the IP by lifting him back
onboard the platform. The IP was evacuated from the facility and flown by helicopter
to a hospital onshore. The IP was flown back to his home in South Africa thereafter
for further treatment.
At Stampede on February 19, 2024, facility personnel found the 30” SWRC overboard
piping leaking chemically treated seawater from perforations caused by internal
corrosion. The perforations were located on a 6” section above the horizontal shear
plate (shear plate) and below the flange where the SWRC’s carbon steel piping ties
into Glass Reinforced Plastic (GRP) piping from the topsides of the facility. By
design, the entire weight of the SWRC is supported by the shear plate, the only fixed
axial connection welded to the TLP’s NE Hull at the Top of the Column (ToC). Below
the shear plate, six SWRC support clamps anchor the SWRC along the NE Hull Column,
however the SWRC support clamps were designed to provide lateral restraint. The total
length of the SWRC spans parallel to the NE Hull, approximately 188’ downward to its
overboard discharge point below the waterline. Due to the perforations and heaviest
area of corrosion being located at the shear plate, Hess determined that an assessment
of the condition of the SWRC was required. Multiple components of production-related
equipment rely on the SWRC to perform their designated function and it is an essential
element of the Stampede facility. Cessation of operations would be required without
service of the SWRC.
On the morning of August 21, 2024, at 7:00, the Marine Structure Integrity Program Lead
(MSIP Lead) called Stampede to speak with the Non-Destructive Testing (NDT) RAT
Supervisor from Southey Offshore Contracting (Southey). The MSIP Lead informed the
RAT Supervisor (Southey Supervisor) the job scope changed from inspection of fixed
lifting equipment to additional inspection of the SWRC. The Southey Supervisor
communicated challenges encountered during previous SWRC inspections and the MSIP Lead
ascertained that NDT meters used by Southey were unsuitable. As a result, the MSIP
Lead decided to have Southey gather physical measurements of the SWRC clamps instead
of further Ultrasonic Thickness Measurement (UTM).
The Southey NDT RA team consisted of three Level 1 RAT’s (RAT #1, RAT #2, RAT #3) and
one Level 3 RAT- the Southey Supervisor. RAT’s #1 and #2 donned waterproof coveralls,
harnesses, Personal Flotation Devices (PFD’s), and attempted to waterproof their boots
by completely wrapping them in duct tape to prepare for the SWRC inspection. Southey
only had two sets of ropes and a third was not available for emergency rescue.
At the NE ToC, the Southey Supervisor installed a “releasable anchor system” for both
pairs of ropes for RAT #1 and RAT #2, which would allow workers to be lowered in case
of an accident. I’D descender devices were installed at both working rope anchor
points and Shunt backup devices were installed at both safety rope anchor points.
The Southey Supervisor then notified RAT’s #1 and #2 that preparations were complete
at the anchor points and gave verbal approval for RA work to begin. However, the
Southey Supervisor failed to install the releasable anchor system per the
manufacturers' recommendations: he did not thread the rope correctly through the
anchor point I’D on RAT #2’s working rope, he did not pass the excess working rope
from either of the anchor ID’s through directional carabiners to ensure function of
the anti-error catch and did not tie-off all of the anchor devices to prevent
accidental lowering of RAT’s. The Southey Supervisor then walked away from the work
site and left three Level 1 RAT’s unsupervised.
RAT’s #1 and #2 did not conduct independent assessments of the anchor point
MMS - FORM PAGE: 2 OF 12
2010 EV2010R 30-OCT-2025
installations prepared by their Southey Supervisor. Neither function testing nor
buddy checks were completed on each other’s personal RA kits. Their personal RA kit
devices consisted of an I’D connected from their harnesses to their working rope and a
Shunt as a personal backup device connected from their harness to their safety rope.
RAT #1 was first to load onto his ropes and he descended approximately 6’ down before
having to stop and wait when he found out that RAT #2 had forgotten a radio. After
RAT #3 retrieved the radio upstairs and brought it to RAT #2, RAT #3 then reported to
his designated location at a vantage point across from the NE Hull at the NW Hull ToC
where he maintained constant visual contact on RAT’s #1 and #2. After attaching his
personal RA kit devices from his harness to his set of ropes, RAT #2 crossed over the
handrail and positioned himself in a seated position on the shear plate ledge at the
ToC near the SWRC. RAT #2 began adjusting the rope protector (rope pro) around his
working and safety ropes, but did not fully tighten the rope pro and did not remove
the slack from his ropes in order to properly load onto them.
At 9:00, RAT #2 scooted off of the ledge and immediately began to free fall as his
working rope slipped through the improperly threaded I’D at the anchor point. RAT #2
maintained grip on the unsecured rope pro above his Shunt which mechanically bypassed
and defeated the Shunt continually as it slid down his safety rope. RAT #2 had fallen
approximately 60’ when his left leg struck the third SWRC support clamp, which
lacerated his shin, tore a ligament in his calf, damaged the collateral ligament in
his knee, and completely tore his posterior cruciate ligament. RAT #2 (now the IP)
continued to fall and the stopper knot at the very end of the IP’s working rope above
him approached the anchor point I’D. The working rope whipped over a cable tray
underneath the anchor point and shifted the angle of the rope feed direction through
the I’D giving the anti-error catch safety feature an opportunity to function. As the
teeth in the anti-error catch bit down within approximately one meter of the stopper
knot at the top end of the working rope, the rope stretched and recoiled. The IP fell
a total distance of 90’ before his fall was arrested 8’ above the water with him in
his harness attached to the I’D of his working rope. The sudden jolt of the fall
arrest took his breath away and put him in a daze.
RAT #3 witnessed the IP’s uncontrolled descent and called the Southey Supervisor over
the radio to inform him of the incident. However, the Southey Supervisor did not
immediately report the incident to Hess personnel in order to initiate rescue
assistance and preparation of a Fast Response Craft to lower the IP down to. RAT #1
responded by quickly descending to the fourth SWRC support clamp where he tied- off
and secured himself. He began to call down to the IP to calm him and attempted to
assess the extent of his injuries.
Another RA team working at Stampede, witnessed the incident from their work site near
RAT #3 at the NW Hull ToC. At 9:05, the Southey Supervisor requested their
assistance and they quickly grabbed their RA equipment and made their way across the
lower catwalk to the NE Hull ToC. Upon arrival, the other RA crew, comprised of two
Level 3 RAT’s, one Level 2 RAT, and one Level 1 RAT, readily identified that the
rescue system installed by the Southey Supervisor would not haul the IP close enough
to the handrail to be rescued. One of the other RAT’s then quickly installed another
set of ropes in order to redirect the IP’s retrieval path. Once the IP was calm, RAT
#1 threw his safety rope down to the IP. The IP connected his ascender device from
his harness onto RAT #1’s safety rope and climbed approximately 8’ to the fourth SWRC
support clamp where he joined RAT #1. After sitting on the support clamp and having
a rest, the IP secured himself onto RAT #1’s working rope and RAT #1 radioed the
Southey Supervisor over the radio that the IP was ready to be hauled up on RAT #1’s
original pair of ropes.
As other RA team began work on the IP’s retrieval, the Southey Supervisor shifted his
focus to correcting the IP’s original set of ropes in order for RAT #1 to utilize
them for self-rescue. The Southey Supervisor pulled the IP’s original working rope up
from out of the water and correctly threaded it through the I’D at the anchor point.
After the ropes were corrected, the Southey Supervisor radioed RAT #1 to report that
the ropes were safe and that he could begin climbing back onboard the platform.
MMS - FORM PAGE: 3 OF 12
2010 EV2010R 30-OCT-2025
At 9:25, the four other RAT’s successfully hauled the IP back onboard. After the
rescue was complete, the Southey Supervisor contacted Hess personnel to initiate
medical attention and transport of the IP to the Sick Bay in preparation for
evacuation. The Medic and Hess personnel arrived and transported the IP in a rescue
chair upstairs from the NE Hull ToC at 9:49. The IP received first aid treatment from
the onboard Medic and departed Stampede via helicopter at 11:35. A Safety Standdown
of all RA work was called and the area of the incident surrounding the SWRC was
barricaded.",The incident resulted in a lost-time accident with more than 3 days lost. Reported as a lifting-device incident. The facility was evacuated.,Serious Incident,,Serious Incident,20,D,5,,,,,,,,,
CP-2243618BFC,,Very Serious Incident,2024-08-29,16:30,2024-08-31,SS,198,J-PRD,,Well Services,LIFTING DEVICE,Loss Event,Business Interruption & Cost,Equipment Damage,Combustion,SYN-19c174,Marine Coordinator,SYN-a13cb5,Operations Superintendent,SYN-5a3ca7,Marine Coordinator,2024-09-12,SYN-973d26,Operations Superintendent,2024-10-27,"On July 16,2017, an incident occurred on the Ship Shoal 198-J platform (OCS-G12355).
Renaissance Offshore, LLC (Renaissance) is the Designated Operator of Record. The
platform is located 44 miles from shore, with a water depth of 100 feet. The facility
was installed in 1985 and has 13 well slots--8 drilled and 2 active.
The compressor was shut down on July 12,2017, for maintenance which included the
installation of new packing glands and piston assemblies on the 2nd and 3rd stage
cylinders. The work was completed on July 15. During this time period, the internal
components of the engine were open to the atmosphere.
At approximately 4:30 pm on July 16 during normal start-up operations, the Waukesha
Reciprocating Compressor ran for approximately five minutes without being loaded.
Then the engine shut down due to low fuel gas supply. Once the fuel gas problem was
corrected, the compressor was restarted without being purged or loaded. The engine
ran in idle for approximately ten minutes with the blowdown valve (BDV) in the open
position. At that time, an explosion occurred, causing damage to the 3rd stage cooler
and associated piping. Renaissance states that, ""[t]he internal detonation was caused
by the ignition of a [lower explosive limit] LEL mixture (air and natural gas) within
the process piping and components. This internal detonation [resulted in an
explosion] upon ignition[,] causing the damage. The unit was not loaded or
compressing gas at the time of the incident, and air from the bleed points [was] not
properly purged[,] which allowed a continuous source of air into the process and
components."" As such, the probable cause of this incident is the failure to purge.
Furthermore, purging was not even recognized as a key step in the job safety analysis
(JSA). At the time of the incident, Renaissance had no general purging procedure in
place.
There were no injuries, fires, or spills observed at the time of the incident;
however, the compressor mechanic (who was at the compressor panel at the time of the
incident) complained of mirgraines and dizziness five days later. Renaissance elected
to send the Injured Person (IP) to Thibodeaux Regional Medical Center, where IP
underwent a CAT scan and was subsequently released.","There were no injuries, fires, or spills observed at the time of the incident; however, the compressor mechanic (who was at the compressor panel at the time of the incident) complained of mirgraines and dizziness five days later.",Very Serious Incident,,Very Serious Incident,25,E,5,,,,,,,B,,
CP-6E7C2B257D,,,2024-08-31,19:15,2024-08-31,EI,338,K,,Well Services,LIFTING DEVICE,Loss Event,Health & Safety,Injury TLI,,SYN-20f12f,Operations Superintendent,SYN-0a6bb3,Maintenance Supervisor,SYN-c3b266,Maintenance Supervisor,2024-09-04,SYN-44db35,HSE Advisor,2024-09-13,"On 31 August 2024 at approximately 1915 hours, a Contract Employee (CE) was injured
while attempting to blow down piping with a 1"" airline due to prior sandblasting
operations.
The CE was attempting to blow down the pipeline pump skid on the cellar deck due to
sand blasting operations. The CE was utilizing a 1"" air hose to blow off the sand
from piping, braces and production equipment. The 1"" hose was extended through the
pipe rack above and draped over the CE's right shoulder. The CE was holding on to
piping located above him with his left hand and pulling on the hose with his right.
The piping the CE was standing on was approximately 32 inches high and contained a
layer of sand on top as well as the surrounding area at the time of the incident
which could have been a contributing factor that caused the CE to slip.
While attempting to get additional slack in the airline, the CE pulled the airline
over his shoulder. The air hose got wedged briefly as the CE was pulling and caused
the CE to fall backwards as the air hose released. The CE failed to utilize a ladder
to obtain additional slack in the airline or reposition his footing to the deck to
eliminate the potential fall hazards. As the CE fell backwards from approximately 32
inches, the left side of his back came in contact with fittings located on the PAX-
710 pipeline pump.
The CE received severe bruising and was transferred to a hospital the following day.
The CE suffered three cracked ribs as a result of this incident.
The BSEE Lafayette District conducted an onsite investigation 4 September 2024.",The CE suffered three cracked ribs as a result of this incident.,,,,,,,,,,,,,,,
CP-40948C3B56,,,2024-10-12,02:40,2024-10-14,GC,743,,T.O. DEVELOPMENT,Drilling,LIFTING DEVICE,Loss Event,Health & Safety,Injury TLI,,,,SYN-00ce6a,Operations Superintendent,,,,,,,"On October 12, 2024, at approximately 02:40 hours, the crew on the Developmental
Driller II were in the process of breaking down stands of drill pipe into single
joints and back loading them onto the boat. During the operation, the elevator on
the drill floor struck a joint of pipe lying on the skate, forcing it out of position
and ultimately striking two employees.
The task being performed was a joint effort between both the drill crew and the deck
crew. Each crew was in charge of doing their own risk assessment for their specific
job task. The drill crew was in charge of breaking down the stands of drill pipe,
each containing four joints of pipe, into single joints and then placing them onto
the skate. A skate is a piece of equipment that is used to move drill pipe out and
away from the rig floor so that it can be more accessible to the crane and loaded or
unloaded. Once six joints of drill pipe had been loaded onto the skate, the deck
crew would take over the operation; repositioning the skate and preparing the bundle
of drill pipe to be moved over onto the boat.
The drill crew had just finished disconnecting and laying down the last joint of the
eleventh stand of drill pipe, leaving two joints on the skate, and was preparing to
move on to the next stand when the request was made by the Skate Operator asking the
deck crew to send up a bag of thread protectors to the drill floor. It was noted
that the last joint of drill pipe that was laid down was protruding approximately six
and a half feet past the edge of the skate towards the rig floor. While the drill
crew was preparing the next stand, the Skate Operator tracked back the skate so that
the crane would be able to set the bag of thread protectors down on it and use the
skate to move the bag back to the rig floor. After the thread protectors were moved
back to the rig floor, they were offloaded by two Roustabouts and the Banksman with
the deck crew. After unloading the bag, the two Roustabouts headed back to their
positions via the catwalk that runs along the side of the skate and the Banksman
stayed back trying to adjust the sides of the bag to prevent them from flapping
around in the wind. The drill crew had just finished disconnecting the first joint
of drill pipe from the next stand and proceeded to set it down on the skate without
noticing the protruding joint of drill pipe. As the Driller lowered the pipe, the
elevator came into contact with the protruding joint of drill pipe on the skate,
knocking it off of the skate and striking two employees as it fell to the rig floor
and the catwalk. The Banksman received a glancing blow, which knocked him out of the
way, and one of the Roustabouts was knocked to the catwalk with the drill pipe on top
of him, though he was able to free himself and move to a safe area on an adjacent
catwalk.
Immediately following the accident, the Medic and other appropriate personnel were
notified. The area was secured to insure that it was safe for other employees. The
Medic performed a quick examination of the injured parties at the scene of the
accident and then both employees were brought to the rig infirmary to be evaluated.
The Banksman was checked out and given an over the counter medication and the rest of
the tour off. He was able to return to full duty the following day. The Roustabout
was examined and the decision was made to send him in for further evaluation. The
Roustabout was sent in via Medevac at approximately",The incident resulted in a lost-time accident with more than 3 days lost. The facility was evacuated.,,,,,,,,,,,,,,,
CP-340FA64A38,,,2024-10-16,18:05,2024-10-17,,,5. PLATFORM' GAIL,,Production Operations,LIFTING DEVICE,,,,,SYN-681494,Operations Superintendent,SYN-bf1580,Facility Engineer,SYN-268097,Marine Coordinator,2024-10-29,SYN-df796d,Maintenance Supervisor,2024-12-11,"Well E-6rd was routed to well Clean-Up Separator (V-33). V-33 LAL/LSL failed to shut
LCV that goes to T-Tank #1 (Slop Tank), with a 30• we
Tank #1. T-Tank PSV operation indicated relief to the
detector by the wellbay sample drain pot indicated H2S
T-Tank P-trap into the Wellbay via the drain system.",,,,,,,,,,,,,,,,
CP-AB45CF9DD8,,,2024-11-05,15:35,2024-11-08,GB,427,,NOBLE GLOBETROTTER,Well Services,LIFTING,Loss Event,Health & Safety,Injury TLI,,,,SYN-2a0b5e,Production Foreman,,,,,,,"On 5 November 2024, at approximately 15:35 hours, an injury occurred at Shell Offshore
Inc.’s (Shell) Outer Continental Shelf G-07493 Garden Banks (GB) Block 427 on the
Noble Drilling (Noble) Globetrotter I drillship.
Sequence of Event:
On 5 November 2024, during well operations, a crew was working in the Starboard riser
bay hold area preparing to install a riser insert on the sixth level with the use of an
air hoist. The Supervisor used the rig crane to lift the riser inserts on the Port side
without incident, but he did not request to lift the riser inserts on the Starboard
side with the crane. A welder, the injured party (IP), acting as a Rigger, grabbed the
air hoist cable with his right hand to prevent the riser insert from contacting the
scaffolding as the riser was being lifted to the sixth level. Two other employees were
positioned on the fourth level, using hands-free equipment, pushed the riser insert
away from the scaffolding. The IP located on the fifth level was not using hands-free
equipment. As the air hoist operator raised the riser insert, the IP who was wearing
welder's gloves, placed his right hand on the air hoist cable when his right index
finger was drawn up and squeezed between the air hoist cable and the sheave.
One of the employees on the fourth level signaled an all stop and the riser insert was
lowered to the deck, freeing the IP’s right index finger. The IP reported to the Rig
Medic and was observed to have sustained a small abrasion on his right index finger.
The Rig Medic gave the IP a tetanus shot and over the counter medication for his
injury.
On 6 November 2024, the IP was sent in onshore on a crew change flight for a medical
evaluation. The IP had X-rays on his right hand that revealed he had sustained a
hairline fracture to his right index finger. The IP required surgery by an Orthopedic
Surgeon to repair the right index finger hairline fracture.",The IP had X-rays on his right hand that revealed he had sustained a hairline fracture to his right index finger.,,,,,,,,,,,,,,,
CP-05E0194B4E,,Serious Incident,2024-11-20,08:15,2024-11-22,SS,80,A,,Drilling,LIFTING,Loss Event,Health & Safety,Injury TLI,Combustion,SYN-423514,Facility Engineer,SYN-009f5c,Facility Engineer,SYN-f6ca8e,Maintenance Supervisor,2024-11-29,SYN-36be07,HSE Advisor,2025-01-23,"On November 20, 2024, W&T Offshore Inc. (W&T) notified the Bureau of Safety and
Environmental Enforcement (BSEE) Houma District Office that a fire incident occurred
at its production facility located at Ship Shoal Block 80 (SS 80), Platform A, Lease
OCS-G05537. The fire resulted in the injury and evacuation of two personnel. W&T
reported that while attempting to bring a pipeline pump online, the pump backfired
resulting in a flash fire that injured the two persons. The facility was immediately
shut-in and the remaining flame was extinguished. Both individuals were evacuated via
crew change helicopter from the facility to Lady of the Sea Hospital, then transported
to University Hospital Burn Unit for further treatment.",The incident resulted in a lost-time accident with more than 3 days lost. Reported as a fire. The facility was evacuated.,Serious Incident,,Serious Incident,12,D,3,,,,,,,,,"Sequence of events:
W&T reported to BSEE that at 8:15 on November 20, 2024, a W&T Mechanic (Mechanic) and
Contractor Electrician (Electrician) were at SS 80 to attempt to bring Pipeline Pump
#2- PAX-360 (Pipeline Pump #2) online. The Electrician was positioned by the start
valve and the Mechanic was positioned near the magneto to see if it was turning. When
the Electrician opened the start valve to supply fuel gas to Pipeline Pump #2’s
starter, a backfire noise was heard, and then a flash fire occurred.
Another W&T mechanic and a Danos production operator were present at SS 80 at the time
of the incident. The mechanic was working on nearby Pipeline Pump #1- PAX-350
(Pipeline Pump #1) when he saw the flash fire and immediately went to notify the
production operator to shut-in the facility. The two then grabbed a wheeled fire
extinguisher unit and put out the remaining flame on the starter. They then assisted
the two IP’s in being transported away from the facility.
The flash fire caused burns to the head and hands of both the Mechanic and
Electrician. Both individuals were flown in by helicopter, initially seen at a
hospital emergency room, then transported to the burn center. Both the Mechanic and
Electrician were released the same day on November 20, 2024, and have been attending
periodic follow-up appointments with burn doctors. The Electrician was released to
return to work on December 23, 2024, but the Mechanic was still receiving treatment per
the last update from W&T.
BSEE Investigation:
At 9:15, on November 20, 2024, the BSEE Houma District received an immediate verbal
notification from W&T that two IP’s had been injured during a fire incident and were
evacuated from SS 80. BSEE Investigators from the Houma District requested additional
information regarding the incident. By close of business on November 20, 2024, BSEE
Investigators began reviewing documents submitted by W&T such as pictures, witness
statements, injury reports, and Job Safety Analysis (JSA).
On November 23, 2024, BSEE Investigators flew offshore in order to conduct an Incident
Follow-Up (IF) Inspection at SS 80. The IF consisted of BSEE Investigators meeting
and speaking with W&T management, interviewing offshore personnel who were present at
the time of the incident, and taking pictures while conducting a physical, walk-
through investigation of the area of the incident. Pipeline Pump #2 is driven by a
natural gas engine with a pneumatic starter that uses platform fuel gas as the source
media. The starter is manually engaged by a start valve. BSEE Investigators began to
trace out fuel gas piping associated with Pipeline Pump #2 and it was discovered that
both the fuel gas inlet and vent exhaust piping consisted of flexible hoses. W&T
management, who were present for the purpose of their own internal investigation,
commented to the BSEE Investigators that they would be making recommendations to route
all fuel gas through rigid steel pipe instead of a flexible hose. BSEE Investigators
then identified an extremely loose connection/fitting on the vent exhaust piping coming
from the Pipeline Pump #2’s fuel gas starter.
The BSEE Investigators and W&T personnel agreed that this loose fitting allowed fuel
gas to seep out of the connection in the immediate vicinity of the incident where
personnel were attempting to start Pipeline Pump #2. W&T personnel pointed out that at
the time of the incident, the wind was blocked by Pipeline Pump #2, which allowed
hazardous gas accumulation on the downwind side where the Mechanic was crouched in
order to observe the magneto. The BSEE Investigators and W&T determined that this
accumulation of gas combined with the source of ignition of the backfire resulted in
the fire that engulfed and injured the two workers.
W&T reported to the BSEE Investigators that multiple attempts were made to get Pipeline
Pump #2 to stay running, but it kept shutting down on the annunciator panel with a
“Board Code 71 failure”, which means “No ignition” or “Loss of Ignition”. The BSEE
Investigators noted that the air breather/air intake hose on the pump was disconnected.
It is possible that the air breather could have been disconnected prior to the backfire
and may have contributed to ingestion of gas enriched atmosphere leading to the
backfire. However, the BSEE Investigators could not conclude if the breather came off
as a result of the backfire, was removed prior to the incident for troubleshooting
purposes, or if the backfire simply occurred as a result of metal-on-metal connection
within the starter. The BSEE Investigators asked if the Electrician (or anyone) had
used diethyl ether or any other vapor mixture with a low autoignition temperature
typically introduced into the engine combustion chambers to help start internal
combustion engines. W&T responded that no starter fluid of any kind was used. W&T
reported to the BSEE Investigators that they believed the breather had blown off due to
engine backfire.
W&T management explained to the BSEE Investigators during the IF that the witness to
the incident (another mechanic) was conducting separate work on Pipeline Pump #1.
According to his witness statement, once the witness had completed adding “Stop Leak”
to the radiator of Pipeline Pump #1, he went over to Pipeline Pump #2 to assist the
Mechanic and Electrician and saw a large flash. He reported that he immediately ran
and got with the Production Operator and assisted in shutting in the facility. He then
grabbed the nearest fire extinguisher, a rolling wheel unit, and extinguished the
remaining flames. The witness then escorted both IP’s to the nearby tool room to
assess their injuries.
The Production Operator specified in his witness statement that he was not in the area
where the incident happened and did not witness the incident. The Production Operator
reported that once he was told to make sure everything was shut-in by the witness, he
did just that. He confirmed that all processes were shut and secure and then went to
join the affected parties in the tool room. He immediately initiated radio
communication with the nearest manned facility Ship Shoal 28 to arrange a medivac for
the IP’s to be transported to the onshore.
The documents provided to the BSEE Investigators by W&T informed that the incident
involved component PAX-360, also known as Pipeline Pump #2 and that during the time of
the incident, personnel were attempting to troubleshoot issues with the pipeline pump’s
starter. W&T described the procedure/process of the manual start of Pipeline Pump #2
as “Visual inspection of unit, check oil, water, and fuel pressure, hit start.”
Pipeline Pump #2 was typically run every three months with the average run time length
being five to ten days. According to Well Test records, the last time the Pipeline
Pump #2 had been run was on November 15, 2024. The facility had been shut-in for four days
prior to the incident.
When BSEE Investigators viewed pictures of the injuries sustained by the IP’s, the
injuries did not appear to be consistent with those that may have been prevented or
minimized by the use of their required Personal Protective Equipment (PPE). W&T
verified that the IP’s were not following proper PPE guidelines at the time of the
incident, and that neither of the IP's were wearing gloves. This along with wind
direction and speed were described as possible factors that contributed to the severity
of the injuries. At the time of the incident, the wind was reportedly blowing out of
the south at around 25-30 knots. The wind speed pushed the fire into the IP who was on
the northern side of the pump. This person was reported to have sustained the worst
injuries of both IP’s. The burns also would have been less severe or possibly
prevented had the IP’s worn the proper gloves for the job being performed.
W&T’s Investigation:
W&T’s Investigation Report stated that a loose fitting was found on the starter outlet.
When the attempt to start the engine was made, gas was released in the area through the
loose fitting. When the engine backfired, it ignited the remaining gas in the space
causing the flash fire. W&T continued that moving forward, when trouble shooting and/
or attempting to start up natural gas-operated equipment, and particularly on equipment
that has been down for an extended period of time, it is a best practice to check all
hoses and fittings for cracks, corrosion, or loose fittings to reduce the likelihood of
a gas leak. W&T identified multiple corrective actions to implement as a result of
this incident. They reported that they will: share findings at their upcoming April
Field Lead Meeting, conduct blitzes/audits on gas-operated equipment on all W&T
facilities to verify that all flexible hoses are replaced with hard piping, begin
routine checks on all fittings associated with starter gas, stress the importance of
wearing all required PPE moving forward, and generate a W&T based safety alert to
discuss the importance of inspecting equipment prior to start up.
BSEE Conclusion:
After review of all pictures, witness statements, JSA’s, evidence gathered during the
IF, witness interviews, and W&T’s final investigation, the BSEE concludes that the
loose fitting on the exhaust hose was the main contributor to this incident. Had the
hose fitting been properly tightened, flammable gas would not have accumulated near the
engine. Also, if the IPs were wearing the proper PPE at the time, they may have
suffered less significant injuries. The BSEE recommends that operators and their
contractors, where appropriate, do the following: when using fuel gas to start prime
movers, always ensure the starter exhaust gas is vented to a safe location, review gas
engine startup procedures to include equipment checks verifying proper installation of
components, utilize gas detectors when performing startup procedures on engines with
gas as a fuel source and/or as a pneumatic supply for starters, and conduct mandatory
checks on engines with gas as a fuel source and/or as a pneumatic supply for starters
to ensure proper installation of starter exhaust piping."
CP-6185519FB7,,Serious Incident,2024-11-25,00:20,2024-11-26,VR,398,A,BLAKE 210,Maintenance,LIFTING DEVICE,Loss Event,Business Interruption & Cost,Equipment Damage,,SYN-21c9ef,Operations Superintendent,SYN-da5ca4,Facility Engineer,SYN-1107af,Maintenance Supervisor,2024-12-02,SYN-40db50,Facility Engineer,2025-01-05,"On November 25, 2024, preparations were made to test the Blowout Preventers (BOPs)after
rigging up the Blake 210 rig on location at VR 398 Well A002. The tubing hanger that
was installed in the wellhead was found to be severely corroded, preventing testing
the BOPs to the maximum anticipated surface pressure (MASP). The decision was made to
cut the tubing string in order to remove the leaking tubing hanger and test the BOPs
to the MASP. The tubing was cut at 840'on November 18, 2024 with a jet cutter. This cut
was made above the DX plug which was previously installed on March 28, 2023 at
869'.The BOPs were then tested to 250/10000 psi. The 2-7/8"" tubing stub was engaged
with an overshot ran on 3.5"" 12.95 ppf workstring. Several attempts were made to open
the equalizing port on the DX plug using wireline tools. Reports from the facility
indicated, in error, that the equalizing ports had opened and pressure was equalized
above and below the plug. Pumping on the tubing string showed a drop in tubing
pressure for all three attempts to pump down the tubing. Pump pressure was 3000 psi
initially and bled off to 2000 psi during the first attempt and then dropped from
3000 psi to 1000 psi on the second and third attempt. Bailers were then run and
recovered approximately 4 ounces of metal from the top of the DX plug. Wireline was
once again run and the plug was latched, jarred, and approximately 750 lbs. of pull
was put on the plug resulting in the plug not coming free from the profile and
wireline tools becoming stuck. The operator was unable to release the overshot and
cut the tubing above the wireline fish and pulled workstring and 9.63' of 2-7/8""
tubing, leaving the top of fish at approximately 855'. An external cutter was then
run on 3.5"" workstring to cut the tubing below the DX plug.After approx. 4 minutes of
cutting, the tubing parted and the well began to flow resulting in the workstring
being ejected from the well. The annular and pipe rams were closed in order to
bringthe well under control. Approximately 809'of workstring had been ejected before
the blind shear rams were closed and the workstring sheared. Visual confirmation
during lockdown of the blind shear rams verified closure and shearing of work string.
Approximately 77' of workstring and BHA (Bottom Hole Assembly) remained in the well.
Upon examination of the plug after removal from the wellbore, it was determined that
the wireline equalizing prong did not completely shift the collet to fully open the
equalizing ports. Three attempts were made to pump down the tubing, with all three
attempts resulting in a pressure drop and no positive confirmation as to where the
pressure was bleeding off. It was later determined that the overshot packoff was
leaking, resulting in the loss of pressure into the casing annulus. The pressure drop
was assumed to be going down the tubing and into the formation; thus, giving a false
indication that the pressure was equalized. The decision was then made to make an
external cut on the tubing below the DX plug, resulting in the tubing parting, the
trapped pressure below the plug being released into the casing annulus, and the
workstring being ejected from the well. Inspection of the DX plug showed that
wireline debris from the jet cutter as well as sand from the well was lodged in the
DX plug from the top of the fishing neck down to the lower portion of the plug body
and the equalizing-sub assembly. The presence of the debris and sand prevented the
equalizing ports from being completely opened, as well as prevented fluids from being
pumped down below the plug to kill the well. This debris prevented the equalizing
prong from seating completely into the equalizing sub in the lower portion of the
plug; thus, not allowing the equalizing collet to shift completely open.","Reported as structural damage. Personnel were mustered. Estimated property damage $289,636.",Serious Incident,,Serious Incident,15,E,3,,,,,,,C,,
CP-21A51CBCFA,,,2024-11-26,15:00,2024-11-28,,,,DIAMOND OCEAN,Maintenance,LIFTING DEVICE,,,,,SYN-0ddcbc,Production Foreman,SYN-21296b,Maintenance Supervisor,SYN-be9133,HSE Advisor,2024-12-07,SYN-1975f8,Maintenance Supervisor,2024-12-25,"On 27 November 2023 at approximately 1100 hours, a contract employee was injured
when a riser torque wrench that he was attempting to recover fell striking him on his
right hand. It was determined that improper rigging procedures caused the incident.
Due to the size and shape of the wrench and the tight clearance between the riser and
diverter housing, the wrench was tied at an angle and left suspended. The angle of
the suspended torque wrench caused the 1/2"" lifting eye to be side loaded, thus
decreasing the load rating of the eye bolt to 25% at 90 degrees or 30% at 45 degrees.
Failure of the eye bolt resulted in the wrench falling and striking the Injured
Person (IP). The IP suffered a 1 inch laceration in the webbing between the thumb
and index finger. First Aid was administered on the rig prior to the IP being
evacuated to shore for medical treatment. The IP had surgery on his hand and was
released from the hospital on 30 November 2024.",The IP suffered a 1 inch laceration in the webbing between the thumb and index finger.,,,,,,,,,,,,,,,"Sequence of Events:
1) The crew loosened the termination joint bolts from the BOP stack.
2) An air hoist was used to retrieve the torque wrench through the diverter housing.
3) After the wrench entered the diverter housing, the rigging (eyebolt) failed
allowing the wrench, weighing 275 lbs, to fall approximately 3 feet striking the IP
on the right hand that was placed on the riser flange bolt to maintain his balance."
CP-99B5FE53E5,,Serious Incident,2024-11-28,17:45,2024-11-29,GC,645,A(HOLSTEIN SPAR,,Well Services,LIFTING,Loss Event,Business Interruption & Cost,Equipment Damage,Combustion,SYN-583f03,Maintenance Supervisor,SYN-f687af,Maintenance Supervisor,SYN-152d41,HSE Advisor,2024-12-07,SYN-eae192,Production Foreman,2024-12-29,"On November 28, 2024, at approximately 1755 hours, a fire occurred inside a Pressurized
Welding Enclosure (PWE) on the Northeast side of Green Canyon (GC) Block 645 Platform
A (Holstein). The facility is owned and operated by Anadarko Petroleum Corporation.",Reported as a fire and a damaged or disabled safety system.,Serious Incident,,Serious Incident,12,D,3,,,,,,,,,"Sequence of Events:
At approximately 1655 hours, construction crew stopped hot work for the day while the
Firewatch remained outside of PWE until approximately 1730 hours.
At approximately 1755 hours, the firewater pump kicked on and deluge in Zone 4
activated. The Ballast Control Operator (BCO) went to investigate why the pump was
on. Upon arriving at PWE #2 the BCO could see heavy smoke and a flame approximately 2
feet high coming from the lower part of the PWE. Two members of the Emergency Response
Team (ERT) arrived on location at approximately 1758 hours. ERT was able to put the
fire out utilizing a nearby hose reel. At approximately 1809 hours, Zone 4 deluge was
shut down.
At approximately 1820 hours, an investigation of the scene lead to the discovery of
severed wire(s).
BSEE Investigation:
On November 30, 2024, BSEE investigation team conducted on site incident investigation.
Information obtained during this investigation determined that on November 28, 2024, at
approximately 1655 hours, personnel conducting hot work knocked off for the day. At
that time, all personnel including Firewatch exited from inside PWE. After site was
secured and general housekeeping completed, at approximately 1700 hours, a Firewatch
grabbed a portable fire extinguisher and posted inside the airlock of the PWE for
approximately 20 minutes. He then stood out on the perimeter of the PWE for the
remaining time.
At approximately 1730 hours, the Firewatch stood down. The air lock of a PWE is
constructed to allow personnel to enter and exit the PWE without losing positive
pressure so work can continue. Inside the air lock is a door to enter inside the work
area which has a window that allows personnel to see inside the PWE. The nature of
work being conducted inside PWE was to repair some damaged walkway beams. For this to
be accomplished, a harness was to be worn and the Firewatch was alone during the 30-
minute cool down.
Personnel on board were not aware of the fire until approximately 1755 hours when the
firewater pump started and deluge Zone 4 activated. The cause of the activation was
not due to fire being detected but because the wire(s) that the fire burned through
inside the PWE were lines that control the activation of deluge Zone 4.
The BSEE investigation team found that facility wiring inside the PWE had been wrapped
incorrectly with Panther felt enabling slag from hot work to get down inside of the
wrapping and smolder, causing the wire and felt to catch fire. Panther felt is the
material used for hot work protection (i.e., fire blanket). The felt was wrapped in
such a manner that the tape joint was facing toward the work being conducted. Safe
Zone’s (owner of PWE) standard operating procedures is to have two firewatchers during
hot work operations, one inside and one outside. However, only one Firewatch was on
location at the PWE for the 30 minutes after hot work was completed.
The BSEE investigation team also noted that fire and smoke detection systems inside of
the PWE are part of the power system that enables the hot work to be conducted. When
this control panel was turned off, fire and smoke detection systems inside the PWE are
also disabled. As a corrective action, Anadarko plans to separate power supply for
fire and smoke detection so that monitoring can continue even after hot work has
concluded.
BSEE Recommendation:
BSEE has two recommendations for this incident. One, adding a second Firewatch to PWE
hot work operations inside and to remain on station for the full 30 minutes after hot
work is complete. The second is to add the ability of the control room to monitor
the status of at least one fire and one gas detection at all times."
CP-F68B93C2BB,,Very Serious Incident,2024-11-28,01:00,2024-11-29,SE,39,,MAERSK DEVELOPER,Construction,LIFTING DEVICE,Loss Event,Health & Safety,Injury TLI,,SYN-326dea,HSE Advisor,SYN-627c5a,Production Foreman,SYN-334639,Production Foreman,2024-12-06,SYN-878a64,Maintenance Supervisor,2025-01-19,"­
At approximately 0100 hours on 28 November 2024, a Maersk Drilling USA Inc. (Maersk)
Roustabout sustained an ankle injury on board the Maersk Developer semi-submersible
rig while conducting drilling operations for Anadarko Petroleum Corporation
(Anadarko) in Sigsbee Escarpment Block 39.
The injury occurred while the Roustabout assisted with the lifting of a 7.625-inch
sub from a metal basket located on the rig floor with the use of a tugger. The
Roustabout had positioned himself between a rotator stand and a PS-500 power slips
during lifting operations. As the sub was being lifted out of the basket, it hung up
on the shoulder of the basket causing it to shift pushing the rotator stand towards
the PS-500 power slips and pinning the Roustabout's right ankle. The Roustabout was
treated at the rig and evacuated to the Occupational Medicine Services in Houma,
Louisiana where x-rays revealed that he had sustained a fracture to his right ankle.
On 4 December 2024, the injured Roustabout was diagnosed with a double fracture in
his right ankle and he was consulting with a physician to determine if surgery will
be necessary.
The probable cause of the accident was attributed to lack of employee training since
the injured Maersk Roustabout was listed as a Short Service Employee (SSE) and he had
not received the level of training required to work on the rig floor. In addition,
Maersk stated that they made an error in summoning a SSE Roustabout to assist with
lift operations on the rig floor.
Contributing causes of the accident was lack of supervision and the failure to
recognize the injured Maersk roustabout was a SSE who lacked the skill and knowledge
for conducting lifting operations on the rig floor.","On 4 December 2024, the injured Roustabout was diagnosed with a double fracture in his right ankle and he was consulting with a physician to determine if surgery will be necessary.",Very Serious Incident,,Very Serious Incident,25,E,5,,,,,,,,,
CP-004E1BF2AC,,,2024-12-02,03:00,2024-12-03,EI,98,,HERCULES 251,Production Operations,LIFTING DEVICE,Loss Event,Health & Safety,Injury TLI,,SYN-261b8f,Operations Superintendent,SYN-ff4f6c,Facility Engineer,SYN-cc1ca6,Maintenance Supervisor,2024-12-14,SYN-2426e4,Facility Engineer,2025-01-13,"On December 2, 2024, at approximately 0300 hours, on Tana Exploration Company, LLC's
Lease OCS-G 26023, Eugene Island Block 98, Hercules Rig 251, a Contract Wireline
Operator (CWO) was struck on the right hand by a falling Packoff Assembly (PA) while
guiding a wireline fishing tool string from the lubricator's side door inlet. At the
time of the incident the CWO was suspended in a riding belt approximately 35 feet
above the rig floor. Subsequent to severing stuck drill pipe, the severing tool and
PA were approximately 45 feet above the drill floor, and exposed from the
lubricator's side entry sub to verify that the severing tool successfully fired.
Subsequent to the CWO unscrewing the PA from the lubricator's side entry sub and
guiding the PA approximately 10 feet out of the side entry sub using his right hand,
the tool string made contact with the top drive causing the PA to strike the CWO's
right hand. The wireline was then stripped from the pulling tool's head at the rope
socket resulting in the severing tool and PA to fall to the rig floor. As a result of
the incident the CWO's right index finger was crushed with lacerations, the right
little finger had tissue damage from the base to the middle of the finger, and the
upper portion of the right thumb was amputated leaving a small area of skin attached
to the amputated section. The CWO was administered immediate first aid by dressing
the wound, an Intravenous Injection (IV) was started, and Morphine administered prior
to the CWO being helicopter evacuated to the Teche Regional Medical Center in Morgan
City, LA.
Update: As of December 23, 2024, the injured CWO has not returned to work, and is
being treated by a hand specialist in Baton Rouge. The right hand little finger has
been amputated, and the thumb and index fingers now have pins installed.",The incident resulted in a lost-time accident with more than 3 days lost. The facility was evacuated.,,,,,,,,,,,,,,,
CP-4357E9CAB7,,,2024-12-02,10:15,2024-12-03,GC,743,,SEADRILL WEST AURIGA -,Drilling,LIFTING DEVICE,Loss Event,Health & Safety,Injury TLI,,SYN-7a3530,Maintenance Supervisor,SYN-bfaf8f,Facility Engineer,SYN-a1e8d3,Marine Coordinator,2024-12-11,SYN-ca7b3f,Facility Engineer,2025-01-01,"-
On December 2, 2024, while performing Stump Testing on the Blow Out Preventers (BOPs), a
Subsea Engineer was struck in the face with high pressure BOP fluid while attempting
to replace the O-rings on an Sub Plate Mounted (SPM) valve on the BOP stack.
During the time of the incident, Seadrill America's drillship, the West Auriga, was
located in GC.743, performing drilling operations on BP's DC111 well. The subsea
crew on board the vessel was in the process of pressure testing and repairing BOP
Stack #2 when the incident occurred.
On the morning of June 9th, the subsea crew held a meeting to discuss the work plan
for the day. The Subsea Engineer (the IP) and the Subsea Technician were tasked with
functioning the Shear Rams from both the Blue and Yellow pods. Once the Shear Rams
had been functioned, the crew discussed the need to replace the O-rings for the three
SPM valves on the Lower Marine Riser Package (LMRP) with the type of O-rings that are
specified in the owner's manual. Although a Risk Assessment had been performed by
the crew before the work began for the day, the task of replacing the O-rings on the
SPM valves was not addressed in the work scope. Later, when the task was added to
the plan, it was considered by the crew to be routine and the risk involved was
thought to be low.
Statements taken from both the Subsea Technician and the IP confirm that a discussion
was held between the two men ensuring that all pressures had been bled off and all
gauges were reading 0 psi when checked. Photographs taken after the incident
confirmed that the gauges were all reading 0 psi, although known pressure remained in
the line. The two men proceeded down to the BOP and successfully changed out the O-
rings located on the non-shearable side of the LMRP with no incident. Once finished
there, the men headed over to the SPM valve located on the shearable side of the BOP.
At approximately 10:00am the IP put on his safety harness and climbed up a ladder to
obtain access to the SPM valve. The SPM valve posed a risk in that it was in a poor
location. The placement of the valve put whoever was attempting to work on it in a
confined area with little room to move, forcing them into the line of fire. Once the
IP got into position, he began to loosen the first of four bolts located on the SPM
valve. The IP was in the process of removing the second bolt on the Shearable SPM
valve when high pressure BOP fluid was released from the opening of the valve flange.
The pressurized fluid struck the IP directly in the face, protected only by his
safety glasses.
The IP, unable to see, was helped off of the BOP stack by the Subsea Technician and
brought to the medic on board to be examined. Due to the extent of his injuries, a
medivac was called to transport the IP to an inland facility for further evaluation
and treatment. The work site was secured and
began.",The incident resulted in a lost-time accident with more than 3 days lost. The facility was evacuated.,,,,,,,,,,,,,,,
CP-B0A2CC0395,,,2024-12-23,08:10,2024-12-24,HI,,A,,Production Operations,LIFTING DEVICE,Loss Event,Health & Safety,,,,,SYN-197925,Marine Coordinator,,,,,,,"An Island Operating Company (IOC) employee (the rigger) was performing rigging duties
and positioned his body outside of the ""safe zone of the lift"" and was standing
between the tote tank and a basket which was positioned next to the tote tank on the
deck while the lift was being made. Another IOC employee was operating the crane.
When he lifted the tank approximately one to two feet off the deck, the tank was not
centered with the ball and it began to sway toward the basked. The rigger attempted
to stop the tank with both arms, pinning his right arm from the wrist to the elbow
between the tote tank and the basked. The Apache area medic evaluated the injured
rigger and deemed it necessary to have him transported to University Medical Center
in Galveston, TX. Further evaluation determined that
fractured right wrist and elbow.",The incident resulted in an injury recorded without a severity code.,,,,,,,,,,,,,,,
CP-94D2604374,,,2024-12-27,15:00,2024-12-29,,,,MAERSK DEVELOPER,Construction,LIFTING DEVICEVDM,,,,,SYN-9f3c45,Operations Superintendent,SYN-31aa82,Operations Superintendent,SYN-5fc0c8,HSE Advisor,2025-01-03,SYN-754f04,Operations Superintendent,2025-01-20,"On 27-DEC-2024 at 0930 hours, the Maersk Developer Rig was picking up 16-inch casing
joints from the Aux Riser Pipe Shuttle (RPS) with the VDoor Machine (VDM) Gripper
heads to build three-joint stands of casing. There were already two joints of casing
screwed together in the slips when the Assistant Driller went to go pick up the last
joint from the RPS to complete the stand.
Once the RPS elevated the back end of the last joint of casing, the VDM was lowered
so that the VDM's head covered the outer diameter of the casing. Once the outer
diameter of the casing was fully covered, the VDM Guides closed over the casing
joint. The VDM Guides are not designed to support the loads weight; only the VDM
Gripper. The only purpose of the VDM Guides is to centralize the casing joints. Once
the VDM Guides closed over the casing, the VDM Guide's Close Screen should be
illuminated.
After the VDM Guides closed around the casing, the VDM Gripper was to close around
the casing as well, however; the Assistant Driller assumed that the VDM Guides were
closed and activated the VDM Gripper before the VDM Guides received positive
feedback. If the VDM Gripper is activated before the VDM Guides receive positive
feedback, the VDM Gripper will not close. Because the VDM Gripper was open at the
time of the lift, the joint of casing was then hoisted only using the VDM Guides
which could not support the casing weight. As the 3690 pound casing joint rose
approximately 36 feet with the VDM, the casing slipped out of the VDM head. The
casing then slid back down into the RPS, falling off the pipe tailing arm as it fully
re-entered the RPS.
At the time of the incident, there were no personnel located in the Red Zone with the
exception of one authorized individual during movement of the pipe and or equipment.
There were no personnel injuries associated with this incident.",,,,,,,,,,,,,,,,
CP-586DF68FF1,,Incident,2024-12-28,14:00,2024-12-30,MC,429,RIG NAME,,Production Operations,,Loss Event,Environment & Reputation,Loss of Containment,,SYN-3fd5cd,Marine Coordinator,SYN-ebd056,Marine Coordinator,SYN-a388a2,Operations Superintendent,2025-01-12,SYN-b427a8,HSE Advisor,2025-01-19,"On Wednesday, March 30, a leak was found in the 1"" methanol supply tube which goes to
the Na Kika Kepler Well K-1 in Mississippi Canyon Area Block 429. The location of
the leak was at the weld in the Na Kika Ariel hydraulic and chemical tubes for both
Mississippi Canyon Area Block 429, Well A-4 and Kepler wells (K1 and K2 in MC 383).
The Well K-1 was brought on line using a spare umbilical tube, that will be used to
deliver methanol to MC 383, Well K-1 in the future. A failure analysis is being
planned with the subsea equipment vendor, FMC. A repair of the failed umbilical tube
is may not occur since it is not economically feasible.",Reported as a pollution release. Estimated property damage $75.,Incident,,Incident,6,C,2,,,C,,,,A,,
CP-0183D1A1BF,,Serious Incident,2025-01-31,00:45,2025-02-03,SS,238,A,,Production Operations,LIFTING DEVICE,Loss Event,,,Combustion,SYN-bbccc3,Production Foreman,SYN-e297bc,Production Foreman,SYN-14fe9c,Production Foreman,2025-02-07,SYN-325bbc,Operations Superintendent,2025-02-25,"A fire occurred at the Ship Shoal Block 238 Platform A on January 31, 2025, at
approximately 0025 hours, and completely destroyed three temporary rental buildings;
i.e., a galley, living quarters, and office building that were located on the top
production deck adjacent to the crane. These buildings were installed during the
month of July 2008, and were used by the construction crew to conduct platform
repairs. The installation included a generator and an electrical panel to provide
electrical service to the three buildings. The generator and panel were installed and
tied into the buildings by an Electrician working for ESSI.
The generator was started on January 29, 2025, with limited electrical service being
provided to the three buildings. The service was limited to lights and window air
conditioners, because no water service was hooked up and the buildings were not
occupied at night. The construction crew stayed at the Ship Shoal 214 Platform K
during the night.
On January 30, 2025, the Platform Operator (PO) and several contract employees were
cleaning and straightening up on Ship Shoal 238 Platform A until about 1800 hours.
The contract employees left the platform by boat, and the PO began bringing the wells
back onto production. The PO finished bringing the wells back onto production at
approximately 2000 hours. The PO called the boat for transportation and went to the
galley to get some water and wait for the boat. The PO stated that ""the generator was
running, he did not smell anything burning and everything seemed to be in order.""
Between 0130-0230 hours, on Sunday morning, the deckhand on the M\V Bo Truc spotted a
fire on the Ship Shoal Block 238 Platform A. The fire was then reported to personnel
on the drilling Rig Hercules who in turn notified the PO working on Ship Shoal Block
233 Platform B. The PO then notified the field Foreman at Ship Shoal Block 214
Platform K.
The M\V International Searcher was dispatched to the platform to extinguish the fire
utilizing fire monitors. The fire was extinguished at approximately 0315 hours. The
Emergency Shutdown System was activated by the boat personnel. The M\V International
Searcher then went to Ship Shoal Block 214 Platform K to pick up company personnel.
The company personnel boarded the platform and extinguished the remaining hot spots
with water and portable fire extinguishers.
An investigation team made up of third party investigators and W & T Offshore, Inc.
representatives conducted an onsite overview of the fire scene. On February 1, 2025, MMS
representatives, along with the W & T Offshore, Inc. personnel, visited the platform
to investigate the fire. MMS Inspectors, however, were unable to determine the cause
of the fire, because the scene was totally destroyed by the fire.","Reported as a fire. Estimated property damage $140,924.",Serious Incident,,Serious Incident,,,,,,,,,,C,,
CP-24132264B3,,,2025-01-31,06:40,2025-02-02,,,,T.O. DISCOVERER CLEAR,Production Operations,LIFTING DEVICE,,,,,SYN-d5c663,Facility Engineer,SYN-ee5079,Marine Coordinator,SYN-86b27b,Facility Engineer,2025-02-08,SYN-4e77c4,Maintenance Supervisor,2025-04-06,"Upon completing Blowout Preventer (BOP) testing and before resuming drilling
operations, the rig experienced a fire alarm and partial loss of power as a result of
an electrical failure in the Dynamic Position (DP) system. The event led to all six
thrusters going offline with the rig drifting 15-1/2 ft off location, and personnel
having to muster for potential rig evacuation. Power was quickly restored to the
rig's DP system where its position was reestablished and personnel returned to duty.
The drill string was positioned for hang off in the BOPs and the preliminary
Emergency Disconnect Sequence (EDS) was initiated. Once the incident was determined
to be under control the EDS was suspended and well drilling operations resumed.
The rig's fire team responded to the alarm where they discovered flames and smoke to
be coming from electrical cabinets located in a Motor Control Center (MCC) room for
the rig's DP control system. The team secured the scene and an investigation into
the event commenced. The affected devices were isolated from the DP system for
repairs, with the unaffected DP system devices capable of maintaining station during
rig operations.
The investigation led to the discovery of several electrical cabinets and associated
components having sustained electrical fire damage. Cracks found in the cooling
system for the electrical controls allowed water to enter the cabinets leading to
failure of the electrical devices. The cracks appeared to be heat induced as a
result of voltage fluctuations from power demand. Subsequent to the event the logic
for the electrical controls of the DP system have been modified to better respond to
power demands. These modifications have also been made to other Transocean rigs that
utilize the same system.",,,,,,,,,,,,,,C,,
CP-6A8DC9AF27,,Serious Incident,2025-02-04,06:08,2025-02-06,EW,910,A,,Drilling,LIFTING,Loss Event,Business Interruption & Cost,Equipment Damage,Combustion,SYN-677119,HSE Advisor,SYN-02c0ea,Operations Superintendent,SYN-af935d,Maintenance Supervisor,2025-02-11,SYN-34a99a,Marine Coordinator,2025-05-11,"On February 4, 2025, W & T Offshore, Inc. (W & T) notified the Bureau of Safety and
Environmental Enforcement (BSEE) Houma District Office that a fire incident occurred
at Platform “A,” located within Block 910 of the Ewing Banks Area (EW 910 A), Lease
OCS-G13079, approximately 70 miles offshore in the Gulf of America. The incident
occurred during production operations and resulted in activation of the Emergency
Shutdown (ESD) system after Temperature Safety Elements (TSEs) in the immediate
vicinity of the glycol regeneration skid melted due to elevated temperatures. The
Platform Person in Charge (PIC) identified the location of the fire and notified
personnel onboard the facility. Platform personnel responded utilizing firewater hoses
and extinguished the fire without injury to personnel. W & T estimated fire related
damages and repair costs at approximately $51,917.75.
Sequence of Key Events:
Prior to the incident, the glycol dehydration system at EW 910 A was in operation as
part of normal production activities. Operational records and trend data later
reviewed during the investigation reflected that on February 3, 2025, approximately
twenty-one hours prior to the fire, the glycol circulation pumps had been switched from
glycol pump PBA-3350 “Inboard Pump” to the PBA-3340 “Outboard Pump”. Following the
glycol pump swap, the lean glycol suction inlet valve associated with the active,
outboard pump remained in the closed position.
At approximately 0600 hours on February 4, 2025, elevated temperatures in the vicinity
of the glycol regeneration skid caused nearby TSEs to melt, initiating the facility
ESD system. The PIC identified the location of the fire near the glycol regeneration
skid and notified the platform crew. Platform personnel responded to the scene
utilizing firewater hoses and directed water at the base of the flames until the fire
was extinguished. The estimated duration of the fire was five minutes.","Reported as a fire and damage over $25,000. Estimated property damage $51,917.",Serious Incident,,Serious Incident,12,D,3,,,,,,,B,,
CP-D6CA82ECCB,,Serious Incident,2025-03-27,15:20,2025-04-02,EB,602,,DIAMOND OCEAN VALIANT,Maintenance,LIFTING DEVICE,Loss Event,,,Combustion,SYN-d18389,Operations Superintendent,SYN-7722d7,Production Foreman,SYN-f45bee,Operations Superintendent,2025-04-09,SYN-a3fa7f,HSE Advisor,2025-06-24,"Four contract workers (two two-man construction teams) were in SC-1 Area (dry storage
area located beneath the lower level of the living quarters) of the Diamond Ocean
Valiant Semi-submersible drilling rig installing new plumbing for a drain line on new
quarters. Cutting, grinding, and welding were being conducted on a four inch pipe.
One employee was grinding on the newly cut end. He left the area along with the
second employee on break. No one was left in the area. Approximately twenty minutes
after everyone had left, a third construction worker (from other team) attempted to
return and saw smoke flowing into the hallway of the quarters at the entry point to
SC-1 area below quarters level. With in a minute or two of the smoke coming into the
quarters, the smoke detectors activated the fire alarm and the rig's Fire Team One
was dispatched to scene, the well was closed securely as directed by the Day Tool
Pusher, and all other personnel mustered at the life boat stations awaiting further
instructions (there was no evacuation of the rig). Fire Team One formed two two-man
entry teams. The first two-man group went in the area, located the fire after a five
to ten minute search in thick smoke, used fire water hose, and ran out of air on
their '30 air tanks.' The second two-man group went into the area and continuing
efforts to extinguish the fire under heavy smoke and poor visibility. The second
two-man group exited the area once air tanks were depleted. The first two-man team
re-entered the area a second time and were successful in extinguishing the fire,
giving the all clear approximately forty-five minutes after the initial alarm.","Reported as a fire. Estimated property damage $2,957.",Serious Incident,,Serious Incident,15,E,3,,,,,,,A,,
CP-DAA226FBAE,,Serious Incident,2025-04-01,08:30,2025-04-06,HI,47,A,,Drilling,,Loss Event,Health & Safety,,Combustion,SYN-994426,Operations Superintendent,SYN-0dac01,Facility Engineer,SYN-af6b87,Production Foreman,2025-04-12,SYN-2155fa,Production Foreman,2025-06-27,"On Wednesday, April 1, 2025, at about 0735, a fire broke out on Spinnaker's High
Island (HI) Block 47 A platform. Two contract workers were injured. The Production
foremen works for the Wood Group. The well on this platform has a shut in pressure of
psi and produces with a FTP of psi. The well produces about MMCF/D,
bbls of condensate and bbls of water per day. The well also has an H2S
component of about ppm, and a content.
The activities at the time of the incident included bleeding down the flow line and
removing the hydraulic controlled choke and the choke seat from the choke body. The
SSV located on the tree had been closed from the control panel, allowing for the flow
line and sand knockout to be bled down. No other valves on the tree or flow line
were closed except those downstream of the choke body to isolate the pressure in the
production equipment. The cap was then removed from the choke body in order to remove
the choke seat. At this time, Byron King apparently mistakenly opened the control
switch for the SSV and allowed the full wellhead pressure to flow through the open
ended choke body. At that instant, Mr. , still at the control panel,realized his
mistake and then closed the control switch for the SSV. The lag time interval
between opening and then closing the SSV with the control switch is esitmated to be
about 20 to 45 seconds depending on his reaction time. In this interval, the full
well volume was blowing from the open choke body toward the living quarters.
The wind was blowing from the Southeast to the Northwest which allowed the gas vapor
to blow over the meter run house and generator house. The Generator is assumed to be
the point of ignition of the gas, and it was consumed in the resulting fire along
with the adjacent meter run house, meter runs and telemetry. The direction of the
blast from the open choke body was directly toward the living quarters located about
25-30' away from the open choke body, and the living quaarters were rapidly consumed
in the blaze. The contract injured man with the burns worked for E S & H and was in
the living quarters at the time of the incident, while the other contract man working
for Schooner Chokes sustained the broken bone when he jumped to the lower deck.","The incident resulted in an injury recorded without a severity code. Reported as a fire. Estimated property damage $800,000.",Serious Incident,,Serious Incident,12,D,3,,,,,,,C,,
CP-C081E1AA66,,Very Serious Incident,2025-04-10,21:00,2025-04-12,WR,634,,T.O. DEEPWATER CONQUEROR,Construction,LIFTING CMC,Loss Event,,,,,,SYN-b9a1a7,Facility Engineer,,,,,,,"On April 10, 2025, an incident occurred on the Transocean Deepwater Conqueror,
operating for Chevron, located in Walker Ridge Block 634. The Driller was attempting
to take the drill string weight with the Crown Motion Compensator (CMC), when the
command was given to open the CMC valve while the CMC cylinders were at mid stroke.
The CMC rapidly dropped 13 feet, and sheared one of the equalizing bumper assembly
bracket and the sheared equalizer bumper assembly bracket fell to the rig floor.
Operations were shut down immediately and proper personnel were notified. No injuries
were reported and an onsite investigation was initiated.
On the evening of April 10, 2025, the “D” drill crew prepared to slip and cut drill
line on the drawworks with the drill pipe set in the slips of the rotary table. From
approximately 1800 hours to 2000 hours, a safety meeting was held prior to the slip and
cut operation and a Job Safety Analysis (JSA) was reviewed and signed by all
participating rig crew members involved. The Driller commenced the operation by
stroking the CMC cylinders all the way out, in order to cut 155 feet of 2 1/8 inch
drill line that needed to be replaced on the drum of the drawworks. The slip and cut
operation was completed and the drawworks was calibrated with a brake test performed
as per procedure. Once completed, the Driller then stroked the CMC cylinders
approximately halfway in and connected the top drive to the drill string in the drill
pipe slips. As the drill string was raised, the Driller initiated the CMC valve to the
open position which resulted in the CMC falling rapidly 13 feet, coming to rest on the
beams. All of the bolts on one of two bumper assemblies located on the CMC in the
derrick sheared as a result. The bumper, weighing approximately 48 pounds, fell 203
feet striking the drill floor and coming to rest next to the drop shelter.
On April 12, 2025, the Bureau of Safety and Environmental Enforcement (BSEE)
investigation team was able to conduct a limited on-site investigation for this
incident, due to the entire drill floor being designated as a “No Entry Zone” while
the derrick was being inspected. All areas on and around the CMC and derrick structure
were being inspected for broken or loose items. The team was able to collect
documents, pictures and requested video footage of the incident. The team discovered
that the drill crew made the 12 1/4” drilling assembly and proceeded to run it in the
wellbore to approximately 27,088 feet. The top drive was connected to the drill string
and drilling fluid was circulated as the drill crew prepared to slip and cut drill
line. There was a pre job safety meeting held with the “D” drill crew prior to the
slipping and cutting 155 foot of 2 1/8” drill line. With the drill string set in the
slips in the rotary table, the Driller positioned the block and top drive in the
derrick to be connected to the hang-off line. Next, according to the procedure, the
Driller extended the CMC cylinders all the way out to insure the necessary wraps on
the drum of the drawworks. The slip and cut mode was selected to the on position on
the drillers panel and the procedure went forward as planned. Once completed, the
Driller deselected the slip and cut mode and proceeded to raise the block and top drive
and remove the hang-off line. The drill crew made the Rotating Control Device (RCD) to
the drill string and the Texas Iron Works (TIW) valve was removed. The top drive was
screwed in, drilling fluid was circulated, and the well was static while monitored on
the trip tank. At approximately 2045 hours, the Driller attempted to pull the drill
string weight out of the slips with the CMC. The CMC cylinders were only mid-stroke and
never fully retracted back down to the beams after the slip and cut procedure was
completed. The driller initiated the command on the drillers console to open the CMC
valve and the CMC free fell approximately 13 feet before coming to rest on the beams.
This resulted in shearing all 7 bolts on the 48-pound starboard equalizing bumper
assembly bracket allowing it to fall 203 feet to the drill floor. The port equalizing
bumper assembly had 6 out of 7 bolts sheared with 1 bolt securing it from dropping.
According to the slip and cut procedure, the Driller is responsible for lowering the
CMC cylinders back to the beams before proceeding forward to the next step. The
pressure differential between the air and the hydraulic system was created when the
Driller brought the CMC to mid stroke and then hydraulically locked the CMC.
Because the system was locked, the additional hook load caused an increase in pressure
differential across the circuit. The CMC has a built-in safety system to automatically
equalize pressures if there was an imbalance of more than 30 psi exists, when the CMC
is commanded to open. The automatic by-pass would open to equalize the pressure so the
main air valve could be opened. When the CMC valve attempted to open, the excessive
pressure caused the cylinders to retract quickly. National Oilwell Varco (NOV)
confirmed there was a software logic error which prevented the pressure from
equalizing prior to opening the CMC / Olmsted valve. The CMC auto equalizing feature
did not work as designed, allowing the Olmsted Valve to only open 44 percent for
approximately 2 seconds then quickly closing again prior to the system equalizing.
Since the incident, Transocean has reviewed and updated the procedure related to the
CMC activities making sure that the CMC setup and sequences are correct and documented.
Transocean has also implemented rig specific CMC on the job training with additional
training for the Toolpushers, Drillers, Assistant Drillers and Derrickmen. In addition,
NOV has updated and installed the new software logic in relation to the safety
interlocks of the Olmsted valve opening when it is activated. The software upgrade will
prevent the CMC valve from unintentionally opening, if there is a differential pressure
over the CMC valve in any direction. A successful function test was performed to verify
and test the CMC valve after the software upgrade.",No injuries were reported and an onsite investigation was initiated.,Very Serious Incident,,Very Serious Incident,,,,,,,,,,,,
CP-77EC5E32E6,,,2025-04-16,13:30,2025-04-19,GI,47,AP,,Marine & Logistics,LIFTING,Loss Event,Health & Safety,,,SYN-203428,Production Foreman,SYN-0f05bb,Maintenance Supervisor,SYN-ff5859,HSE Advisor,2025-04-25,SYN-1c0690,Marine Coordinator,2025-05-18,"On 16 April 2025, at approximately 1330 hours, an incident occurred at Grand Isle (GI)
47 AP platform. GI 47 AP platform is a fixed leg platform located in the Gulf of
America that is owned and operated by GOM Shelf LLC (GOM Shelf). During the incident,
a Louisiana Safety Systems, Inc. (LSS) Valve Technician (IP) was in the process of
replacing the trim and seal in a control valve located on a 6-inch gas line. While
disassembling the control valve in need of repair, a sudden gas release occurred. Due
to the gas release, the bonnet flange with piston/stem attached, weighing approximately
50 pounds, struck the Injured Person (IP) in the left side of his abdomen and chest
area. The IP was also knocked backwards and fell to the decking of the work platform he
was working on. The IP believes that he may have lost consciousness due to the fall.
The IP was able to climb down from the working platform without assistance and was then
evaluated by a paramedic who was flown in from a nearby platform. After being evaluated
by the field paramedic, the IP was flown by helicopter to shore where he was then
transported by an ambulance to Medical Center for further evaluation.",The incident resulted in an injury recorded as Other Injury. The facility was evacuated.,,,,,,,,,,,,,,,"SEQUENCE OF EVENTS:
On 16 April 2025, shortly before the incident occurred, the IP stated that he verified
the 6-inch gas line was free of pressure. The IP verified that the 6-inch gas line’s
analog gauge indicated that there was zero pressure in the line. The IP then stated
that the valve downstream of the control valve being worked on was closed and locked
out. The upstream side of the control valve being worked on was an open-ended piping
which the IP took as further indication that the gas line was free of pressure.
Once the IP verified that the 6-inch gas line did not have any pressure on it, he began
disassembling the control valve. The IP stated that he removed the actuator off the
control valve and then broke the valve bonnet bolts loose. The IP then started to wedge
the bonnet off the valve body. While doing so, the IP witnessed no gas, fluid or
pressure of any kind coming out. The valve bonnet then blew off and struck the IP in
the chest, knocking him back and causing him to lose consciousness.
After being struck by the valve bonnet, getting knocked backwards, and possibly losing
consciousness, the IP was able to climb down from the working platform he was on
without assistance. The IP then reported this incident and his injuries to the
platform’s Person in Charge (PIC). A field paramedic then flew from GI 43 platform to
GI 47 AP platform to evaluate and treat the IP. Upon arrival at GI 47 AP, the field
paramedic found the IP awake, alert, and stable, complaining of an aching pain on the
left-side of his abdomen and chest area. Due to the IP falling and possibly losing
consciousness, the paramedic stated that the IP would have to be sent to an onshore
medical facility to have further evaluations performed. The paramedic also stated that
there was no scenario in which he would be able to evaluate the IP and clear him to
stay offshore under the circumstances.
Once it was determined that the IP would need further evaluations performed, travel
arrangements were made for the IP to travel to an onshore medical facility to be
evaluated. The IP’s Health, Safety and Environment (HSE) representative was notified of
the incident and arranged for an ambulance to meet the IP at the heliport in Galliano,
Louisiana. The IP was flown from GI 47 AP to the heliport where he was then transported
by an ambulance to Medical Center. After arriving at Medical Center, the IP had a Drug
and Alcohol screening performed. The IP then had X-Rays and CT scans performed, the
attending physician verified both tests were negative. There were no fractures or any
signs of a concussion. The IP received one single staple to
For Pu blic Release
close a laceration behind his ear, which he sustained during the incident. The IP was
also given a prescription for pain medication by the ER Physician. The IP was then
released to full duty without restrictions and informed him to follow up with his
company doctor or personal care provider in a week or so.
The IP was then re-evaluated on 19 April 2025 at Urgent Care. At the time of the
evaluation at Urgent Care, the IP was still complaining of pain in the abdomen. The IP
described the pain as sharp, stabbing, and shooting pains. The IP also stated that it
hurts breathing and every time he breathes, he can feel some bones moving. The IP then
had X-Rays performed by Urgent Care that revealed the IP had an anterior rib fracture
of the 8th left rib. The IP was prescribed pain medication and given a pain management
plan from the Urgent Care physician. The IP was then released on 19 April 2025 for full
duty without restrictions.
BSEE INVESTIGATIONS:
On 29 April 2025, GOM Shelf submitted an incident report to the Bureau of Safety and
Environmental Enforcement (BSEE) concerning an incident that occurred on 16 April 2025
at GI 47 AP. The report that was submitted by GOM Shelf consisted of a brief
description of the incident, witness statements, medical treatment of the IP, work job
safety analysis (JSA), work permits, photographs of the worksite, and other relevant
documentation concerning the incident. The incident was assigned to a BSEE Accident
Investigator (AI). The AI began communicating with GOM Shelf and collecting additional
information concerning the incident. The AI requested additional photographs of the
work area where the incident occurred and gathered additional information relevant to
the incident.
The BSEE AI found, on 16 April 2025, an LSS Valve Technician, the IP, completed a JSA
for repairing a control valve on a 6-inch gas line located on GI 47 AP platform. In
the JSA, the IP identified multiple hazards such as stored energy, pressure, pinch
points, spills/leaks and tools/equipment that could potentially be present during the
work being performed. Along with identifying possible hazards associated with the
repair of the control valve, he also listed the sequence of job steps to be performed,
and the potential safety or environmental hazards as well as controls for those
hazards.
After the IP completed the JSA, the IP traveled to the work location and began the
sequence of steps to repair the control valve. According to GOM Shelf’s internal
investigation, the PIC of the platform never signed off on the JSA for the IP to begin
work. As per GOM Shelf’s investigation and the witness statement provided by the IP,
it was stated that the IP personally verified that there was no pressure on the 6-inch
gas line that the control valve being worked on was installed on.
Prior to the incident, the GI 47 AP facility along with other platforms in the GI 47
field were temporarily shut in for a turnaround (TAR) for maintenance/repairs. The
investigation also indicated that the GI 47 AP facility had bled off pressure to
certain areas of its production process train to accommodate repairs and maintenance
being performed specifically on the GI 47 AP facility.
On the day of the incident, the IP stated that he was told by the PIC that the 6-inch
gas line had been bled down the morning of 16 April 2025. According to the PIC, the IP
did not have his (the PIC’s) authorization to begin the work on the control valve
located on the 6-inch gas line. GOM Shelf also stated that per the investigation, the
IP did not obtain the PIC’s signature on the LSS JSA, the GOM Shelf Energy Isolation
Permit to ensure the line was free of pressure, or the Working at Heights Permit that
is required when working above 6 feet of the main deck surface. The IP also failed to
utilize the required fall-protection of a full body harness along with a retractable
lifeline. The IP had less than two years experience in the field with an experienced
For P ublic Release
mentor, although he had performed this type of valve servicing alone in the past. He
stated he was unaware of the GOM Shelf procedural processes to perform this type of
task: i.e. (gas line condition must be verified by an operator, Energy Isolation Form,
Working at Heights Form, etc.) other than the JSA.
While the BSEE AI reviewed documentation, the AI noticed that the PIC had signed the
LSS JSA for approval to begin work. GOM Shelf stated that upon conversation with the
PIC post incident, the PIC admitted to signing the LSS Valve Technician’s JSA after
the incident occurred rather than before the job began. While there was an Energy
Isolation Permit that was issued on 16 April 2025, GOM Shelf stated that the permit
was issued for different valves that were being replaced, not the valve the IP was
working on.
Because the IP did not receive permission to work at heights during the work being
performed, the IP used an unapproved scaffolding platform that was identified with a
white tag by the Competent Scaffold Builder. The white tag indicated that the
scaffolding was not safe to use as it was missing a ladder for entry and kick plates.
Also, the IP did not utilize the required fall protection while working 6 feet or
higher from the main deck. The use of the scaffolding should have been addressed prior
to the IP utilizing it to perform the maintenance on the control valve. Had the IP and
PIC addressed the scaffolding issues, it would have prevented the IP from entering an
unsafe condition that could have resulted in far worse injuries.
Once the IP climbed on the unapproved scaffolding, he began verifying that the 6-inch
gas line was free of pressure. The IP stated that he verified the analog pressure gauge
on the line indicated that there was zero pressure on the line. The IP then opened two
needle valves, one on each side of the control valve, to allow any pressure that was in
between the valves to be relieved. The IP stated that there were no signs of fluid or
pressure coming out of the needle valves when opened. He also stated that the
downstream isolation valve was blocked off and locked out as well as the upstream
isolation valve having an open-end which indicated that it was vented to atmosphere and
had no pressure on the 6-inch line.
Once the IP verified that there was no pressure on the 6-inch gas line, the IP stated
that he removed the valve actuator and broke the bonnet bolts and nuts loose. The IP
then started to wedge the bonnet off the body by using a hammer and chisel. While
performing the wedging technique, the IP experienced a sudden release of pressure from
the valve which caused the valve bonnet to blow off, hitting the IP in the chest and
knocking him backwards and landing on the scaffolding working deck. The IP stated that
he believes he lost consciousness, because of the impact and falling to the deck..
After the incident, the GOM Shelf investigation stated that the bonnet flange
piston/stem assembly was located on the main deck approximately 10 feet behind the
scaffolding structure. The valve assembly was lying at a 45-degree angle from its
origin on the 6-inch gas line. The findings suggest that when the valve assembly was
forced upwards, the flange struck the overhead structure in the area and deflected it
to its final resting position on the deck.
The only witness to the incident was a Crosby Energy Services (Crosby) production
operator nearby, who had just given the IP an impact wrench to assist in removing the
valve. The witness stated that he observed the IP remove bolts and start hammering on
the valve top with a chisel, before walking away. Just after walking away, he heard a
loud noise and then saw the valve assembly fall on the deck and noticed the IP laying
on the scaffolding deck and was found to be not very responsive. The witness then
called for help on the radio and got the IP rags and several bottles of eye wash
solution due to the IP’s face being very dirty. The witness stated that after several
minutes, the IP was aware and not complaining about any obvious injuries and wanted to
finish the job of repairing the control valve. The IP then walked to GI 47 AQ platform
without assistance where he waited with the PIC for the medic to arrive and be
evaluated. The witness noted that he was not involved in the valve repair work or
included on the LSS Valve technician’s JSA.
Further evidence from the investigation indicates that the Supervisory Control and
Data Acquisition (SCADA) data taken from the Daniel’s Meter on the 6-inch gas line
upstream of the control valve indicated that there was 143 psi on the 6-inch gas line
at the time of the gas release which was at 1311 hours and 29 seconds. The pressure
then took 20 seconds to drop to and settle at approximately 15 psi. GOM Shelf stated
that the SCADA could be slightly out of calibration, as it was still reading 15 psi
after all the pressure was relieved. GOM Shelf notes that the pressure in the line may
have been 128 psi at the time of the incident, due to the possibility of the SCADA
being out of calibration.
The IP failed to follow manufacturer recommendations while working on the control
valve. According to the GOM Shelf’s internal investigation, it was stated that the IP
failed to keep 4 nuts on the studs of the bonnet flange, which would prevent the
possibility of the bonnet flange being forced upwards due to an unforeseen pressure
release. The manufacturer recommends that during maintenance, the hex nuts or cap
screws attaching the bonnet to the valve body should have been loosened approximately
3 mm or 1/8 inch. Next, the body-to-bonnet gasketed joint should be loosened by either
rocking the bonnet or prying between the bonnet and valve, working the prying tool
around the bonnet until the bonnet loosens. Once it is confirmed that no fluid leaks
from the joint, the nuts or cap screws can then be completely removed and carefully
lift the bonnet off the valve.
GOM’s investigation stated that during a post-incident interview with the IP, the IP
recalled that when he began performing the maintenance on the control valve, another
crew was simultaneously nippling up a previously removed valve and adjacent piping.
GOM Shelf’s investigation stated that it is a possibility there could have been
pressure trapped in the line due to previous work having been performed on the gas
line. During BSEE review of the incident documentation, the historical SCADA
information provided by GOM Shelf, indicates that the gas line had 730.56 PSI on 22
April 2025 and 160.66 PSI on 14 April 2025. This information indicates that after the
line was bled down, it still had approximately 160 PSI remaining in the gas line on 25
April 2025, when the incident occurred. By the IP failing to have the PIC verify
energy isolation before commencing work, the trapped pressure in the 6-inch line went
unidentified while the IP was performing maintenance on the control valve.
IN CONCLUSION:
On 16 April 2025, there were numerous breakdowns in communication that occurred while
maintenance was being performed on the GI 47 AP platform. The IP failed to ensure that
the area in which he was working was verified to be a safe working area before
starting his work on the control valve. In addition, the PIC and IP failed to properly
communicate the work and hazards associated with the work that was to be performed on
the control valve. Due to the lack of communication prior to the work being performed,
there was potential for the incident resulting in a far worse outcome.
The IP’s LSS Valve Technician JSA should have been reviewed by both the PIC of the
platform and the IP before the job began. As the hazards were not discussed prior to
commencing work, the IP utilized unapproved scaffolding to perform his task without
the personal fall protection that is required when working at heights above 6 feet.
This breakdown in communication allowed for the IP to commence work on a gas line that
had not been deemed safe by the PIC or verified as having zero pressure on the line
prior to commencing work. The IP also should have been more aware of the hazards
associated with the maintenance of the control valve and should have followed
manufacturer recommendations when working on the valve. Due to these steps not being
followed, when the IP began prying on the valve assembly, he was struck in the chest
by the control valve bonnet/flange assembly and fell backwards on an elevated working
deck that was over 6 feet above the main deck without any fall protection.
In addition, the PIC of the GI 47 AP facility should have also been more aware of the
operations taking place on the platform. As the IP started working on the valve
without the JSA having been signed by the PIC, this caused an unsafe operation that
could have resulted in far worse consequences. For similar projects in the future,
additional attention should be given to adhering to the operator and contractor
policies and procedures. Specifically, the Energy Isolation Permit that was initiated
on 16 April 2025 should not have remained open for more than one day as noted on the
permit. By allowing the permit to remain open until 20 April 2025 (4 days), potential
changes in the isolation process that the PIC and others on the platform were not
aware of could have occurred. Those changes in isolation could have caused additional
incidents if they were not identified.
To prevent similar incidents from occurring in the future. GOM Shelf has stated that
the following corrective actions will be taken.
• Management is meeting with GI 47 AP leadership to review the learnings of this
incident and bring awareness to them of the contributing factors identified that
allowed the event to happen.
• Site leadership must ensure, through clear communication to service providers, that
task(s) involving pressurized systems must be authorized by the PIC; with appropriate
documentation (JSA, Permit, Isolations, etc.) prior to work beginning.
• Site leadership must ensure that third (3rd) party service personnel who are asked
to work on pressurized systems or valves are accompanied by a member of operations
group to walk the task down, verify the ability and execution of double-block and
bleed and verification of the line bled down.
• Scaffolding contractors will be requested, in addition to posting the required
inspection tag on the scaffolding, to include red caution tape around erected
scaffolding as an additional visual indicator that the structure is not ready for use
until approved by a competent scaffold builder.
• Task JSA development will include, through collective discussion and/or review by
intended task leadership and workers, all possible hazards associated with the task
and proper mitigation that will eliminate or significantly reduce the risk to an
acceptable level, i.e. (lighting, working at heights, fall protection, eye protection,
etc.)
• Task JSAs should include the mitigation of employing the usage “four (4) nuts
maintained on bolts” to prevent a flange and/or components from being dislodged by
unforeseen pressure releases.
• Management will develop, distribute, and verify field-leadership review of a Safety
Alert describing the case findings of this incident, the learnings, and the action
necessary to prevent/avoid a future incident of this type."
CP-333C0E1191,,Serious Incident,2025-04-17,16:20,2025-04-20,WD,71,E,,Production Operations,LIFTING DEVICE,Loss Event,Business Interruption & Cost,Equipment Damage,,SYN-a331ef,Marine Coordinator,SYN-07a11a,Marine Coordinator,SYN-c0c9f7,Production Foreman,2025-04-30,SYN-e0b0c7,Facility Engineer,2025-05-15,"On April 17, 2025 at approximately 1620 hours, the crane operator was in the process
of lifting a 4' x 8' cargo basket which contained several blind flanges and valves,
weighing approximately 9,500 pounds. The crane in question is a Model 500, Mariner,
50 ton Mechanical (Friction) unit. At the time of the incident the operator was
utilizing the main load line to perform the lift. During the lift the operator placed
the control lever in neutral at which time the boom hoist brake slipped. The ratchet
pawl device (Safety device) did not engage causing the boom to free fall to the
water. As the boom was falling the operator attempted to boom up but was
unsuccessful.
Findings:
Upon investigation it was determined that the cause of the incident was due to
several mechanical failures. The boom hoist slipped due to improper band adjustment
and an oily residue, which was found on the surface of the brake band. Secondly, the
ratchet pawl device was in the open position and exhibited no indication of being
engaged. It was determined that the racket pawl tension spring was not connected
causing the device not to engage. The ratchet pawl mechanism on the boom hoist, on
this type of crane, is present to prevent a loss boom control in the event of a brake
failure.","Reported as damage over $25,000 and a crane incident. Estimated property damage $250,000.",Serious Incident,,Serious Incident,20,D,5,,,,,,,C,,
CP-985A475390,,,2025-04-20,12:00,2025-04-22,GB,172,­ B(SALSA),,Marine & Logistics,LIFTING DEVICE,Loss Event,Health & Safety,Injury Minor,,SYN-f2dac7,HSE Advisor,SYN-44f271,Production Foreman,SYN-0edea9,Production Foreman,2025-05-01,SYN-da54b7,Marine Coordinator,2025-05-29,"-
On April 20, 2025 at approximately 1200 hours, a contract employee (CE) was injured
while attempting to reposition a storage cabinet to be blasted and painted.
Two contract employees were moving a storage cabinet to be blasted and painted. Prior
to attempting to move the cabinet to be blasted and painted the contract employees
failed to complete a Job Safety Analysis (JSA) for the task that may have reviewed
hazards such as pinch points and safer ways to complete the project.
As they positioned the cabinet to the area to be blasted, the employees were going to
remove the door on the cabinet but due to the hinges being stuck the employees left
the doors on. The cabinet was in the upright position and the employees were
attempting to lay the cabinet down. The CE was wearing Hyflex gloves at the time of
the incident.
The CE was told by the other employee that he was laying the cabinet down but the CE
understood very little English and may not have known the cabinet was being dropped.
There was no translator on the facility. As the employee pushed the cabinet, the CE
held on to the edge of the cabinet allowing his fingers to be in a pinch point
situation. As the cabinet came down, the door flew open and then came back down
coming in contact with the CE's left thumb.
When the CE removed his glove he discovered his thumb nail had been nearly detached
and was brought to the medic. The CE was flown in for additional treatment and was
found to have a fractured left thumb.
The BSEE Lafayette District conducted an onsite investigation April 27, 2025.",The incident resulted in restricted work or job transfer for more than 3 days. The facility was evacuated.,,,,,,,,,,,,,,,
CP-150683939C,,,2025-04-25,11:30,2025-04-27,SM,6524,HIDALGO,,Maintenance,LIFTING DEVICE,,,,,SYN-dbada5,Maintenance Supervisor,SYN-a2ac77,HSE Advisor,SYN-777702,Operations Superintendent,2025-05-13,SYN-0b90cb,Facility Engineer,2025-05-30,"Mr. was tying off electric cables to a cable tray @ 20 1 7 11 above the drill
floor level.When he attempted to exit the tray he fell to the floor below.His fall
was somewhat broken by a support pipe@ 9 1 below the cable tray.Marks on the pipe
indicated a fall route. landed extremely hard,then he fell backwards ..",,,,,,,,,,,,,,,,
CP-5004608A74,,,2025-06-19,09:40,2025-06-26,MP,153B,B,,Production Operations,LIFTING,,,,,SYN-586ec1,Operations Superintendent,SYN-12edab,HSE Advisor,SYN-b87774,Production Foreman,2025-07-03,SYN-bef289,Operations Superintendent,2025-07-18,"On 19 June 2025 at approximately 18:00, a backfire occurred while trying to start
the compressor engine at the Main Pass (MP) Block 153 “B” platform, owned and operated
by Fieldwood Energy, LLC. (Fieldwood). The platform remained shut in as a result of
the incident. No injuries were reported. There was damage to the wall siding, lights
in the compressor building, the sliding side window in the crane, and several air
filters.",No injuries were reported.,,,,,,,,,,,,,A,,"Sequence of Events:
On 19 June 2025 prior to 18:00, the platform shut in and could not get the
permissive signals to start the compressor. After several hours of troubleshooting the
panel, a pneumatic tech was able to get a permissive on the panel to start the engine.
The operator pulled the start relay to crank the engine, but it did not crank. He
waited a few minutes and pulled the starter relay again. The engine started rolling
over and, at about that same time, the compressor backfired. The PIC shut the
operation down and identified the muffler separated from the engine. As result of the
blast, wall siding was damaged, several lights in the compressor building went out,
debris was blown onto the platform, the sliding side window in the crane was cracked,
and several air filters were blown from their position.
On 20 June 2025 at 12:42, BSEE received an email with photos and an incident
summary.
On 22 June 2025 at 13:18, BSEE received an email from Fieldwood's Health, Safety,
and Environment (HSE) representative requesting approval to begin cleanup of the area
affected by incident. BSEE approved the cleanup operations.
On 30 June 2025 at 10:28, Fieldwood requested to begin scaffolding operations in
preparation to repair the damages incurred from the incident. At 10:32, BSEE granted
permission to proceed into the post-incident phase.
BSEE Investigation:
A BSEE Accident Investigator (AI) spoke with the HSE representative and requested
photos of the scene of the incident. The AI received photos of the compressor air
intake filter housing, compressor wall, crane cab, muffler, debris, and fuel valve.
On 23 June 2025, a BSEE Lead Inspector flew to MP 153 B to conduct a Production
Complete annual inspection and to gather additional photos and documentation.
On 1 July 2025, the AI accompanied by another BSEE Inspector visited the platform
to take pictures and gather more information.
BSEE concurs with Fieldwood’s report that the direct cause of the incident was a fuel
valve relay that was sticking, which allowed unburnt fuel outside the engine’s
combustion chamber into the exhaust which resulted in a backfire. The backfire caused
the muffler to separate from the engine. The muffler, as a projectile, damaged the
wall siding, lights in the compressor building, and the window in the crane. Other
debris was blown about as well as several engine air filters.
Conclusion:
A sticking relay in a pneumatic panel in the start fuel/ignition circuit allowed the
engine to be saturated with unburnt fuel, which caused a backfire upon the second
attempt to start the engine."
CP-88C6FA6A72,,,2025-06-23,17:45,2025-06-25,EI,259,C,,Marine & Logistics,LIFTING,Loss Event,Health & Safety,Injury TLI,,,,SYN-687281,Facility Engineer,,,,,,,"On June 23, 2025, at approximately 1745 hours, a crane mechanic (CM) fell
approximately 96 ft. from the gantry of the crane. The incident occurred on the Cox
Operating L.L.C. (Cox) OCS-G00985 Eugene Island (EI) 259 C Facility. While attempting
to replace the auxiliary winch, a brace the CM was attempting to remove broke free.
The CM stated when the brace detached from the beam, the brace contacted the CM
causing him to fall over the handrails and into the water. The CM suffered severe
injuries due to this incident.","An aircraft transported the CM to a medical facility where it was determined he suffered a fractured rib, a dislocated shoulder, and internal bleeding.",,,,,,,,,,,,,,,"Sequence of Events:
On June 23, 2025, a CM and a helper arrived at EI 259 C to replace the auxiliary
winch on the platform crane. The old winch had been removed and placed on the deck.
The CM and a helper connected the winch to a chain hoist and was attempting to insert
the winch through the side of the gantry. Once the winch was raised high enough, a
brace that once supported the exhaust for the muffler piping needed to be removed in
order to insert the winch. Without a harness or life vest, the CM positioned himself
over the handrail on the gantry of the crane in order to reach the bolts holding the
bracket. Utilizing a grinder, the CM attempted to remove the bolts. When the second
bolt broke, the CM stated he heard a loud noise and was knocked off the crane falling
approximately 96 ft to the water. It is unknown as to what struck the CM causing him
to fall. The CM was retrieved from the water and complained of soreness in his hip and
shoulder. An aircraft transported the CM to a medical facility where it was determined
he suffered a fractured rib, a dislocated shoulder, and internal bleeding.
BSEE INVESTIGATION:
On June 23, 2025, the Bureau of Safety & Environmental Enforcement (BSEE) Lafayette
District (LD) Accident Investigator (AI) received a notification by phone of a man
overboard incident that occurred on Cox’s EI 259 C Facility. The AI requested
additional information pertaining to the incident such as: the Job Safety Analysis
(JSA), Hot Work Permit, statements, and other relevant documents from Cox.
The BSEE LD AI and a LD Inspector conducted an onsite investigation at EI 259 C on
June 26, 2025. BSEE conducted interviews with the personnel that were onboard the
facility during the time of the incident. Following the onsite investigation, there
were additional interviews with the crane company supervisor, HS&E manager, and the
helper that was assisting the CM. BSEE was unable to interview the CM.
CONCLUSION:
As per 33 CFR 142.42, “Except when moving from one location to another, personnel
engaged in an activity where there is a hazard of falling 10 or more feet shall wear a
safety belt or harness secured by a lanyard to a lifeline, drop line or fixed
anchorage”. Even though the Job Safety Analysis discusses the use of a safety harness,
the CM failed to wear the safety harness when reaching over the handrail or climbing
onto the gantry to remove the brace. As per 33 CFR 143. 110(a), “The guard rail or
fence shall be at least 42 inches high”. The guard rail on the gantry was 38 inches
high.
During the duration that the CM and helper were replacing the winch, the person in
charge of the platform did not monitor or visit the site where the incident occurred.
Also, the CM failed to conduct a stop work authority and readdress the Job Safety
Analysis when the decision was made to remove the brace."
CP-E71BFC6DA7,,Incident,2025-06-23,16:30,2025-06-25,GC,826,RIG NAME DIAMOND OCEAN CONFIDENCE,,Marine & Logistics,pollution,Loss Event,Environment & Reputation,Loss of Containment,,,,SYN-327021,HSE Advisor,,,,,,,"The valve controller for the primary dump valve on the possum belly was discovered in
the open position at 1245 hours on June 23, 2025. For normal oil base mud
practice, the handle for the valve controller is not left on the controller. A sign
which says ""Do Not Operate"" is usually covering the hole. But for some reason the
sign was gone and the handle was in place to operate the valve. Upon further
investigation, the shaker hand found the secondary barrier valve in the open
position. The possum belly had no mud in the tank. The primary and secondary valves
were secured at this time. The primary valve was closed while circulating the well.
Circulating the well had been completed 36 hours prior to discovery of the possum
belly tank being empty. The hole had been on the trip tank since circulation was
completed. No level sensors are in the possum belly tank for the monitoring system.
Upon investigation, interviews of crews and analysis of logging charts, the material
previously in the possum belly could not be accounted for. No one was instructed to
pump out or dump the possum belly. No one has come forward and stated that they
inadvertently opened the primary dump valve. There was no permit for de-isolating
the primary or secondary dump valves. The secondary valve had not been added to the
oil base mud check list after installation on this well. The JSA for oil base mud
did not cover oil base mud check lists or locking primary or secondary barriers.
As a result of this accident, several changes have been made to prevent this from
happening again in the future. The oil base mud valve list was revised and a sight
survey form was made for the secondary valve to be tracked at the permit control
point. A locking device was installed on the toggle to the air actuator and on the
secondary barrier valve to prevent future incidents. The JSA will be revised for oil
base mud or synthetic base mud loading, and for displacing the hole to oil base or
synthetic base mud. The incident will be reviewed with all crews.",Reported as a pollution release.,Incident,,Incident,8,D,2,,,C,,,,,,
CP-F5A151FC3D,,,2025-07-17,11:00,2025-07-19,SM,6636,HONDO,,Marine & Logistics,LIFTING DEVICE,,,,,SYN-a74211,Maintenance Supervisor,SYN-448090,Facility Engineer,SYN-063e37,Facility Engineer,2025-07-25,SYN-302622,Production Foreman,2025-10-03,"17. INVESTIGATION FINDINGS'
Contract worker was having difficulty removing threaded studs on flow safety valve on
4-inch flowline on Well #H-38, so he decided to use a pneumatic saw to cut through
the studs. When he cut through the second to last stud, trapped pressure was released
spraying oil/water emulsion on chest and under worker's face shield and safety
glasses. Trapped pressure was not anticipated because prior to attempting to remove
the flow safety valve, the existing flow line was cold cut upstream of the check
valve without incident.",,,,,,,,,,,,,,,,
CP-D36DCDB2B7,,Incident,2025-07-20,06:00,2025-07-22,GI,43,AP-QRT,,Maintenance,LIFTING,Loss Event,Environment & Reputation,Loss of Containment,,SYN-59a41e,Facility Engineer,SYN-6f9523,Production Foreman,SYN-253807,Marine Coordinator,2025-07-26,SYN-c31715,HSE Advisor,2025-08-16,"On July 20, 2025, on the GI 43 AP (Pump Platform) Lease OCS-G00175, a loss of
containment of hydrocarbons and gas releases occurred. The platform operators
responded to the loss of containment ultimately shutting in the field several hours
later once a sheen was observed coming from the platform. The sheen was reported to
the National Response Center (NRC). No injuries occurred from this incident.
On July 20, 2025, at 12:32 am, Control Room Operators (CRO) and night operators,
consisting of Fieldwood, Island, and Woodgroup personnel reported “experiencing
abnormal operating conditions.” Operators stated that sand and sludge buildup,
chemical flocking, a loss of liquid level control, and liquid carry over in production
vessels and equipment among the causes for the abnormal conditions. The CRO placed
process alarms and safety system devices in “by-pass function” in the Programmable
Logic Controller (PLC) to prevent equipment from shutting-in while operators flushed
level bridles on process vessels. The operators thought that the abnormal conditions
were due to false level reading from the process guided radar level sensors due to
chemical flocking becoming stuck on the guided radar tube since they had experienced
this issue before. While operators were in the process of assessing these abnormal
conditions, at 1:18 am they found a hole in the Gas Vent Header Piping leaking
hydrocarbons through the grating and into the Gulf of Mexico (GOM). The leak was
stopped and secured by wrapping the pipe with an absorbent pad and gray duct tape.
Night operators then woke up the daytime CRO to help regain control of the production
process. The facility Person-in-Charge (PIC) was then awakened by operators to help
assess the hole in the GAS Vent Header Piping at the request of the daytime CRO. The
PIC then woke the and the Fieldwood Field Foreman. The Field Foreman fell back asleep
and therefore the platform remained flowing until the following morning. At
approximately 6:45 am, a field wide shut-in of all production was initiated by the
Area Foreman after he noticed the sheen (after daylight) coming from the GI-43 AP
structure. At 9:59 am Fieldwood reported the sheen to the NRC. (NRC #1208920).
The BSEE New Orleans District Office (NOD) in collaboration with the GOM Regional
Office of Incident Investigations (OII), and the Environmental Inspection and
Enforcement Unit (EIE), set up a GI 43 AP Investigation Team that made several onsite
investigations. The investigation consisted of gathering pertinent documents, taking
photos, and conducting interviews with personnel. On January 26th at approximately
12:00 pm, BSEE Inspectors arrived on the facility and observed a sheen extending 10
miles and originating from the GI 43 AA facility. The inspectors then verified that
the GI 43 AP Platform was shut-in and all production halted. BSEE requested that
Fieldwood ensure the sources of the pollution had been identified and stopped. The",No injuries occurred from this incident.,Incident,,Incident,6,C,2,,,C,,,,A,,
CP-FFCFEC9F13,,Incident,2025-07-22,16:10,2025-07-25,WC,20,D,,Production Operations,LIFTING DEVICE,Loss Event,Environment & Reputation,Loss of Containment,Gas/Vapour Release,SYN-243ea0,Maintenance Supervisor,SYN-ebbebf,HSE Advisor,SYN-afb1b6,Marine Coordinator,2025-08-03,SYN-575156,Production Foreman,2025-09-27,"On July 22, 2025, Black Elk Energy Offshore Operations (BEEOO) experienced a
gasket failure on the West Cameron (WC) 20-D facility's 4-in departing pipeline
riser, segment #17023. This incident caused a release of hydrocarbons into the Gulf
of Mexico waters near the facility. At the time of the incident, there was a Lift
Boat (LB), jacked up next to the unmanned minor production platform, which had just
completed well work activities on Well D002.
The Lake Charles District Bureau of Safety and Environmental Enforcement (BSEE)
conducted an investigation into the incident which included multiple onsite
visitations. As a result of the wells unable to sustain flow, the platform had been
shut in around October 22, 2024. A LB had arrived on location, July 12, 2025, for
well work on well D002 which consisted of a zone change. On July 22, 2025, the
workover activities had concluded and the well was turned over to production. A
BEEOO Engineer and a Contract Operator (CO) were on location assisting with the flow
back activities. The well was flowing with 2,200 pounds per square inch (psi) flow
tubing pressure and upon receiving approximately 73 barrels of fluid they started to
see gas. At this time, the Engineer instructed the CO to transfer the flow from the
LB's gas buster/atmospheric tanks into the platform's production system. The CO
began transferring the flow by opening the well's wing valve and closing off on the
crown valve. The D002 flow line was not equipped with a pressure gauge; therefore,
the CO was utilizing a gauge on the master panel, which was one deck below by
traversing back and forth. The CO was attempting to flow the well through a header
system directly into a 4-in pipeline rated for a maximum allowable operating pressure
of 1,441 psi which travels 285-ft across to the unmanned WC 20-A facility. The CO
stated that within approximately 20 minutes he had the crown valve fully closed and
the wing valve only partially open when the gasket on the pipeline failed. At this
time, the well was manually shut in and the CO informed the Engineer of the incident.
Due to the lack of any operators on WC 20-A, the Engineer and the CO departed WC
20-D on a stand-by work boat and went to WC 20-A. At this time, it was discovered
that the boarding shut down valve associated with the pipeline was closed and had
never been opened prior to the start-up. Therefore, upon closing off the crown valve,
the well did not have an available flow path; consequently, overpressuring the
pipeline and as a result, the gasket failure occurred. Although the CO stated that
all the safety systems were in service and the maximum pressure witnessed at the time
was 1,100 psi, none of the required safety systems were tested prior to start up.
Based on statements and reports gathered, the well's shut in tubing pressure was
between 2,800 psi to 3,700 psi which potentially could have been subjected on the
pipeline; thus, leading to the failure.
During the investigation it was discovered
prior to BEEOO receiving a letter from the
part:
1. Keep all facilities that currently are
it provides BSEE with documentation of the
each facility into operational status to
2. Notify the appropriate District Office
that the WC 20-D facility had been shut in
BSEE Regional Director which states in
in a shut-in status in such status until
corrective actions taken to safely return
BSEE's satisfaction.
at least 48 hours prior to returning these
facilities to production to allow for the proper BSEE inspection.
Furthermore, prior to resuming production, there were not any attempts to notify the
Lake Charles District to allow for the proper BSEE inspection. Additionally, further
investigation revealed BEEOO failed to follow their company HSE Policy and
Procedures, specifically element number nine, as stated in their Safety and
Environmental Management System (SEMS) Plan:
* 9. Pre-Startup Review - a comprehensive Pre-Startup Checklist must be completed
prior to placing any new or overhauled equipment system or production facility in
operation.",Reported as a pollution release and a shutdown following a gas release.,Incident,,Incident,8,D,2,,,C,,,,,,
CP-C45C57A1CF,,,2025-07-30,13:50,2025-07-31,SS,241,­ A-VALVE,* HYDRAULIC WORKOVER,Maintenance,LIFTING DEVICE,Loss Event,Health & Safety,,,SYN-e27bfb,Operations Superintendent,SYN-128a8e,Operations Superintendent,SYN-bcd531,Maintenance Supervisor,2025-08-03,SYN-311ef6,HSE Advisor,2025-08-26,"-
On July 30, 2025, an employee working on the deck of Weatherford's Hydraulic
Pulling Unit #4 was struck on the right arm by a piece of equipment that fell from
the derrick.
Weatherford had been contracted by Shell Offshore Inc. to perform abandonment
operations on their SS 241 (A-Valve) platform, lease #G08518. The platform had
previously been handed over to Shell Pipeline Company as a pipeline station.
Inspections of the Pulling Unit commenced once it was moved onto the platform, and
Shell was instructed to report any incidents to BSEE while abandonment operations
were ongoing.
At the time of the incident, the crew was racking back pipe that was being pulled
from the A004 well. ""Pipe Stop Arms"" (PSAs) were used in this process. The PSA is
part of the Pulling Unit's racking system and is designed to help support the pipe
while it is being run in or pulled from the well. While in the process of lowering
the PSAs, the PSA on the right side of the floor broke off and fell 24 feet to the
deck. A Weatherford employee working on the deck below the PSA was struck on his
right arm by the falling debris. The section of broken PSA that fell to the floor
was 8 feet long and weighed approximately 165 pounds. All operations were stopped
immediately following the incident, and the medic arrived on the scene to examine the
Injured Person (IP). After consulting with an onshore physician, the decision was
made to send the IP in for further evaluation. The IP sustained no fractures or
broken bones and was released to full duty the following day.
All operations were shut down, and an investigation began immediately following the
incident. The broken PSA was sent in for testing in an attempt to discover what had
caused the break. Tests were performed by Howard and Associates, a third party
contractor that specializes in metallurgy and failure analysis. These tests showed
that the fracture of the pipe occurred along one of the welds of the PSA. It was
discovered that full penetration had not been achieved around the circumference of
the weld, and areas of shallow/thin weld were observed along the fractured weld.
Although the design drawings did not specifically say that full penetration was
required, failure to do so made the weld weaker than it should have been, given the
nature of its function. Further testing of the welds revealed other indicators that
led experts to believe that the fracture occurred due to overload (such as tension,
bending, and/or torsional overload). Investigation findings were reviewed, and
recommendations on how to prevent this type of incident were given to the companies
involved.",The IP sustained no fractures or broken bones and was released to full duty the following day.,,,,,,,,,,,,,,,
CP-219E2BD122,,,2025-08-15,21:40,2025-08-16,,,E,,Maintenance,LIFTING DEVICE,,,,,SYN-5eafbd,HSE Advisor,SYN-eb13f2,Facility Engineer,SYN-2d2649,Facility Engineer,2025-08-23,SYN-298d42,Marine Coordinator,2025-09-21,"On 15 August 2025, at approximately 1630 hours, an employee was struck by piping and
debris from a potable water tank that ruptured causing severe injuries to the
employees face. The platform operators were experiencing low water pressure on the
fresh water system and began to investigate to determine the cause. It was discovered
by the employees that the water pressure tank (WPT) was empty which could possibly
mean a plugged inlet line or a filter problem. A Job Safety Analysis (JSA) was
completed for changing the filters on the fresh water system in an attempt to
alleviate the problem. The fresh water pump switches were turned off and the system
isolated to depressurize the lines. The automation specialist and the injured
employee (IE) began to disconnect a flexible hose that connected the bottom of the
WPT to the discharge piping. It was discovered that the flexible hose was plugged
with scale and a screwdriver was utilized to dislodge the scale. The WPT tank was
removed from the storage cradle and was placed on its side. The WPT contains a
bladder that stores 60 pounds of pressure that is pre-charged by the manufacturer.
The automation specialist and the IE began to remove a nozzle located at the bottom
of the WPT. When the nozzle reached the final thread, the pressure from the bladder
located inside the WPT forced the nozzle to detach causing the bladder to rupture.
The pressure caused the WPT to launch and strike a storage building before landing on
top of the fresh water skid. The nozzle fitting and the pedestal were ejected in the
opposite direction of the WPT and is believed to have stuck the IE. The IE was found
approximately five feet from the potable water skid. The IE was conscious but
suffered severe injuries to his face. The IE was initially transported to Lafayette
General, but due to the severity of the facial injuries he was then transported to
Houston Memorial Herman Hospital for additional treatment. Due to the severity of the
employee's injuries, the lessee has postponed questioning until a later date.",,,,,,,,,,,,,,,,
CP-0799BDD27E,,Very Serious Incident,2025-08-17,20:20,2025-08-19,GB,244,,T.O. F100,Drilling,LIFTING DEVICE Top drive/derrick,Loss Event,Health & Safety,Injury TLI,,SYN-7dc8b4,Maintenance Supervisor,SYN-3f80ac,Maintenance Supervisor,SYN-9659cc,HSE Advisor,2025-08-31,SYN-f739e6,HSE Advisor,2025-09-06,"On 17 August 2025 at approximately 2020 hours, a fifty-three pound lifting-sub fell
sixty-five feet from the derrick striking and injuring two contractors. One
contractor employed by Halliburton the other by Tesco, were installing a completion
assembly to a joint of 2-3/8"" production tubing when the lifting-sub fell to the rig
floor. The lifting sub was installed hand tight to the string of 2-3/8"" production
tubing, which would allow for easier removal once the tubing was set in the hole. The
connection of the completion assembly to the production tubing was done while the
completion assembly was sitting inside the mousehole on the rig floor. The completion
assembly position in the mousehole allowed the worker easier access to handle and
tighten the connection at waist height. Both contractors were unaware that the weight
of the pipe, while suspended in the mousehole, allowed the lifting-sub to back out of
its connection. Instead of tightening the completion assembly to the production
tubing they did the opposite by tightening the production tubing to the completion
assembly. This allowed the lifting-sub to back out of its connection due to the
weight of the tubing suspended on the lifting sub. A friction bite occurred when the
production tubing prevented the lifting-sub from rotating with the tubing as it was
made up into the completion assembly. It was observed by witness that the top drive
elevators were not lowered enough to clear the lifting-sub. All operations were
suspended to allow for safe removal of the two injured contractors from the rig
floor.",The incident resulted in a lost-time accident with more than 3 days lost. Reported as a lifting-device incident. The facility was evacuated.,Very Serious Incident,,Very Serious Incident,25,E,5,,,,,,,,,
CP-F8EC8FB423,,,2025-08-28,07:05,2025-08-30,WD,96,R,,Well Services,LIFTING DEVICE,Loss Event,Health & Safety,Injury Minor,,SYN-80af51,HSE Advisor,SYN-14dfbc,Production Foreman,SYN-764c81,Facility Engineer,2025-09-06,SYN-8caac0,Maintenance Supervisor,2025-10-23,"On August 28, 2025, at BP America Production Company's Lease OCS 00839 West Delta (WD)
Block 96, Platform R, a galley hand injured his back while lifting a large pot.
Injured Person (IP) did not report the incident until 5-10-08. IP was treated by the
Medic and evacuated for further evaluation. IP was placed on restricted duty until
5-20-08.",The incident resulted in restricted work or job transfer for more than 3 days. The facility was evacuated.,,,,,,,,,,,,,,,"Sequence of Events:
On August 28, 2025 a galley hand lifted a large pot of rice from the stove to drain water
in the sink and developed back soreness over the course of a couple days. The galley
hand did not report incident to the medic until 5/10/08. The medic found pain to be
located in the right lateral mid-back region. The medic consulted Acadian medical
director and was ordered to administer OTC medication to IP for pain with no lifting,
bending or awkward positions. The decision was made
evaluation at 08:14 hrs on 5/10/08.
Final Report:
Physician placed IP on restricted duty until 5/20/08
full duty."
CP-46FB188BB1,,,2025-08-31,15:50,2025-09-04,SP,38,A,,Maintenance,LIFTING DEVICE,Loss Event,Health & Safety,Injury Fatality,,SYN-1581b6,Marine Coordinator,SYN-730552,Marine Coordinator,SYN-6f0c7c,Operations Superintendent,2025-09-09,SYN-e98526,Marine Coordinator,2025-10-03,"On August 31, 2025, at approximately 1550 hours, an Air Logistics helicopter
contracted by Island Operators Company Inc., crashed into the Gulf of Mexico waters,
100 yards away from Stone Energy Corporation's OCS-G 21695 South Pass (SP) 38A
Platform, as the helicopter was attempting to land on the platform. Three Island
Operators personnel and an Air Log pilot were able to escape the helicopter before it
sank. Seas were 8-10 ft and one Island Operators personnel apparently drowned while
trying to make his way back to the platform; his body was recovered. The other three
personnel were transported to West Jefferson Hospital. The two Island personnel were
released from the hospital the next morning. The Air Log pilot was transferred to
University Medical Center for observation. His condition was stable after
experiencing hypothermia.","One passenger was fatally injured, while the commercial pilot and two other passengers received serious injuries.",,,,,,,,,,,,,,,"SEQUENCE OF EVENTS:
On August 31, 2025, at 1531 central standard time, a single-engine Bell 206L1
helicopter, N211EL, impacted the water in the Gulf of Mexico following a loss of
control during approach. One passenger was fatally injured, while the commercial
pilot and two other passengers received serious injuries. The helicopter was owned
and operated by Air Logistics LLC., of New Iberia, Louisiana. The flight originated
from offshore platform Chandelier 63 and was destined for offshore platform South
Pass 38, both in the Gulf of Mexico. Instrument meteorological conditions prevailed
for the Title 14 Code of Federal Regulations Part 135 on-demand air taxi flight. All
times in this report will be based on central standard time using the 24-hour format.
In a telephone interview with the National Transportation Safety Board (NTSB), the
pilot reported encountering a ""sloping cloud deck"" as he approached the offshore
platform for landing. The pilot added that while in a left turn to final approach, he
began slowing the helicopter to 20-25 knots and encountered a tail wind. The pilot
noticed a settling tendency and reduced the left bank. Additionally, the pilot
reported experiencing vibrations and shaking from the helicopter. The pilot added
forward cyclic and increased power. The vibration and shaking became worse and the
pilot recognized the symptoms of a settling with power event. Due to the low
altitude, the pilot was unable to recover the helicopter or deploy the emergency
floatation devices prior to water impact. All four occupants survived the initial
crash and egressed the helicopter.
A life raft was not deployed prior to the helicopter sinking. The four personnel
attempted to swim to the unmanned platform located approximately 100 yards away and
were separated by the 8 to 10 foot wave swells. Personnel were located by local boats
and the United States Coast Guard. The pilot, who was the last survivor to be rescued
from the water, was in the water for approximately 2 and 1/2 hours.
The helicopter sank in approximately 115 feet of water. The helicopter was located
and recovery is in progress. Upon recovery the helicopter will be transported to a
secure facility pending examination at a later date.
The pilot reported the weather at South Pass 38 was estimated to start at 500 feet
ceiling and 5 miles visibility and reduce to approximately 300 feet ceiling and one
mile visibility on final. At 1751 an automated weather reporting facility located
about 22-nautical miles to the northwest reported winds from 030 degrees at 7 knots,
visibility 10 statute miles, ceiling overcast at 1,000- feet, temperature 55 degrees
Fahrenheit, dew point 51 degrees Fahrenheit, and a barometric pressure of 30.05
inches of Mercury."
CP-025477A654,,Incident,2025-09-11,19:00,2025-09-12,GB,667,,DIAMOND OCEAN STAR,Production Operations,LIFTING DEVICE,Loss Event,Environment & Reputation,Loss of Containment,,,,SYN-914a13,Maintenance Supervisor,,,,,,,"On 11 September 2025 at 1900 hours, the Ocean Star completed testing/flushing the
choke line, but the Driller did not observe an increase in pressure. Subsequent to
stopping the pumps, it was discovered that the choke droop hose connection on the
gooseneck to the slip joint on the riser was disconnected. It was later determined
that the gooseneck connection retaining pin was missing. Approximately 80 bbls of
Synthetic Base Mud (SBM) were released into the moon pool, and the SBM release was
not recoverable. The actual product discharged was Rheliant 14.0, an olefin based
drilling fluid.
The repairs were completed and the gooseneck connection was tested to 250/8000 psi at
approximately 1500 hours on 27 February 27 2008 when the weather conditions improved.","Reported as a pollution release. Estimated property damage $22,400.",Incident,,Incident,8,D,2,,,C,,,,A,,
CP-E38FA6EFB8,,Incident,2025-09-12,00:55,2025-09-16,MC,199,,SEADRILL WEST NEPTUNE,Maintenance,LIFTING,Loss Event,Environment & Reputation,Loss of Containment,,SYN-e26f8f,HSE Advisor,SYN-694921,Production Foreman,SYN-75faca,Maintenance Supervisor,2025-09-29,SYN-2c2ca5,Production Foreman,2025-11-14,"At approximately 0055 hrs on 12 September 2025, LLOG Exploration Offshore LLC had a spill
incident (61 bbls of Sythetic Oil-Based Mud [SBM]) on board Seadrill West Neptune
Drillship while conducting drilling operations at Mississippi Canyon Block 199, OCS-G
32301. Sixty-one barrels of Synthetic Oil-Based Mud (SBM) spilled in the Gulf of
Mexico (GOM) waters due to a misalignment of the trip tank valves (open/close)
positions. At the time of the incident, the 61 bbls had a 62% synthetic make-up
according to the mud eport. Therefore, the total pollution of the incident was 37.8
bbls.
At approximately 0055 hrs, the drill crew was in the process of pulling out of the
hole with an 8.5” milling assembly on 5” drill pipe. The driller informed the
Assistant Driller of the need for more drilling mud in order to compensate for the
rest of the drill pipe to be pulled out of the hole. The Assistant Driller notified
the Derrickman via radio to transfer mud from Trip Tank #1 to Trip Tank #2. The
Derrickman opened two pneumatic valves that are tied into the Trip Tank dump line. The
Derrickman opened the valves in order to let the tanks equalize their fluid levels.
While monitoring the fluid levels via the digital Driller's panel, the Driller noticed
Trip Tank #1's fluid level was dropping as Trip Tank #2's was filling (as it should).
After roughly two minutes, the Driller observed Trip Tank #1 dropped substantially
more volume than Trip Tank #2 was filling. The Driller immediately contacted the
Derrickman and instructed him to suspend transfer operations. The Derrickman was
already in the process of closing the pneumatic valves before the Driller attempted to
contact him to suspend transfer operations.
The drilling crew immediately suspended operations and conducted an investigation into
where the drilling fluid may have been going. The Derrickman then went to the lower
processing room to inspect the line he was using for the equalization of the fluid
levels in the Trip Tanks. Upon further investigation it was found that the master dump
valve for the Trip Tanks was in the locked and open position, allowing 61 bbls of SBM
flow into the overboard discharge line and into the GOM. This valve is a barrier in
preventing drilling fluids from discharging fluids into the GOM when in the closed
position.
On 4/2/19, BSEE inspectors arrived on location to conduct an investigation of the
incident. Once on board the facility, all documentation relating to the incident was
collected (JSA’s, procedures, photos, statements, etc.). After discussion with the
Captain of the ship, the transfer was not considered normal operations for
transferring mud from pit to pit. The Derrickman is in charge of verifying proper
valve alignment before all fluid transfers according to fluid transfer procedures. The
Captain also informed the inspectors that the pit cleaning crews had possibly locked
open the master dump valve and never returned it to its normally closed and locked
position.",Reported as a pollution release.,Incident,,Incident,8,D,2,,,C,,,,,,
CP-3EAAF529AA,,,2025-09-28,07:00,2025-09-29,MO,916,,,Construction,LIFTING DEVICE,Loss Event,Health & Safety,Injury Minor,,SYN-5bed27,Marine Coordinator,SYN-415aa9,Facility Engineer,SYN-00c580,HSE Advisor,2025-10-04,SYN-3c227e,Facility Engineer,2025-12-04,"On September 28, 2025, at approximately 7:00, at Chevron U.S.A. Inc.'s OCS-G 05753,
Mobile (MO) 916 A Platform, an employee was injured when he smashed his own index
finger on his left hand with a hammer and a hammer wrench, as a result of human
error. Injured Person (IP) received stitches, no break or fracture. IP was placed on
light duty.",The incident resulted in restricted work or job transfer for more than 3 days. The facility was evacuated.,,,,,,,,,,,,,,,"Sequence of Events:
Employee was tightening up a flange and smashed his own left index finger with a
hammer and hammer wrench. IP was sent in to seek medical attention. The Safety
Supervisor with Quality Energy Services reported that the IP did not have a break or
a fracture, however did receive stitches to the open cut on his finger. IP has been
on light duty since the accident and is expected
follow up visit this week."
CP-E46253EDAD,,,2025-11-05,03:05,2025-11-10,,,,T.O. DISCOVERER ENTERPRISE,Maintenance,LIFTING DEVICE,,,,,SYN-76bb94,Operations Superintendent,SYN-a72a14,HSE Advisor,SYN-27b79b,Operations Superintendent,2025-11-18,SYN-ab2c0b,Operations Superintendent,2026-01-01,"Well No. 6 was TD'd at 24,910' KB. Rig on the main rotary was in the process of
pulling out of hole with drill pipe at 24,726' KB when the rig experienced a heave
followed by a jarring action at 4:00 a.m. It was believed that riser had become
unlatched or parted. The remote operated vehicle (ROV), which was observing 20""
casing (from MC 778 No. 9) being run on the aft rotary, was sent to observe the
riser. It was determined that the riser had parted in at least two places. The
riser was parted at 3200' KB and one foot above the lower marine riser package
(LMRP). The ROV observed several joints of riser on the seafloor. The remainder of
the riser was located with one end penetrating the seafloor and the top at 5087' KB.
The casing shear ram and the lower blind shear ram closed via the deadman sequence
providing an effective seal on the wellbore. The drill string appeared to be intact
from the rig floor down to and into the riser that penetrated the seafloor. The ROV
was used to activate an upper set of blind shear rams at 8:53 a.m. A worst case
scenario (if all mud u-tubed out) of the discharge is 2450 bbls (pollutant volume
1421 bbls - 58% of 2450 bbls) of 13.7 ppg synthetic mud. No sheen was observed.
USCG and NRC were notified. BP sent a helicopter to observe for possible sheen. Sea
conditions at the time of the incident were 2' seas with a 1.9 kt current to the
South. The 20"" casing was pulled from the aft rotary and laid down.
The lower riser section was latched with slings on drill pipe from aft rotary and
secured at approximately 1000' above seafloor. Slips were set on drill pipe at rig
floor. ROV seafloor survey indicated only minor damage to nearby wells. Louisiana
Responder vessel arrived on location.
Performed minor repair on drawworks. Top drive system checked out fine. Pulled
drill pipe from forward rotary. Re-ran drill pipe through upper riser section on
forward rotary. Attached second sling to lower riser section with ROV. Released
drill pipe sling from aft rotary and attached to drill pipe on forward rotary.
POOH with drill pipe on aft rotary. Picked up and ran hydraulic riser pulling tool
on aft rotary. Stabbed and latched into lower riser section. Rotated rig to
position lower riser section away from wells in vicinity. No pollution observed.
Pick up on riser. Pull riser joints 26, 25, and 24 out of mud while positioning rig
south of drill center. Riser joints on seafloor appear to be connected. Jet mud
from beneath riser joint 23. Cut boost and choke line on riser joint 23 with rig ROV
chop saw.
Jumped ROV to make cut on riser with diamond band saw. Cut riser along with choke,
kill, boost, and rigid conduit lines. Picked up riser off bottom. Cleared Mux line
around bottom of lower riser section while slowly moving off location.
Lower riser section retrieved on aft rotary. Top joint (#39) of lower riser section
sent to Stress Engineering in Houston for analysis. Retrieved last joint (#40) of
upper riser section on forward rotary. Joint #40 also sent to Houston for analysis.
Lower Marine Riser Package was retrieved and repaired on rig for reuse. It will be
rerun to latch to BOP stack to begin fishing operations. All bolts and inserts from
the 3200 feet of upper riser to go through full inspection (including magnetic
particle inspection). Riser tubes to be analyzed for damage. BP team planning for
re-entry and well control plan. BP riser recovery team reviewing procedures for
recovering remaining riser on seafloor. Magnetometer survey indicated parts of riser
located 40' below mud line. MMS Accident Investigation Team (Lars Herbst, David
Trocquet, Fred Hefren) met with BP, Transocean, and Stress Engineering to discuss
incident and get update of their investigation.
17. INVESTIGATION FINDINGS (See",,,,,,,,,,,,,,D,,
CP-1CE2872E60,,Incident,2025-11-08,10:50,2025-11-11,GC,177,,CAL DIVE Q-4000,Production Operations,LIFTING DEVICE,Loss Event,Environment & Reputation,Loss of Containment,,SYN-d3f511,Production Foreman,SYN-a55a48,Operations Superintendent,SYN-ed44ff,Production Foreman,2025-11-17,SYN-7b43ca,HSE Advisor,2025-12-24,"A coil tubing unit was rigged up to the pipeline at Green Canyon 177 to clean out a
paraffin plug. The crew was using diesel to wash out the paraffin. A two
compartment tank was being used for fluids. One side of the tank held diesel and the
other side held seawater. The seawater was held to flush out the lines after the job
was completed. A drain line was rigged up to the seawater side in the event the
water was not needed. The compartment holding the diesel filled up and overflowed
into the seawater compartment. After the overflow into the water side, the outlet
valve on the drain line was accidentally partially opened. This allowed the seawater
and diesel soaked paraffin to go into the Gulf of Mexico. After the leak was found,
the valve was closed and the loss in volume in the tank was ten barrels. A sample of
the mixture was taken from the outlet of the tank. It was estimated that the mixture
was ten percent diesel soaked paraffin and ninety percent seawater. This made the
total amount of diesel overboard to be one barrel. The drain hose was removed and
the valve closed and sealed. A helicopter overflight was conducted the following
morning but no sign of a slick could be located.",Reported as a pollution release.,Incident,,Incident,,,,,,C,,,,,,
CP-49E8044B52,,Incident,2025-11-22,19:15,2025-11-24,GC,652,RIG NAME ENSCO 7500,,Drilling,,Loss Event,Environment & Reputation,Loss of Containment,,SYN-7fcde8,Marine Coordinator,SYN-0daa56,Operations Superintendent,SYN-9c6d40,Facility Engineer,2025-11-28,SYN-a458c6,Marine Coordinator,2026-01-04,"In the process of drilling the well, the crew was attempting maintenance on the spare
BOP fail safe valve. The main diverter supply valve was closed, resulting in a
pressure loss to the slip joint packer. After the loss of pressure occurred, the
slip joint packer seal retracted causing 15 barrels of synthetic base mud to spill
into the Gulf of Mexico. The Assistant Subsea Engineer failed to execute the scope
of the work planned out and discussed by the supervisor during the pre-tour safety
meeting. In addition, no permit to work as required by Ensco's Safety System of Work
Policy was prepared prior to the operation.",Reported as a pollution release.,Incident,,Incident,8,D,2,,,C,,,,,,
CP-E267A319DC,,Very Serious Incident,2025-12-08,22:40,2025-12-09,GC,653,,T.O. DEVELOPMENT,Production Operations,LIFTING DEVICE,Loss Event,Health & Safety,Injury TLI,,SYN-0fa81c,Facility Engineer,SYN-bf7171,Operations Superintendent,SYN-6fe262,Maintenance Supervisor,2025-12-14,SYN-6ba439,Operations Superintendent,2026-01-16,"-
On December 8, 2025, a Roustabout was struck on the left knee by a joint of 9 5/8""
casing. The crane crew was moving a bundle of slings from the deck to a container.
While performing this operation, one of the slings caught the edge of a deck beam.
This forced the sling into tension against a joint of laid down casing. This
tensioning caused the casing to roll and strike the Roustabout on the left knee. She
reported to the rig Medic for evaluation and was sent in for further evaluation. Her
knee required surgery to repair the damage. The Roustabout will need an estimated
three months to recover.
The Injured Person (IP) did not recognize that she had poor body placement prior to
the lift being executed. A contributing cause to this incident is that all hazards
associated with doing this work were not recognized prior to performing the work.
Procedures identified for the lift were used, and a Risk Assessment was conducted.
The hazard of poor body placement was identified as a risk, but the possibility of
casing movement was not. This had only been considered a risk when the weather was
rough.
The Crane Operator also had warned the IP of poor body placement earlier in the same
operation. He also noted the casing was not secured prior to the lift but this was
not considered a hazard since the rig was not experiencing rough seas.",The incident resulted in a lost-time accident with more than 3 days lost. Reported as a crane incident. The facility was evacuated.,Very Serious Incident,,Very Serious Incident,25,E,5,,,,,,,,,
CP-683FF38E7B,,Serious Incident,2025-12-11,04:15,2025-12-14,SS,259,JA,,Drilling,LIFTING DEVICE,Loss Event,,,Combustion,SYN-38bdc3,Maintenance Supervisor,SYN-d0f4d3,Production Foreman,SYN-2d3607,Maintenance Supervisor,2025-12-23,SYN-30f848,Marine Coordinator,2026-01-31,"On Saturday, December 11, 2025, a fire occurred in an auxiliary living quarters
building at SS-259 that eventually completely destroyed the interior of the building.
At the time of this incident, a total of six personnel were aboard the facility. Four
men were assigned to bunks in the main living quarters facility and the other two men
were located in the auxiliary living quarters building. The details of this event
unfolded as follows:
At approximately 4:00AM on 2/28/09, an employee of Linear Controls, who was
sleeping on the second floor of the auxiliary living quarters building, was awaken by
an unusual noise coming from the bathroom facility next to the his bedroom. He was
able to notice what was happening because the compressor aboard the facility had gone
down several minutes before, which allowed him to better hear the unusual noise. He
got out of bed in order to investigate the situation and found that a salt water line
supplying water to a toilet had burst and was spraying water all the way up to the
ceiling and flooding the entire area. He immediately went to the main living quarters
building to report the problem to the Lead Operator, who was already up and in the
process of preparing his morning reports. The Lead Operator immediately woke up the
A-Operator and C- Operator, who were still asleep in the main living quarters
building, so that they could get up and assist in fixing the water leak. The Lead
Operator and Linear Controls employee then went out and began looking for a way to
shut off the salt water that was flowing through the broken piping. The A-Operator
and C-Operator joined in as soon as they were able to put their clothes on. The A-
Operator was walking around the auxiliary living quarters building searching for the
water shut off valve when he smelled what he described as burning plastic and noticed
some smoke coming out of the 1st floor of the auxiliary living quarters. Upon seeing
and smelling the smoke, he immediately hit the platform ESD located near the
auxiliary living quarters in front of the C9000 compressor and notified the others
that there was a fire in the auxiliary living quarters. At about that same time the
Linear Controls employee hit the ESD located near the main living quarters building
and the Lead Operator and C-Operator hit an additional ESD located to the left of the
main living quarters building on the handrail near a hose real on the main deck of
the facility. As a result of these actions, the facility was successfully shut in,
but the generator on the platform also went down. The crew then began to address the
fire situation.
The Lead Operator immediately took a head count and realized that only 5 of the
6 personnel aboard the facility were accounted for. They immediately identified that
a Pro-Valve employee, was missing and still probably sleeping in the same room that
the Linear Controls employee had come from in the auxiliary living quarters. At that
point the Lead Operator and A-Operator went up the external stairway to the second
floor of the auxiliary quarters to retrieve the Pro-Valve employee. Upon reaching the
doorway leading into the second level of the quarters they found the building to be
consumed with smoke. They opened the door and hollered for the Pro-Valve employee. He
responded that he was disoriented and could not locate the exit. The Lead Operator
then entered the smoke filled building and located the Pro-Valve employee squatting
down with a pillow over his face about 4 to 6 feet from the exit and was able to lead
him out of the building to safety.
After insuring that the Pro-Valve employee was okay and not injured, the crew
immediately turned their attention to addressing the fire. Because the entire
building was filled with smoke, they were unable to enter. Shortly thereafter, while
peeking through the door they noticed a flame inside the building that seemed to be
coming from an area near the fire detection panel and a 100 amp battery charging
unit. Unable to enter the building, the men discharged a couple of 30 lb. dry
chemical extinguishers into the area with little effect on the situation. They were
reluctant to open any doors so as not to feed the fire with additional oxygen. A 350
lb. dry chemical wheeled fire extinguisher located on the top deck was then moved
into position for use. In order to obtain better access to the fire, a window mounted
air conditioner was pushed into the building to allow access and the 350 lb.
extinguisher was discharged into the building through that opening, as well as
through the front door of the building in an attempt to extinguish the fire. However,
that effort was unsuccessful and it soon became apparent that their efforts were not
working.
Portable radios were being utilized to notify the Apache Production Foreman of
the situation. One Apache Foreman was at SS-178 and the other was located at SS-207.
During this period of time, the Lead Operator had the C-Operator report to the life
capsule to start the engine and insure it was working properly in the event it was
needed for evacuation of the facility. They also began making attempts to contact any
boat that might have been in the vicinity for assistance. They soon noticed a vessel
in the distance and utilized flares from the life capsule in addition to the portable
radio to make contact with the M/V Odyssea Diamond. Upon contact with the M/V Odyssea
Diamond, the boat immediately began heading toward SS-259 and arrived about an hour
later and very near daybreak. Once the M/V Odyssea Diamond arrived at SS-259, a
decision was made by the men aboard SS-259 to evacuate the platform and get onboard
the M/V Odyssea Diamond. All personnel were off of the platform and safely aboard the
M/V Odyssea Diamond at approximately 6:15AM. At that time the M/V Odyssea Diamond
began utilizing the fire fighting cannon aboard the vessel to direct a stream of
water onto the burning building. Although smoke was rolling out of the building,
flames did not appear to be breaching the structure.
As soon as flying was possible, one of the Apache Production Foreman boarded a
helicopter at SS-178 and flew to SS-259 in order to get a first hand view of the
situation from the air and to begin evaluating possible options. Other boats
including the M/V Mark C, M/V Pope John Paul and M/V Arthur Furay were directed to
head to SS-259 to render assistance as needed from other Apache operations and
projects. Upon completion of his evaluation from the air, the Apache Production
Foreman rounded up a volunteer team of 6 employees (including himself) to make their
way to SS-259 in an attempt to do what they could to control the situation. In
addition to the Apache Production Foreman, the volunteer team consisted of a
production operator located at SS-178, a production operator located at SS-207, as
well as the Lead Operator and A-Operator from SS-259 who were aboard the M/V Odyssea
Diamond, all of whom are trained volunteer fire fighters in their home towns. In
addition, the field Paramedic stationed at SS-207 was also included as part of the
team and responded with all of his necessary medical equipment. These men (other than
the two already aboard the Odyssea Diamond) were transported by helicopter to SS-258,
where they then boarded the M/V Miss Lisa for transport to SS-259.
Upon arrival at SS-259, the volunteer team came up with a plan, conducted a
safety meeting and then re-boarded SS-259. Upon re-boarding the facility, the Apache
Production Foreman closed several manual valves that had remained opened, including
some pipeline valves. They then rigged up and hoisted a fire hose up to the platform
from the M/V Miss Lisa and borrowed some additional fire fighting equipment (SCBA¿s &
bunker coats, etc.) from the M/V Odyssea Diamond in order to make another attempt to
extinguish the fire. Some time after approaching the burning building and attempting
to put out the fire with the fire hose, it was noticed that there were three medical
oxygen bottles in the building that had the potential to explode in the heat. At that
point the Apache Production Foreman decided that it was not worth risking possible
injury to any personnel and directed all personnel to back away from the building. A
decision was then made to evacuate the facility once again. However, before
evacuating, they decided to leave the fire hose running and aimed onto the wooden
deck below the burning building in an attempt to prevent the deck from catching fire
and possibly giving way.
During this time, other boats began arriving on the scene and fire cannons from
the Odyssea Diamond and Mark C continued shooting water onto the burning building in
an attempt to keep it cool. Throughout this process, flames were never observed
penetrating the outer shell of the building, but smoke continued pouring out of the
doors and other small openings and cracks. After a period of time, the smoke seemed
to start subsiding and another effort was made by the volunteer crew to get a handle
on the situation. The crew was able to identify a method to tie the salt water system
of the M/V Pope John Paul into the platform in order to get additional water onto the
fire. The crew utilized the platform¿s fresh water hose, and tied it into the salt
water discharge on the M/V Pope John Paul allowing salt water to be pumped into the
fire hose reels on the platform. This tie-in then made the platforms fire hoses
operable. Once this was done, the volunteer team re-boarded the platform and, having
use of two operable fire hoses, was able to then attack the remaining fire and
completely extinguish the fire.
The fire was declared officially extinguished between 1:00 and 1:10PM on
2/28/09. There were no injuries to any personnel involved in any aspect of this
operation. The Pro-Valve employee who was initially rescued from the burning building
was examined by a physician as a precautionary measure due to some smoke inhalation,
but was discharged after examination.",There were no injuries to any personnel involved in any aspect of this operation.,Serious Incident,,Serious Incident,12,D,3,,,,,,,C,,
CP-DB073185DD,,,2025-12-22,01:00,2025-12-25,WC,294,,,Well Services,LIFTING DEVICE,,,,,,,SYN-33ab8a,HSE Advisor,,,,,,,"In March of 2005, WC 294 C-2 well was operated by Newfield. A leak occurred on the
surface controlled subsurface safety valve (SCSSV) control line, but the leak was
stopped with Seal-Tite. In August 2006, repeated leak problems led to the
installation of a Seal-Tite cylinder which provided intermittent injection of Seal-
Tite which once again resolved the leak. On April 6, 2007, personnel were not able to
open the SCSSV, with diagnostics indicating that an obstruction was in the control
line. The SCSSV was isolated and was replaced with a subsurface controlled safety
valve.
On October 27, 2011, Alliance Offshore Services was on location at WC 294C for
McMoran Oil & Gas. The objective for the job was to Temporarily Abandon (T&A) well C­
2. Alliance personnel were attempting to separate the wellhead from the well bore at
the top of the 7-5/8 inch casing head flange. The 2-7/8 inch tubing was cut at 840
feet. The crane was connected to the wellhead with 34,000 lb of pull with 1,000 lb on
the 7 5/8 inch casing, but separation was unsuccessful at the 7-5/8 inch casing head
flange. Alliance personnel started making an attempt to separate the wellhead at the
top of the tubing head. Pressure was bled off the top of the wellhead and the
casings. The Alliance injured person (IP) started backing the hanger pins off of the
tubing hanger, when on the fifth pin the IP did not see the packing nut backing out
with the pin. For unknown reasons at the time of incident, the entire tubing hanger
pin was ejected out of the tubing hanger head striking the IP on the shin before
continuing another ten (10) feet. The IP was diagnosed by the doctor with a fractured
shin bone and had surgery to clean the wound from the hydraulic oil and debris.
On November 14, 2011, BSEE inspectors traveled to Intracoastal City to inspect the
wellhead. The wellhead was found fully assembled with the integral safety valve
closed. It was determined the wellhead would need to be dismantled between the
tubing head and tubing head adaptor. On November 29, 2011, a meeting was held with
BSEE, McMoran, and Alliance. At this meeting the events that lead up to the incident
were discussed along with reviewing the supporting documentation. There were two
possible reasons for the pin being ejected from the tubing head; mechanical pressure
and pneumatic/hydraulic pressure. Mechanical pressure was ruled out as a possible
cause because the pin couldn't be in contact with the tubing hanger after being
backed out. Pneumatic/hydraulic pressure as a cause would have to be determined at
the dismantling of the wellhead at FMC; which was scheduled for December 1, 2011.
After reviewing statements and drawings of the wellhead, it was determined that it
was not necessary to back the hanger pins off of the tubing hanger to remove the
wellhead at the tubing head and tubing head adaptor flange. There were no supporting
documents to indicate the control line was bled to zero after the integral safety
valve was isolated. It was also noted the bleeder plugs on the wellhead were not
checked for trapped pressure in the voids of the wellhead. On December 1, 2011, BSEE
inspectors along with McMoran and Alliance, traveled to FMC to witness the
dismantling of the wellhead. At the beginning of the dismantling, FMC personnel
started checking the wellhead for pressure using a bleeder valve tool on the void in
the tubing head adaptor. It was then that an undetermined amount of pressure was
detected at the seal sleeve at the top of the tubing hanger. FMC wasn't able to get a
gauge on the bleeder plug due to the design of the wellhead. The tubing hanger pins
and tubing hanger compression ring were also observed to have scarring and
indentions. According to the FMC Shop Supervisor/ Surface WellHead Distribution
Coordinator, the scarring and indentions were caused during the initial installation
of the hanger. Pressure is put on the compression ring by the hanger pins to compress
the seal thus causing the scarring and indentions. The compression ring and non-
extrusion ring were observed to be free of defects. The ¼ inch tubing in the void
that supplies hydraulic pressure to the subsurface safety valve was observed to be
free of defects. The integral safety valve assembly to isolate the subsurface safety
valve was observed to be free of defects. The fitting that connects the ¼ inch tubing
to the integral safety valve assembly was found to have the following defects; the
fitting threads and nut were gouged, the ferrule was not fully compressed on the ¼
inch tubing and was pushed up against the edge of the ¼ inch tubing. The scarring
from the tubingcutter was holding the ferrule on the tubing. This defect in the
* * * * * * PROPRIETARY * * * * * *
installation of the fitting allowed hydraulic fluid to enter the void in the tubing
head and tubing head adaptor thus compressing the air/gas in the void. The pressure
that was in the void ejected the tubing hanger pin when it was improperly backed off
of the compression ring. The IP should have made sure the stem of the pin was turning
and not the packing nut.",,,,,,,,,,,,,,,,
CP-80C3B52DBD,,Serious Incident,2025-12-23,16:20,2025-12-26,WD,73,D,,Marine & Logistics,LIFTING DEVICE,Loss Event,,,,SYN-a5c421,HSE Advisor,SYN-60068c,HSE Advisor,SYN-81959a,Facility Engineer,2026-01-21,SYN-5357de,Operations Superintendent,2026-01-13,"On 23-DEC-2025 at 1620 hrs at the West Delta (WD) 73-D, OCS-G 1083 Energy XXI
Platform, a crane incident occurred while offloading the 4.75 ton rental diesel
generator from the Motor Vessel (M/V) Jessica Faye crew change boat to the platform.
During the lift, the sea state was observed to be choppy resulting in the M/V
constantly moving back and forth during the operations. This incident resulted in
shock loading the crane which damaged the crane boom cable. The boom cable is a
mechanism responsible for raising and lowering the crane boom.
At approximately 1600 hrs, the M/V Jessica Faye entered the Energy XXI WD 73 field.
The M/V contacted the platform to inform them of heavy lifts of a 4.75 ton rental
diesel generator and a 2 ton diesel tank skid along with crew change personnel. The
Fab-Con Crane Operator (#1 CO) responded and started the Job Safety Analysis (JSA)
and crane pre-use procedures. When the pre-use was performed on the WD 73-D crane
(American Aero G-20F- Serial #87493), it was noted of no discrepancies found at the
time of the pre-use inspection. The decision was made by the #1CO to offload the
heavy equipment first utilizing the load block and the crew change personnel second
utilizing the auxiliary line with personnel basket.
While offloading the 4.75 ton rental diesel generator at approximately 1620 hrs from
the M/V Jessica Faye with the WD 73-D platform crane, the generator contacted the
diesel tank skid lifting it up approximately 5 ft off the M/V deck. The load suddenly
released from the diesel tank skid, springing upward and shock loading the crane. The
generator was then lifted from the M/V to the platform. The #1 CO then offloaded the
personnel from the M/V not recognizing that the crane has just been shock loaded. The
#1 CO was relieved of his crane duty by the Fab-Con Crane Operator (#2 CO) who made
the final personnel lift along with the #1CO for crew change. The M/V Jessica Faye
was released after crane operations were completed at approximately 1830 hrs.
At approximately 1730 hrs, Island Operating A - Crew notified the Energy XXI
Maintenance Foreman about the WD 73-D platform crane incident that transpired during
crew change. The A Operator informed the Maintenance Foreman that the WD 73-D crane
needed to be inspected due to the incident that transpired at 1420 hrs. After being
informed of the incident, the Maintenance Foreman had the crane tagged out of
service. On the day of the incident, Sparrows Offshore Services Ltd (Sparrows) Crane
Mechanics were already in the area performing inspections and were scheduled to
perform an annual inspection of the WD 73-D crane on 25-DEC-2025.
On 24-DEC-2025 the Sparrows Crane Mechanics conducted a thorough inspection of the
crane. The Mechanics noted that while performing a visual inspection of the boom wire
rope condition, high strands were visible on the bottom layer. The Sparrows Crane
Mechanics confirmed with the Maintenance Foreman that the crane had been shock loaded
due to the incident. According to the crane inspection, Sparrows noted that the boom
cable was badly crushed and needed to be replaced.
BSEE Investigators arrived on 30-DEC-2025 to conduct an investigation of the crane
incident. Statements, Job Safety Analysis (JSA), pictures and initial reports were
obtained.
The",Reported as a crane incident.,Serious Incident,,Serious Incident,20,D,5,,,,,,,,,
