src_report_type,src_index_page,src_index_year,src_detail_page,src_attachment_index,src_url_published,src_url,src_url_display,src_url_canonicalised,src_filename,src_area,src_block,src_operator,src_date_text,src_date_parsed,src_year,src_is_redacted,src_variant_suffix,src_parse_note,src_index_date_occurred,src_index_time,src_index_lease_number,src_index_area_block,src_index_accident_type,src_index_row_count,src_panel_number,src_panel_title,src_panel_publication_date,src_sha256,src_fetch_note
district,https://www.bsee.gov/what-we-do/incident-investigations/offshore-incident-investigations/district-investigation-reports/district-investigation-reports-archive,2006,,0,https://www.bsee.gov/sites/bsee.gov/files/060411-pdf.pdf,https://www.bsee.gov/sites/bsee.gov/files/060411-pdf.pdf,https://www.bsee.gov/sites/bsee.gov/files/060411-pdf.pdf,false,060411-pdf.pdf,,,,060411-pdf,2006-04-11,2006,false,,archive_yymmdd_filename;no_area_block_in_filename,04-11-2006,14:00,G01153,VR/256,Fire - Injury,1,,,,798052649aa837157087617646fe6bb826a9ff30ad622244ddbfb261706b94e5,
district,https://www.bsee.gov/what-we-do/incident-investigations/offshore-incident-investigations/district-investigation-reports/district-investigation-reports-archive,2007,,0,https://www.bsee.gov/sites/bsee.gov/files/070219-pdf.pdf,https://www.bsee.gov/sites/bsee.gov/files/070219-pdf.pdf,https://www.bsee.gov/sites/bsee.gov/files/070219-pdf.pdf,false,070219-pdf.pdf,,,,070219-pdf,2007-02-19,2007,false,,archive_yymmdd_filename;no_area_block_in_filename,02-19-2007,20:20,G15860,GB/244,Required Evacuation - LTA (>3 days) - Other Lifting Device,1,,,,48f83db0865f277c296b4216373a7fe34270f73c25dbcf3a226ebd10b135cf88,
district,https://www.bsee.gov/what-we-do/incident-investigations/offshore-incident-investigations/district-investigation-reports/district-investigation-reports-archive,2011,,0,https://www.bsee.gov/sites/bsee.gov/files/110201-pdf.pdf,https://www.bsee.gov/sites/bsee.gov/files/110201-pdf.pdf,https://www.bsee.gov/sites/bsee.gov/files/110201-pdf.pdf,false,110201-pdf.pdf,,,,110201-pdf,2011-02-01,2011,false,,archive_yymmdd_filename;no_area_block_in_filename,02-01-2011,15:00,G02391,HI/A571,Fire - Other,1,,,,9a0160f1ea78141dd7e1f5c7480cde69e5bae0d14545d54fa3ec893f7acbf396,
district,https://www.bsee.gov/what-we-do/incident-investigations/offshore-incident-investigations/district-investigation-reports,2017,,0,/sites/bsee.gov/files/2010-report-3oct2017-arena-travel-block.pdf,https://www.bsee.gov/sites/bsee.gov/files/2010-report-3oct2017-arena-travel-block.pdf,https://www.bsee.gov/sites/bsee.gov/files/2010-report-3oct2017-arena-travel-block.pdf,false,2010-report-3oct2017-arena-travel-block.pdf,,,arena travel block,3oct2017,2017-10-03,2017,false,,no_area_block_in_filename,07-20-2017,16:45,G03331,EI 251,Travel Block Incident,1,,,,9fd984f633b145ef99d78ea0a1fa1d48a5fe14e12df9cc2af1fedc0fb3a5e249,
district,https://www.bsee.gov/what-we-do/incident-investigations/offshore-incident-investigations/district-investigation-reports,2023,,0,/sites/bsee.gov/files/2023-04/2010%20Arena%20HI%20547%20B%2005.JAN_.2023%20Redacted.pdf,https://www.bsee.gov/sites/bsee.gov/files/2023-04/2010%20Arena%20HI%20547%20B%2005.JAN_.2023%20Redacted.pdf,https://www.bsee.gov/sites/bsee.gov/files/2023-04/2010 Arena HI 547 B 05.JAN_.2023 Redacted.pdf,false,2010 Arena HI 547 B 05.JAN_.2023 Redacted.pdf,HI,547 B,Arena,05.JAN_.2023,2023-01-05,2023,true,,,01-05-2023,1730,G02705,HI A 547,Fire,1,,,,7c21dbc1d19443334c8551b53b1994f1ef4a6c3b58c9bd7159608bca51c855a1,
district,https://www.bsee.gov/what-we-do/incident-investigations/offshore-incident-investigations/district-investigation-reports,2023,,0,/sites/bsee.gov/files/2023-04/2010%20Shell%20AC%20857%2003.JAN_.2023%20Redacted.pdf,https://www.bsee.gov/sites/bsee.gov/files/2023-04/2010%20Shell%20AC%20857%2003.JAN_.2023%20Redacted.pdf,https://www.bsee.gov/sites/bsee.gov/files/2023-04/2010 Shell AC 857 03.JAN_.2023 Redacted.pdf,false,2010 Shell AC 857 03.JAN_.2023 Redacted.pdf,AC,857,Shell,03.JAN_.2023,2023-01-03,2023,true,,,01-03-2023,2217,G17565,AC 857,"Fire, Required Muster, Incident > $25,000",1,,,,e3525fb6dc185f9b35b91b4a4796a600025a74652e3f36b3f90027ab0b77c382,
district,https://www.bsee.gov/what-we-do/incident-investigations/offshore-incident-investigations/district-investigation-reports,2022,,0,/sites/bsee.gov/files/2023-04/Cantium%20MP%2042%20D%2008-NOV-22.pdf,https://www.bsee.gov/sites/bsee.gov/files/2023-04/Cantium%20MP%2042%20D%2008-NOV-22.pdf,https://www.bsee.gov/sites/bsee.gov/files/2023-04/Cantium MP 42 D 08-NOV-22.pdf,false,Cantium MP 42 D 08-NOV-22.pdf,MP,42 D,Cantium,08-NOV-22,2022-11-08,2022,false,,,11-8-2022,06:45,G00375,MP 42 D,"Required Evacuation, LTA (>3 days)",1,,,,02bcb7272d528dac1f75c987ad6f40656fdf64fb73f85ed65a368c52c9e9c13e,
district,https://www.bsee.gov/what-we-do/incident-investigations/offshore-incident-investigations/district-investigation-reports,2023,,0,/sites/bsee.gov/files/2023-05/SM%20130%2004Feb23%20Redacted%202010.pdf,https://www.bsee.gov/sites/bsee.gov/files/2023-05/SM%20130%2004Feb23%20Redacted%202010.pdf,https://www.bsee.gov/sites/bsee.gov/files/2023-05/SM 130 04Feb23 Redacted 2010.pdf,false,SM 130 04Feb23 Redacted 2010.pdf,SM,130,,04Feb23,2023-02-04,2023,true,,no_operator_in_filename,02-04-2023,1405,G02280,SM 130,Fire,1,,,,bbeb4d597e9a212b3543c93e387f6827254ee8590d6a3e21e2431d985cc9d449,
district,https://www.bsee.gov/what-we-do/incident-investigations/offshore-incident-investigations/district-investigation-reports,2022,,0,/sites/bsee.gov/files/2023-05/SM%20130A_Talos_14-NOV-2022.pdf,https://www.bsee.gov/sites/bsee.gov/files/2023-05/SM%20130A_Talos_14-NOV-2022.pdf,https://www.bsee.gov/sites/bsee.gov/files/2023-05/SM 130A_Talos_14-NOV-2022.pdf,false,SM 130A_Talos_14-NOV-2022.pdf,SM,130A,Talos,14-NOV-2022,2022-11-14,2022,false,,,11-14-2022,0840,G02280,SM 130 A,RW/JT > 3 Days,1,,,,91d8c14944b9be4d1396e48fc4331abcb871e538de7267b335c5a7216b45900d,
district,https://www.bsee.gov/what-we-do/incident-investigations/offshore-incident-investigations/district-investigation-reports,2022,,0,/sites/bsee.gov/files/2023-06/GC%20205_Chevron_13-SEP-2022.pdf,https://www.bsee.gov/sites/bsee.gov/files/2023-06/GC%20205_Chevron_13-SEP-2022.pdf,https://www.bsee.gov/sites/bsee.gov/files/2023-06/GC 205_Chevron_13-SEP-2022.pdf,false,GC 205_Chevron_13-SEP-2022.pdf,GC,205,Chevron,13-SEP-2022,2022-09-13,2022,false,,,09-13-2022,1245,G05911,GC 205 A,Crane,1,,,,17a647b028dbb98eb4b2105cf23c328d45e810698099d9fa28b1a3fce0d65a6a,
district,https://www.bsee.gov/what-we-do/incident-investigations/offshore-incident-investigations/district-investigation-reports,2021,,0,/sites/bsee.gov/files/2023-06/SS%2072_Sanare_13-DEC-2021.pdf,https://www.bsee.gov/sites/bsee.gov/files/2023-06/SS%2072_Sanare_13-DEC-2021.pdf,https://www.bsee.gov/sites/bsee.gov/files/2023-06/SS 72_Sanare_13-DEC-2021.pdf,false,SS 72_Sanare_13-DEC-2021.pdf,SS,72,Sanare,13-DEC-2021,2021-12-13,2021,false,,,12-13-2021,1115,00060,SS 72 OF,Crane - >25K,1,,,,26dbe848e53ba0c7a99b45ca2105ceb24e372e348da2eadb571aa83080f00b57,
district,https://www.bsee.gov/what-we-do/incident-investigations/offshore-incident-investigations/district-investigation-reports,2023,,0,/sites/bsee.gov/files/2023-07/18-FEB-2023%20BP%20MC%20778%20PDQ.pdf,https://www.bsee.gov/sites/bsee.gov/files/2023-07/18-FEB-2023%20BP%20MC%20778%20PDQ.pdf,https://www.bsee.gov/sites/bsee.gov/files/2023-07/18-FEB-2023 BP MC 778 PDQ.pdf,false,18-FEB-2023 BP MC 778 PDQ.pdf,MC,778,BP PDQ,18-FEB-2023,2023-02-18,2023,false,,,02-18-2023,2127,G09868,MC 778,"RW/JT (1-3 days), Other - Lifting - Dropped Drill Pipe",1,,,,3a4d4cb6a82dae1beda9b96a86b4e2954bc45d1baf89dffc2517afaa70914c62,
district,https://www.bsee.gov/what-we-do/incident-investigations/offshore-incident-investigations/district-investigation-reports,2023,,0,/sites/bsee.gov/files/2023-07/MC%20807%20A%20Shell%2024-FEB-23.pdf,https://www.bsee.gov/sites/bsee.gov/files/2023-07/MC%20807%20A%20Shell%2024-FEB-23.pdf,https://www.bsee.gov/sites/bsee.gov/files/2023-07/MC 807 A Shell 24-FEB-23.pdf,false,MC 807 A Shell 24-FEB-23.pdf,MC,807 A,Shell,24-FEB-23,2023-02-24,2023,false,,,02-24-2023,1115,G07963,MC 807,Injury Requiring Evacuation - LTA (>3 days),1,,,,0fea6c029cd44cf66654a6ab41c150302d021560b7e6fbfd0ea762b652e713af,
district,https://www.bsee.gov/what-we-do/incident-investigations/offshore-incident-investigations/district-investigation-reports,2023,,0,/sites/bsee.gov/files/2023-07/MC%20854%20Shell%2021-MAR-2023.pdf,https://www.bsee.gov/sites/bsee.gov/files/2023-07/MC%20854%20Shell%2021-MAR-2023.pdf,https://www.bsee.gov/sites/bsee.gov/files/2023-07/MC 854 Shell 21-MAR-2023.pdf,false,MC 854 Shell 21-MAR-2023.pdf,MC,854,Shell,21-MAR-2023,2023-03-21,2023,false,,,03-21-2023,1645,,MC 854,"Injury Requiring Evacuation - LTA (>3 days), Crane, Other - Material Handing",1,,,,1968cb799f825c629f44c30da999e85cecf51be7fbc140e9f27aea82e05e1a5e,
district,https://www.bsee.gov/what-we-do/incident-investigations/offshore-incident-investigations/district-investigation-reports,2023,,0,/sites/bsee.gov/files/2023-07/MP%20311%20GOM%20Shelf%2012-MAR-23.pdf,https://www.bsee.gov/sites/bsee.gov/files/2023-07/MP%20311%20GOM%20Shelf%2012-MAR-23.pdf,https://www.bsee.gov/sites/bsee.gov/files/2023-07/MP 311 GOM Shelf 12-MAR-23.pdf,false,MP 311 GOM Shelf 12-MAR-23.pdf,MP,311,GOM Shelf,12-MAR-23,2023-03-12,2023,false,,,03-12-2023,1630,G02213,MP 311,"Injury Requiring Evacuation - LTA (>3 days), Other - Pressure Release",1,,,,4906351a6690aae6554092d21a9ab1c0fc9b870cde5b1be490c7ab16305ffb3a,
district,https://www.bsee.gov/what-we-do/incident-investigations/offshore-incident-investigations/district-investigation-reports,2023,,0,/sites/bsee.gov/files/2023-07/WD%2073%20COX%2017-Feb-2023.pdf,https://www.bsee.gov/sites/bsee.gov/files/2023-07/WD%2073%20COX%2017-Feb-2023.pdf,https://www.bsee.gov/sites/bsee.gov/files/2023-07/WD 73 COX 17-Feb-2023.pdf,false,WD 73 COX 17-Feb-2023.pdf,WD,73,COX,17-Feb-2023,2023-02-17,2023,false,,,2-17-2023,0430,G01083,WD 73,"Required Muster, Shutdown from Gas Release, Incident > $25,000",1,,,,f88bc41dd38b55bfe091cfc44c282ff4b36cc547d6bdbcc73f61899075ec1f7f,
district,https://www.bsee.gov/what-we-do/incident-investigations/offshore-incident-investigations/district-investigation-reports,2023,,0,/sites/bsee.gov/files/2023-08/AC%20857%20Shell%20Fire%2021-June-2023.pdf,https://www.bsee.gov/sites/bsee.gov/files/2023-08/AC%20857%20Shell%20Fire%2021-June-2023.pdf,https://www.bsee.gov/sites/bsee.gov/files/2023-08/AC 857 Shell Fire 21-June-2023.pdf,false,AC 857 Shell Fire 21-June-2023.pdf,AC,857,Shell Fire,21-June-2023,2023-06-21,2023,false,,,06-21-2023,0920,G17565,AC 857,"Fire, Required Muster, Incident > $25,000",1,,,,a7a6825c798fe0f2e7f46d7898e0e40670c877c002096ddad9b1f9b24966fd56,
district,https://www.bsee.gov/what-we-do/incident-investigations/offshore-incident-investigations/district-investigation-reports,2023,,0,/sites/bsee.gov/files/2023-08/EC%2071%20ECOP%2025-MAY-2023.pdf,https://www.bsee.gov/sites/bsee.gov/files/2023-08/EC%2071%20ECOP%2025-MAY-2023.pdf,https://www.bsee.gov/sites/bsee.gov/files/2023-08/EC 71 ECOP 25-MAY-2023.pdf,false,EC 71 ECOP 25-MAY-2023.pdf,EC,71,ECOP,25-MAY-2023,2023-05-25,2023,false,,,05-25-2023,0115,G13576,EC 71,Pollution,1,,,,4ed11a41da11986805dcc9bb544e0e3830bd0a140fb539dac1314b36646d4f15,
district,https://www.bsee.gov/what-we-do/incident-investigations/offshore-incident-investigations/district-investigation-reports,2023,,0,/sites/bsee.gov/files/2023-08/GB-216_Tranocean_21-APR-2023.pdf,https://www.bsee.gov/sites/bsee.gov/files/2023-08/GB-216_Tranocean_21-APR-2023.pdf,https://www.bsee.gov/sites/bsee.gov/files/2023-08/GB-216_Tranocean_21-APR-2023.pdf,false,GB-216_Tranocean_21-APR-2023.pdf,GB,216,Tranocean,21-APR-2023,2023-04-21,2023,false,,,04-21-2023,1200,G14224,GB 216,Other: EDS,1,,,,b8f3139fea41fa0a99801d72d498e729c096df253fc1939e1f1da23d863bf4dd,
district,https://www.bsee.gov/what-we-do/incident-investigations/offshore-incident-investigations/district-investigation-reports,2023,,0,/sites/bsee.gov/files/2023-08/HI%20A%20382%20Apache%20Crane%2002-Jun-2023.pdf,https://www.bsee.gov/sites/bsee.gov/files/2023-08/HI%20A%20382%20Apache%20Crane%2002-Jun-2023.pdf,https://www.bsee.gov/sites/bsee.gov/files/2023-08/HI A 382 Apache Crane 02-Jun-2023.pdf,false,HI A 382 Apache Crane 02-Jun-2023.pdf,HI,A 382,Apache Crane,02-Jun-2023,2023-06-02,2023,false,,,06-02-2023,1230,G02757,HI A 382 F,"Crane, Incident > $25K, Other - Repair & Maint.",1,,,,f92277a26d320a222ceeb3dc84a424b31e06a9ccd83fa9abc947c6f339719969,
district,https://www.bsee.gov/what-we-do/incident-investigations/offshore-incident-investigations/district-investigation-reports,2023,,0,/sites/bsee.gov/files/2023-08/MC%20941-A%20Equinor%2010-May-2023.pdf,https://www.bsee.gov/sites/bsee.gov/files/2023-08/MC%20941-A%20Equinor%2010-May-2023.pdf,https://www.bsee.gov/sites/bsee.gov/files/2023-08/MC 941-A Equinor 10-May-2023.pdf,false,MC 941-A Equinor 10-May-2023.pdf,MC,941 A,Equinor,10-May-2023,2023-05-10,2023,false,,,05-10-2023,0933,G16661,MC 941 A,Required muster,1,,,,11617625c5cb667be6e5cc4a184121310d930682a6e19cd8063f8b616358aec4,
district,https://www.bsee.gov/what-we-do/incident-investigations/offshore-incident-investigations/district-investigation-reports,2023,,0,/sites/bsee.gov/files/2023-09/WR%2051_BOE%20Exploration_7-JAN-2023.pdf,https://www.bsee.gov/sites/bsee.gov/files/2023-09/WR%2051_BOE%20Exploration_7-JAN-2023.pdf,https://www.bsee.gov/sites/bsee.gov/files/2023-09/WR 51_BOE Exploration_7-JAN-2023.pdf,false,WR 51_BOE Exploration_7-JAN-2023.pdf,WR,51,BOE Exploration,7-JAN-2023,2023-01-07,2023,false,,,01-07-2023,1920,G31938,WR 51,Other: Lifting,1,,,,29c3864a321ea31fe5cf4db81461c8a260ba406c96bfa960923ca83bf6fa71b1,
district,https://www.bsee.gov/what-we-do/incident-investigations/offshore-incident-investigations/district-investigation-reports,2023,,0,/sites/bsee.gov/files/2023-10/VR%20170%20Gulf%20Offshore%2003-July-2023.pdf,https://www.bsee.gov/sites/bsee.gov/files/2023-10/VR%20170%20Gulf%20Offshore%2003-July-2023.pdf,https://www.bsee.gov/sites/bsee.gov/files/2023-10/VR 170 Gulf Offshore 03-July-2023.pdf,false,VR 170 Gulf Offshore 03-July-2023.pdf,VR,170,Gulf Offshore,03-July-2023,2023-07-03,2023,false,,,07-03-2023,1500,G33596,VR 170,"Required Evacuation, LTA (1-3 days)",1,,,,573326945648018ae8ca989f4a0ac80f31cb0882b2165b2f00f9d54829278ae4,
district,https://www.bsee.gov/what-we-do/incident-investigations/offshore-incident-investigations/district-investigation-reports,2023,,0,/sites/bsee.gov/files/2023-11/EI%20158JB_Apache_21-SEP-2023.pdf,https://www.bsee.gov/sites/bsee.gov/files/2023-11/EI%20158JB_Apache_21-SEP-2023.pdf,https://www.bsee.gov/sites/bsee.gov/files/2023-11/EI 158JB_Apache_21-SEP-2023.pdf,false,EI 158JB_Apache_21-SEP-2023.pdf,,,EI 158JB Apache,21-SEP-2023,2023-09-21,2023,false,,no_area_block_in_filename,09-21-2023,0100,G01220,EI 158 JB,Required Evacuation - RW/JT (> 3 days),1,,,,52bcc45ec783dfdc052ae6af34a7441f171113868e9503ba4d898e7c7b3dc34a,
district,https://www.bsee.gov/what-we-do/incident-investigations/offshore-incident-investigations/district-investigation-reports,2023,,0,/sites/bsee.gov/files/2023-11/MP%20270%20Walter%20Oil%20and%20Gas%20Injury%203-Jul-2023%20%281%29.pdf,https://www.bsee.gov/sites/bsee.gov/files/2023-11/MP%20270%20Walter%20Oil%20and%20Gas%20Injury%203-Jul-2023%20%281%29.pdf,https://www.bsee.gov/sites/bsee.gov/files/2023-11/MP 270 Walter Oil and Gas Injury 3-Jul-2023 (1).pdf,false,MP 270 Walter Oil and Gas Injury 3-Jul-2023 (1).pdf,MP,270,Walter Oil and Gas Injury,3-Jul-2023,2023-07-03,2023,false,(1),,07-03-2023,1545,G22812,MP 270,"Required Evacuation, RW/JT (1-3 days)",1,,,,103e604a7e04b41d263c89e648573f6f9759a2e8c9dc4e63de0eb9001e1f14bc,
district,https://www.bsee.gov/what-we-do/incident-investigations/offshore-incident-investigations/district-investigation-reports,2023,,0,/sites/bsee.gov/files/2023-11/WC%2033%20Apache%20Injury%2010-AUG-23.pdf,https://www.bsee.gov/sites/bsee.gov/files/2023-11/WC%2033%20Apache%20Injury%2010-AUG-23.pdf,https://www.bsee.gov/sites/bsee.gov/files/2023-11/WC 33 Apache Injury 10-AUG-23.pdf,false,WC 33 Apache Injury 10-AUG-23.pdf,WC,33,Apache Injury,10-AUG-23,2023-08-10,2023,false,,,08-10-2023,1735,G15050,WC 33,"Required Evacuation, LTA (>3 days)",1,,,,4dda711e9497eda387ce86706cf4c64812160839aab7da104c361e5c5903f437,
district,https://www.bsee.gov/what-we-do/incident-investigations/offshore-incident-investigations/district-investigation-reports,2023,,0,/sites/bsee.gov/files/2023-12/AC%20857%20Shell%2004-Sep-2023%20.pdf,https://www.bsee.gov/sites/bsee.gov/files/2023-12/AC%20857%20Shell%2004-Sep-2023%20.pdf,https://www.bsee.gov/sites/bsee.gov/files/2023-12/AC 857 Shell 04-Sep-2023 .pdf,false,AC 857 Shell 04-Sep-2023 .pdf,AC,857,Shell,04-Sep-2023,2023-09-04,2023,false,,,09-04-2023,1320,G17565,AC 857,Pollution,1,,,,cfca492c2b5ee4414bc903d1b87b5fcf58914d305ebdd7718b63083d278297c5,
district,https://www.bsee.gov/what-we-do/incident-investigations/offshore-incident-investigations/district-investigation-reports,2023,,0,/sites/bsee.gov/files/2023-12/HI%20A%20379%20W%26T%20Offshore%2004-Sep-2023.pdf,https://www.bsee.gov/sites/bsee.gov/files/2023-12/HI%20A%20379%20W&T%20Offshore%2004-Sep-2023.pdf,https://www.bsee.gov/sites/bsee.gov/files/2023-12/HI A 379 W&T Offshore 04-Sep-2023.pdf,false,HI A 379 W&T Offshore 04-Sep-2023.pdf,HI,A 379,W&T Offshore,04-Sep-2023,2023-09-04,2023,false,,,09-04-2023,0900,G13808,HI A 379,"Required Evacuation, LTA (>3 days)",1,,,,584ad52407a76727626817033c8a31635a2c753ea74fa0cb98069e8962443178,
district,https://www.bsee.gov/what-we-do/incident-investigations/offshore-incident-investigations/district-investigation-reports,2023,,0,/sites/bsee.gov/files/2023-12/SM%20281C_Apahe_09-SEP-2023.pdf,https://www.bsee.gov/sites/bsee.gov/files/2023-12/SM%20281C_Apahe_09-SEP-2023.pdf,https://www.bsee.gov/sites/bsee.gov/files/2023-12/SM 281C_Apahe_09-SEP-2023.pdf,false,SM 281C_Apahe_09-SEP-2023.pdf,SM,281C,Apahe,09-SEP-2023,2023-09-09,2023,false,,,09-09-2023,1600,G02600,SM 281 C,Shutdown from gas release,1,,,,68071ab3e23ba26402ceb45ede5d60a70f73c79ef013fd4af9c820f0b56f69b9,
district,https://www.bsee.gov/what-we-do/incident-investigations/offshore-incident-investigations/district-investigation-reports,2023,,0,/sites/bsee.gov/files/2023-12/SM130B_Talos_12-MAY-2023.pdf,https://www.bsee.gov/sites/bsee.gov/files/2023-12/SM130B_Talos_12-MAY-2023.pdf,https://www.bsee.gov/sites/bsee.gov/files/2023-12/SM130B_Talos_12-MAY-2023.pdf,false,SM130B_Talos_12-MAY-2023.pdf,,,SM130B Talos,12-MAY-2023,2023-05-12,2023,false,,no_area_block_in_filename,05-12-2023,1605,G02280,SM 130 B,"Crane, Incident > 25K",1,,,,0159c2c0b9b37bfcc85e89e53309825ad78467bdfd20ff3987d9af38733bcce3,
district,https://www.bsee.gov/what-we-do/incident-investigations/offshore-incident-investigations/district-investigation-reports,2023,,0,/sites/bsee.gov/files/2023-12/VK%20900%20Cox%20%2022-JUL-23.pdf,https://www.bsee.gov/sites/bsee.gov/files/2023-12/VK%20900%20Cox%20%2022-JUL-23.pdf,https://www.bsee.gov/sites/bsee.gov/files/2023-12/VK 900 Cox  22-JUL-23.pdf,false,VK 900 Cox  22-JUL-23.pdf,VK,900,Cox,22-JUL-23,2023-07-22,2023,false,,,07-22-2023,1300,G02445,VK 900,"Required Evacuation, Fire",1,,,,d326ce6326dd7e1ca83f746d7ae88f5897281c706ccaa818266ecd9a9c309cf9,
district,https://www.bsee.gov/what-we-do/incident-investigations/offshore-incident-investigations/district-investigation-reports,2023,,0,/sites/bsee.gov/files/2024-01/MC%20941-A%20Equinor%2019-June-2023.pdf,https://www.bsee.gov/sites/bsee.gov/files/2024-01/MC%20941-A%20Equinor%2019-June-2023.pdf,https://www.bsee.gov/sites/bsee.gov/files/2024-01/MC 941-A Equinor 19-June-2023.pdf,false,MC 941-A Equinor 19-June-2023.pdf,MC,941 A,Equinor,19-June-2023,2023-06-19,2023,false,,,06-19-2023,0800,G16661,MC 941 A,"Mooring Line Failure, <$25K",1,,,,e73418680aaef7ad5edee6b7e36748071edd32dc985953777fbf3b7d293ba24f,
district,https://www.bsee.gov/what-we-do/incident-investigations/offshore-incident-investigations/district-investigation-reports,2023,,0,/sites/bsee.gov/files/2024-01/MO%20916-AP%20Cox%20%2022-Nov-2023.pdf,https://www.bsee.gov/sites/bsee.gov/files/2024-01/MO%20916-AP%20Cox%20%2022-Nov-2023.pdf,https://www.bsee.gov/sites/bsee.gov/files/2024-01/MO 916-AP Cox  22-Nov-2023.pdf,false,MO 916-AP Cox  22-Nov-2023.pdf,MO,916,AP Cox,22-Nov-2023,2023-11-22,2023,false,,,11-22-2023,1130,G05753,MO 916 AP,"Required Evacuation, LTA (>3 days)",1,,,,e5387585a4cbc22c0d59f07d6d864ec8c8bc8c78445ff8d42283d1a45a94daf6,
district,https://www.bsee.gov/what-we-do/incident-investigations/offshore-incident-investigations/district-investigation-reports,2023,,0,/sites/bsee.gov/files/2024-01/SP%2028%20Whitney%20%2021-Sep-2023.pdf,https://www.bsee.gov/sites/bsee.gov/files/2024-01/SP%2028%20Whitney%20%2021-Sep-2023.pdf,https://www.bsee.gov/sites/bsee.gov/files/2024-01/SP 28 Whitney  21-Sep-2023.pdf,false,SP 28 Whitney  21-Sep-2023.pdf,SP,28,Whitney,21-Sep-2023,2023-09-21,2023,false,,,09-21-2023,0745,00694,SP 28-13V,"Loss of Well Control, Pollution",1,,,,fb6faadcd2836f92e064b1351cb4e432cd1d5ff02eb75cbeb3b1bd0e4303ff11,
district,https://www.bsee.gov/what-we-do/incident-investigations/offshore-incident-investigations/district-investigation-reports,2023,,0,/sites/bsee.gov/files/2024-01/SP%2083-A%20Arena%2021-Sept-2023.pdf,https://www.bsee.gov/sites/bsee.gov/files/2024-01/SP%2083-A%20Arena%2021-Sept-2023.pdf,https://www.bsee.gov/sites/bsee.gov/files/2024-01/SP 83-A Arena 21-Sept-2023.pdf,false,SP 83-A Arena 21-Sept-2023.pdf,SP,83 A,Arena,21-Sept-2023,2023-09-21,2023,false,,,09-21-2023,1505,G05052,SP 83 A,Injury,1,,,,15162dec819c800e0818ec83b4de258d5f9488753280972316a30725e7dd4bd6,
district,https://www.bsee.gov/what-we-do/incident-investigations/offshore-incident-investigations/district-investigation-reports,2023,,0,/sites/bsee.gov/files/2024-02/AC%20735%20Shell%2008-Dec-2023.pdf,https://www.bsee.gov/sites/bsee.gov/files/2024-02/AC%20735%20Shell%2008-Dec-2023.pdf,https://www.bsee.gov/sites/bsee.gov/files/2024-02/AC 735 Shell 08-Dec-2023.pdf,false,AC 735 Shell 08-Dec-2023.pdf,AC,735,Shell,08-Dec-2023,2023-12-08,2023,false,,,12-23-2023,0845,,AC 735,"Required Evacuation, LTA (>3 days)",1,,,,56e2cf80ef2be362298459e360754915b7f12adfdf1a484d5f17ad72bbf168c5,
district,https://www.bsee.gov/what-we-do/incident-investigations/offshore-incident-investigations/district-investigation-reports,2023,,0,/sites/bsee.gov/files/2024-02/EI%20252I_Arena_20-AUG-2023.pdf,https://www.bsee.gov/sites/bsee.gov/files/2024-02/EI%20252I_Arena_20-AUG-2023.pdf,https://www.bsee.gov/sites/bsee.gov/files/2024-02/EI 252I_Arena_20-AUG-2023.pdf,false,EI 252I_Arena_20-AUG-2023.pdf,EI,252I,Arena,20-AUG-2023,2023-08-20,2023,false,,,08-20-2023,1000,G00983,EI 2521 I,"Crane, Incident > 25 K",1,,,,76b57f637a2c034cd2397a83b37cc4bd1541a7dbc59cd501c2374eb4ca8e0e5a,
district,https://www.bsee.gov/what-we-do/incident-investigations/offshore-incident-investigations/district-investigation-reports,2023,,0,/sites/bsee.gov/files/2024-02/MC%20127%20Anadarko%2021-Oct-2023%20Redacted.pdf,https://www.bsee.gov/sites/bsee.gov/files/2024-02/MC%20127%20Anadarko%2021-Oct-2023%20Redacted.pdf,https://www.bsee.gov/sites/bsee.gov/files/2024-02/MC 127 Anadarko 21-Oct-2023 Redacted.pdf,false,MC 127 Anadarko 21-Oct-2023 Redacted.pdf,MC,127,Anadarko,21-Oct-2023,2023-10-21,2023,true,,,10-21-2023,1304,G19925,MC 127,Crane,1,,,,da17a7015f1c0417db9fde3450172582aa754da6013abf168829c877d31c6dd6,
district,https://www.bsee.gov/what-we-do/incident-investigations/offshore-incident-investigations/district-investigation-reports,2023,,0,/sites/bsee.gov/files/2024-02/MC%20547%20LLOG%2024-Dec-2023.pdf,https://www.bsee.gov/sites/bsee.gov/files/2024-02/MC%20547%20LLOG%2024-Dec-2023.pdf,https://www.bsee.gov/sites/bsee.gov/files/2024-02/MC 547 LLOG 24-Dec-2023.pdf,false,MC 547 LLOG 24-Dec-2023.pdf,MC,547,LLOG,24-Dec-2023,2023-12-24,2023,false,,,12-24-2023,0743,G32334,MC 547,"Fire, Incident > 25K, Muster",1,,,,b8d3c2d3ff9c5382e3a2ad9b63e3cff5767a802562c03e09f022f56cfc6582f3,
district,https://www.bsee.gov/what-we-do/incident-investigations/offshore-incident-investigations/district-investigation-reports,2023,,0,/sites/bsee.gov/files/2024-02/MC%20807-B%20Shell%2006-Jan-2023.pdf,https://www.bsee.gov/sites/bsee.gov/files/2024-02/MC%20807-B%20Shell%2006-Jan-2023.pdf,https://www.bsee.gov/sites/bsee.gov/files/2024-02/MC 807-B Shell 06-Jan-2023.pdf,false,MC 807-B Shell 06-Jan-2023.pdf,MC,807 B,Shell,06-Jan-2023,2023-01-06,2023,false,,,01-06-2023,1300,,MC 807 B,Pollution,1,,,,0b88a147f87ff3e4fb2a7135b8502f66f9f4de0fdff49ea7a098c1bbd0c02c32,
district,https://www.bsee.gov/what-we-do/incident-investigations/offshore-incident-investigations/district-investigation-reports,2023,,0,/sites/bsee.gov/files/2024-02/SS%20224_Talos_31-JAN-2023.pdf,https://www.bsee.gov/sites/bsee.gov/files/2024-02/SS%20224_Talos_31-JAN-2023.pdf,https://www.bsee.gov/sites/bsee.gov/files/2024-02/SS 224_Talos_31-JAN-2023.pdf,false,SS 224_Talos_31-JAN-2023.pdf,SS,224,Talos,31-JAN-2023,2023-01-31,2023,false,,,01-31-2023,1045,G01023,SS 224 E,Structural damage,1,,,,bd250116aa8223391ca314d96906effa5f89c37eb5d496b1e0b9f069b5b53261,
district,https://www.bsee.gov/what-we-do/incident-investigations/offshore-incident-investigations/district-investigation-reports,2023,,0,/sites/bsee.gov/files/2024-03/MC%20520%20BP%2007-Jun-2023.pdf,https://www.bsee.gov/sites/bsee.gov/files/2024-03/MC%20520%20BP%2007-Jun-2023.pdf,https://www.bsee.gov/sites/bsee.gov/files/2024-03/MC 520 BP 07-Jun-2023.pdf,false,MC 520 BP 07-Jun-2023.pdf,MC,520,BP,07-Jun-2023,2023-06-07,2023,false,,,06-07-2023,1100,G09821,MC 520,Other Lifting: Elevators,1,,,,0757e28551f297c8c6332ee93e6da3bb7dcfc0a5a4ce841452dfc0f1dad53f58,
district,https://www.bsee.gov/what-we-do/incident-investigations/offshore-incident-investigations/district-investigation-reports,2023,,0,/sites/bsee.gov/files/2024-04/21-MAR-2023_WR758_Chevron_EV2010R.pdf,https://www.bsee.gov/sites/bsee.gov/files/2024-04/21-MAR-2023_WR758_Chevron_EV2010R.pdf,https://www.bsee.gov/sites/bsee.gov/files/2024-04/21-MAR-2023_WR758_Chevron_EV2010R.pdf,false,21-MAR-2023_WR758_Chevron_EV2010R.pdf,WR,758,Chevron,21-MAR-2023,2023-03-21,2023,false,,,03-20-2023,0230,G17015,WR 758,Other Lifting - Dropped Object,1,,,,02605332cba4b6e3f24d6a6cf7bff17acc72a7bfdb4bf7d2c0895202c13534bb,
district,https://www.bsee.gov/what-we-do/incident-investigations/offshore-incident-investigations/district-investigation-reports,2023,,0,/sites/bsee.gov/files/2024-04/EI%20259C_Cox_13-OCT-2023_EV2010R.pdf,https://www.bsee.gov/sites/bsee.gov/files/2024-04/EI%20259C_Cox_13-OCT-2023_EV2010R.pdf,https://www.bsee.gov/sites/bsee.gov/files/2024-04/EI 259C_Cox_13-OCT-2023_EV2010R.pdf,false,EI 259C_Cox_13-OCT-2023_EV2010R.pdf,EI,259C,Cox,13-OCT-2023,2023-10-13,2023,false,,,10-13-2023,1745,G00985,EI 259 C,"Required Evacuation, LTA (> 3 days)",1,,,,9df725f8d67da3cee7b8aa38f5e488783e7bef57a6252024629cf43faf079758,
district,https://www.bsee.gov/what-we-do/incident-investigations/offshore-incident-investigations/district-investigation-reports,2024,,0,/sites/bsee.gov/files/2024-05/13-MAR-2024_SS189_WOG_EV2010.pdf,https://www.bsee.gov/sites/bsee.gov/files/2024-05/13-MAR-2024_SS189_WOG_EV2010.pdf,https://www.bsee.gov/sites/bsee.gov/files/2024-05/13-MAR-2024_SS189_WOG_EV2010.pdf,false,13-MAR-2024_SS189_WOG_EV2010.pdf,SS,189,WOG,13-MAR-2024,2024-03-13,2024,false,,,03-13-2024,2010,G04232,SS 189,Crane,1,,,,545b2c47213822d3d2fc596e86ec9ed831276e44fb1e0e94ddc11c74dc3a3fbb,
district,https://www.bsee.gov/what-we-do/incident-investigations/offshore-incident-investigations/district-investigation-reports,2024,,0,/sites/bsee.gov/files/2024-05/28-MAR-2024_WR%2051_BOE_EV2010R.pdf,https://www.bsee.gov/sites/bsee.gov/files/2024-05/28-MAR-2024_WR%2051_BOE_EV2010R.pdf,https://www.bsee.gov/sites/bsee.gov/files/2024-05/28-MAR-2024_WR 51_BOE_EV2010R.pdf,false,28-MAR-2024_WR 51_BOE_EV2010R.pdf,WR,51,BOE,28-MAR-2024,2024-03-28,2024,false,,,03-28-2024,2200,G31938,WR 51,Required Evacuation - RW/JT (> 3 days),1,,,,ffd0411923ac933b47fc7bed4393f9cb633a971aa4c8ed8728da44434d396f7d,
district,https://www.bsee.gov/what-we-do/incident-investigations/offshore-incident-investigations/district-investigation-reports,2024,,0,/sites/bsee.gov/files/2024-05/MC%20899%20Shell%20%2013-Feb-2024.pdf,https://www.bsee.gov/sites/bsee.gov/files/2024-05/MC%20899%20Shell%20%2013-Feb-2024.pdf,https://www.bsee.gov/sites/bsee.gov/files/2024-05/MC 899 Shell  13-Feb-2024.pdf,false,MC 899 Shell  13-Feb-2024.pdf,MC,899,Shell,13-Feb-2024,2024-02-13,2024,false,,,02-13-2024,2035,G09896,MC 899,"LTA (>3 days) Other Injury -Required Evacuation - Flushing 6"" hoses",1,,,,505c8d0e5ab074d6d73f155ffa1524024f2d25328de5d7a3dad644d89a1d3326,
district,https://www.bsee.gov/what-we-do/incident-investigations/offshore-incident-investigations/district-investigation-reports,2024,,0,/sites/bsee.gov/files/2024-06/16%20Feb%202024_WR%2029%20_Chevron_EV2010R.pdf,https://www.bsee.gov/sites/bsee.gov/files/2024-06/16%20Feb%202024_WR%2029%20_Chevron_EV2010R.pdf,https://www.bsee.gov/sites/bsee.gov/files/2024-06/16 Feb 2024_WR 29 _Chevron_EV2010R.pdf,false,16 Feb 2024_WR 29 _Chevron_EV2010R.pdf,WR,29,Chevron,16 Feb 2024,2024-02-16,2024,false,,,02-16-2024,1335,G16942,WR 29,"Injury Requiring Evacuation - LTA (>3 days), Crane",1,,,,75f08f1d17b4d0e41d0281f243988b7750ce47f5b95e37d2507d3ac0827049f7,
district,https://www.bsee.gov/what-we-do/incident-investigations/offshore-incident-investigations/district-investigation-reports,2024,,0,/sites/bsee.gov/files/2024-07/07-MAR-2024_KC%20785_LLOG_EV2010R%20%281%29.pdf,https://www.bsee.gov/sites/bsee.gov/files/2024-07/07-MAR-2024_KC%20785_LLOG_EV2010R%20%281%29.pdf,https://www.bsee.gov/sites/bsee.gov/files/2024-07/07-MAR-2024_KC 785_LLOG_EV2010R (1).pdf,false,07-MAR-2024_KC 785_LLOG_EV2010R (1).pdf,KC,785,LLOG,07-MAR-2024,2024-03-07,2024,false,(1),,03-07-2024,1500,G25806,KC 785,"Required Evacuation, LTA > 3 days, Other Lifting - Air Tugger",1,,,,d7940abe91589643ff71f797bad35e33d63384e8606ee4451dd6608e05367fee,
district,https://www.bsee.gov/what-we-do/incident-investigations/offshore-incident-investigations/district-investigation-reports,2024,,0,/sites/bsee.gov/files/2024-07/18%20Jan%202024_GC%20478_Murphy_%20EV2010R.pdf,https://www.bsee.gov/sites/bsee.gov/files/2024-07/18%20Jan%202024_GC%20478_Murphy_%20EV2010R.pdf,https://www.bsee.gov/sites/bsee.gov/files/2024-07/18 Jan 2024_GC 478_Murphy_ EV2010R.pdf,false,18 Jan 2024_GC 478_Murphy_ EV2010R.pdf,GC,478,Murphy,18 Jan 2024,2024-01-18,2024,false,,,01-18-2024,1303,G35662,GC 478,"Other Lifting, Incident > $25,000",1,,,,a822b9c17a3675836994aa8d521d139035540a8bd2daf9edb8823b6e6a786a69,
district,https://www.bsee.gov/what-we-do/incident-investigations/offshore-incident-investigations/district-investigation-reports,2024,,0,/sites/bsee.gov/files/2024-07/GA%20A%20244-JP%20Williams%20Oil%20Gathering%2007-Feb-2024.pdf,https://www.bsee.gov/sites/bsee.gov/files/2024-07/GA%20A%20244-JP%20Williams%20Oil%20Gathering%2007-Feb-2024.pdf,https://www.bsee.gov/sites/bsee.gov/files/2024-07/GA A 244-JP Williams Oil Gathering 07-Feb-2024.pdf,false,GA A 244-JP Williams Oil Gathering 07-Feb-2024.pdf,GA,A 244,JP Williams Oil Gathering,07-Feb-2024,2024-02-07,2024,false,,,02-07-2024,0855,G2249,GA A 244JP,LTA (>3 days),1,,,,cea35f887cbd8728feb9bf2b6ac100c05dd7e3c09971eb35c88e9217168ac5bf,
district,https://www.bsee.gov/what-we-do/incident-investigations/offshore-incident-investigations/district-investigation-reports,2024,,0,/sites/bsee.gov/files/2024-07/GB-506_Talos_20-MAR-2024_EV2010R.pdf,https://www.bsee.gov/sites/bsee.gov/files/2024-07/GB-506_Talos_20-MAR-2024_EV2010R.pdf,https://www.bsee.gov/sites/bsee.gov/files/2024-07/GB-506_Talos_20-MAR-2024_EV2010R.pdf,false,GB-506_Talos_20-MAR-2024_EV2010R.pdf,GB,506,Talos,20-MAR-2024,2024-03-20,2024,false,,,03-20-2024,0700,G26664,GB 506,"Injury, RW/JT > 3 days",1,,,,ba301a688751728fa9f1042675c4e35abf27da617c4f012bf421bf77fde77aa5,
district,https://www.bsee.gov/what-we-do/incident-investigations/offshore-incident-investigations/district-investigation-reports,2024,,0,/sites/bsee.gov/files/2024-07/ST23CC_Cantium_29-JAN-2024_EV2010R.pdf,https://www.bsee.gov/sites/bsee.gov/files/2024-07/ST23CC_Cantium_29-JAN-2024_EV2010R.pdf,https://www.bsee.gov/sites/bsee.gov/files/2024-07/ST23CC_Cantium_29-JAN-2024_EV2010R.pdf,false,ST23CC_Cantium_29-JAN-2024_EV2010R.pdf,,,ST23CC Cantium,29-JAN-2024,2024-01-29,2024,false,,no_area_block_in_filename,01-29-2024,1900,00386,ST 23 CC,"Fire, Damages >25K",1,,,,992e12de2793ddfa0da6464f0f22e3a8490400d2fe86bb328dcb94775777cafc,
district,https://www.bsee.gov/what-we-do/incident-investigations/offshore-incident-investigations/district-investigation-reports,2024,,0,/sites/bsee.gov/files/2024-07/VR%20369-A%20Renaissance%2004-Apr-2024.pdf,https://www.bsee.gov/sites/bsee.gov/files/2024-07/VR%20369-A%20Renaissance%2004-Apr-2024.pdf,https://www.bsee.gov/sites/bsee.gov/files/2024-07/VR 369-A Renaissance 04-Apr-2024.pdf,false,VR 369-A Renaissance 04-Apr-2024.pdf,VR,369 A,Renaissance,04-Apr-2024,2024-04-04,2024,false,,,04-04-2024,2230,G02274,VR 369 A,LTA (>3 days),1,,,,a4d23261dba2a53c0cbd782b7a443c7ab144711d4cd4a7d53aa14b58677e1e6a,
district,https://www.bsee.gov/what-we-do/incident-investigations/offshore-incident-investigations/district-investigation-reports,2023,,0,/sites/bsee.gov/files/2024-08/18-JUN-2023_Chevron_Platform%20Gail_EV2010R.pdf,https://www.bsee.gov/sites/bsee.gov/files/2024-08/18-JUN-2023_Chevron_Platform%20Gail_EV2010R.pdf,https://www.bsee.gov/sites/bsee.gov/files/2024-08/18-JUN-2023_Chevron_Platform Gail_EV2010R.pdf,false,18-JUN-2023_Chevron_Platform Gail_EV2010R.pdf,,,Chevron Platform Gail,18-JUN-2023,2023-06-18,2023,false,,no_area_block_in_filename,06-18-2023,1835,P00205,LA 6912,"Required Evacuation, LTA (> 3 days), Other Lifting",1,,,,ebd33facb5748c2791e742be179fc6b7c542819aed6093e613299b56832bcf5e,
district,https://www.bsee.gov/what-we-do/incident-investigations/offshore-incident-investigations/district-investigation-reports,2024,,0,/sites/bsee.gov/files/2024-08/22-Apr-2024_GC%20389_%20Murphy%20EV2010R.pdf,https://www.bsee.gov/sites/bsee.gov/files/2024-08/22-Apr-2024_GC%20389_%20Murphy%20EV2010R.pdf,https://www.bsee.gov/sites/bsee.gov/files/2024-08/22-Apr-2024_GC 389_ Murphy EV2010R.pdf,false,22-Apr-2024_GC 389_ Murphy EV2010R.pdf,GC,389,Murphy,22-Apr-2024,2024-04-22,2024,false,,,04-24-2024,0815,G35864,GC 389,Required Evacuation - RW/JT (> 3 days),1,,,,94c69b833181932c17320444e1375e05cd4c9c5a9da03ed7c0188f6311a13842,
district,https://www.bsee.gov/what-we-do/incident-investigations/offshore-incident-investigations/district-investigation-reports,2023,,0,/sites/bsee.gov/files/2024-08/31-MAY-2023_GC468_EV2010R-2.pdf,https://www.bsee.gov/sites/bsee.gov/files/2024-08/31-MAY-2023_GC468_EV2010R-2.pdf,https://www.bsee.gov/sites/bsee.gov/files/2024-08/31-MAY-2023_GC468_EV2010R-2.pdf,false,31-MAY-2023_GC468_EV2010R-2.pdf,GC,468,,31-MAY-2023,2023-05-31,2023,false,,no_operator_in_filename,05-31-2023,0900,G26313,GC 468,"Other Lifting, Evac, LTA>3 days",1,,,,0721d46ed9082872ee793c84316de95c1f27fd6db6e6dd2cadc8aab02a1567ae,
district,https://www.bsee.gov/what-we-do/incident-investigations/offshore-incident-investigations/district-investigation-reports,2024,,0,/sites/bsee.gov/files/2024-08/31-May-2024%20-%20GC52%20-MC%20Offshore%20EV2010R.pdf,https://www.bsee.gov/sites/bsee.gov/files/2024-08/31-May-2024%20-%20GC52%20-MC%20Offshore%20EV2010R.pdf,https://www.bsee.gov/sites/bsee.gov/files/2024-08/31-May-2024 - GC52 -MC Offshore EV2010R.pdf,false,31-May-2024 - GC52 -MC Offshore EV2010R.pdf,GC,52,MC Offshore,31-May-2024,2024-05-31,2024,false,,,05-31-2024,0100,G05884,GC 52,"Crane, Incident > 25K",1,,,,9d58618f92d250c39b7fd67336f2df25528c339c8ea490e9ac08bdfcd3240e56,
district,https://www.bsee.gov/what-we-do/incident-investigations/offshore-incident-investigations/district-investigation-reports,2024,,0,/sites/bsee.gov/files/2024-08/SM%20128B_Arena_16-JAN-2024_EV2010R.pdf,https://www.bsee.gov/sites/bsee.gov/files/2024-08/SM%20128B_Arena_16-JAN-2024_EV2010R.pdf,https://www.bsee.gov/sites/bsee.gov/files/2024-08/SM 128B_Arena_16-JAN-2024_EV2010R.pdf,false,SM 128B_Arena_16-JAN-2024_EV2010R.pdf,SM,128B,Arena,16-JAN-2024,2024-01-16,2024,false,,,01-16-2024,0252,G02587,SM 128 B,"Fire, Incident > $25K, Damaged/Disabled Safety System",1,,,,55f1d7fba38e7cceca1583a6bf9638bffca75592952d31bf520841d94e3b48a7,
district,https://www.bsee.gov/what-we-do/incident-investigations/offshore-incident-investigations/district-investigation-reports,2023,,0,/sites/bsee.gov/files/2024-08/SM%20130B_Talos_15-DEC-2023_EV2010R.pdf,https://www.bsee.gov/sites/bsee.gov/files/2024-08/SM%20130B_Talos_15-DEC-2023_EV2010R.pdf,https://www.bsee.gov/sites/bsee.gov/files/2024-08/SM 130B_Talos_15-DEC-2023_EV2010R.pdf,false,SM 130B_Talos_15-DEC-2023_EV2010R.pdf,SM,130B,Talos,15-DEC-2023,2023-12-15,2023,false,,,12-15-2023,0520,G02280,SM 130 B,"Fire, Incident > $25K, Required muster, Shut down from Gas Release, Structural damage, Damaged/Disabled Safety System",1,,,,60c616306c0f13e39bb15e056d46cc9d33d6662e02a0b82517faba9b26e6437f,
district,https://www.bsee.gov/what-we-do/incident-investigations/offshore-incident-investigations/district-investigation-reports,2024,,0,/sites/bsee.gov/files/2024-08/W%20%26%20T%20%20HI%20A%20379-B%202010%20Report%2021-Feb-2024.pdf,https://www.bsee.gov/sites/bsee.gov/files/2024-08/W%20&%20T%20%20HI%20A%20379-B%202010%20Report%2021-Feb-2024.pdf,https://www.bsee.gov/sites/bsee.gov/files/2024-08/W & T  HI A 379-B 2010 Report 21-Feb-2024.pdf,false,W & T  HI A 379-B 2010 Report 21-Feb-2024.pdf,HI,A 379 B,W & T,21-Feb-2024,2024-02-21,2024,false,,,02-21-2024,1319,G13808,HI A 379B,Fire,1,,,,0595526ee0476e62d79b4ecae5142923a95fc9f3ecc3bbb253dedf0a2fb4914a,
district,https://www.bsee.gov/what-we-do/incident-investigations/offshore-incident-investigations/district-investigation-reports,2024,,0,/sites/bsee.gov/files/2024-09/11-JUL-2024_HIA5_MantaRay_EV2010R%20%281%29_0.pdf,https://www.bsee.gov/sites/bsee.gov/files/2024-09/11-JUL-2024_HIA5_MantaRay_EV2010R%20%281%29_0.pdf,https://www.bsee.gov/sites/bsee.gov/files/2024-09/11-JUL-2024_HIA5_MantaRay_EV2010R (1)_0.pdf,false,11-JUL-2024_HIA5_MantaRay_EV2010R (1)_0.pdf,HIA,5,MantaRay,11-JUL-2024,2024-07-11,2024,false,(1)_0,,07-11-2024,0730,,HI A 5,"Injury, Required Evacuation, LTA (>3 days)",1,,,,18a277e00c9c957910bfce23bd8251dcacb728832bbd74792146897fd3984791,
district,https://www.bsee.gov/what-we-do/incident-investigations/offshore-incident-investigations/district-investigation-reports,2024,,0,/sites/bsee.gov/files/2024-11/SM130_Talos_25-FEB-2024_EV2010R.pdf,https://www.bsee.gov/sites/bsee.gov/files/2024-11/SM130_Talos_25-FEB-2024_EV2010R.pdf,https://www.bsee.gov/sites/bsee.gov/files/2024-11/SM130_Talos_25-FEB-2024_EV2010R.pdf,false,SM130_Talos_25-FEB-2024_EV2010R.pdf,SM,130,Talos,25-FEB-2024,2024-02-25,2024,false,,,02-25-2024,0930,G02280,SM 130 B,"Crane, Incident > $25K",1,,,,37dbe5c69d323fa5ffac237ce690079fe69c8a19482d633c7276449d5bb4f4e9,
district,https://www.bsee.gov/what-we-do/incident-investigations/offshore-incident-investigations/district-investigation-reports,2024,,0,/sites/bsee.gov/files/2024-12/02-May-2024_GC%20478_Murphy%20EV2010R.pdf,https://www.bsee.gov/sites/bsee.gov/files/2024-12/02-May-2024_GC%20478_Murphy%20EV2010R.pdf,https://www.bsee.gov/sites/bsee.gov/files/2024-12/02-May-2024_GC 478_Murphy EV2010R.pdf,false,02-May-2024_GC 478_Murphy EV2010R.pdf,GC,478,Murphy,02-May-2024,2024-05-02,2024,false,,,05-02-2024,1620,G35662,GC 478,Crane; Incident > 25K,1,,,,d8336f7b151e84441bd962cf9aa7b55b9efd5bd807d59b6afc388fa6103c45f4,
district,https://www.bsee.gov/what-we-do/incident-investigations/offshore-incident-investigations/district-investigation-reports,2024,,0,/sites/bsee.gov/files/2024-12/08-July-2024_ST%2023CC_Cantium%20EV2010R.pdf,https://www.bsee.gov/sites/bsee.gov/files/2024-12/08-July-2024_ST%2023CC_Cantium%20EV2010R.pdf,https://www.bsee.gov/sites/bsee.gov/files/2024-12/08-July-2024_ST 23CC_Cantium EV2010R.pdf,false,08-July-2024_ST 23CC_Cantium EV2010R.pdf,,,ST 23CC Cantium,08-July-2024,2024-07-08,2024,false,,no_area_block_in_filename,07-08-2024,1908,G00166,ST 23CC,Other Lifting,1,,,,1010deb67c7796fc84674e9590118831f2857f6165fc32009c4ac954e85d3a5c,
district,https://www.bsee.gov/what-we-do/incident-investigations/offshore-incident-investigations/district-investigation-reports,2024,,0,/sites/bsee.gov/files/2024-12/20-July-2024_SS%20224D_Talos%20EV2010R.pdf,https://www.bsee.gov/sites/bsee.gov/files/2024-12/20-July-2024_SS%20224D_Talos%20EV2010R.pdf,https://www.bsee.gov/sites/bsee.gov/files/2024-12/20-July-2024_SS 224D_Talos EV2010R.pdf,false,20-July-2024_SS 224D_Talos EV2010R.pdf,SS,224D,Talos,20-July-2024,2024-07-20,2024,false,,,07-20-2024,2200,G01023,SS 224D,Required Evacuation; LTA > 3 Days,1,,,,ffefb6760b6680d484449c58fa037b35edab879f8b629e4467166073e8200d4e,
district,https://www.bsee.gov/what-we-do/incident-investigations/offshore-incident-investigations/district-investigation-reports,2024,,0,/sites/bsee.gov/files/2024-12/AC%20337%20LLOG%2027-SEP-2024.pdf,https://www.bsee.gov/sites/bsee.gov/files/2024-12/AC%20337%20LLOG%2027-SEP-2024.pdf,https://www.bsee.gov/sites/bsee.gov/files/2024-12/AC 337 LLOG 27-SEP-2024.pdf,false,AC 337 LLOG 27-SEP-2024.pdf,AC,337,LLOG,27-SEP-2024,2024-09-27,2024,false,,,09-27-2024,0200,G36103,AC 337,"Required Evacuation, LTA (>3 days), Crane, Other (Slip trip Fall)",1,,,,6c028c6c29aad451ed12038e749520197826695b555f6e0794cb776d100b1f58,
district,https://www.bsee.gov/what-we-do/incident-investigations/offshore-incident-investigations/district-investigation-reports,2024,,0,/sites/bsee.gov/files/2024-12/AC%20857%20Shell%2003-Oct-2024.pdf,https://www.bsee.gov/sites/bsee.gov/files/2024-12/AC%20857%20Shell%2003-Oct-2024.pdf,https://www.bsee.gov/sites/bsee.gov/files/2024-12/AC 857 Shell 03-Oct-2024.pdf,false,AC 857 Shell 03-Oct-2024.pdf,AC,857,Shell,03-Oct-2024,2024-10-03,2024,false,,,10-03-2024,0900,G17565,AC 857,"Fire, Incident > 25K (Damaged Buss bars/Main Breaker)",1,,,,0f6c6ac748baccb3bc4574a9d3a61c24d7a1291184bdd9fbb5e3b9e2cdb8afc6,
district,https://www.bsee.gov/what-we-do/incident-investigations/offshore-incident-investigations/district-investigation-reports,2024,,0,/sites/bsee.gov/files/2024-12/MC%20391%20Shell%2005-MAR-2024.pdf,https://www.bsee.gov/sites/bsee.gov/files/2024-12/MC%20391%20Shell%2005-MAR-2024.pdf,https://www.bsee.gov/sites/bsee.gov/files/2024-12/MC 391 Shell 05-MAR-2024.pdf,false,MC 391 Shell 05-MAR-2024.pdf,MC,391,Shell,05-MAR-2024,2024-03-05,2024,false,,,03-05-2024,0415,G26252,MC 391,"Pollution, Incident > 25K, Other",1,,,,a22ea35463600fbd75ddb809a9ec431033bbaeae2aff58c24145ee249b851189,
district,https://www.bsee.gov/what-we-do/incident-investigations/offshore-incident-investigations/district-investigation-reports,2024,,0,/sites/bsee.gov/files/2024-12/MC%20607%20Chevron%2019-MAR-24.pdf,https://www.bsee.gov/sites/bsee.gov/files/2024-12/MC%20607%20Chevron%2019-MAR-24.pdf,https://www.bsee.gov/sites/bsee.gov/files/2024-12/MC 607 Chevron 19-MAR-24.pdf,false,MC 607 Chevron 19-MAR-24.pdf,MC,607,Chevron,19-MAR-24,2024-03-19,2024,false,,,03-19-2024,1330,G34451,MC 607,"Other Lifting, Incident > 25K",1,,,,c3202981321d95307f55d67c2414aa2bad07edf33cc6a9c0ad94be54cef95281,
district,https://www.bsee.gov/what-we-do/incident-investigations/offshore-incident-investigations/district-investigation-reports,2024,,0,/sites/bsee.gov/files/2024-12/MC%20727%20Kosmos%20Energy%2005-Jun-2024.pdf,https://www.bsee.gov/sites/bsee.gov/files/2024-12/MC%20727%20Kosmos%20Energy%2005-Jun-2024.pdf,https://www.bsee.gov/sites/bsee.gov/files/2024-12/MC 727 Kosmos Energy 05-Jun-2024.pdf,false,MC 727 Kosmos Energy 05-Jun-2024.pdf,MC,727,Kosmos Energy,05-Jun-2024,2024-06-05,2024,false,,,06-05-2024,1538,G24102,MC 727,"Required Muster, Incident > 25K, Other",1,,,,9d70d819512eda539161ab652df69cc27c479fb7491a59764d59da92512df10f,
district,https://www.bsee.gov/what-we-do/incident-investigations/offshore-incident-investigations/district-investigation-reports,2024,,0,/sites/bsee.gov/files/2024-12/VR%20170A%20Gulf%20Offshore%2011-AUG-2024.pdf,https://www.bsee.gov/sites/bsee.gov/files/2024-12/VR%20170A%20Gulf%20Offshore%2011-AUG-2024.pdf,https://www.bsee.gov/sites/bsee.gov/files/2024-12/VR 170A Gulf Offshore 11-AUG-2024.pdf,false,VR 170A Gulf Offshore 11-AUG-2024.pdf,VR,170A,Gulf Offshore,11-AUG-2024,2024-08-11,2024,false,,,08-11-2024,1910,,VR 170,"Fire, Explosion, Incident >$25,000, Required Muster, Injury Requiring Evacuation -  LTA (>3 days)",1,,,,b6eb47f201673d12ab5ce7cfae7f47a270f2801a47f0f7fb3c20e053d5eaf1b2,
district,https://www.bsee.gov/what-we-do/incident-investigations/offshore-incident-investigations/district-investigation-reports,2024,,0,/sites/bsee.gov/files/2025-02/AC%20337%20LLOG%2012-OCT-2024.pdf,https://www.bsee.gov/sites/bsee.gov/files/2025-02/AC%20337%20LLOG%2012-OCT-2024.pdf,https://www.bsee.gov/sites/bsee.gov/files/2025-02/AC 337 LLOG 12-OCT-2024.pdf,false,AC 337 LLOG 12-OCT-2024.pdf,AC,337,LLOG,12-OCT-2024,2024-10-12,2024,false,,,10-12-2024,0540,G36103,AC 337,LTA (>3 days) - Required Evacuation - Other Lifting Device,1,,,,57521a40bec0b7a6f1167d3d02ce4f93d4799c2e12085305ceb3b86471cb0232,
district,https://www.bsee.gov/what-we-do/incident-investigations/offshore-incident-investigations/district-investigation-reports,2024,,0,/sites/bsee.gov/files/2025-02/GB%20668%20Anadarko%2015-Nov-2024.pdf,https://www.bsee.gov/sites/bsee.gov/files/2025-02/GB%20668%20Anadarko%2015-Nov-2024.pdf,https://www.bsee.gov/sites/bsee.gov/files/2025-02/GB 668 Anadarko 15-Nov-2024.pdf,false,GB 668 Anadarko 15-Nov-2024.pdf,GB,668,Anadarko,15-Nov-2024,2024-11-15,2024,false,,,11-15-2024,0837,G17407,GB 668,Required Muster,1,,,,d4e9af17c1799dd875223e4c2c97ef895f43a56e318138899ee27cf3de55d5e9,
district,https://www.bsee.gov/what-we-do/incident-investigations/offshore-incident-investigations/district-investigation-reports,2024,,0,/sites/bsee.gov/files/2025-02/SM160_Talos_21-SEP-2024_EV2010R.pdf,https://www.bsee.gov/sites/bsee.gov/files/2025-02/SM160_Talos_21-SEP-2024_EV2010R.pdf,https://www.bsee.gov/sites/bsee.gov/files/2025-02/SM160_Talos_21-SEP-2024_EV2010R.pdf,false,SM160_Talos_21-SEP-2024_EV2010R.pdf,SM,160,Talos,21-SEP-2024,2024-09-21,2024,false,,,09-21-2024,1630,,SM 160,Required Evacuation; RW/JT > 3 Days,1,,,,3819b5c749a6dd22e83bb76dbf38ee2f9bd3449bddd49b3139a26a7a10deeed8,
district,https://www.bsee.gov/what-we-do/incident-investigations/offshore-incident-investigations/district-investigation-reports,2024,,0,/sites/bsee.gov/files/2025-03/10-Nov-2024_GC432_Murphy%20EV2010R.pdf,https://www.bsee.gov/sites/bsee.gov/files/2025-03/10-Nov-2024_GC432_Murphy%20EV2010R.pdf,https://www.bsee.gov/sites/bsee.gov/files/2025-03/10-Nov-2024_GC432_Murphy EV2010R.pdf,false,10-Nov-2024_GC432_Murphy EV2010R.pdf,GC,432,Murphy,10-Nov-2024,2024-11-10,2024,false,,,11-10-2024,0145,G32504,GC 432,"Required Evacuation, LTA (>3 days)",1,,,,566b2debef4ac91f6eaf0898081141f82d02de9c6d47e9d68493554365f37a7b,
district,https://www.bsee.gov/what-we-do/incident-investigations/offshore-incident-investigations/district-investigation-reports,2024,,0,/sites/bsee.gov/files/2025-03/GC%20584%2025-Dec-2024%20signed%202010%20redacted.pdf,https://www.bsee.gov/sites/bsee.gov/files/2025-03/GC%20584%2025-Dec-2024%20signed%202010%20redacted.pdf,https://www.bsee.gov/sites/bsee.gov/files/2025-03/GC 584 25-Dec-2024 signed 2010 redacted.pdf,false,GC 584 25-Dec-2024 signed 2010 redacted.pdf,GC,584,signed,25-Dec-2024,2024-12-25,2024,true,,,12-25-2024,1330,G36297,GC 584,LTA (>3 days) - Required Evacuation - Other Lifting Device,1,,,,bb08134d275fb9a2b4b0703edd91c822976106a5d2a03966196a28077c009e65,
district,https://www.bsee.gov/what-we-do/incident-investigations/offshore-incident-investigations/district-investigation-reports,2024,,0,/sites/bsee.gov/files/2025-03/VK%20915%20%20Anadarko%20Petroleum%20%2024-Nov-2024.pdf,https://www.bsee.gov/sites/bsee.gov/files/2025-03/VK%20915%20%20Anadarko%20Petroleum%20%2024-Nov-2024.pdf,https://www.bsee.gov/sites/bsee.gov/files/2025-03/VK 915  Anadarko Petroleum  24-Nov-2024.pdf,false,VK 915  Anadarko Petroleum  24-Nov-2024.pdf,VK,915,Anadarko Petroleum,24-Nov-2024,2024-11-24,2024,false,,,11-24-2024,1710,G06894,VK 915,"Required Muster, Shutdown from gas release",1,,,,ab8d380590d0a6e89581575e335d541758d61bc0018c175fe5e30b193670acea,
district,https://www.bsee.gov/what-we-do/incident-investigations/offshore-incident-investigations/district-investigation-reports,2025,,0,/sites/bsee.gov/files/2025-05/MC%20809%20Shell%2023-Feb-2025_0.pdf,https://www.bsee.gov/sites/bsee.gov/files/2025-05/MC%20809%20Shell%2023-Feb-2025_0.pdf,https://www.bsee.gov/sites/bsee.gov/files/2025-05/MC 809 Shell 23-Feb-2025_0.pdf,false,MC 809 Shell 23-Feb-2025_0.pdf,MC,809,Shell,23-Feb-2025,2025-02-23,2025,false,_0,,02-23-2025,0830,G05868,MC 809,"Required Evacuation, RW/JT (>3 days)",1,,,,7eacfcf23d0e64a6f4cedd76d39c81baa4a20be933c92c8042855e37f045659e,
district,https://www.bsee.gov/what-we-do/incident-investigations/offshore-incident-investigations/district-investigation-reports,2025,,0,/sites/bsee.gov/files/2025-06/EI%20307%20Guardian%2017_MAR_2025.pdf,https://www.bsee.gov/sites/bsee.gov/files/2025-06/EI%20307%20Guardian%2017_MAR_2025.pdf,https://www.bsee.gov/sites/bsee.gov/files/2025-06/EI 307 Guardian 17_MAR_2025.pdf,false,EI 307 Guardian 17_MAR_2025.pdf,EI,307,Guardian,17_MAR_2025,2025-03-17,2025,false,,,03-17-2025,2140,G02110,El 307A,Crane,1,,,,7d57ae979a0264bf58b0ab661bc06f4cdad05acee280252f12225927b559afbf,
district,https://www.bsee.gov/what-we-do/incident-investigations/offshore-incident-investigations/district-investigation-reports,2025,,0,/sites/bsee.gov/files/2025-06/GC%20432%20Murphy%2017-Feb-2025.pdf,https://www.bsee.gov/sites/bsee.gov/files/2025-06/GC%20432%20Murphy%2017-Feb-2025.pdf,https://www.bsee.gov/sites/bsee.gov/files/2025-06/GC 432 Murphy 17-Feb-2025.pdf,false,GC 432 Murphy 17-Feb-2025.pdf,GC,432,Murphy,17-Feb-2025,2025-02-17,2025,false,,,02-17-2025,1645,G32504,GC 432,Required Evacuation - Other Lifting Device,1,,,,f4097f3253c0bd7d3c39a7af5e1f0fac274a6755eacab00c0670a67b3384d3ae,
district,https://www.bsee.gov/what-we-do/incident-investigations/offshore-incident-investigations/district-investigation-reports,2025,,0,/sites/bsee.gov/files/2025-06/MC%20474%20BP%2008-FEB-2025.pdf,https://www.bsee.gov/sites/bsee.gov/files/2025-06/MC%20474%20BP%2008-FEB-2025.pdf,https://www.bsee.gov/sites/bsee.gov/files/2025-06/MC 474 BP 08-FEB-2025.pdf,false,MC 474 BP 08-FEB-2025.pdf,MC,474,BP,08-FEB-2025,2025-02-08,2025,false,,,02-08-2025,0700,,MC 474,Pollution,1,,,,b30e971d652455f20526705992a865ed28e4e0fda51932567cb8555d4bf96e26,
district,https://www.bsee.gov/what-we-do/incident-investigations/offshore-incident-investigations/district-investigation-reports,2025,,0,/sites/bsee.gov/files/2025-06/MC%20582%20A%20Murphy%2016-APR-2025.pdf,https://www.bsee.gov/sites/bsee.gov/files/2025-06/MC%20582%20A%20Murphy%2016-APR-2025.pdf,https://www.bsee.gov/sites/bsee.gov/files/2025-06/MC 582 A Murphy 16-APR-2025.pdf,false,MC 582 A Murphy 16-APR-2025.pdf,MC,582 A,Murphy,16-APR-2025,2025-04-16,2025,false,,,04-16-2025,1500,G16623,MC 582,Crane,1,,,,3ec2bc560d6962d474230f7a7b35d0e62f7a7f4dbf0d9a854794fddc17d33b57,
district,https://www.bsee.gov/what-we-do/incident-investigations/offshore-incident-investigations/district-investigation-reports,2025,,0,/sites/bsee.gov/files/2025-07/MP%20153%20B%20GOM%20Shelf%2003-May-2025.pdf,https://www.bsee.gov/sites/bsee.gov/files/2025-07/MP%20153%20B%20GOM%20Shelf%2003-May-2025.pdf,https://www.bsee.gov/sites/bsee.gov/files/2025-07/MP 153 B GOM Shelf 03-May-2025.pdf,false,MP 153 B GOM Shelf 03-May-2025.pdf,MP,153 B,GOM Shelf,03-May-2025,2025-05-03,2025,false,,,05-03-2025,0830,G01967,MP 153,Crane,1,,,,fb4ffda67999a2f098ac466995d4703ad3f5b262573b2d668b3e050357abe78c,
district,https://www.bsee.gov/what-we-do/incident-investigations/offshore-incident-investigations/district-investigation-reports,2024,,0,/sites/bsee.gov/files/2025-07/VK%20989%20A%20Talos%2002-Dec-2024.pdf,https://www.bsee.gov/sites/bsee.gov/files/2025-07/VK%20989%20A%20Talos%2002-Dec-2024.pdf,https://www.bsee.gov/sites/bsee.gov/files/2025-07/VK 989 A Talos 02-Dec-2024.pdf,false,VK 989 A Talos 02-Dec-2024.pdf,VK,989 A,Talos,02-Dec-2024,2024-12-02,2024,false,,,12-02-2024,0830,G06898,VK 989,"Incident >25K, Shutdown From Gas Release",1,,,,9998860fc8b20d535be1af523f682a8b2e8071a911a054f6d36a684176dfdc47,
district,https://www.bsee.gov/what-we-do/incident-investigations/offshore-incident-investigations/district-investigation-reports,2025,,0,/sites/bsee.gov/files/2025-08/EB%20602-A%20%20Anadarko%20%2021-May-2025.pdf,https://www.bsee.gov/sites/bsee.gov/files/2025-08/EB%20602-A%20%20Anadarko%20%2021-May-2025.pdf,https://www.bsee.gov/sites/bsee.gov/files/2025-08/EB 602-A  Anadarko  21-May-2025.pdf,false,EB 602-A  Anadarko  21-May-2025.pdf,EB,602 A,Anadarko,21-May-2025,2025-05-21,2025,false,,,05-21-2025,1345,G14205,EB 602 A,Crane,1,,,,fd65c4249691ada1e926e4fc284b43d308ff503e9ee4ff2848955ce275665051,
district,https://www.bsee.gov/what-we-do/incident-investigations/offshore-incident-investigations/district-investigation-reports,2025,,0,/sites/bsee.gov/files/2025-08/GI%2047%20AP%20GOM%20Shelf%2025-APR-2025.pdf,https://www.bsee.gov/sites/bsee.gov/files/2025-08/GI%2047%20AP%20GOM%20Shelf%2025-APR-2025.pdf,https://www.bsee.gov/sites/bsee.gov/files/2025-08/GI 47 AP GOM Shelf 25-APR-2025.pdf,false,GI 47 AP GOM Shelf 25-APR-2025.pdf,GI,47,AP GOM Shelf,25-APR-2025,2025-04-25,2025,false,,,04-25-2025,1330,00133,GI 47 AP,"Required Evacuation, Other Injury (Medical Treatment)",1,,,,abb6efbf7826e30d8ae19aabf283db6406d1f37cc515bbaa15afd8514b04d50d,
district,https://www.bsee.gov/what-we-do/incident-investigations/offshore-incident-investigations/district-investigation-reports,2025,,0,/sites/bsee.gov/files/2025-08/MP%2042%20D%20Cantium%2027-Apr-25.pdf,https://www.bsee.gov/sites/bsee.gov/files/2025-08/MP%2042%20D%20Cantium%2027-Apr-25.pdf,https://www.bsee.gov/sites/bsee.gov/files/2025-08/MP 42 D Cantium 27-Apr-25.pdf,false,MP 42 D Cantium 27-Apr-25.pdf,MP,42 D,Cantium,27-Apr-25,2025-04-27,2025,false,,,04-27-2025,1520,G00375,MP 42 D,"Explosion, Other (Items Overboard)/",1,,,,bc417d17abac2896e6f11d456047655e228232dd80f50d376cf8753e8e8a9209,
district,https://www.bsee.gov/what-we-do/incident-investigations/offshore-incident-investigations/district-investigation-reports,2025,,0,/sites/bsee.gov/files/2025-09/GB%20259%20Hess%2002-JUN-2025.pdf,https://www.bsee.gov/sites/bsee.gov/files/2025-09/GB%20259%20Hess%2002-JUN-2025.pdf,https://www.bsee.gov/sites/bsee.gov/files/2025-09/GB 259 Hess 02-JUN-2025.pdf,false,GB 259 Hess 02-JUN-2025.pdf,GB,259,Hess,02-JUN-2025,2025-06-02,2025,false,,,06-02-2025,2230,G-07461,GB 259,Required Evacuation - LTA (>3 days),1,,,,e4a9c0946f724e8af57d745636df4d36c3b08328d9b9d06bf2d2dfc64399ed6a,
district,https://www.bsee.gov/what-we-do/incident-investigations/offshore-incident-investigations/district-investigation-reports,2025,,0,/sites/bsee.gov/files/2025-09/GC%20868%20BP%2008-May-2025.pdf,https://www.bsee.gov/sites/bsee.gov/files/2025-09/GC%20868%20BP%2008-May-2025.pdf,https://www.bsee.gov/sites/bsee.gov/files/2025-09/GC 868 BP 08-May-2025.pdf,false,GC 868 BP 08-May-2025.pdf,GC,868,BP,08-May-2025,2025-05-08,2025,false,,,05-08-2025,0430,G33859,GC 868,Required Evacuation - RW/JT>3; Other Lifting (Chain Fall),1,,,,a7aa9946ea13ee050264174a81eb4a94d7f705746b5b9b01721a8db8f9e636c7,
district,https://www.bsee.gov/what-we-do/incident-investigations/offshore-incident-investigations/district-investigation-reports,2025,,0,/sites/bsee.gov/files/2025-09/MC%20127%20Anadarko%2009-MAY-2025.pdf,https://www.bsee.gov/sites/bsee.gov/files/2025-09/MC%20127%20Anadarko%2009-MAY-2025.pdf,https://www.bsee.gov/sites/bsee.gov/files/2025-09/MC 127 Anadarko 09-MAY-2025.pdf,false,MC 127 Anadarko 09-MAY-2025.pdf,MC,127,Anadarko,09-MAY-2025,2025-05-09,2025,false,,,05-09-2025,1530,G19925,MC 127 A,"Damaged/Disabled Safety Sys., Incident > 25k, Required Muster, Other Dropped Object",1,,,,c8c600e8ba4048e22df598f1d4632fae07e9f1d8f4587b544201a68b6d063e89,
district,https://www.bsee.gov/what-we-do/incident-investigations/offshore-incident-investigations/district-investigation-reports,2025,,0,/sites/bsee.gov/files/2025-09/MC%20300%20Murphy%2028-Mar-2025.pdf,https://www.bsee.gov/sites/bsee.gov/files/2025-09/MC%20300%20Murphy%2028-Mar-2025.pdf,https://www.bsee.gov/sites/bsee.gov/files/2025-09/MC 300 Murphy 28-Mar-2025.pdf,false,MC 300 Murphy 28-Mar-2025.pdf,MC,300,Murphy,28-Mar-2025,2025-03-28,2025,false,,,03-28-2025,1643,G22686,MC 300,"Pollution, Incident >$25K, Other",1,,,,d9fb60cb092ccf61906e81c6f48e3b33ccb1d0d156ec5f5c9b365ac7a89982af,
district,https://www.bsee.gov/what-we-do/incident-investigations/offshore-incident-investigations/district-investigation-reports,2025,,0,/sites/bsee.gov/files/2025-09/SP%2027%20NuGulf%2018-Jul-2025.pdf,https://www.bsee.gov/sites/bsee.gov/files/2025-09/SP%2027%20NuGulf%2018-Jul-2025.pdf,https://www.bsee.gov/sites/bsee.gov/files/2025-09/SP 27 NuGulf 18-Jul-2025.pdf,false,SP 27 NuGulf 18-Jul-2025.pdf,SP,27,NuGulf,18-Jul-2025,2025-07-18,2025,false,,,07-18-2025,0730,00693,SP 27,"Collision <25K, Structural Damage",1,,,,0d2d2654af665cde05e87f61065b4e1ebd72e554ec2a1185f1fa62a9dd5bb95a,
district,https://www.bsee.gov/what-we-do/incident-investigations/offshore-incident-investigations/district-investigation-reports,2025,,0,/sites/bsee.gov/files/2025-09/SS%2080%20W%26T%2007-Mar-2025.pdf,https://www.bsee.gov/sites/bsee.gov/files/2025-09/SS%2080%20W&T%2007-Mar-2025.pdf,https://www.bsee.gov/sites/bsee.gov/files/2025-09/SS 80 W&T 07-Mar-2025.pdf,false,SS 80 W&T 07-Mar-2025.pdf,SS,80,W&T,07-Mar-2025,2025-03-07,2025,false,,,03-07-2025,0815,G05537,SS 80,Required Evacuation - LTA>3; Fire,1,,,,a1ee0aba3a2fd0191eb0826957318ba2af3d3d7a6a84ff6d28f8fa27963879a0,
district,https://www.bsee.gov/what-we-do/incident-investigations/offshore-incident-investigations/district-investigation-reports,2025,,0,/sites/bsee.gov/files/2025-09/VK%20915%20Anadarko%2004-May-2025.pdf,https://www.bsee.gov/sites/bsee.gov/files/2025-09/VK%20915%20Anadarko%2004-May-2025.pdf,https://www.bsee.gov/sites/bsee.gov/files/2025-09/VK 915 Anadarko 04-May-2025.pdf,false,VK 915 Anadarko 04-May-2025.pdf,VK,915,Anadarko,04-May-2025,2025-05-04,2025,false,,,05-04-2025,0445,G06894,VK 915 A,"Collision >$25K, Incident >$25K, Other",1,,,,70e5910a870946e141e6041c8bddd6b18bad3071ec3632b6e4169f2367a53312,
district,https://www.bsee.gov/what-we-do/incident-investigations/offshore-incident-investigations/district-investigation-reports,2025,,0,/sites/bsee.gov/files/2025-11/EV2010R%20-%20GB%20215.pdf,https://www.bsee.gov/sites/bsee.gov/files/2025-11/EV2010R%20-%20GB%20215.pdf,https://www.bsee.gov/sites/bsee.gov/files/2025-11/EV2010R - GB 215.pdf,false,EV2010R - GB 215.pdf,GB,215,,,,,false,,no_date_token;no_operator_in_filename,07-17-2025,0752,G09216,GB 215,Multiple Injuries,1,,,,097ceda35a361eb68b606826a608bb797d6ab46cda5be45fa841560ed9251ab7,
district,https://www.bsee.gov/what-we-do/incident-investigations/offshore-incident-investigations/district-investigation-reports,2025,,0,/sites/bsee.gov/files/2025-11/EV2010R%20-%20MC%20773.pdf,https://www.bsee.gov/sites/bsee.gov/files/2025-11/EV2010R%20-%20MC%20773.pdf,https://www.bsee.gov/sites/bsee.gov/files/2025-11/EV2010R - MC 773.pdf,false,EV2010R - MC 773.pdf,MC,773,,,,,false,,no_date_token;no_operator_in_filename,07-16-2025,1810,G19996,MC 773,Structural Damage,1,,,,92a1fa09580fbac4b2574981f754a8ee061cd3cd6bc72eed8d77b94ba79f9a56,
district,https://www.bsee.gov/what-we-do/incident-investigations/offshore-incident-investigations/district-investigation-reports,2025,,0,/sites/bsee.gov/files/2025-11/EV2010R%20-%20VR%2038.pdf,https://www.bsee.gov/sites/bsee.gov/files/2025-11/EV2010R%20-%20VR%2038.pdf,https://www.bsee.gov/sites/bsee.gov/files/2025-11/EV2010R - VR 38.pdf,false,EV2010R - VR 38.pdf,VR,38,,,,,false,,no_date_token;no_operator_in_filename,07-12-2025,1530,00204,VR 38,"Required Evacuation, LTA > 3 days, Crane, Incident > $25k",1,,,,704cdd4cf30da7073ab868484d9f413822b15a9574638229f9420d2fca6fc4a5,
district,https://www.bsee.gov/what-we-do/incident-investigations/offshore-incident-investigations/district-investigation-reports,2025,,0,/sites/bsee.gov/files/2025-11/EV2010R%20-%20WR%20249.pdf,https://www.bsee.gov/sites/bsee.gov/files/2025-11/EV2010R%20-%20WR%20249.pdf,https://www.bsee.gov/sites/bsee.gov/files/2025-11/EV2010R - WR 249.pdf,false,EV2010R - WR 249.pdf,WR,249,,,,,false,,no_date_token;no_operator_in_filename,04-28-2025,1022,G30369,WR 249,"Injury, Explosion, Incident > $25k",1,,,,451298168ee937da0d6abe4ec22fe3a9ba4f71d6741e7a38ceb9a22dad5e3bda,
district,https://www.bsee.gov/what-we-do/incident-investigations/offshore-incident-investigations/district-investigation-reports,2025,,0,/sites/bsee.gov/files/2025-11/ST%20229%20W%26T%2009-May-2025.pdf,https://www.bsee.gov/sites/bsee.gov/files/2025-11/ST%20229%20W&T%2009-May-2025.pdf,https://www.bsee.gov/sites/bsee.gov/files/2025-11/ST 229 W&T 09-May-2025.pdf,false,ST 229 W&T 09-May-2025.pdf,ST,229,W&T,09-May-2025,2025-05-09,2025,false,,,05-09-2025,0900,G13938,ST 229,Required Evacuation - Other Injury (First Aid); Crane,1,,,,dd7c8becf0c882fca06003d92172aea80eecf246872a423a38cf06ae9baca191,
district,https://www.bsee.gov/what-we-do/incident-investigations/offshore-incident-investigations/district-investigation-reports,2025,,0,/sites/bsee.gov/files/2025-12/SP%2049-C%20W%26%20T%20Offshore%2030-Jul-2025_0.pdf,https://www.bsee.gov/sites/bsee.gov/files/2025-12/SP%2049-C%20W&%20T%20Offshore%2030-Jul-2025_0.pdf,https://www.bsee.gov/sites/bsee.gov/files/2025-12/SP 49-C W& T Offshore 30-Jul-2025_0.pdf,false,SP 49-C W& T Offshore 30-Jul-2025_0.pdf,SP,49 C,W& T Offshore,30-Jul-2025,2025-07-30,2025,false,_0,,07-30-2025,1310,G02177,SP 49-C,Required Evacuation - LTA (>3 days),1,,,,42850893615e41e1d65fdaf0c44b95dc4caf9fbd68d7133e546c8319046d8631,
district,https://www.bsee.gov/what-we-do/incident-investigations/offshore-incident-investigations/district-investigation-reports,2025,,0,/sites/bsee.gov/files/2025-12/WD%20152%20Renaissance%2027-Aug-2025.pdf,https://www.bsee.gov/sites/bsee.gov/files/2025-12/WD%20152%20Renaissance%2027-Aug-2025.pdf,https://www.bsee.gov/sites/bsee.gov/files/2025-12/WD 152 Renaissance 27-Aug-2025.pdf,false,WD 152 Renaissance 27-Aug-2025.pdf,WD,152,Renaissance,27-Aug-2025,2025-08-27,2025,false,,,08-27-2025,1045,G37455,WD 152,"Crane, Incident > $25k",1,,,,97acb8a2cf2357843eca3df4a499cabdbd6476ee8f4c5ee40b9c0810233ed72d,
district,https://www.bsee.gov/what-we-do/incident-investigations/offshore-incident-investigations/district-investigation-reports,2025,,0,/sites/bsee.gov/files/2025-12/WD%2090%20Apache%20%2021-APR-2025.pdf,https://www.bsee.gov/sites/bsee.gov/files/2025-12/WD%2090%20Apache%20%2021-APR-2025.pdf,https://www.bsee.gov/sites/bsee.gov/files/2025-12/WD 90 Apache  21-APR-2025.pdf,false,WD 90 Apache  21-APR-2025.pdf,WD,90,Apache,21-APR-2025,2025-04-21,2025,false,,,04-21-2025,1930,G01089,WD 90-B,Pollution,1,,,,6805620755172d1912fc6950eb645340fff7762e8bc88ac0e66a52106e72c6ff,
district,https://www.bsee.gov/what-we-do/incident-investigations/offshore-incident-investigations/district-investigation-reports,2025,,0,/sites/bsee.gov/files/2026-01/EI%20259%20White%20Fleet%2003_OCT_2025.pdf,https://www.bsee.gov/sites/bsee.gov/files/2026-01/EI%20259%20White%20Fleet%2003_OCT_2025.pdf,https://www.bsee.gov/sites/bsee.gov/files/2026-01/EI 259 White Fleet 03_OCT_2025.pdf,false,EI 259 White Fleet 03_OCT_2025.pdf,EI,259,White Fleet,03_OCT_2025,2025-10-03,2025,false,,,10-03-2025,1230,G00985,EI 259 C,"Required Evacuation, LTA (>3 days)",1,,,,fd1c51db1c66b721d9aee864e1ebb4e2c8029271f4670b7f3855752289602ac4,
district,https://www.bsee.gov/what-we-do/incident-investigations/offshore-incident-investigations/district-investigation-reports,2025,,0,/sites/bsee.gov/files/2026-01/MC%20300%20Murphy%20Exploration%2029-May-2025.pdf,https://www.bsee.gov/sites/bsee.gov/files/2026-01/MC%20300%20Murphy%20Exploration%2029-May-2025.pdf,https://www.bsee.gov/sites/bsee.gov/files/2026-01/MC 300 Murphy Exploration 29-May-2025.pdf,false,MC 300 Murphy Exploration 29-May-2025.pdf,MC,300,Murphy Exploration,29-May-2025,2025-05-29,2025,false,,,05-29-2025,1046,G22868,MC 300,Pollution - Emergency Disconnect Sequence,1,,,,126858964a025f9f45dbb97bcc262c9e687519de2d53051a3f06277bcafa8523,
district,https://www.bsee.gov/what-we-do/incident-investigations/offshore-incident-investigations/district-investigation-reports,2025,,0,/sites/bsee.gov/files/2026-01/SP%2062-C%20GOM%20Shelf%20%2003-Nov-2025.pdf,https://www.bsee.gov/sites/bsee.gov/files/2026-01/SP%2062-C%20GOM%20Shelf%20%2003-Nov-2025.pdf,https://www.bsee.gov/sites/bsee.gov/files/2026-01/SP 62-C GOM Shelf  03-Nov-2025.pdf,false,SP 62-C GOM Shelf  03-Nov-2025.pdf,SP,62 C,GOM Shelf,03-Nov-2025,2025-11-03,2025,false,,,11-03-2025,1205,G01294,SP 62-C,Shutdown from Gas Release - Incident >$25K,1,,,,95308c2462d9622413cfaaca5dc55ca0d6a90160b8d0f3b60160496ddaf4f10d,
district,https://www.bsee.gov/what-we-do/incident-investigations/offshore-incident-investigations/district-investigation-reports,2025,,0,/sites/bsee.gov/files/2026-02/GB%20959%20Shell%2003-Aug-2025_0.pdf,https://www.bsee.gov/sites/bsee.gov/files/2026-02/GB%20959%20Shell%2003-Aug-2025_0.pdf,https://www.bsee.gov/sites/bsee.gov/files/2026-02/GB 959 Shell 03-Aug-2025_0.pdf,false,GB 959 Shell 03-Aug-2025_0.pdf,GB,959,Shell,03-Aug-2025,2025-08-03,2025,false,_0,,08-03-2025,1934,G30876,GB 959,"Other Lifting Device (Drawworks), Incident > $25,000",1,,,,d67d642dc4af5cdf2fcf0cca17ce01b038b87e9a8b71040defe12e6f7d7ea168,
district,https://www.bsee.gov/what-we-do/incident-investigations/offshore-incident-investigations/district-investigation-reports,2025,,0,/sites/bsee.gov/files/2026-03/EC%20338%20W%26T%20Offshore%2007-DEC-2025.pdf,https://www.bsee.gov/sites/bsee.gov/files/2026-03/EC%20338%20W&T%20Offshore%2007-DEC-2025.pdf,https://www.bsee.gov/sites/bsee.gov/files/2026-03/EC 338 W&T Offshore 07-DEC-2025.pdf,false,EC 338 W&T Offshore 07-DEC-2025.pdf,EC,338,W&T Offshore,07-DEC-2025,2025-12-07,2025,false,,,12-07-2025,2330,G02063,EC 338,Incident >$25K - Required Muster,1,,,,b768af439cb12744db15ed6d4dc25e7c110d531b232e49877420ccff10062ff2,
district,https://www.bsee.gov/what-we-do/incident-investigations/offshore-incident-investigations/district-investigation-reports,2025,,0,/sites/bsee.gov/files/2026-03/GB%20959%20Shell%2014-Oct-2025.pdf,https://www.bsee.gov/sites/bsee.gov/files/2026-03/GB%20959%20Shell%2014-Oct-2025.pdf,https://www.bsee.gov/sites/bsee.gov/files/2026-03/GB 959 Shell 14-Oct-2025.pdf,false,GB 959 Shell 14-Oct-2025.pdf,GB,959,Shell,14-Oct-2025,2025-10-14,2025,false,,,10-14-2025,0510,G30876,GB 959,"Required Evacuation, LTA (>3 days), Other Lifting Device, Incident >$25K",1,,,,eb8727d42f251803a23a31d00fea38ad2f841ad449a86e989a2f82490218a1e6,
district,https://www.bsee.gov/what-we-do/incident-investigations/offshore-incident-investigations/district-investigation-reports,2025,,0,/sites/bsee.gov/files/2026-03/KC%20785%20LLOG%2023-Nov-2025.pdf,https://www.bsee.gov/sites/bsee.gov/files/2026-03/KC%20785%20LLOG%2023-Nov-2025.pdf,https://www.bsee.gov/sites/bsee.gov/files/2026-03/KC 785 LLOG 23-Nov-2025.pdf,false,KC 785 LLOG 23-Nov-2025.pdf,KC,785,LLOG,23-Nov-2025,2025-11-23,2025,false,,,11-23-2025,0557,G25806,KC 785,Other Lifting,1,,,,75b67710a21c3e7d7406a8e3bdf0ac78d0560a5d1f6ba3eb450b1f5a92ceb528,
district,https://www.bsee.gov/what-we-do/incident-investigations/offshore-incident-investigations/district-investigation-reports,2025,,0,/sites/bsee.gov/files/2026-03/MP%20252%20W%26T%20Offshore%2024-AUG-2025.pdf,https://www.bsee.gov/sites/bsee.gov/files/2026-03/MP%20252%20W&T%20Offshore%2024-AUG-2025.pdf,https://www.bsee.gov/sites/bsee.gov/files/2026-03/MP 252 W&T Offshore 24-AUG-2025.pdf,false,MP 252 W&T Offshore 24-AUG-2025.pdf,MP,252,W&T Offshore,24-AUG-2025,2025-08-24,2025,false,,,08-24-2025,1530,G07824,MP 252,Incident >$25K -Crane,1,,,,cdebf3b21cb06ab988e27fc14fe029855f91b04f6fcf970beeae573376b3c170,
district,https://www.bsee.gov/what-we-do/incident-investigations/offshore-incident-investigations/district-investigation-reports,2025,,0,/sites/bsee.gov/files/2026-03/MP%20300-B%20Cantium%2026-NOV-2025.pdf,https://www.bsee.gov/sites/bsee.gov/files/2026-03/MP%20300-B%20Cantium%2026-NOV-2025.pdf,https://www.bsee.gov/sites/bsee.gov/files/2026-03/MP 300-B Cantium 26-NOV-2025.pdf,false,MP 300-B Cantium 26-NOV-2025.pdf,MP,300 B,Cantium,26-NOV-2025,2025-11-26,2025,false,,,11-26-2025,1239,G01317,MP 300-B,Fire,1,,,,a985063f5f94057604d6d0cc78ef7e7861b26d50cf7853248b1eec49490b6e8e,
district,https://www.bsee.gov/what-we-do/incident-investigations/offshore-incident-investigations/district-investigation-reports,2025,,0,/sites/bsee.gov/files/2026-03/VK%20817%20High%20Point%20Gas%20Gathering%20LLC%2016-Aug-2025.pdf,https://www.bsee.gov/sites/bsee.gov/files/2026-03/VK%20817%20High%20Point%20Gas%20Gathering%20LLC%2016-Aug-2025.pdf,https://www.bsee.gov/sites/bsee.gov/files/2026-03/VK 817 High Point Gas Gathering LLC 16-Aug-2025.pdf,false,VK 817 High Point Gas Gathering LLC 16-Aug-2025.pdf,VK,817,High Point Gas Gathering LLC,16-Aug-2025,2025-08-16,2025,false,,,08-16-2025,0530,G09743,VK 817,Collision >$25K - Incident >$25K - Structural Damage - Allision,1,,,,40b1b3080cef9d78339a305c4b6ee73d531c8bc70ac126fae5ca01b94e04a118,
district,https://www.bsee.gov/what-we-do/incident-investigations/offshore-incident-investigations/district-investigation-reports,2026,,0,/sites/bsee.gov/files/2026-03/VK%20989%20Talos%20Energy%2008-Jan-2026_0.pdf,https://www.bsee.gov/sites/bsee.gov/files/2026-03/VK%20989%20Talos%20Energy%2008-Jan-2026_0.pdf,https://www.bsee.gov/sites/bsee.gov/files/2026-03/VK 989 Talos Energy 08-Jan-2026_0.pdf,false,VK 989 Talos Energy 08-Jan-2026_0.pdf,VK,989,Talos Energy,08-Jan-2026,2026-01-08,2026,false,_0,,01-08-2026,0845,G06898,VK 989,Fire,1,,,,2ccbdb17b6059a23428b27b5a0853965cdef42572e2dc71a943231aa8eb34316,
district,https://www.bsee.gov/what-we-do/incident-investigations/offshore-incident-investigations/district-investigation-reports,2024,,0,/sites/bsee.gov/files/2026-03/VW1%20AS-42%202010%20Form_Redacted_23Dec2025_0.pdf,https://www.bsee.gov/sites/bsee.gov/files/2026-03/VW1%20AS-42%202010%20Form_Redacted_23Dec2025_0.pdf,https://www.bsee.gov/sites/bsee.gov/files/2026-03/VW1 AS-42 2010 Form_Redacted_23Dec2025_0.pdf,false,VW1 AS-42 2010 Form_Redacted_23Dec2025_0.pdf,AS,42,VW1,23Dec2025,2025-12-23,2025,true,_0,,09-13-2024,2250,A0501,AS 42,"Required Evacuation, LTA > 3 days",1,,,,cb754e32230a45f326531af6e0764e237c6cfee8d535505d9900fb10c7fff0e8,
district,https://www.bsee.gov/what-we-do/incident-investigations/offshore-incident-investigations/district-investigation-reports,2025,,0,/sites/bsee.gov/files/2026-04/BM%203%20Cantium%205-Aug-2025_0.pdf,https://www.bsee.gov/sites/bsee.gov/files/2026-04/BM%203%20Cantium%205-Aug-2025_0.pdf,https://www.bsee.gov/sites/bsee.gov/files/2026-04/BM 3 Cantium 5-Aug-2025_0.pdf,false,BM 3 Cantium 5-Aug-2025_0.pdf,BM,3,Cantium,5-Aug-2025,2025-08-05,2025,false,_0,,08-05-2025,0740,00370,BM 3,"Required Evacuation, LTA >3, Crane",1,,,,dd14936f9c6b0a5bd3634adcd95009adb7d70c201d076cc0357fd46c39d51f08,
district,https://www.bsee.gov/what-we-do/incident-investigations/offshore-incident-investigations/district-investigation-reports,2026,,0,/sites/bsee.gov/files/2026-04/W%26T%207Mar2026%20GB%20783_Redacted.pdf,https://www.bsee.gov/sites/bsee.gov/files/2026-04/W&T%207Mar2026%20GB%20783_Redacted.pdf,https://www.bsee.gov/sites/bsee.gov/files/2026-04/W&T 7Mar2026 GB 783_Redacted.pdf,false,W&T 7Mar2026 GB 783_Redacted.pdf,GB,783,W&T,7Mar2026,2026-03-07,2026,true,,,03-07-2026,2200,G11573,GB 783,"Required Evacuation, LTA (>3 days)",1,,,,2a7dd81eb27f0c117208d3825df41841f219c5206122213add0757dc23d83bb1,
district,https://www.bsee.gov/what-we-do/incident-investigations/offshore-incident-investigations/district-investigation-reports,2025,,0,/sites/bsee.gov/files/2026-04/WR%20718%20Chevron%2005-Nov-2025.pdf,https://www.bsee.gov/sites/bsee.gov/files/2026-04/WR%20718%20Chevron%2005-Nov-2025.pdf,https://www.bsee.gov/sites/bsee.gov/files/2026-04/WR 718 Chevron 05-Nov-2025.pdf,false,WR 718 Chevron 05-Nov-2025.pdf,WR,718,Chevron,05-Nov-2025,2025-11-05,2025,false,,,11-05-2025,1623,G32703,WR 718,"Fire, Incident >$25K, Required Muster",1,,,,8c61527e874b720eb52ad107aa9894652df0c9cb20ae144bef55b01edf555fb6,
district,https://www.bsee.gov/what-we-do/incident-investigations/offshore-incident-investigations/district-investigation-reports,2025,,0,/sites/bsee.gov/files/2026-05/GC%20608%20Anadarko%2015-Jan-2025.pdf,https://www.bsee.gov/sites/bsee.gov/files/2026-05/GC%20608%20Anadarko%2015-Jan-2025.pdf,https://www.bsee.gov/sites/bsee.gov/files/2026-05/GC 608 Anadarko 15-Jan-2025.pdf,false,GC 608 Anadarko 15-Jan-2025.pdf,GC,608,Anadarko,15-Jan-2025,2025-01-15,2025,false,,,01-15-2025,1000,G18402,GC 608,"Pollution, Incident >$25k",1,,,,e39ed9af43eec158db6d504d7aa2d373128e1215cd962f8075503879864be119,
district,https://www.bsee.gov/what-we-do/incident-investigations/offshore-incident-investigations/district-investigation-reports,2026,,0,/sites/bsee.gov/files/2026-05/SP%2027%20NuGulf%2030-Mar-2026.pdf,https://www.bsee.gov/sites/bsee.gov/files/2026-05/SP%2027%20NuGulf%2030-Mar-2026.pdf,https://www.bsee.gov/sites/bsee.gov/files/2026-05/SP 27 NuGulf 30-Mar-2026.pdf,false,SP 27 NuGulf 30-Mar-2026.pdf,SP,27,NuGulf,30-Mar-2026,2026-03-30,2026,false,,,03-30-2026,0935,00693,SP 27,Crane,1,,,,6168e4ee872f14ce5c5f871690d0b647f8d8e69e465a5f8f4525ef20fff6bfb3,
district,https://www.bsee.gov/what-we-do/incident-investigations/offshore-incident-investigations/district-investigation-reports,2026,,0,/sites/bsee.gov/files/2026-05/ST%2026%20White%20Fleet%2025-Mar-2026.pdf,https://www.bsee.gov/sites/bsee.gov/files/2026-05/ST%2026%20White%20Fleet%2025-Mar-2026.pdf,https://www.bsee.gov/sites/bsee.gov/files/2026-05/ST 26 White Fleet 25-Mar-2026.pdf,false,ST 26 White Fleet 25-Mar-2026.pdf,ST,26,White Fleet,25-Mar-2026,2026-03-25,2026,false,,,03-25-2026,1550,G01870,ST 26,"Required Evacuation, RW/JT >3, Crane",1,,,,6c11f13494496b0802ba87b002ea9ddfcd99a0876c74d0567785bc9322b27d52,
district,https://www.bsee.gov/what-we-do/incident-investigations/offshore-incident-investigations/district-investigation-reports,2026,,0,/sites/bsee.gov/files/2026-05/ST%2052%20Arena%2014-Mar-2026.pdf,https://www.bsee.gov/sites/bsee.gov/files/2026-05/ST%2052%20Arena%2014-Mar-2026.pdf,https://www.bsee.gov/sites/bsee.gov/files/2026-05/ST 52 Arena 14-Mar-2026.pdf,false,ST 52 Arena 14-Mar-2026.pdf,ST,52,Arena,14-Mar-2026,2026-03-14,2026,false,,,03-14-2026,0936,G01241,ST 52,"Fire, Incident >$25k, Required Muster, Shutdown from Gas Release",1,,,,8f8aadf19d35ff81dca0b15ae0cce7ceef980e3bd92ee2074266d91c6ee1ad21,
district,https://www.bsee.gov/what-we-do/incident-investigations/offshore-incident-investigations/district-investigation-reports,2026,,0,/sites/bsee.gov/files/2026-06/AC-25%20Exxon%2024-FEB-2026.pdf,https://www.bsee.gov/sites/bsee.gov/files/2026-06/AC-25%20Exxon%2024-FEB-2026.pdf,https://www.bsee.gov/sites/bsee.gov/files/2026-06/AC-25 Exxon 24-FEB-2026.pdf,false,AC-25 Exxon 24-FEB-2026.pdf,AC,25,Exxon,24-FEB-2026,2026-02-24,2026,false,,,02-24-2026,1715,G10380,AC 25,Other Lifting Device - Incident >$25K,1,,,,c73f15cdb862460bfac3db28f0823c73f23d1d86e512cbeb0ffaf5b95071c729,
district,https://www.bsee.gov/what-we-do/incident-investigations/offshore-incident-investigations/district-investigation-reports,2026,,0,/sites/bsee.gov/files/2026-06/EW%20910%20W%26T%2009-FEB-2026.pdf,https://www.bsee.gov/sites/bsee.gov/files/2026-06/EW%20910%20W&T%2009-FEB-2026.pdf,https://www.bsee.gov/sites/bsee.gov/files/2026-06/EW 910 W&T 09-FEB-2026.pdf,false,EW 910 W&T 09-FEB-2026.pdf,EW,910,W&T,09-FEB-2026,2026-02-09,2026,false,,,02-09-2026,0608,G13079,EW 910,"Fire, Incident >$25k",1,,,,d181468024832d7131ce32641413e0b26d2cd3a25de477072412f9bd9e38f82b,
district,https://www.bsee.gov/what-we-do/incident-investigations/offshore-incident-investigations/district-investigation-reports,2025,,0,/sites/bsee.gov/files/2026-06/GC%20237%20Talos%2001-Dec-2025.pdf,https://www.bsee.gov/sites/bsee.gov/files/2026-06/GC%20237%20Talos%2001-Dec-2025.pdf,https://www.bsee.gov/sites/bsee.gov/files/2026-06/GC 237 Talos 01-Dec-2025.pdf,false,GC 237 Talos 01-Dec-2025.pdf,GC,237,Talos,01-Dec-2025,2025-12-01,2025,false,,,12-01-2025,1843,G15563,GC 237,Damaged/Disabled Safety System (EDS),1,,,,15e8bb84066e6166ceaa60687c6fa885086449a9509f79f88e519111d67e77bb,
district,https://www.bsee.gov/what-we-do/incident-investigations/offshore-incident-investigations/district-investigation-reports,2025,,0,/sites/bsee.gov/files/2026-06/MC%20807%20Shell%2003-May-2025.pdf,https://www.bsee.gov/sites/bsee.gov/files/2026-06/MC%20807%20Shell%2003-May-2025.pdf,https://www.bsee.gov/sites/bsee.gov/files/2026-06/MC 807 Shell 03-May-2025.pdf,false,MC 807 Shell 03-May-2025.pdf,MC,807,Shell,03-May-2025,2025-05-03,2025,false,,,05-03-2025,1730,G07963,MC 807,"Crane, Incident >25K",1,,,,1728741c9788a710a7525ac5e1a44de9a8bea6477623f49437396ed8b7478349,
district,https://www.bsee.gov/what-we-do/incident-investigations/offshore-incident-investigations/district-investigation-reports,2026,,0,/sites/bsee.gov/files/2026-06/SS%20229%20W%26T%2018-APR-2026%20.pdf,https://www.bsee.gov/sites/bsee.gov/files/2026-06/SS%20229%20W&T%2018-APR-2026%20.pdf,https://www.bsee.gov/sites/bsee.gov/files/2026-06/SS 229 W&T 18-APR-2026 .pdf,false,SS 229 W&T 18-APR-2026 .pdf,SS,229,W&T,18-APR-2026,2026-04-18,2026,false,,,04-18-2026,0640,G00830,SS 229C,"Required Evacuation, Other Injury (First Aid), Crane",1,,,,bda1bc27279e76579db1284b78f739886bfd62b6d75837562558e82ccf0e20e6,
district,https://www.bsee.gov/what-we-do/incident-investigations/offshore-incident-investigations/district-investigation-reports,2026,,0,/sites/bsee.gov/files/2026-06/WR%20425%20Murphy%2011%20Apr%202026.pdf,https://www.bsee.gov/sites/bsee.gov/files/2026-06/WR%20425%20Murphy%2011%20Apr%202026.pdf,https://www.bsee.gov/sites/bsee.gov/files/2026-06/WR 425 Murphy 11 Apr 2026.pdf,false,WR 425 Murphy 11 Apr 2026.pdf,WR,425,Murphy,11 Apr 2026,2026-04-11,2026,false,,,04-11-2026,0345,G16987,WR 425,"Required Evacuation, RW/JT >3 days, Crane",1,,,,b891fe74aa1dad129c24ab54593a8b4bd6ca1ec962ba1a3cff9dfa41d6c43ee2,
district,https://www.bsee.gov/what-we-do/incident-investigations/offshore-incident-investigations/district-investigation-reports,2026,,0,/sites/bsee.gov/files/2026-07/EW%20834%20WOG%2004-FEB-2026.pdf,https://www.bsee.gov/sites/bsee.gov/files/2026-07/EW%20834%20WOG%2004-FEB-2026.pdf,https://www.bsee.gov/sites/bsee.gov/files/2026-07/EW 834 WOG 04-FEB-2026.pdf,false,EW 834 WOG 04-FEB-2026.pdf,EW,834,WOG,04-FEB-2026,2026-02-04,2026,false,,,02-04-2026,1705,G27982,EW 834,"Required Evacuation, LTA (>3 days)",1,,,,ffc10c354c7ba8389455624d32ce8d9c16015dea1a3647be9753404e34a51219,
district,https://www.bsee.gov/what-we-do/incident-investigations/offshore-incident-investigations/district-investigation-reports,2026,,0,/sites/bsee.gov/files/2026-07/GI%2048%20GOM%20Shelf%205-May-2026_0.pdf,https://www.bsee.gov/sites/bsee.gov/files/2026-07/GI%2048%20GOM%20Shelf%205-May-2026_0.pdf,https://www.bsee.gov/sites/bsee.gov/files/2026-07/GI 48 GOM Shelf 5-May-2026_0.pdf,false,GI 48 GOM Shelf 5-May-2026_0.pdf,GI,48,GOM Shelf,5-May-2026,2026-05-05,2026,false,_0,,05-05-2026,0300,00134,GI 48 P,"Structural Damage, Incident > $25K, Collision > $25K",1,,,,7f5c662f884e2b326d86889e5dafb1feed7c4f1781cab67a0bfedfac3a042ac2,
district,https://www.bsee.gov/what-we-do/incident-investigations/offshore-incident-investigations/district-investigation-reports,2026,,0,/sites/bsee.gov/files/2026-07/MC%20243-A%20W%26T%20Energy%20VI%20LLC%2009-APR-2026_0.pdf,https://www.bsee.gov/sites/bsee.gov/files/2026-07/MC%20243-A%20W&T%20Energy%20VI%20LLC%2009-APR-2026_0.pdf,https://www.bsee.gov/sites/bsee.gov/files/2026-07/MC 243-A W&T Energy VI LLC 09-APR-2026_0.pdf,false,MC 243-A W&T Energy VI LLC 09-APR-2026_0.pdf,MC,243 A,W&T Energy VI LLC,09-APR-2026,2026-04-09,2026,false,_0,,04-09-2026,0800,G19931,MC 243 A,Incident >$25K - Structural Damage,1,,,,e8ca0142d10dda056f12c5b725d1163c5e58d8639f8826f7bcd38b378193dcb0,
district,https://www.bsee.gov/what-we-do/incident-investigations/offshore-incident-investigations/district-investigation-reports,2026,,0,/sites/bsee.gov/files/2026-07/MC%20759%20Beacon%20Growtco%20Operating%2020-Feb-26.pdf,https://www.bsee.gov/sites/bsee.gov/files/2026-07/MC%20759%20Beacon%20Growtco%20Operating%2020-Feb-26.pdf,https://www.bsee.gov/sites/bsee.gov/files/2026-07/MC 759 Beacon Growtco Operating 20-Feb-26.pdf,false,MC 759 Beacon Growtco Operating 20-Feb-26.pdf,MC,759,Beacon Growtco Operating,20-Feb-26,2026-02-20,2026,false,,,02-20-2026,1246,G35833,MC 759,"Damaged/Disabled Safety System, Incident > $25K",1,,,,8d7c767c5ae3d2f5a0c15eb71a1ba271d906df141b09dfad210062a5393df85b,
district,https://www.bsee.gov/what-we-do/incident-investigations/offshore-incident-investigations/district-investigation-reports,2026,,0,/sites/bsee.gov/files/2026-07/MP%20298%20Cantium%2024-May-26.pdf,https://www.bsee.gov/sites/bsee.gov/files/2026-07/MP%20298%20Cantium%2024-May-26.pdf,https://www.bsee.gov/sites/bsee.gov/files/2026-07/MP 298 Cantium 24-May-26.pdf,false,MP 298 Cantium 24-May-26.pdf,MP,298,Cantium,24-May-26,2026-05-24,2026,false,,,05-24-2026,1138,G01315,MP 298,Fire,1,,,,6469a109162f49b2ef21758fff38f7f6300b6091b66671aa0ce7d26c0d27dbc3,
district,https://www.bsee.gov/what-we-do/incident-investigations/offshore-incident-investigations/district-investigation-reports,2026,,0,/sites/bsee.gov/files/2026-07/MU%2085%20Talos%20Energy%20Conductor%20Drop%2017-May-26.pdf,https://www.bsee.gov/sites/bsee.gov/files/2026-07/MU%2085%20Talos%20Energy%20Conductor%20Drop%2017-May-26.pdf,https://www.bsee.gov/sites/bsee.gov/files/2026-07/MU 85 Talos Energy Conductor Drop 17-May-26.pdf,false,MU 85 Talos Energy Conductor Drop 17-May-26.pdf,MU,85,Talos Energy Conductor Drop,17-May-26,2026-05-17,2026,false,,,05-17-2026,1515,G03061,MU 85 A,Crane,1,,,,e383242814dc4be7fc1bc4cf73a990339682a614fb66be822d622aeff6cf25da,
district,https://www.bsee.gov/what-we-do/incident-investigations/offshore-incident-investigations/district-investigation-reports,2026,,0,/sites/bsee.gov/files/2026-07/WC%20498%20B%20White%20Fleet%2002-May-2026_0.pdf,https://www.bsee.gov/sites/bsee.gov/files/2026-07/WC%20498%20B%20White%20Fleet%2002-May-2026_0.pdf,https://www.bsee.gov/sites/bsee.gov/files/2026-07/WC 498 B White Fleet 02-May-2026_0.pdf,false,WC 498 B White Fleet 02-May-2026_0.pdf,WC,498 B,White Fleet,02-May-2026,2026-05-02,2026,false,_0,,05-02-2026,0215,G03520,WC 498 B,"Required Evacuation, RW/JT (1-3 days)",1,,,,b570b95b7dabef5891486d520a17de7d7117d86dcac8cb0b8635debc4ca8b8b5,
district,https://www.bsee.gov/what-we-do/incident-investigations/offshore-incident-investigations/district-investigation-reports,2017,,0,/sites/bsee.gov/files/31-may-ei-338arenacranesantitized.pdf,https://www.bsee.gov/sites/bsee.gov/files/31-may-ei-338arenacranesantitized.pdf,https://www.bsee.gov/sites/bsee.gov/files/31-may-ei-338arenacranesantitized.pdf,false,31-may-ei-338arenacranesantitized.pdf,,,may ei 338arenacranesantitized,,,,true,,no_date_token;no_area_block_in_filename,05-31-2017,14:10,G02118,EI 338,Crane,1,,,,22213e5882a02eaa68aa67103730df0aa1ada5eaee1d8e41020ca3c0ee80c9cf,
district,https://www.bsee.gov/what-we-do/incident-investigations/offshore-incident-investigations/district-investigation-reports,2016,,0,/sites/bsee.gov/files/ac-475-conoco-phillips-12-mar-2016.pdf,https://www.bsee.gov/sites/bsee.gov/files/ac-475-conoco-phillips-12-mar-2016.pdf,https://www.bsee.gov/sites/bsee.gov/files/ac-475-conoco-phillips-12-mar-2016.pdf,false,ac-475-conoco-phillips-12-mar-2016.pdf,AC,475,conoco phillips,12-mar-2016,2016-03-12,2016,false,,,03-12-2016,10:06,G35137,AC 475,Fire - Incident >$25K - Required Muster,1,,,,a1f57b33095d76f261821a0ac65b02339ead7848b9606c4ba01d45617d48b117,
district,https://www.bsee.gov/what-we-do/incident-investigations/offshore-incident-investigations/district-investigation-reports,2018,,0,/sites/bsee.gov/files/ac-728-shell-16-mar-2018.pdf,https://www.bsee.gov/sites/bsee.gov/files/ac-728-shell-16-mar-2018.pdf,https://www.bsee.gov/sites/bsee.gov/files/ac-728-shell-16-mar-2018.pdf,false,ac-728-shell-16-mar-2018.pdf,AC,728,shell,16-mar-2018,2018-03-16,2018,false,,,03-16-2018,16:30,G31195,AC 728,Other Lifting Device (Chain Hoist Trolley),1,,,,9ac95998e61264e87734168fffd925a3c56fe65334b163ef2fea06894411375b,
district,https://www.bsee.gov/what-we-do/incident-investigations/offshore-incident-investigations/district-investigation-reports,2017,https://www.bsee.gov/ac-772-shell-offshore-25-feb-2017,0,/sites/bsee.gov/files/ac-772-shell-offshore-25-feb-2017.pdf,https://www.bsee.gov/sites/bsee.gov/files/ac-772-shell-offshore-25-feb-2017.pdf,https://www.bsee.gov/sites/bsee.gov/files/ac-772-shell-offshore-25-feb-2017.pdf,false,ac-772-shell-offshore-25-feb-2017.pdf,AC,772,shell offshore,25-feb-2017,2017-02-25,2017,false,,,02-25-2017,4:30,G35153,AC 772,Incident >$25K,1,,,,7ebb33398245912105b13b18dccb93d24bd4839f9717bdf6b55e9e09ff8d7bad,
district,https://www.bsee.gov/what-we-do/incident-investigations/offshore-incident-investigations/district-investigation-reports,2022,,0,/sites/bsee.gov/files/ac-815-shell-01-apr-2022.pdf,https://www.bsee.gov/sites/bsee.gov/files/ac-815-shell-01-apr-2022.pdf,https://www.bsee.gov/sites/bsee.gov/files/ac-815-shell-01-apr-2022.pdf,false,ac-815-shell-01-apr-2022.pdf,AC,815,shell,01-apr-2022,2022-04-01,2022,false,,,04-01-2022,08:15,G19409,AC 815,Other Lifting: Top Drive,1,,,,bb75c037ba50013e5fabb49c215979b3f4cf5c783c9333eb31fafb052733035b,
district,https://www.bsee.gov/what-we-do/incident-investigations/offshore-incident-investigations/district-investigation-reports,2021,,0,https://doibsee.prod.acquia-sites.com/sites/bsee.gov/files/ac-857-shell-29-oct-21.pdf,https://www.bsee.gov/sites/bsee.gov/files/ac-857-shell-29-oct-21.pdf,https://www.bsee.gov/sites/bsee.gov/files/ac-857-shell-29-oct-21.pdf,true,ac-857-shell-29-oct-21.pdf,AC,857,shell,29-oct-21,2021-10-29,2021,false,,,10-29-2021,10:00,G17565,AC 857,Pollution,1,,,,69f645816904d21204a136c3cde96ac8cba02b9ff3e6a32664a8d6adf24c0044,
district,https://www.bsee.gov/what-we-do/incident-investigations/offshore-incident-investigations/district-investigation-reports,2016,,0,/sites/bsee.gov/files/ac-857-shell-offshore-05-may-2016_0.pdf,https://www.bsee.gov/sites/bsee.gov/files/ac-857-shell-offshore-05-may-2016_0.pdf,https://www.bsee.gov/sites/bsee.gov/files/ac-857-shell-offshore-05-may-2016_0.pdf,false,ac-857-shell-offshore-05-may-2016_0.pdf,AC,857,shell offshore,05-may-2016,2016-05-05,2016,false,_0,,05-05-2016,13:39,G17565,AC 857,Crane - Lost Time Accident,1,,,,6c19962437e77ccb03185d47f28b6627eb9d617440651b271ddbf394b689e612,
district,https://www.bsee.gov/what-we-do/incident-investigations/offshore-incident-investigations/district-investigation-reports,2021,,0,/sites/bsee.gov/files/ac25-18july2021-exonmobil.pdf,https://www.bsee.gov/sites/bsee.gov/files/ac25-18july2021-exonmobil.pdf,https://www.bsee.gov/sites/bsee.gov/files/ac25-18july2021-exonmobil.pdf,false,ac25-18july2021-exonmobil.pdf,AC,25,exonmobil,18july2021,2021-07-18,2021,false,,,07-18-2021,09:30,G10380,AC 25,Incident >$25K #4 mooring line failure,1,,,,5eaef6b4225695724e3ff54d37defec0490d748fec4d233d3dee758d57a0ecf6,
district,https://www.bsee.gov/what-we-do/incident-investigations/offshore-incident-investigations/district-investigation-reports,2020,,0,/sites/bsee.gov/files/ac380-shell-29sept2020-updated.pdf,https://www.bsee.gov/sites/bsee.gov/files/ac380-shell-29sept2020-updated.pdf,https://www.bsee.gov/sites/bsee.gov/files/ac380-shell-29sept2020-updated.pdf,false,ac380-shell-29sept2020-updated.pdf,AC,380,shell updated,29sept2020,2020-09-29,2020,false,,,09-29-2020,17:15,G32954,AC 380,Other - Work Environment,1,,,,e761ea5ed571e9bc9a9e1e28f3929a41a7cd5f31042820e35b9a395df8f9cbd5,
district,https://www.bsee.gov/what-we-do/incident-investigations/offshore-incident-investigations/district-investigation-reports,2021,,0,/sites/bsee.gov/files/ac815-17july2021-shell.pdf,https://www.bsee.gov/sites/bsee.gov/files/ac815-17july2021-shell.pdf,https://www.bsee.gov/sites/bsee.gov/files/ac815-17july2021-shell.pdf,false,ac815-17july2021-shell.pdf,AC,815,shell,17july2021,2021-07-17,2021,false,,,07-17-2021,10:30,G19409,AC 815,Incident >$25K Vessel Electrical System/LMRP - Other: Total Power Loss,1,,,,2102de410c2f4b726c1ae674db95ac2f061b0ef4b8e5e330390d221e9a06075e,
district,https://www.bsee.gov/what-we-do/incident-investigations/offshore-incident-investigations/district-investigation-reports,2018,,0,/sites/bsee.gov/files/ac857-shell-12jul2018.pdf,https://www.bsee.gov/sites/bsee.gov/files/ac857-shell-12jul2018.pdf,https://www.bsee.gov/sites/bsee.gov/files/ac857-shell-12jul2018.pdf,false,ac857-shell-12jul2018.pdf,AC,857,shell,12jul2018,2018-07-12,2018,false,,,07-12-2018,22:15,G17565,AC 857,Injury - RW/JT (>3 days),1,,,,747116ea3b12fd3a04583044a6b0e6d2fc6c5ff048331f626f787f3bc6966736,
district,https://www.bsee.gov/what-we-do/incident-investigations/offshore-incident-investigations/district-investigation-reports,2021,,0,/sites/bsee.gov/files/ac857-shell-26-apr-2021.pdf,https://www.bsee.gov/sites/bsee.gov/files/ac857-shell-26-apr-2021.pdf,https://www.bsee.gov/sites/bsee.gov/files/ac857-shell-26-apr-2021.pdf,false,ac857-shell-26-apr-2021.pdf,AC,857,shell,26-apr-2021,2021-04-26,2021,false,,,04-26-2021,01:00,G17565,AC 857,Other - Lifting - Traveling Block,1,,,,781e71dbd8d8f3c07dcec4031a5b889a55f64f38d2109b04c9bfffbf724f3b11,
district,https://www.bsee.gov/what-we-do/incident-investigations/offshore-incident-investigations/district-investigation-reports,2022,,0,/sites/bsee.gov/files/ac_815_shell_18-mar-2022.pdf,https://www.bsee.gov/sites/bsee.gov/files/ac_815_shell_18-mar-2022.pdf,https://www.bsee.gov/sites/bsee.gov/files/ac_815_shell_18-mar-2022.pdf,false,ac_815_shell_18-mar-2022.pdf,AC,815,shell,18-mar-2022,2022-03-18,2022,false,,,03-18-2022,1800,G19409,AC 815,Pollution,1,,,,caad3717684b6b38d2fa89c397fa4704f7f7da532bbbbc075f50840df7e46255,
district,https://www.bsee.gov/what-we-do/incident-investigations/offshore-incident-investigations/district-investigation-reports,2022,,0,sites/bsee.gov/files/anadarko-eb-602-23-jan-2022.pdf,https://www.bsee.gov/sites/bsee.gov/files/anadarko-eb-602-23-jan-2022.pdf,https://www.bsee.gov/sites/bsee.gov/files/anadarko-eb-602-23-jan-2022.pdf,false,anadarko-eb-602-23-jan-2022.pdf,EB,602,anadarko,23-jan-2022,2022-01-23,2022,false,,,01-23-2022,15:45,G14205,EB 602,Workover,1,,,,88826029249700dc7d0f4b2093533e21f82733e5fdabedeaf29b70da8747d395,
district,https://www.bsee.gov/what-we-do/incident-investigations/offshore-incident-investigations/district-investigation-reports,2017,,0,/sites/bsee.gov/files/ba-a105-fieldwood-energy-26-apr-2017.pdf,https://www.bsee.gov/sites/bsee.gov/files/ba-a105-fieldwood-energy-26-apr-2017.pdf,https://www.bsee.gov/sites/bsee.gov/files/ba-a105-fieldwood-energy-26-apr-2017.pdf,false,ba-a105-fieldwood-energy-26-apr-2017.pdf,,,ba a105 fieldwood energy,26-apr-2017,2017-04-26,2017,false,,no_area_block_in_filename,04-26-2017,08:30,G01757,BA A105,LTA (>3 days) - Required Evacuation - Crane,1,,,,8e8970d08fd4ed83709885d93d7cee38ba6ba709421bebad3d42caa5a5940553,
district,https://www.bsee.gov/what-we-do/incident-investigations/offshore-incident-investigations/district-investigation-reports,2021,,0,/sites/bsee.gov/files/ba133-25may2021-gom-shelf-llc.pdf,https://www.bsee.gov/sites/bsee.gov/files/ba133-25may2021-gom-shelf-llc.pdf,https://www.bsee.gov/sites/bsee.gov/files/ba133-25may2021-gom-shelf-llc.pdf,false,ba133-25may2021-gom-shelf-llc.pdf,BA,133,gom shelf llc,25may2021,2021-05-25,2021,false,,,05-25-2021,07:00,G02665,BA A 133,Explosion,1,,,,84942752a2b35ae9d0be41a57045e3206b9d88519ce80d4bbae06fbbbb49a849,
district,https://www.bsee.gov/what-we-do/incident-investigations/offshore-incident-investigations/district-investigation-reports,2022,,0,/sites/bsee.gov/files/bp-mc-778-a-6-june-2022.pdf,https://www.bsee.gov/sites/bsee.gov/files/bp-mc-778-a-6-june-2022.pdf,https://www.bsee.gov/sites/bsee.gov/files/bp-mc-778-a-6-june-2022.pdf,false,bp-mc-778-a-6-june-2022.pdf,MC,778 A,bp,6-june-2022,2022-06-06,2022,false,,,06-06-2022,1030,G098668,MC 778,Pollution,1,,,,6cecf8f0a5c010ad1976d601a722938cc4b8161ce86c6aa1d20dfc471ccfe4e7,
district,https://www.bsee.gov/what-we-do/incident-investigations/offshore-incident-investigations/district-investigation-reports,2022,,0,/sites/bsee.gov/files/bp-mc-778-a-8-june-2022.pdf,https://www.bsee.gov/sites/bsee.gov/files/bp-mc-778-a-8-june-2022.pdf,https://www.bsee.gov/sites/bsee.gov/files/bp-mc-778-a-8-june-2022.pdf,false,bp-mc-778-a-8-june-2022.pdf,MC,778 A,bp,8-june-2022,2022-06-08,2022,false,,,06-08-2022,1310,G09868,MC 778 A,Pollution,1,,,,4ec3724a0486cb00aba5d1cf68e792a8a23c412647134af280b00bdd01513993,
district,https://www.bsee.gov/what-we-do/incident-investigations/offshore-incident-investigations/district-investigation-reports,2019,,0,sites/bsee.gov/files/bs-54-cantium-llc-06oct2019.pdf,https://www.bsee.gov/sites/bsee.gov/files/bs-54-cantium-llc-06oct2019.pdf,https://www.bsee.gov/sites/bsee.gov/files/bs-54-cantium-llc-06oct2019.pdf,false,bs-54-cantium-llc-06oct2019.pdf,BS,54,cantium llc,06oct2019,2019-10-06,2019,false,,,10-06-2019,17:00,G01372,BS 54,Incident > $25K,1,,,,77b84462b11c3ae66ab461932682a3a2c6260f3ecdf0030a2c6ca7dcfe6ac58d,
district,https://www.bsee.gov/what-we-do/incident-investigations/offshore-incident-investigations/district-investigation-reports,2020,,0,/sites/bsee.gov/files/bs-55eb-cantium-llc-13-oct-2020-v2.pdf,https://www.bsee.gov/sites/bsee.gov/files/bs-55eb-cantium-llc-13-oct-2020-v2.pdf,https://www.bsee.gov/sites/bsee.gov/files/bs-55eb-cantium-llc-13-oct-2020-v2.pdf,false,bs-55eb-cantium-llc-13-oct-2020-v2.pdf,,,bs 55eb cantium llc,13-oct-2020,2020-10-13,2020,false,-v2,no_area_block_in_filename,10-13-2020,07:30,G01372,BS 55,Structural Damage -  Incident >$25K,1,,,,9767fa537124b8c291c27989f8b280a30bad5138c1f401d32a37fb3d701ea37d,
district,https://www.bsee.gov/what-we-do/incident-investigations/offshore-incident-investigations/district-investigation-reports,2020,,0,/sites/bsee.gov/files/chevron-usa-wr-634-21-sept-2020.pdf,https://www.bsee.gov/sites/bsee.gov/files/chevron-usa-wr-634-21-sept-2020.pdf,https://www.bsee.gov/sites/bsee.gov/files/chevron-usa-wr-634-21-sept-2020.pdf,false,chevron-usa-wr-634-21-sept-2020.pdf,WR,634,chevron usa,21-sept-2020,2020-09-21,2020,false,,,09-21-2020,21:00,G18745,WR 634,Other - Lifting - CMC,1,,,,e198bdbdaf81b9ac6917d3b069b5c00f48294e33e9d725de0de1a9e273d0d2c1,
district,https://www.bsee.gov/what-we-do/incident-investigations/offshore-incident-investigations/district-investigation-reports,2022,,0,sites/bsee.gov/files/cox-hi-472-a-21-oct-2022.pdf,https://www.bsee.gov/sites/bsee.gov/files/cox-hi-472-a-21-oct-2022.pdf,https://www.bsee.gov/sites/bsee.gov/files/cox-hi-472-a-21-oct-2022.pdf,false,cox-hi-472-a-21-oct-2022.pdf,HI,472 A,cox,21-oct-2022,2022-10-21,2022,false,,,10-21-2022,0910,G17182,Hi 472 A,Pollution,1,,,,4bb00e2b1f30b788e0bf5b5d037cbef48fe701a43786041a5f6edcf72126f607,
district,https://www.bsee.gov/what-we-do/incident-investigations/offshore-incident-investigations/district-investigation-reports,2022,,0,/sites/bsee.gov/files/cox-mp-73-a-30-jan-2022.pdf,https://www.bsee.gov/sites/bsee.gov/files/cox-mp-73-a-30-jan-2022.pdf,https://www.bsee.gov/sites/bsee.gov/files/cox-mp-73-a-30-jan-2022.pdf,false,cox-mp-73-a-30-jan-2022.pdf,MP,73 A,cox,30-jan-2022,2022-01-30,2022,false,,,01-30-2022,05:30,G02947,MP 73,Fire,1,,,,3514a4d0ae19b757aa81903a3375b8de1da68659d418a71f3f696f256a5df668,
district,https://www.bsee.gov/what-we-do/incident-investigations/offshore-incident-investigations/district-investigation-reports,2022,,0,/sites/bsee.gov/files/cox-mp-73-cf-27-jan-2022.pdf,https://www.bsee.gov/sites/bsee.gov/files/cox-mp-73-cf-27-jan-2022.pdf,https://www.bsee.gov/sites/bsee.gov/files/cox-mp-73-cf-27-jan-2022.pdf,false,cox-mp-73-cf-27-jan-2022.pdf,MP,73,cox cf,27-jan-2022,2022-01-27,2022,false,,,01-27-2022,16:25,G02947,MP 73,Fire  - required muster,1,,,,9cc1835cd812c4b11ff1c4611011e6e5e865864b766748126d82599b9138261b,
district,https://www.bsee.gov/what-we-do/incident-investigations/offshore-incident-investigations/district-investigation-reports,2021,,0,/sites/bsee.gov/files/cox-st-26-d-14-mar-2021-revised.pdf,https://www.bsee.gov/sites/bsee.gov/files/cox-st-26-d-14-mar-2021-revised.pdf,https://www.bsee.gov/sites/bsee.gov/files/cox-st-26-d-14-mar-2021-revised.pdf,false,cox-st-26-d-14-mar-2021-revised.pdf,ST,26 D,cox,14-mar-2021,2021-03-14,2021,false,,,03-14-2021,10:50,G01870,ST 26,Crane,1,,,,aecc68513403334f22cc48958df81eeebe3ae86d70846e08598e2bf1e02bc9cf,
district,https://www.bsee.gov/what-we-do/incident-investigations/offshore-incident-investigations/district-investigation-reports,2022,,0,/sites/bsee.gov/files/cox-wd-109-cox-a-06-apr-2022.pdf,https://www.bsee.gov/sites/bsee.gov/files/cox-wd-109-cox-a-06-apr-2022.pdf,https://www.bsee.gov/sites/bsee.gov/files/cox-wd-109-cox-a-06-apr-2022.pdf,false,cox-wd-109-cox-a-06-apr-2022.pdf,WD,109,cox cox,06-apr-2022,2022-04-06,2022,false,,,04-06-2022,12:15,G02937,WD 109,"Required Evacuation, LTA (>3 days)",1,,,,b867058568aa6b7f75c55998d7a8555c70d1c8bc2a4a02311d7261cfb9185a9f,
district,https://www.bsee.gov/what-we-do/incident-investigations/offshore-incident-investigations/district-investigation-reports,2022,,0,/sites/bsee.gov/files/cox-wd-31-e-19-nov-2022.pdf,https://www.bsee.gov/sites/bsee.gov/files/cox-wd-31-e-19-nov-2022.pdf,https://www.bsee.gov/sites/bsee.gov/files/cox-wd-31-e-19-nov-2022.pdf,false,cox-wd-31-e-19-nov-2022.pdf,WD,31 E,cox,19-nov-2022,2022-11-19,2022,false,,,11-19-2022,0430,G00016,WD 31 E,Allision - Incident > $25000,1,,,,7d644714e17fbbfe16b2ac1f33bc8c5a90b4873b10a9b35b89dff2820e997f95,
district,https://www.bsee.gov/what-we-do/incident-investigations/offshore-incident-investigations/district-investigation-reports,2022,,0,/sites/bsee.gov/files/cox-wd-73-c-19-june-2022.pdf,https://www.bsee.gov/sites/bsee.gov/files/cox-wd-73-c-19-june-2022.pdf,https://www.bsee.gov/sites/bsee.gov/files/cox-wd-73-c-19-june-2022.pdf,false,cox-wd-73-c-19-june-2022.pdf,WD,73 C,cox,19-june-2022,2022-06-19,2022,false,,,06-19-2022,0930,G01083,WD 73 C,LTA >3 Days,1,,,,a8c6b74413a08872c4e75cb672a8e196c77ae5250c2667fc7b3e1a042a6679c0,
district,https://www.bsee.gov/what-we-do/incident-investigations/offshore-incident-investigations/district-investigation-reports,2022,,0,/sites/bsee.gov/files/cox-wd-73-c-25-feb-2022-ca-review.pdf,https://www.bsee.gov/sites/bsee.gov/files/cox-wd-73-c-25-feb-2022-ca-review.pdf,https://www.bsee.gov/sites/bsee.gov/files/cox-wd-73-c-25-feb-2022-ca-review.pdf,false,cox-wd-73-c-25-feb-2022-ca-review.pdf,WD,73 C,cox ca review,25-feb-2022,2022-02-25,2022,false,,,02-25-2022,05:30,G01083,WD 73,Pollution,1,,,,9296a3a701913f803c3e30309d277093a359ad247e32d068d064229633b12a31,
district,https://www.bsee.gov/what-we-do/incident-investigations/offshore-incident-investigations/district-investigation-reports,2022,,0,/sites/bsee.gov/files/cox-wd-74-f-13-may-2022.pdf,https://www.bsee.gov/sites/bsee.gov/files/cox-wd-74-f-13-may-2022.pdf,https://www.bsee.gov/sites/bsee.gov/files/cox-wd-74-f-13-may-2022.pdf,false,cox-wd-74-f-13-may-2022.pdf,WD,74 F,cox,13-may-2022,2022-05-13,2022,false,,,05-13-2022,00:11,G01084,WD 74,"Required Evacuation, LTA (>3 days)",1,,,,817378a1786cce65deaf78c0240a302068f7d3e70a449f5537334a7af6adecd4,
district,https://www.bsee.gov/what-we-do/incident-investigations/offshore-incident-investigations/district-investigation-reports,2019,,0,/sites/bsee.gov/files/dc-4-murphy-25-jun-2019.pdf,https://www.bsee.gov/sites/bsee.gov/files/dc-4-murphy-25-jun-2019.pdf,https://www.bsee.gov/sites/bsee.gov/files/dc-4-murphy-25-jun-2019.pdf,false,dc-4-murphy-25-jun-2019.pdf,DC,4,murphy,25-jun-2019,2019-06-25,2019,false,,,06-25-2019,20:45,G10437,DC 4,Other Lifting: Rope socket - Dropped object,1,,,,be03098e26db6f695c19724db9d63ff85a37b2acad86803a026bdb2d03278946,
district,https://www.bsee.gov/what-we-do/incident-investigations/offshore-incident-investigations/district-investigation-reports,2018,,0,/sites/bsee.gov/files/dc4-murphy-30apr2018.pdf,https://www.bsee.gov/sites/bsee.gov/files/dc4-murphy-30apr2018.pdf,https://www.bsee.gov/sites/bsee.gov/files/dc4-murphy-30apr2018.pdf,false,dc4-murphy-30apr2018.pdf,DC,4,murphy,30apr2018,2018-04-30,2018,false,,,04-30-2018,22:30,G10437,DC 4,Pollution - Chemical leak in flying lead,1,,,,0ecddb23164bc1ca602ba54d906d041aa0dc4e3f09fbf57493cf2476c69a0bc0,
district,https://www.bsee.gov/what-we-do/incident-investigations/offshore-incident-investigations/district-investigation-reports,2022,,0,/sites/bsee.gov/files/destin-pipeline-mp-260-p-24-june-2022.pdf,https://www.bsee.gov/sites/bsee.gov/files/destin-pipeline-mp-260-p-24-june-2022.pdf,https://www.bsee.gov/sites/bsee.gov/files/destin-pipeline-mp-260-p-24-june-2022.pdf,false,destin-pipeline-mp-260-p-24-june-2022.pdf,MP,260 P,destin pipeline,24-june-2022,2022-06-24,2022,false,,,06-24-2022,1147,G04782,MP 260 P,Explosion - required evacuation,1,,,,dc08a18d21d4bb162ca99a30998080456db7bf5ee47aa1249c75c0d21e37ec14,
district,https://www.bsee.gov/what-we-do/incident-investigations/offshore-incident-investigations/district-investigation-reports,2016,,0,/sites/bsee.gov/files/eb-110-fieldwood-offshore-21-sep-2016.pdf,https://www.bsee.gov/sites/bsee.gov/files/eb-110-fieldwood-offshore-21-sep-2016.pdf,https://www.bsee.gov/sites/bsee.gov/files/eb-110-fieldwood-offshore-21-sep-2016.pdf,false,eb-110-fieldwood-offshore-21-sep-2016.pdf,EB,110,fieldwood offshore,21-sep-2016,2016-09-21,2016,false,,,09-21-2016,19:15,G02650,EB 110,-Incident >$25K- Crane,1,,,,772607ebada179defa380a2664aef966f5146005da7529a4b5381692263371e6,
district,https://www.bsee.gov/what-we-do/incident-investigations/offshore-incident-investigations/district-investigation-reports,2017,,0,/sites/bsee.gov/files/eb-159-fieldwood-18-jan-2017.pdf,https://www.bsee.gov/sites/bsee.gov/files/eb-159-fieldwood-18-jan-2017.pdf,https://www.bsee.gov/sites/bsee.gov/files/eb-159-fieldwood-18-jan-2017.pdf,false,eb-159-fieldwood-18-jan-2017.pdf,EB,159,fieldwood,18-jan-2017,2017-01-18,2017,false,,,01-18-2017,04:00,G02646,EB 159,Other - Casing Weld Failure,1,,,,4f76a2eeaa79493adefca16e15384a28e31deb9272859da9ae1ae320469ae0e7,
district,https://www.bsee.gov/what-we-do/incident-investigations/offshore-incident-investigations/district-investigation-reports,2015,,0,/sites/bsee.gov/files/eb-160-fieldwood-01-december-2015.pdf,https://www.bsee.gov/sites/bsee.gov/files/eb-160-fieldwood-01-december-2015.pdf,https://www.bsee.gov/sites/bsee.gov/files/eb-160-fieldwood-01-december-2015.pdf,false,eb-160-fieldwood-01-december-2015.pdf,EB,160,fieldwood,01-december-2015,2015-12-01,2015,false,,,12-01-2015,22:00,G02647,EB 160,"Human Error, Equipment Failure, Crane Boom Collapse",1,,,,445d0fa779bd90abed5f9744bc4734d4ed87a62910523c910527c39cbd0496cc,
district,https://www.bsee.gov/what-we-do/incident-investigations/offshore-incident-investigations/district-investigation-reports,2016,,0,https://bsee_prod.opengov.ibmcloud.com/sites/bsee.gov/files/eb-160-fieldwood-5-feb-2016.pdf,https://www.bsee.gov/sites/bsee.gov/files/eb-160-fieldwood-5-feb-2016.pdf,https://www.bsee.gov/sites/bsee.gov/files/eb-160-fieldwood-5-feb-2016.pdf,true,eb-160-fieldwood-5-feb-2016.pdf,EB,160,fieldwood,5-feb-2016,2016-02-05,2016,false,,,02-05-2016,06:40,G02647,EB 160,Crane,1,,,,7e6bbc1bf2fcaa2b933acf378f40aff4e81fcff52b56d8836c708525359f2b3b,
district,https://www.bsee.gov/what-we-do/incident-investigations/offshore-incident-investigations/district-investigation-reports,2019,,0,/sites/bsee.gov/files/eb-160-fieldwood-energy-9-dec-2019.pdf,https://www.bsee.gov/sites/bsee.gov/files/eb-160-fieldwood-energy-9-dec-2019.pdf,https://www.bsee.gov/sites/bsee.gov/files/eb-160-fieldwood-energy-9-dec-2019.pdf,false,eb-160-fieldwood-energy-9-dec-2019.pdf,EB,160,fieldwood energy,9-dec-2019,2019-12-09,2019,false,,,12-09-2019,07:00,G02647,EB 160,- Crane,1,,,,b8b004f629c62237341df6cb20101ab16263333fbffc90f491a6e5df14301583,
district,https://www.bsee.gov/what-we-do/incident-investigations/offshore-incident-investigations/district-investigation-reports,2018,,0,/sites/bsee.gov/files/eb-165-fieldwood-09-may-2018.pdf,https://www.bsee.gov/sites/bsee.gov/files/eb-165-fieldwood-09-may-2018.pdf,https://www.bsee.gov/sites/bsee.gov/files/eb-165-fieldwood-09-may-2018.pdf,false,eb-165-fieldwood-09-may-2018.pdf,EB,165,fieldwood,09-may-2018,2018-05-09,2018,false,,,05-09-2018,08:00,G06280,EB 165,Fire / Incident > $25K,1,,,,e0c8274161a52cc5fa5c7d995d73b2d3e16ec3fb5ff74d8c298b173f7e39b25f,
district,https://www.bsee.gov/what-we-do/incident-investigations/offshore-incident-investigations/district-investigation-reports,2022,,0,/sites/bsee.gov/files/eb-602-anadarko-10-sep-2022.pdf,https://www.bsee.gov/sites/bsee.gov/files/eb-602-anadarko-10-sep-2022.pdf,https://www.bsee.gov/sites/bsee.gov/files/eb-602-anadarko-10-sep-2022.pdf,false,eb-602-anadarko-10-sep-2022.pdf,EB,602,anadarko,10-sep-2022,2022-09-10,2022,false,,,09-10-2022,1630,G14205,EB 602,LTA >3 Days,1,,,,ac1757c4eeab1fa90b4a474b22f313790fcd817d640d3de7830b350fd17c836d,
district,https://www.bsee.gov/what-we-do/incident-investigations/offshore-incident-investigations/district-investigation-reports/district-investigation-reports-archive,2013,,0,https://www.bsee.gov/sites/bsee.gov/files/eb-602-anadarko-24-jun-2013.pdf,https://www.bsee.gov/sites/bsee.gov/files/eb-602-anadarko-24-jun-2013.pdf,https://www.bsee.gov/sites/bsee.gov/files/eb-602-anadarko-24-jun-2013.pdf,false,eb-602-anadarko-24-jun-2013.pdf,EB,602,anadarko,24-jun-2013,2013-06-24,2013,false,,,06-24-2013,00:15,G14205,EB 602,Other / Equipment Damage > $25K,1,,,,620c7af32dbd3ad03034502c72d93c2d44751547f946d51d7655900b30ece7bc,
district,https://www.bsee.gov/what-we-do/incident-investigations/offshore-incident-investigations/district-investigation-reports,2019,,0,/sites/bsee.gov/files/eb-643-anadarko-13-dec-2019.pdf,https://www.bsee.gov/sites/bsee.gov/files/eb-643-anadarko-13-dec-2019.pdf,https://www.bsee.gov/sites/bsee.gov/files/eb-643-anadarko-13-dec-2019.pdf,false,eb-643-anadarko-13-dec-2019.pdf,EB,643,anadarko,13-dec-2019,2019-12-13,2019,false,,,12-13-2019,17:15,G09184,EB 643,- Crane,1,,,,bba55390ecda895098cc56fc8bdd33729657c0af51f8f14d27a6268885e17bbb,
district,https://www.bsee.gov/what-we-do/incident-investigations/offshore-incident-investigations/district-investigation-reports,2016,,0,sites/bsee.gov/files/eb-690-16-jan-2016.pdf,https://www.bsee.gov/sites/bsee.gov/files/eb-690-16-jan-2016.pdf,https://www.bsee.gov/sites/bsee.gov/files/eb-690-16-jan-2016.pdf,false,eb-690-16-jan-2016.pdf,EB,690,,16-jan-2016,2016-01-16,2016,false,,no_operator_in_filename,01-16-2016,15:00,G22296,EB 690,Pollution. Inadvertent EDS. Indident >$25K 47500.00,1,,,,ed44cfc60effbac882541b18eb78d902a69643eb5f57456fe7cb89f374d55081,
district,https://www.bsee.gov/what-we-do/incident-investigations/offshore-incident-investigations/district-investigation-reports,2015,,0,/sites/bsee.gov/files/eb-945-exxon-mobil-03-dec-2015.pdf,https://www.bsee.gov/sites/bsee.gov/files/eb-945-exxon-mobil-03-dec-2015.pdf,https://www.bsee.gov/sites/bsee.gov/files/eb-945-exxon-mobil-03-dec-2015.pdf,false,eb-945-exxon-mobil-03-dec-2015.pdf,EB,945,exxon mobil,03-dec-2015,2015-12-03,2015,false,,,12-03-2015,04:20,G08211,EB 945,Required Evacuation - LTA (>3 days),1,,,,9dd80528c15d8d475197955236fb3162b5a30cf1879ea136ea3e82f32510d883,
district,https://www.bsee.gov/what-we-do/incident-investigations/offshore-incident-investigations/district-investigation-reports,2017,,0,/sites/bsee.gov/files/eb110-fieldwood-10-aug-2017.pdf,https://www.bsee.gov/sites/bsee.gov/files/eb110-fieldwood-10-aug-2017.pdf,https://www.bsee.gov/sites/bsee.gov/files/eb110-fieldwood-10-aug-2017.pdf,false,eb110-fieldwood-10-aug-2017.pdf,EB,110,fieldwood,10-aug-2017,2017-08-10,2017,false,,,08-10-2017,13:50,G02650,EB 110,Fire,1,,,,509b9f95c1f83861ebce874299315dc5d082232805f1817c8065ee9a88ccd2db,
district,https://www.bsee.gov/what-we-do/incident-investigations/offshore-incident-investigations/district-investigation-reports,2017,,0,/sites/bsee.gov/files/ei-11-h-contango-19-oct-2017.pdf,https://www.bsee.gov/sites/bsee.gov/files/ei-11-h-contango-19-oct-2017.pdf,https://www.bsee.gov/sites/bsee.gov/files/ei-11-h-contango-19-oct-2017.pdf,false,ei-11-h-contango-19-oct-2017.pdf,EI,11 H,contango,19-oct-2017,2017-10-19,2017,false,,,10-19-2017,19:11,G31362,EI 11 H,"LTA (>3 days), Required Evacuation",1,,,,4250658a31f0438877dcea3a5665cee966dcd872cf3b2850d64bd220d2512bb9,
district,https://www.bsee.gov/what-we-do/incident-investigations/offshore-incident-investigations/district-investigation-reports,2017,https://www.bsee.gov/ei-24-cox-28-nov-2017,0,/sites/bsee.gov/files/ei-24-cox-28-nov-2017.pdf,https://www.bsee.gov/sites/bsee.gov/files/ei-24-cox-28-nov-2017.pdf,https://www.bsee.gov/sites/bsee.gov/files/ei-24-cox-28-nov-2017.pdf,false,ei-24-cox-28-nov-2017.pdf,EI,24,cox,28-nov-2017,2017-11-28,2017,false,,,11-28-2017,14:00,G02893,EI 24,Fire / Injury Requiring Evacuation,1,,,,729408628ffea600a57def61801b9c7048ffd1737b3bffea4541ee2c31064121,
district,https://www.bsee.gov/what-we-do/incident-investigations/offshore-incident-investigations/district-investigation-reports,2020,,0,/sites/bsee.gov/files/ei-259-cox-operating-21-oct-2020.pdf,https://www.bsee.gov/sites/bsee.gov/files/ei-259-cox-operating-21-oct-2020.pdf,https://www.bsee.gov/sites/bsee.gov/files/ei-259-cox-operating-21-oct-2020.pdf,false,ei-259-cox-operating-21-oct-2020.pdf,EI,259,cox operating,21-oct-2020,2020-10-21,2020,false,,,10-21-2020,06:47,G00985,EI 259,Fire,1,,,,d6b3181b51d3ec2edd6eedfe8301acca8d9f5fd6808ece815763ef48e35bffd8,
district,https://www.bsee.gov/what-we-do/incident-investigations/offshore-incident-investigations/district-investigation-reports,2017,,0,/sites/bsee.gov/files/ei-338-arena-28-apr-2017.pdf,https://www.bsee.gov/sites/bsee.gov/files/ei-338-arena-28-apr-2017.pdf,https://www.bsee.gov/sites/bsee.gov/files/ei-338-arena-28-apr-2017.pdf,false,ei-338-arena-28-apr-2017.pdf,EI,338,arena,28-apr-2017,2017-04-28,2017,false,,,04-28-2017,16:51,G02118,EI-338,Crane,1,,,,bdbbc7677e0cef76f73354ab094ab6fbf4540a548b29051ded84ddc5be2322e9,
district,https://www.bsee.gov/what-we-do/incident-investigations/offshore-incident-investigations/district-investigation-reports,2021,,0,/sites/bsee.gov/files/ei-360-cox-operating-09-dec-2021.pdf,https://www.bsee.gov/sites/bsee.gov/files/ei-360-cox-operating-09-dec-2021.pdf,https://www.bsee.gov/sites/bsee.gov/files/ei-360-cox-operating-09-dec-2021.pdf,false,ei-360-cox-operating-09-dec-2021.pdf,EI,360,cox operating,09-dec-2021,2021-12-09,2021,false,,,12-09-2021,10:30,G02323,EI 360,Injury - Required Evacuation - LTA (>3 days) - Crane,1,,,,b8e205a01977dad9f6b9daba1ef76220c2fdaca204dafa5251ba44eec23b3355,
district,https://www.bsee.gov/what-we-do/incident-investigations/offshore-incident-investigations/district-investigation-reports,2021,,0,/sites/bsee.gov/files/ei-360c-cox-operating-16-mar-2021.pdf,https://www.bsee.gov/sites/bsee.gov/files/ei-360c-cox-operating-16-mar-2021.pdf,https://www.bsee.gov/sites/bsee.gov/files/ei-360c-cox-operating-16-mar-2021.pdf,false,ei-360c-cox-operating-16-mar-2021.pdf,EI,360C,cox operating,16-mar-2021,2021-03-16,2021,false,,,03-16-2021,20:30,G02323,EI 360,Injury - required evacuation - LTA (>3 days),1,,,,76d06c66387846480fefdd5ba9b01280123d9b37c1bac431faf614346dd343c1,
district,https://www.bsee.gov/what-we-do/incident-investigations/offshore-incident-investigations/district-investigation-reports,2021,,0,/sites/bsee.gov/files/ei-360e-cox-operating-12-feb-2021.pdf,https://www.bsee.gov/sites/bsee.gov/files/ei-360e-cox-operating-12-feb-2021.pdf,https://www.bsee.gov/sites/bsee.gov/files/ei-360e-cox-operating-12-feb-2021.pdf,false,ei-360e-cox-operating-12-feb-2021.pdf,EI,360E,cox operating,12-feb-2021,2021-02-12,2021,false,,,02-12-2021,09:00,G02323,EI 360,Injury - required evacuation - LTA (>3 days),1,,,,55d3634241b7347f5b4a9ff55ba19426fdfe5fa7388dd5e97f365661189cd83d,
district,https://www.bsee.gov/what-we-do/incident-investigations/offshore-incident-investigations/district-investigation-reports,2020,,0,/sites/bsee.gov/files/ei-361-cox-operating-26-sep-2020.pdf,https://www.bsee.gov/sites/bsee.gov/files/ei-361-cox-operating-26-sep-2020.pdf,https://www.bsee.gov/sites/bsee.gov/files/ei-361-cox-operating-26-sep-2020.pdf,false,ei-361-cox-operating-26-sep-2020.pdf,EI,361,cox operating,26-sep-2020,2020-09-26,2020,false,,,09-26-2020,13:00,G02324,EI 361,Crane,1,,,,ee307124f998a2edf8a4766896e931bf284dbff354acae6f48f7849259e2782a,
district,https://www.bsee.gov/what-we-do/incident-investigations/offshore-incident-investigations/district-investigation-reports,2019,,0,/sites/bsee.gov/files/ei100-20july2019-arena.pdf,https://www.bsee.gov/sites/bsee.gov/files/ei100-20july2019-arena.pdf,https://www.bsee.gov/sites/bsee.gov/files/ei100-20july2019-arena.pdf,false,ei100-20july2019-arena.pdf,EI,100,arena,20july2019,2019-07-20,2019,false,,,07-20-2019,08:30,00796,EI 100,Injury Required Evacuation,1,,,,8dfb5e85fa8796216730e6e276d2442ae68554f37790e1d2ff2053cb4e77dee4,
district,https://www.bsee.gov/what-we-do/incident-investigations/offshore-incident-investigations/district-investigation-reports,2019,,0,/sites/bsee.gov/files/ei120-fieldwood-11feb2019.pdf,https://www.bsee.gov/sites/bsee.gov/files/ei120-fieldwood-11feb2019.pdf,https://www.bsee.gov/sites/bsee.gov/files/ei120-fieldwood-11feb2019.pdf,false,ei120-fieldwood-11feb2019.pdf,EI,120,fieldwood,11feb2019,2019-02-11,2019,false,,,02-11-2019,16:40,00050,EI 120,"Injury, Required Evacuation, LTA > 3 days",1,,,,312c0ff8f98add8cc72cca42d9f11d5072974957914b344f10988f9e42ca6135,
district,https://www.bsee.gov/what-we-do/incident-investigations/offshore-incident-investigations/district-investigation-reports,2017,https://www.bsee.gov/ei120-fieldwood-21-oct-2017,0,/sites/bsee.gov/files/ei120-fieldwood-21-oct-2017.pdf,https://www.bsee.gov/sites/bsee.gov/files/ei120-fieldwood-21-oct-2017.pdf,https://www.bsee.gov/sites/bsee.gov/files/ei120-fieldwood-21-oct-2017.pdf,false,ei120-fieldwood-21-oct-2017.pdf,EI,120,fieldwood,21-oct-2017,2017-10-21,2017,false,,,10-21-2017,14:15,00050,EI 120,"Injury - LTA (>3 days), Required Evacuation",1,,,,a51e90a55bcca16f361cbe749864e1acb93d105d8e3eddcd0bc54ed6ef43af09,
district,https://www.bsee.gov/what-we-do/incident-investigations/offshore-incident-investigations/district-investigation-reports,2018,,0,/sites/bsee.gov/files/ei208-ankor-12apr2018.pdf,https://www.bsee.gov/sites/bsee.gov/files/ei208-ankor-12apr2018.pdf,https://www.bsee.gov/sites/bsee.gov/files/ei208-ankor-12apr2018.pdf,false,ei208-ankor-12apr2018.pdf,EI,208,ankor,12apr2018,2018-04-12,2018,false,,,04-12-2018,15:30,00577,EI 208,Injury Requiring Evacuation / RW/JT (1-3 days),1,,,,5cb61104cbcbc7ba7e25846f1b9147f0520c8c4af7dff87cf3c4ce96b8897505,
district,https://www.bsee.gov/what-we-do/incident-investigations/offshore-incident-investigations/district-investigation-reports,2017,,0,/sites/bsee.gov/files/ei251-arena-25-aug-2017.pdf,https://www.bsee.gov/sites/bsee.gov/files/ei251-arena-25-aug-2017.pdf,https://www.bsee.gov/sites/bsee.gov/files/ei251-arena-25-aug-2017.pdf,false,ei251-arena-25-aug-2017.pdf,EI,251,arena,25-aug-2017,2017-08-25,2017,false,,,08-25-2017,09:05,G04452,EI 182,Injury - Thumb,1,,,,6e584efa7fe553df68141f11c1bebba30e40ec23d022832e1509a7366c41aae7,
district,https://www.bsee.gov/what-we-do/incident-investigations/offshore-incident-investigations/district-investigation-reports,2020,,0,/sites/bsee.gov/files/ei252-arena-16-jan-2020.pdf,https://www.bsee.gov/sites/bsee.gov/files/ei252-arena-16-jan-2020.pdf,https://www.bsee.gov/sites/bsee.gov/files/ei252-arena-16-jan-2020.pdf,false,ei252-arena-16-jan-2020.pdf,EI,252,arena,16-jan-2020,2020-01-16,2020,false,,,01-16-2020,05:30,,EI 252,Injury- Required Evacuation - RW/JT  (>3 days). Crane,1,,,,f8c59061e4c7493303c31c7f52965ad4bf04e366b795be22cfca504aae123548,
district,https://www.bsee.gov/what-we-do/incident-investigations/offshore-incident-investigations/district-investigation-reports,2018,,0,/sites/bsee.gov/files/ei314-arena-24-sep-2018.pdf,https://www.bsee.gov/sites/bsee.gov/files/ei314-arena-24-sep-2018.pdf,https://www.bsee.gov/sites/bsee.gov/files/ei314-arena-24-sep-2018.pdf,false,ei314-arena-24-sep-2018.pdf,EI,314,arena,24-sep-2018,2018-09-24,2018,false,,,09-24-2018,08:00,G02111,EI 314,"Required Evac., LTA (>3 days)",1,,,,be8fab65f0e200e4c2b7c6fe89378a34a1d2f20a2f679ab4363dc3b61c19fa53,
district,https://www.bsee.gov/what-we-do/incident-investigations/offshore-incident-investigations/district-investigation-reports,2018,,0,/sites/bsee.gov/files/ei361-cox-02-feb-2018.pdf,https://www.bsee.gov/sites/bsee.gov/files/ei361-cox-02-feb-2018.pdf,https://www.bsee.gov/sites/bsee.gov/files/ei361-cox-02-feb-2018.pdf,false,ei361-cox-02-feb-2018.pdf,EI,361,cox,02-feb-2018,2018-02-02,2018,false,,,02-02-2018,07:50,G02324,EI 361,"Injury - LTA (>3 days), Required Evacuation",1,,,,a415fda9dd0ceb3682c3b7cd8851ed1d6310952cf11b951309ab897b8adbb89e,
district,https://www.bsee.gov/what-we-do/incident-investigations/offshore-incident-investigations/district-investigation-reports,2018,,0,/sites/bsee.gov/files/ei53-fieldwood-16-apr-2018.pdf,https://www.bsee.gov/sites/bsee.gov/files/ei53-fieldwood-16-apr-2018.pdf,https://www.bsee.gov/sites/bsee.gov/files/ei53-fieldwood-16-apr-2018.pdf,false,ei53-fieldwood-16-apr-2018.pdf,EI,53,fieldwood,16-apr-2018,2018-04-16,2018,false,,,04-16-2018,11:45,00479,EI 53 C,Injury - RW/JT (>3 days),1,,,,3d852f8b70949496eb80202da11d2064cc925105b86fa3ad4302a464778a1ace,
district,https://www.bsee.gov/what-we-do/incident-investigations/offshore-incident-investigations/district-investigation-reports,2020,,0,/sites/bsee.gov/files/ew-305-talos-energy-27-apr-2020.pdf,https://www.bsee.gov/sites/bsee.gov/files/ew-305-talos-energy-27-apr-2020.pdf,https://www.bsee.gov/sites/bsee.gov/files/ew-305-talos-energy-27-apr-2020.pdf,false,ew-305-talos-energy-27-apr-2020.pdf,EW,305,talos energy,27-apr-2020,2020-04-27,2020,false,,,04-27-2020,03:00,G35292,EW 305,Shutdown from gas release,1,,,,706630d21d8998197f29327ed186356a68b9c1e4d51e9627604172fed5e3e585,
district,https://www.bsee.gov/what-we-do/incident-investigations/offshore-incident-investigations/district-investigation-reports,2020,,0,https://connect.bsee.gov/sites/bsee.gov/files/ew-826-05jul2020.pdf,https://www.bsee.gov/sites/bsee.gov/files/ew-826-05jul2020.pdf,https://www.bsee.gov/sites/bsee.gov/files/ew-826-05jul2020.pdf,true,ew-826-05jul2020.pdf,EW,826,,05jul2020,2020-07-05,2020,false,,no_operator_in_filename,07-05-2020,10:00,G05800,EW 826,Other Lifting: 10k Tugger,1,,,,cebe7be631637868cb1e39ec777143ad3ee2deb6635af4dcae380e8d9b9a2277,
district,https://www.bsee.gov/what-we-do/incident-investigations/offshore-incident-investigations/district-investigation-reports,2020,,0,/sites/bsee.gov/files/ew-873-enven-16-nov-2020.pdf,https://www.bsee.gov/sites/bsee.gov/files/ew-873-enven-16-nov-2020.pdf,https://www.bsee.gov/sites/bsee.gov/files/ew-873-enven-16-nov-2020.pdf,false,ew-873-enven-16-nov-2020.pdf,EW,873,enven,16-nov-2020,2020-11-16,2020,false,,,11-16-2020,03:30,G12136,EW 873,Pollution - spill,1,,,,25489ff33a85e738d2b1f40005a480387a84ceec51ed6b789db33716de1da932,
district,https://www.bsee.gov/what-we-do/incident-investigations/offshore-incident-investigations/district-investigation-reports,2020,,0,/sites/bsee.gov/files/ew-921-eni-2-feb-2020.pdf,https://www.bsee.gov/sites/bsee.gov/files/ew-921-eni-2-feb-2020.pdf,https://www.bsee.gov/sites/bsee.gov/files/ew-921-eni-2-feb-2020.pdf,false,ew-921-eni-2-feb-2020.pdf,EW,921,eni,2-feb-2020,2020-02-02,2020,false,,,02-02-2020,12:30,G12142,EW 921,Structural damage - Crane - Incident >$25K,1,,,,9bbf8128a8c2fc10b61f8496b7a881a4b99bc983ab79495b46dd90d3caf51b92,
district,https://www.bsee.gov/what-we-do/incident-investigations/offshore-incident-investigations/district-investigation-reports,2017,,0,sites/bsee.gov/files/ew834-walter-26nov2017-v2.pdf,https://www.bsee.gov/sites/bsee.gov/files/ew834-walter-26nov2017-v2.pdf,https://www.bsee.gov/sites/bsee.gov/files/ew834-walter-26nov2017-v2.pdf,false,ew834-walter-26nov2017-v2.pdf,EW,834,walter,26nov2017,2017-11-26,2017,false,-v2,,11-26-2017,04:05,G27982,EW 834,Flowback,1,,,,f9b974f90d0244d3f18538e6138c650a0b840aa570c258a23915e84558844a2b,
district,https://www.bsee.gov/what-we-do/incident-investigations/offshore-incident-investigations/district-investigation-reports,2022,,0,/sites/bsee.gov/files/ew_873_enven_03-mar-2022.pdf,https://www.bsee.gov/sites/bsee.gov/files/ew_873_enven_03-mar-2022.pdf,https://www.bsee.gov/sites/bsee.gov/files/ew_873_enven_03-mar-2022.pdf,false,ew_873_enven_03-mar-2022.pdf,EW,873,enven,03-mar-2022,2022-03-03,2022,false,,,03-03-2022,03:15,G12136,EW 873,"Fire, Incident >$25K: Generator, Required Muster",1,,,,076fe9111e4508b2dbd1e23617701475253e394385749818c6c28d4133e97782,
district,https://www.bsee.gov/what-we-do/incident-investigations/offshore-incident-investigations/district-investigation-reports,2015,,0,/sites/bsee.gov/files/federal-register-notice/incident-and-investigations/mc-778-bp-22-jan-2015.pdf,https://www.bsee.gov/sites/bsee.gov/files/federal-register-notice/incident-and-investigations/mc-778-bp-22-jan-2015.pdf,https://www.bsee.gov/sites/bsee.gov/files/federal-register-notice/incident-and-investigations/mc-778-bp-22-jan-2015.pdf,false,mc-778-bp-22-jan-2015.pdf,MC,778,bp,22-jan-2015,2015-01-22,2015,false,,,01-22-2015,23:15,G09868,MC 778,RW/JT (>3 days) / Required Evacuation,1,,,,4b9d4124d2d437329a6b7b761c5e94eb51e0b274c44bd14baf287f6ec3da0591,
district,https://www.bsee.gov/what-we-do/incident-investigations/offshore-incident-investigations/district-investigation-reports,2016,,0,/sites/bsee.gov/files/final-sanitized-acc-inc-report-15-nov-2016.pdf,https://www.bsee.gov/sites/bsee.gov/files/final-sanitized-acc-inc-report-15-nov-2016.pdf,https://www.bsee.gov/sites/bsee.gov/files/final-sanitized-acc-inc-report-15-nov-2016.pdf,false,final-sanitized-acc-inc-report-15-nov-2016.pdf,,,,15-nov-2016,2016-11-15,2016,true,,no_area_block_in_filename;no_operator_in_filename,05-29-2016,13:10,G12362,MP 299,H2S release through corroded piping,1,,,,8def3413ad8a2b52c143edc3660223b30d98776698cce2b4a4192dbc86f2a38b,
district,https://www.bsee.gov/what-we-do/incident-investigations/offshore-incident-investigations/district-investigation-reports,2019,,0,/sites/bsee.gov/files/g01083-energy-xxi-03-march-2019.pdf,https://www.bsee.gov/sites/bsee.gov/files/g01083-energy-xxi-03-march-2019.pdf,https://www.bsee.gov/sites/bsee.gov/files/g01083-energy-xxi-03-march-2019.pdf,false,g01083-energy-xxi-03-march-2019.pdf,,,g01083 energy xxi,03-march-2019,2019-03-03,2019,false,,no_area_block_in_filename,03-30-2019,12:00,G01083,WD 73,Pollution,1,,,,a237dc4120755e3438501b395b18663f1b24efdb9199f73f7c7aed1db3e25704,
district,https://www.bsee.gov/what-we-do/incident-investigations/offshore-incident-investigations/district-investigation-reports,2017,,0,/sites/bsee.gov/files/gb-128-shell-19-sep-2017.pdf,https://www.bsee.gov/sites/bsee.gov/files/gb-128-shell-19-sep-2017.pdf,https://www.bsee.gov/sites/bsee.gov/files/gb-128-shell-19-sep-2017.pdf,false,gb-128-shell-19-sep-2017.pdf,GB,128,shell,19-sep-2017,2017-09-19,2017,false,,,09-19-2017,16:00,G11445,GB 128,Gas Release / Required Muster,1,,,,795de28893d2f0c59fa6a701d8763e29580bae3f27b09c2eb9325d1298c31407,
district,https://www.bsee.gov/what-we-do/incident-investigations/offshore-incident-investigations/district-investigation-reports,2017,,0,/sites/bsee.gov/files/gb-128-shell-8-nov-2017.pdf,https://www.bsee.gov/sites/bsee.gov/files/gb-128-shell-8-nov-2017.pdf,https://www.bsee.gov/sites/bsee.gov/files/gb-128-shell-8-nov-2017.pdf,false,gb-128-shell-8-nov-2017.pdf,GB,128,shell,8-nov-2017,2017-11-08,2017,false,,,11-08-2017,01:20,G11445,GB 128,Injury Requiring Evacuation / LTA (1-3 days) / LTA (> 3 days) / Fire / Explosion / Structural Damage / Incident > $25K / Required Muster / Platform Evacuation,1,,,,bacd4de56e7f4e51f41554642cb6ee9119443a0e025867db0689b047dc661307,
district,https://www.bsee.gov/what-we-do/incident-investigations/offshore-incident-investigations/district-investigation-reports,2021,,0,/sites/bsee.gov/files/gb-172-10oct21.pdf,https://www.bsee.gov/sites/bsee.gov/files/gb-172-10oct21.pdf,https://www.bsee.gov/sites/bsee.gov/files/gb-172-10oct21.pdf,false,gb-172-10oct21.pdf,GB,172,,10oct21,2021-10-10,2021,false,,no_operator_in_filename,10-10-2021,20:45,G14221,GB 172,Injury - Required Evacuation - LTA (>3 days),1,,,,5ee4a6fd13d004e8d947cf0fcd87fc7c0e82b0cc039360f7d025fda0332daafc,
district,https://www.bsee.gov/what-we-do/incident-investigations/offshore-incident-investigations/district-investigation-reports,2022,,0,/sites/bsee.gov/files/gb-216-hess-corporation-19-may-2022.pdf,https://www.bsee.gov/sites/bsee.gov/files/gb-216-hess-corporation-19-may-2022.pdf,https://www.bsee.gov/sites/bsee.gov/files/gb-216-hess-corporation-19-may-2022.pdf,false,gb-216-hess-corporation-19-may-2022.pdf,GB,216,hess corporation,19-may-2022,2022-05-19,2022,false,,,05-19-2022,2145,G14224,GB 216,RW/JT > 3 Days,1,,,,ef7ebf70deb4ea0f17f48b00d41fe4e76de7659c3451ce5417ce14a14e0533e4,
district,https://www.bsee.gov/what-we-do/incident-investigations/offshore-incident-investigations/district-investigation-reports,2021,,0,/sites/bsee.gov/files/gb-260-hess-4-feb-2021.pdf,https://www.bsee.gov/sites/bsee.gov/files/gb-260-hess-4-feb-2021.pdf,https://www.bsee.gov/sites/bsee.gov/files/gb-260-hess-4-feb-2021.pdf,false,gb-260-hess-4-feb-2021.pdf,GB,260,hess,4-feb-2021,2021-02-04,2021,false,,,02-04-2021,02:30,G07462,GB 260,Injury - Lifting - Wireline Unit,1,,,,66d5375565fa95fcbe7274f7d34167a29a4a84dd94295b49123b6d18c6befeeb,
district,https://www.bsee.gov/what-we-do/incident-investigations/offshore-incident-investigations/district-investigation-reports,2019,,0,/sites/bsee.gov/files/gb-426-31mar19-sanitized-2010.pdf,https://www.bsee.gov/sites/bsee.gov/files/gb-426-31mar19-sanitized-2010.pdf,https://www.bsee.gov/sites/bsee.gov/files/gb-426-31mar19-sanitized-2010.pdf,false,gb-426-31mar19-sanitized-2010.pdf,GB,426,,31mar19,2019-03-31,2019,true,,no_operator_in_filename,03-31-2019,17:45,G08241,GB 426,"Required Evacuation, LTA (>3 days)",1,,,,2dbfb818aa38cec0425b24de3b4f579ef315ee5ee8bc3e7160cb5f19f96366c6,
district,https://www.bsee.gov/what-we-do/incident-investigations/offshore-incident-investigations/district-investigation-reports,2021,,0,/sites/bsee.gov/files/gb-426-shell-03-apr-2021.pdf,https://www.bsee.gov/sites/bsee.gov/files/gb-426-shell-03-apr-2021.pdf,https://www.bsee.gov/sites/bsee.gov/files/gb-426-shell-03-apr-2021.pdf,false,gb-426-shell-03-apr-2021.pdf,GB,426,shell,03-apr-2021,2021-04-03,2021,false,,,04-03-2021,13:10,G08241,GB 426,Injury - required evacuation - RW/JT (>3 days),1,,,,808e605b8a1e877a5cbf90ab764670b526574055b30a4d27ad14ed207f720ffc,
district,https://www.bsee.gov/what-we-do/incident-investigations/offshore-incident-investigations/district-investigation-reports,2016,,0,/sites/bsee.gov/files/gb-426-shell-25-apr-2016.pdf,https://www.bsee.gov/sites/bsee.gov/files/gb-426-shell-25-apr-2016.pdf,https://www.bsee.gov/sites/bsee.gov/files/gb-426-shell-25-apr-2016.pdf,false,gb-426-shell-25-apr-2016.pdf,GB,426,shell,25-apr-2016,2016-04-25,2016,false,,,04-25-2016,17:20,G08241,GB 426,Injury Requiring Evacuation,1,,,,1e9cd371886fc94d0e82148bbbb6fd45dd276486c1f3001f333cd9e4b72cd437,
district,https://www.bsee.gov/what-we-do/incident-investigations/offshore-incident-investigations/district-investigation-reports,2021,,0,/sites/bsee.gov/files/gb-426-shell-offshore-10-dec-2021.pdf,https://www.bsee.gov/sites/bsee.gov/files/gb-426-shell-offshore-10-dec-2021.pdf,https://www.bsee.gov/sites/bsee.gov/files/gb-426-shell-offshore-10-dec-2021.pdf,false,gb-426-shell-offshore-10-dec-2021.pdf,GB,426,shell offshore,10-dec-2021,2021-12-10,2021,false,,,12-10-2021,00:30,G08241,GB 426,Other -  Lifting -  Pipe Racker,1,,,,a1d58dd33db08681df813f190629e80d914a4ac6314d153def6be2d52f24a9f1,
district,https://www.bsee.gov/what-we-do/incident-investigations/offshore-incident-investigations/district-investigation-reports,2022,,0,/sites/bsee.gov/files/gb-426_shell_offshore_14-apr-2022.pdf,https://www.bsee.gov/sites/bsee.gov/files/gb-426_shell_offshore_14-apr-2022.pdf,https://www.bsee.gov/sites/bsee.gov/files/gb-426_shell_offshore_14-apr-2022.pdf,false,gb-426_shell_offshore_14-apr-2022.pdf,GB,426,shell offshore,14-apr-2022,2022-04-14,2022,false,,,04-14-2022,00:30,G08241,GB 426,"Required Evacuation, LTA (>3 days)",1,,,,3854908d5e94706afbb0d4d3a2f07c91b6f2febe585e4b82856752cb335d3f7b,
district,https://www.bsee.gov/what-we-do/incident-investigations/offshore-incident-investigations/district-investigation-reports,2021,,0,/sites/bsee.gov/files/gb-426a-shell-offshore-23-nov-2021.pdf,https://www.bsee.gov/sites/bsee.gov/files/gb-426a-shell-offshore-23-nov-2021.pdf,https://www.bsee.gov/sites/bsee.gov/files/gb-426a-shell-offshore-23-nov-2021.pdf,false,gb-426a-shell-offshore-23-nov-2021.pdf,GB,426A,shell offshore,23-nov-2021,2021-11-23,2021,false,,,11-23-2021,15:30,G08241,GB 426,Injury - Required Evacuation - LTA (>3 days),1,,,,9affa82578122ee0b745e2d4f969256f448bbbb3b0624382d6bde141cfd63ae0,
district,https://www.bsee.gov/what-we-do/incident-investigations/offshore-incident-investigations/district-investigation-reports,2018,,0,/sites/bsee.gov/files/gb-427-shell-25-jun-2018.pdf,https://www.bsee.gov/sites/bsee.gov/files/gb-427-shell-25-jun-2018.pdf,https://www.bsee.gov/sites/bsee.gov/files/gb-427-shell-25-jun-2018.pdf,false,gb-427-shell-25-jun-2018.pdf,GB,427,shell,25-jun-2018,2018-06-25,2018,false,,,06-25-2018,05:30,G07493,GB 427,Injury Requiring Evacuation / LTA (1-3 days),1,,,,6dcb05c865fd950709610e4ad35db19a811f97a36f232bb18a57e6416c82ad80,
district,https://www.bsee.gov/what-we-do/incident-investigations/offshore-incident-investigations/district-investigation-reports,2017,,0,/sites/bsee.gov/files/gb-427-shell-29-may-2017.pdf,https://www.bsee.gov/sites/bsee.gov/files/gb-427-shell-29-may-2017.pdf,https://www.bsee.gov/sites/bsee.gov/files/gb-427-shell-29-may-2017.pdf,false,gb-427-shell-29-may-2017.pdf,GB,427,shell,29-may-2017,2017-05-29,2017,false,,,05-29-2017,09:30,G07493,GB 427,Injury Requiring Evacuation / LTA (>3 days),1,,,,6f99fcff377e97ef59d1b09f081c0b0a5e0f4f43143b133c3739e43b13eb3e83,
district,https://www.bsee.gov/what-we-do/incident-investigations/offshore-incident-investigations/district-investigation-reports,2021,,0,/sites/bsee.gov/files/gb-427-shell-offshore-10-jan-2021.pdf,https://www.bsee.gov/sites/bsee.gov/files/gb-427-shell-offshore-10-jan-2021.pdf,https://www.bsee.gov/sites/bsee.gov/files/gb-427-shell-offshore-10-jan-2021.pdf,false,gb-427-shell-offshore-10-jan-2021.pdf,GB,427,shell offshore,10-jan-2021,2021-01-10,2021,false,,,01-10-2021,15:35,G07493,GB 427,Injury - required evacuation - LTA (>3 days),1,,,,60b9ffc21da908711558f3e01e397da7b076dd4ed6e074defd0e907473b0ee47,
district,https://www.bsee.gov/what-we-do/incident-investigations/offshore-incident-investigations/district-investigation-reports,2020,,0,/sites/bsee.gov/files/gb-427-shell-offshore-28-sep-2020.pdf,https://www.bsee.gov/sites/bsee.gov/files/gb-427-shell-offshore-28-sep-2020.pdf,https://www.bsee.gov/sites/bsee.gov/files/gb-427-shell-offshore-28-sep-2020.pdf,false,gb-427-shell-offshore-28-sep-2020.pdf,GB,427,shell offshore,28-sep-2020,2020-09-28,2020,false,,,09-28-2020,12:49,G07493,GB 427,Other - Lifting - Construction Hoist Block,1,,,,fcf937e35684e88f917ff2174a8396c15a9b3f03c71a69e6dc3fd5e0aa3092bc,
district,https://www.bsee.gov/what-we-do/incident-investigations/offshore-incident-investigations/district-investigation-reports,2017,,0,/sites/bsee.gov/files/gb-427-shell-offshore-7-jun-2017.pdf,https://www.bsee.gov/sites/bsee.gov/files/gb-427-shell-offshore-7-jun-2017.pdf,https://www.bsee.gov/sites/bsee.gov/files/gb-427-shell-offshore-7-jun-2017.pdf,false,gb-427-shell-offshore-7-jun-2017.pdf,GB,427,shell offshore,7-jun-2017,2017-06-07,2017,false,,,06-07-2017,09:30,G07493,GB 427,Pollution,1,,,,2b2eafbf973997bdd0d4971d46a3633dfc7bfde6a9fa6a69079567e6aba1bc02,
district,https://www.bsee.gov/what-we-do/incident-investigations/offshore-incident-investigations/district-investigation-reports,2021,,0,/sites/bsee.gov/files/gb-962-28mar21.pdf,https://www.bsee.gov/sites/bsee.gov/files/gb-962-28mar21.pdf,https://www.bsee.gov/sites/bsee.gov/files/gb-962-28mar21.pdf,false,gb-962-28mar21.pdf,GB,962,,28mar21,2021-03-28,2021,false,,no_operator_in_filename,03-28-2021,01:00,G34529,GB 962,Pollution - Surface - Shallow Water Flow,1,,,,32c280922fddf34ce7922c165f05427cc230f90c770d611cde7f1d3cad24fbe9,
district,https://www.bsee.gov/what-we-do/incident-investigations/offshore-incident-investigations/district-investigation-reports,2020,,0,/sites/bsee.gov/files/gb1003-18sep20.pdf,https://www.bsee.gov/sites/bsee.gov/files/gb1003-18sep20.pdf,https://www.bsee.gov/sites/bsee.gov/files/gb1003-18sep20.pdf,false,gb1003-18sep20.pdf,GB,1003,,18sep20,2020-09-18,2020,false,,no_operator_in_filename,09-18-2020,06:40,G36155,GB 1003,"Required Evacuation, RW/JT (1-3 days)",1,,,,dced660e694ed37d6777a83f3615547a25f265f95795fc0f211c56a3613f50db,
district,https://www.bsee.gov/what-we-do/incident-investigations/offshore-incident-investigations/district-investigation-reports,2019,,0,/sites/bsee.gov/files/gb491-kosmos-energy-22-nov-2019.pdf,https://www.bsee.gov/sites/bsee.gov/files/gb491-kosmos-energy-22-nov-2019.pdf,https://www.bsee.gov/sites/bsee.gov/files/gb491-kosmos-energy-22-nov-2019.pdf,false,gb491-kosmos-energy-22-nov-2019.pdf,GB,491,kosmos energy,22-nov-2019,2019-11-22,2019,false,,,11-22-2019,09:34,G35918,GB 491,- Fire - Incident >$25K - Required Muster,1,,,,9f1f8a5aaf7236fc5099317bf2e172bdd5ad91e1763d1e27a008f08ffc1c9da4,
district,https://www.bsee.gov/what-we-do/incident-investigations/offshore-incident-investigations/district-investigation-reports,2019,,0,/sites/bsee.gov/files/gc-158-enven-energy-31-mar-19.pdf,https://www.bsee.gov/sites/bsee.gov/files/gc-158-enven-energy-31-mar-19.pdf,https://www.bsee.gov/sites/bsee.gov/files/gc-158-enven-energy-31-mar-19.pdf,false,gc-158-enven-energy-31-mar-19.pdf,GC,158,enven energy,31-mar-19,2019-03-31,2019,false,,,03-31-2019,08:00,G07995,GC 158,"Injury, Required Evacuation, LTA > 3 days",1,,,,62e9907c38f165fc7ef6ae5909d101600ffae709f71da86d3bc205cc51124b9c,
district,https://www.bsee.gov/what-we-do/incident-investigations/offshore-incident-investigations/district-investigation-reports,2020,,0,/sites/bsee.gov/files/gc-18-13aug20.pdf,https://www.bsee.gov/sites/bsee.gov/files/gc-18-13aug20.pdf,https://www.bsee.gov/sites/bsee.gov/files/gc-18-13aug20.pdf,false,gc-18-13aug20.pdf,GC,18,,13aug20,2020-08-13,2020,false,,no_operator_in_filename,08-13-2020,16:20,G04940,GC 18,"Required Evacuation, LTA (>3 days)",1,,,,acfeaeedb83536b8712c22fea8689a7302b89c56c8fce114c6524e1e28300826,
district,https://www.bsee.gov/what-we-do/incident-investigations/offshore-incident-investigations/district-investigation-reports,2018,,0,sites/bsee.gov/files/gc-254-eni-us-operating-23-dec-18a.pdf,https://www.bsee.gov/sites/bsee.gov/files/gc-254-eni-us-operating-23-dec-18a.pdf,https://www.bsee.gov/sites/bsee.gov/files/gc-254-eni-us-operating-23-dec-18a.pdf,false,gc-254-eni-us-operating-23-dec-18a.pdf,GC,254,eni us operating,23-dec-18,2018-12-23,2018,false,,,12-23-2018,18:00,G07049,GC 254,"Incident > $25k, Required Muster, Other",1,,,,731ab15ea8622e6d6366381939d4cf71d273c11c50e0c1972436283dae9dc5bc,
district,https://www.bsee.gov/what-we-do/incident-investigations/offshore-incident-investigations/district-investigation-reports,2021,,0,/sites/bsee.gov/files/gc-281-talos-04-june-2021.pdf,https://www.bsee.gov/sites/bsee.gov/files/gc-281-talos-04-june-2021.pdf,https://www.bsee.gov/sites/bsee.gov/files/gc-281-talos-04-june-2021.pdf,false,gc-281-talos-04-june-2021.pdf,GC,281,talos,04-june-2021,2021-06-04,2021,false,,,06-04-2021,09:30,G33242,GC 281,Injury - RW/JT (>3 days),1,,,,bda70aae95f1dfb2cbda0304a90d7183c969bf5b64a478412220d4265ff63048,
district,https://www.bsee.gov/what-we-do/incident-investigations/offshore-incident-investigations/district-investigation-reports,2019,,0,sites/bsee.gov/files/gc-338-16sep19.pdf,https://www.bsee.gov/sites/bsee.gov/files/gc-338-16sep19.pdf,https://www.bsee.gov/sites/bsee.gov/files/gc-338-16sep19.pdf,false,gc-338-16sep19.pdf,GC,338,,16sep19,2019-09-16,2019,false,,no_operator_in_filename,09-16-2019,17:00,G21790,GC 338,"Other Injury: First Aid, Crane",1,,,,8056f3bd0c901bd2929231eef54a7c9f2153896f55a202376e368f694e6440cd,
district,https://www.bsee.gov/what-we-do/incident-investigations/offshore-incident-investigations/district-investigation-reports,2022,,0,/sites/bsee.gov/files/gc-389-12jan22.pdf,https://www.bsee.gov/sites/bsee.gov/files/gc-389-12jan22.pdf,https://www.bsee.gov/sites/bsee.gov/files/gc-389-12jan22.pdf,false,gc-389-12jan22.pdf,GC,389,,12jan22,2022-01-12,2022,false,,no_operator_in_filename,01-15-2022,16:10,G35864,GC 389,"Pollution, Other: EDS-Spill",1,,,,adb78834d3c3dbec27b7516c41e183db129134b360dc1529c71b025bc4436d97,
district,https://www.bsee.gov/what-we-do/incident-investigations/offshore-incident-investigations/district-investigation-reports,2018,,0,/sites/bsee.gov/files/gc-432-murphy-10-may-2018.pdf,https://www.bsee.gov/sites/bsee.gov/files/gc-432-murphy-10-may-2018.pdf,https://www.bsee.gov/sites/bsee.gov/files/gc-432-murphy-10-may-2018.pdf,false,gc-432-murphy-10-may-2018.pdf,GC,432,murphy,10-may-2018,2018-05-10,2018,false,,,05-10-2018,17:30,G32504,GC 432,Fire,1,,,,54a2745b16223776cd21ac395d12765cbde85ee4a5fd0da3b3f9b23f37a6587f,
district,https://www.bsee.gov/what-we-do/incident-investigations/offshore-incident-investigations/district-investigation-reports,2017,,0,/sites/bsee.gov/files/gc-478-llog-07-apr-2017.pdf,https://www.bsee.gov/sites/bsee.gov/files/gc-478-llog-07-apr-2017.pdf,https://www.bsee.gov/sites/bsee.gov/files/gc-478-llog-07-apr-2017.pdf,false,gc-478-llog-07-apr-2017.pdf,GC,478,llog,07-apr-2017,2017-04-07,2017,false,,,04-07-2017,15:00,G35662,GC 478,Crane,1,,,,d14a23645e528240b1ede6d376dd9f7564bf0c6c694feec251dd5961c21da5ac,
district,https://www.bsee.gov/what-we-do/incident-investigations/offshore-incident-investigations/district-investigation-reports,2021,,0,/sites/bsee.gov/files/gc-518-anadarko-nov-13-21.pdf,https://www.bsee.gov/sites/bsee.gov/files/gc-518-anadarko-nov-13-21.pdf,https://www.bsee.gov/sites/bsee.gov/files/gc-518-anadarko-nov-13-21.pdf,false,gc-518-anadarko-nov-13-21.pdf,GC,518,anadarko,nov-13-21,2021-11-13,2021,false,,,11-13-2021,16:20,G21801,GC 518,OTHER LIFTING Elevators,1,,,,2e4392a73b793ec97625a43b0938c6a17c188646a007e67afa06882fee7faa3f,
district,https://www.bsee.gov/what-we-do/incident-investigations/offshore-incident-investigations/district-investigation-reports,2017,https://www.bsee.gov/gc-521-bhp-06-feb-2017,0,/sites/bsee.gov/files/gc-521-bhp-06-feb-2017.pdf,https://www.bsee.gov/sites/bsee.gov/files/gc-521-bhp-06-feb-2017.pdf,https://www.bsee.gov/sites/bsee.gov/files/gc-521-bhp-06-feb-2017.pdf,false,gc-521-bhp-06-feb-2017.pdf,GC,521,bhp,06-feb-2017,2017-02-06,2017,false,,,02-06-2017,7:40,G34986,GC 521,Top Drive,1,,,,27cf9082beda2321590947d2d2b0a59344bb84765d2632096605ba4b4bd475cc,
district,https://www.bsee.gov/what-we-do/incident-investigations/offshore-incident-investigations/district-investigation-reports,2016,,0,https://bsee_prod.opengov.ibmcloud.com/sites/bsee.gov/files/gc-596-union-oil-company-of-califonia-07-jan-2016.pdf,https://www.bsee.gov/sites/bsee.gov/files/gc-596-union-oil-company-of-califonia-07-jan-2016.pdf,https://www.bsee.gov/sites/bsee.gov/files/gc-596-union-oil-company-of-califonia-07-jan-2016.pdf,true,gc-596-union-oil-company-of-califonia-07-jan-2016.pdf,GC,596,union oil company of califonia,07-jan-2016,2016-01-07,2016,false,,,01-07-2016,22:45,G16759,GC 596,Crane,1,,,,48154a0b9d4422ae4c7089c447b46845bdcbf5c7b396cfa3a69e5df2a40b7930,
district,https://www.bsee.gov/what-we-do/incident-investigations/offshore-incident-investigations/district-investigation-reports,2020,,0,/sites/bsee.gov/files/gc-609-bhp-20-dec-2020.pdf,https://www.bsee.gov/sites/bsee.gov/files/gc-609-bhp-20-dec-2020.pdf,https://www.bsee.gov/sites/bsee.gov/files/gc-609-bhp-20-dec-2020.pdf,false,gc-609-bhp-20-dec-2020.pdf,GC,609,bhp,20-dec-2020,2020-12-20,2020,false,,,12-20-2020,03:08,G16764,GC 609,Lifting - Elevator,1,,,,f72bfa00cf8440ef30e9eb18b36d9eda8e23f687dba898720786e76506bf4e8e,
district,https://www.bsee.gov/what-we-do/incident-investigations/offshore-incident-investigations/district-investigation-reports,2017,,0,/sites/bsee.gov/files/gc-627-anadarko-11-apr-2017.pdf,https://www.bsee.gov/sites/bsee.gov/files/gc-627-anadarko-11-apr-2017.pdf,https://www.bsee.gov/sites/bsee.gov/files/gc-627-anadarko-11-apr-2017.pdf,false,gc-627-anadarko-11-apr-2017.pdf,GC,627,anadarko,11-apr-2017,2017-04-11,2017,false,,,04-11-2017,07:10,G25174,GC 627,Crane,1,,,,48e8cbca3c36231e1ffee796e669139355a127c39b85ed9bdc20395a9dc95a42,
district,https://www.bsee.gov/what-we-do/incident-investigations/offshore-incident-investigations/district-investigation-reports,2017,,0,/sites/bsee.gov/files/gc-627-anadarko-26-may-2017.pdf,https://www.bsee.gov/sites/bsee.gov/files/gc-627-anadarko-26-may-2017.pdf,https://www.bsee.gov/sites/bsee.gov/files/gc-627-anadarko-26-may-2017.pdf,false,gc-627-anadarko-26-may-2017.pdf,GC,627,anadarko,26-may-2017,2017-05-26,2017,false,,,05-26-2017,05:30,G25174,GC 627,Incident > $25K / Required Muster,1,,,,1309fbe58d3fb50bcae7d86d75ff3b9f6358fff878edc3b6cf5d34c159983745,
district,https://www.bsee.gov/what-we-do/incident-investigations/offshore-incident-investigations/district-investigation-reports,2016,,0,sites/bsee.gov/files/gc-640-chevron-07-aug-2016.pdf,https://www.bsee.gov/sites/bsee.gov/files/gc-640-chevron-07-aug-2016.pdf,https://www.bsee.gov/sites/bsee.gov/files/gc-640-chevron-07-aug-2016.pdf,false,gc-640-chevron-07-aug-2016.pdf,GC,640,chevron,07-aug-2016,2016-08-07,2016,false,,,08-07-2016,22:25,G20082,GC 640,Required Evacuation - LTA (1-3 days) - Crane,1,,,,6be1837eb6b023cc5a8bb126fdf0309271eb6171b56ec61e5832ba7870f7bad8,
district,https://www.bsee.gov/what-we-do/incident-investigations/offshore-incident-investigations/district-investigation-reports,2016,,0,https://bsee_prod.opengov.ibmcloud.com/sites/bsee.gov/files/gc-640-chevron-19-may-2016.pdf,https://www.bsee.gov/sites/bsee.gov/files/gc-640-chevron-19-may-2016.pdf,https://www.bsee.gov/sites/bsee.gov/files/gc-640-chevron-19-may-2016.pdf,true,gc-640-chevron-19-may-2016.pdf,GC,640,chevron,19-may-2016,2016-05-19,2016,false,,,05-19-2016,20:30,G20082,GC 640,Required Evacuation - RW/JT (> 3 days) - Incident > $25K,1,,,,92b127ecb8b7a3dc677a2baa1c71b0ea8a06d932684f8fedc4a17c0d273d01b9,
district,https://www.bsee.gov/what-we-do/incident-investigations/offshore-incident-investigations/district-investigation-reports,2022,,0,/sites/bsee.gov/files/gc-645-27jun22.pdf,https://www.bsee.gov/sites/bsee.gov/files/gc-645-27jun22.pdf,https://www.bsee.gov/sites/bsee.gov/files/gc-645-27jun22.pdf,false,gc-645-27jun22.pdf,GC,645,,27jun22,2022-06-27,2022,false,,no_operator_in_filename,06-27-2022,1745,G11081,GC 645,"Fire, Damaged/Disabled Safety Sys.",1,,,,8a52a77638195c431f762ec4a9093b534b1de298e51324dc1c8a1b32b687470a,
district,https://www.bsee.gov/what-we-do/incident-investigations/offshore-incident-investigations/district-investigation-reports,2021,,0,/sites/bsee.gov/files/gc-645-anadarko-03-feb-2021.pdf,https://www.bsee.gov/sites/bsee.gov/files/gc-645-anadarko-03-feb-2021.pdf,https://www.bsee.gov/sites/bsee.gov/files/gc-645-anadarko-03-feb-2021.pdf,false,gc-645-anadarko-03-feb-2021.pdf,GC,645,anadarko,03-feb-2021,2021-02-03,2021,false,,,02-03-2021,02:00,G11081,GC 645,Crane,1,,,,146a01b3758dea3cabe6d21280239d3135cfc4ec3986de06899cc290e976d41f,
district,https://www.bsee.gov/what-we-do/incident-investigations/offshore-incident-investigations/district-investigation-reports,2021,,0,/sites/bsee.gov/files/gc-645-anadarko-14-feb-2021.pdf,https://www.bsee.gov/sites/bsee.gov/files/gc-645-anadarko-14-feb-2021.pdf,https://www.bsee.gov/sites/bsee.gov/files/gc-645-anadarko-14-feb-2021.pdf,false,gc-645-anadarko-14-feb-2021.pdf,GC,645,anadarko,14-feb-2021,2021-02-14,2021,false,,,02-14-2021,03:30,G11081,GC 645,Other - Lifting - PRS Gripper,1,,,,8f48995d9080f0bbba601cc8715a5cb649bc53cec57ca314f23e199ec8c53c00,
district,https://www.bsee.gov/what-we-do/incident-investigations/offshore-incident-investigations/district-investigation-reports,2018,,0,/sites/bsee.gov/files/gc-645-anadarko-19may2018.pdf,https://www.bsee.gov/sites/bsee.gov/files/gc-645-anadarko-19may2018.pdf,https://www.bsee.gov/sites/bsee.gov/files/gc-645-anadarko-19may2018.pdf,false,gc-645-anadarko-19may2018.pdf,GC,645,anadarko,19may2018,2018-05-19,2018,false,,,05-19-2018,13:23,G11081,GC 645,"Required Evac., RW/JT (>3 days)",1,,,,b51364bab7ea32f122fce44570a8a2c43dada2f7e2a77c12f7eaffed61c227c7,
district,https://www.bsee.gov/what-we-do/incident-investigations/offshore-incident-investigations/district-investigation-reports,2019,,0,/sites/bsee.gov/files/gc-65-3aug19.pdf,https://www.bsee.gov/sites/bsee.gov/files/gc-65-3aug19.pdf,https://www.bsee.gov/sites/bsee.gov/files/gc-65-3aug19.pdf,false,gc-65-3aug19.pdf,GC,65,,3aug19,2019-08-03,2019,false,,no_operator_in_filename,08-03-2019,05:50,G05889,GC 65,"Collision > $ 25K, Incident > $25K",1,,,,85459e037b264af7abd0b3cec7aa01b540214a5fdab5556124491094ff9d35d1,
district,https://www.bsee.gov/what-we-do/incident-investigations/offshore-incident-investigations/district-investigation-reports,2021,,0,/sites/bsee.gov/files/gc-743-bp-15-jan-2021.pdf,https://www.bsee.gov/sites/bsee.gov/files/gc-743-bp-15-jan-2021.pdf,https://www.bsee.gov/sites/bsee.gov/files/gc-743-bp-15-jan-2021.pdf,false,gc-743-bp-15-jan-2021.pdf,GC,743,bp,15-jan-2021,2021-01-15,2021,false,,,01-15-2021,15:26,G15607,GC 743,Lifting - Casing Elevator,1,,,,0c00d0cbdd63cc839055176df907f925841e1f6e8fc4e1fcb0e57e764752af33,
district,https://www.bsee.gov/what-we-do/incident-investigations/offshore-incident-investigations/district-investigation-reports,2017,,0,/sites/bsee.gov/files/gc-782-bp-exploration-13-sep-2017.pdf,https://www.bsee.gov/sites/bsee.gov/files/gc-782-bp-exploration-13-sep-2017.pdf,https://www.bsee.gov/sites/bsee.gov/files/gc-782-bp-exploration-13-sep-2017.pdf,false,gc-782-bp-exploration-13-sep-2017.pdf,GC,782,bp exploration,13-sep-2017,2017-09-13,2017,false,,,09-13-2017,07:09,G15610,GC 782 A,Pollution,1,,,,1074f9a8a2b583ed8a11b41c4e91e8df0c91a00119824557f1616f3ff80394c2,
district,https://www.bsee.gov/what-we-do/incident-investigations/offshore-incident-investigations/district-investigation-reports,2016,https://www.bsee.gov/gc-782-bp-exploration-16-oct-2016,0,/sites/bsee.gov/files/gc-782-bp-exploration-16-oct-2016.pdf,https://www.bsee.gov/sites/bsee.gov/files/gc-782-bp-exploration-16-oct-2016.pdf,https://www.bsee.gov/sites/bsee.gov/files/gc-782-bp-exploration-16-oct-2016.pdf,false,gc-782-bp-exploration-16-oct-2016.pdf,GC,782,bp exploration,16-oct-2016,2016-10-16,2016,false,,,10-16-2016,09:30,G15610,GC 782,Required Evacuation / RW/JT (>3 days),1,,,,68fc8b9a54dfc1baae5a7c3ebb3a64df2e094922df9d07dec177e24dfdb058f4,
district,https://www.bsee.gov/what-we-do/incident-investigations/offshore-incident-investigations/district-investigation-reports,2021,,0,/sites/bsee.gov/files/gc-821-bp-27-feb-2021.pdf,https://www.bsee.gov/sites/bsee.gov/files/gc-821-bp-27-feb-2021.pdf,https://www.bsee.gov/sites/bsee.gov/files/gc-821-bp-27-feb-2021.pdf,false,gc-821-bp-27-feb-2021.pdf,GC,821,bp,27-feb-2021,2021-02-27,2021,false,,,01-27-2021,13:30,G34561,GC 821,Pollution,1,,,,67aaf40ce4821c44ef36b5deec2cbc3141175d98820cc2ceca2b248570cd26f8,
district,https://www.bsee.gov/what-we-do/incident-investigations/offshore-incident-investigations/district-investigation-reports,2022,,0,/sites/bsee.gov/files/gc-825-bp-23-jan-2022.pdf,https://www.bsee.gov/sites/bsee.gov/files/gc-825-bp-23-jan-2022.pdf,https://www.bsee.gov/sites/bsee.gov/files/gc-825-bp-23-jan-2022.pdf,false,gc-825-bp-23-jan-2022.pdf,GC,825,bp,23-jan-2022,2022-01-23,2022,false,,,01-23-2022,01:40,G09981,GC 825,Other - Lifting -  Dropped object,1,,,,8cf24dde8a06aaf90eac7911f055d972b097d6ff9d8f78e8b8f989b0b287d462,
district,https://www.bsee.gov/what-we-do/incident-investigations/offshore-incident-investigations/district-investigation-reports,2022,,0,/sites/bsee.gov/files/gc-825-bp-26-jan-2022-52522.pdf,https://www.bsee.gov/sites/bsee.gov/files/gc-825-bp-26-jan-2022-52522.pdf,https://www.bsee.gov/sites/bsee.gov/files/gc-825-bp-26-jan-2022-52522.pdf,false,gc-825-bp-26-jan-2022-52522.pdf,GC,825,bp,26-jan-2022,2022-01-26,2022,false,,,01-26-2022,01:06,G09981,GC 825,Other - Lifting - Pipe Skate,1,,,,8740831cad2f529e750248dfa1cb62e7413fcaee4cacec085012234262c00742,
district,https://www.bsee.gov/what-we-do/incident-investigations/offshore-incident-investigations/district-investigation-reports,2017,,0,/sites/bsee.gov/files/gc-859-anadarko-10-feb-2017.pdf,https://www.bsee.gov/sites/bsee.gov/files/gc-859-anadarko-10-feb-2017.pdf,https://www.bsee.gov/sites/bsee.gov/files/gc-859-anadarko-10-feb-2017.pdf,false,gc-859-anadarko-10-feb-2017.pdf,GC,859,anadarko,10-feb-2017,2017-02-10,2017,false,,,02-10-2017,02:23,G24194,GC 859,Injury Requiring Evacuation,1,,,,7d58af4a22151a4cab19ec8bdcb7b8beaa501c7246dac2abd569a9d44761ceeb,
district,https://www.bsee.gov/what-we-do/incident-investigations/offshore-incident-investigations/district-investigation-reports,2020,,0,/sites/bsee.gov/files/gc-895-boe-28-oct-2020.pdf,https://www.bsee.gov/sites/bsee.gov/files/gc-895-boe-28-oct-2020.pdf,https://www.bsee.gov/sites/bsee.gov/files/gc-895-boe-28-oct-2020.pdf,false,gc-895-boe-28-oct-2020.pdf,GC,895,boe,28-oct-2020,2020-10-28,2020,false,,,10-28-2020,11:44,G35879,GC 895,Human Error / Weather Related,1,,,,af8a5e3047dbd6241d6340326981cc217dd8c18820e208669e3e7d1a4104f1c8,
district,https://www.bsee.gov/what-we-do/incident-investigations/offshore-incident-investigations/district-investigation-reports,2019,,0,/sites/bsee.gov/files/gc243-walter-14jan2019.pdf,https://www.bsee.gov/sites/bsee.gov/files/gc243-walter-14jan2019.pdf,https://www.bsee.gov/sites/bsee.gov/files/gc243-walter-14jan2019.pdf,false,gc243-walter-14jan2019.pdf,GC,243,walter,14jan2019,2019-01-14,2019,false,,,01-14-2019,15:00,G20051,GC 243,Damaged/Disabled Safety System - Incident >$25K,1,,,,3f624189799ca0db1896fb3e6028b67737f1563536f592ec2df7943416286f4f,
district,https://www.bsee.gov/what-we-do/incident-investigations/offshore-incident-investigations/district-investigation-reports,2019,,0,/sites/bsee.gov/files/gc282-talosert-9jan2019.pdf,https://www.bsee.gov/sites/bsee.gov/files/gc282-talosert-9jan2019.pdf,https://www.bsee.gov/sites/bsee.gov/files/gc282-talosert-9jan2019.pdf,false,gc282-talosert-9jan2019.pdf,GC,282,talosert,9jan2019,2019-01-09,2019,false,,,01-09-2019,02:20,G16727,GC 282,"Other Lifting - hydraulic running tool Incident >$25K $184,000",1,,,,f8d80e9a4987d2aa404d169830c240620a06955b1c19f3ad664f1a030bb36dae,
district,https://www.bsee.gov/what-we-do/incident-investigations/offshore-incident-investigations/district-investigation-reports,2018,,0,/sites/bsee.gov/files/gc468-hess-06-sep-2018.pdf,https://www.bsee.gov/sites/bsee.gov/files/gc468-hess-06-sep-2018.pdf,https://www.bsee.gov/sites/bsee.gov/files/gc468-hess-06-sep-2018.pdf,false,gc468-hess-06-sep-2018.pdf,GC,468,hess,06-sep-2018,2018-09-06,2018,false,,,09-06-2018,20:40,G26313,GC 468 A Stampede,Gas Release/Muster,1,,,,e83e5013fd5f81db2e142bc96911c3b823cbbdce8c6d0fea908a4159a9f74157,
district,https://www.bsee.gov/what-we-do/incident-investigations/offshore-incident-investigations/district-investigation-reports,2017,https://www.bsee.gov/gc521-bhp-billiton-10-feb-2017,0,/sites/bsee.gov/files/gc521-bhp-billiton-10-feb-2017.pdf,https://www.bsee.gov/sites/bsee.gov/files/gc521-bhp-billiton-10-feb-2017.pdf,https://www.bsee.gov/sites/bsee.gov/files/gc521-bhp-billiton-10-feb-2017.pdf,false,gc521-bhp-billiton-10-feb-2017.pdf,GC,521,bhp billiton,10-feb-2017,2017-02-10,2017,false,,,02-10-2017,9:00,G34986,GC 521,Incident > $25K,1,,,,42e746b952f19daecb64d9e4e28dc2dc050603e6b0b70c726d5f63bf3c5e5758,
district,https://www.bsee.gov/what-we-do/incident-investigations/offshore-incident-investigations/district-investigation-reports,2016,,0,/sites/bsee.gov/files/gc562-anadarko-11-sep-2016.pdf,https://www.bsee.gov/sites/bsee.gov/files/gc562-anadarko-11-sep-2016.pdf,https://www.bsee.gov/sites/bsee.gov/files/gc562-anadarko-11-sep-2016.pdf,false,gc562-anadarko-11-sep-2016.pdf,GC,562,anadarko,11-sep-2016,2016-09-11,2016,false,,,09-11-2016,08:26,G11075,GC 562,Other - Human Error,1,,,,5222653e8c862b42d31f1194914154b2663522d6e6501b0a70ac99a300729005,
district,https://www.bsee.gov/what-we-do/incident-investigations/offshore-incident-investigations/district-investigation-reports,2016,https://www.bsee.gov/gc608-anadarko-22-jul-2016,0,/sites/bsee.gov/files/gc608-anadarko-22-jul-2016.pdf,https://www.bsee.gov/sites/bsee.gov/files/gc608-anadarko-22-jul-2016.pdf,https://www.bsee.gov/sites/bsee.gov/files/gc608-anadarko-22-jul-2016.pdf,false,gc608-anadarko-22-jul-2016.pdf,GC,608,anadarko,22-jul-2016,2016-07-22,2016,false,,,07-22-2016,17:25,G18402,GC 608,LTA (>3 days) - Fire - Required Evacuation,1,,,,74ded7d5e4f3536ebc0cc7af6ffd8fc9ea2b1f6926ca61f15cbbec372325cee7,
district,https://www.bsee.gov/what-we-do/incident-investigations/offshore-incident-investigations/district-investigation-reports,2017,,0,/sites/bsee.gov/files/gc680-anadarko-21-mar-2017.pdf,https://www.bsee.gov/sites/bsee.gov/files/gc680-anadarko-21-mar-2017.pdf,https://www.bsee.gov/sites/bsee.gov/files/gc680-anadarko-21-mar-2017.pdf,false,gc680-anadarko-21-mar-2017.pdf,GC,680,anadarko,21-mar-2017,2017-03-21,2017,false,,,03-21-2017,10:00,G22987,GC 680,Fire - Required Muster,1,,,,c335588d4350d4205d001462d3c8dc6f3b22b291934c02b47737fc9500436fb6,
district,https://www.bsee.gov/what-we-do/incident-investigations/offshore-incident-investigations/district-investigation-reports,2017,,0,/sites/bsee.gov/files/gc680-anadarko-27-december-2017.pdf,https://www.bsee.gov/sites/bsee.gov/files/gc680-anadarko-27-december-2017.pdf,https://www.bsee.gov/sites/bsee.gov/files/gc680-anadarko-27-december-2017.pdf,false,gc680-anadarko-27-december-2017.pdf,GC,680,anadarko,27-december-2017,2017-12-27,2017,false,,,12-27-2017,18:45,G22987,GC 680 A (Constitution),"Required Muster / >$25,000",1,,,,7217b31cd6c3429ab40ff5d8f29608975b22ee4663516487c264b9c44bacee15,
district,https://www.bsee.gov/what-we-do/incident-investigations/offshore-incident-investigations/district-investigation-reports,2017,,0,/sites/bsee.gov/files/gc680-anadarko-29-apr-2017.pdf,https://www.bsee.gov/sites/bsee.gov/files/gc680-anadarko-29-apr-2017.pdf,https://www.bsee.gov/sites/bsee.gov/files/gc680-anadarko-29-apr-2017.pdf,false,gc680-anadarko-29-apr-2017.pdf,GC,680,anadarko,29-apr-2017,2017-04-29,2017,false,,,04-29-2017,01:12,G22987,GC 680,Fire - Required Muster,1,,,,80494632315964125324eda329960d16b7ab49809c1fc4d2edebc8487acdde02,
district,https://www.bsee.gov/what-we-do/incident-investigations/offshore-incident-investigations/district-investigation-reports,2018,,0,/sites/bsee.gov/files/gc787a-bp-08-may-2018.pdf,https://www.bsee.gov/sites/bsee.gov/files/gc787a-bp-08-may-2018.pdf,https://www.bsee.gov/sites/bsee.gov/files/gc787a-bp-08-may-2018.pdf,false,gc787a-bp-08-may-2018.pdf,,,gc787a bp,08-may-2018,2018-05-08,2018,false,,no_area_block_in_filename,05-08-2018,09:15,RUE #: 23579,GC 787 A (Atlantis),Gas Release,1,,,,a173db4d7adebc8cdacf2ab467b5774ec4ac82025c3669fe3dcdd18854e44a9e,
district,https://www.bsee.gov/what-we-do/incident-investigations/offshore-incident-investigations/district-investigation-reports,2016,,0,/sites/bsee.gov/files/gc807-chevron-11-dec-2016.pdf,https://www.bsee.gov/sites/bsee.gov/files/gc807-chevron-11-dec-2016.pdf,https://www.bsee.gov/sites/bsee.gov/files/gc807-chevron-11-dec-2016.pdf,false,gc807-chevron-11-dec-2016.pdf,GC,807,chevron,11-dec-2016,2016-12-11,2016,false,,,12-10-2016,05:40,G31752,GC 807,Fire – Equipment Failure,1,,,,2de19be5d67d7b6de5034b3172c3ad19660cf70bb57dae715819512026d0f213,
district,https://www.bsee.gov/what-we-do/incident-investigations/offshore-incident-investigations/district-investigation-reports,2017,,0,/sites/bsee.gov/files/gi-116-fieldwood-03dec2017.pdf,https://www.bsee.gov/sites/bsee.gov/files/gi-116-fieldwood-03dec2017.pdf,https://www.bsee.gov/sites/bsee.gov/files/gi-116-fieldwood-03dec2017.pdf,false,gi-116-fieldwood-03dec2017.pdf,GI,116,fieldwood,03dec2017,2017-12-03,2017,false,,,12-03-2017,22:15,G13944,GI 116,Fire,1,,,,69664fa9be60352494f4869f27038c215639fe05972ebd06c0365ad5dadd53b2,
district,https://www.bsee.gov/what-we-do/incident-investigations/offshore-incident-investigations/district-investigation-reports,2019,,0,sites/bsee.gov/files/gi-22-energy-xxi-gom-llc-16jul2019.pdf,https://www.bsee.gov/sites/bsee.gov/files/gi-22-energy-xxi-gom-llc-16jul2019.pdf,https://www.bsee.gov/sites/bsee.gov/files/gi-22-energy-xxi-gom-llc-16jul2019.pdf,false,gi-22-energy-xxi-gom-llc-16jul2019.pdf,GI,22,energy xxi gom llc,16jul2019,2019-07-16,2019,false,,,07-16-2019,07:00,00031,GI 22,Pollution,1,,,,c87f7c9afab4ad42cf408f6ed4115d43e5e5977e52a47393def5c9dd66a00745,
district,https://www.bsee.gov/what-we-do/incident-investigations/offshore-incident-investigations/district-investigation-reports,2018,,0,/sites/bsee.gov/files/gi-43-26-jan-18-2010-final.pdf,https://www.bsee.gov/sites/bsee.gov/files/gi-43-26-jan-18-2010-final.pdf,https://www.bsee.gov/sites/bsee.gov/files/gi-43-26-jan-18-2010-final.pdf,false,gi-43-26-jan-18-2010-final.pdf,GI,43,,26-jan-18,2018-01-26,2018,false,,no_operator_in_filename,01-26-2018,06:00,00175,GI 43,Pollution,1,,,,1cb2750b8a087d5a190f8efbc81ec92dc20eb85c9a855052f02b96614b62a574,
district,https://www.bsee.gov/what-we-do/incident-investigations/offshore-incident-investigations/district-investigation-reports,2021,,0,/sites/bsee.gov/files/gi-43ac-gom-shelf-18-aug-2021.pdf,https://www.bsee.gov/sites/bsee.gov/files/gi-43ac-gom-shelf-18-aug-2021.pdf,https://www.bsee.gov/sites/bsee.gov/files/gi-43ac-gom-shelf-18-aug-2021.pdf,false,gi-43ac-gom-shelf-18-aug-2021.pdf,,,gi 43ac gom shelf,18-aug-2021,2021-08-18,2021,false,,no_area_block_in_filename,08-18-2021,13:00,00175,GI 43,Crane - Incident >$25K,1,,,,48eeb31a0eae1d2791d00caea9a0bedc7dbd3db35edef73e319755d6b330d431,
district,https://www.bsee.gov/what-we-do/incident-investigations/offshore-incident-investigations/district-investigation-reports,2016,,0,https://bsee_prod.opengov.ibmcloud.com/sites/bsee.gov/files/gi-47-gom-shelf-llc-15-jan-2016.pdf,https://www.bsee.gov/sites/bsee.gov/files/gi-47-gom-shelf-llc-15-jan-2016.pdf,https://www.bsee.gov/sites/bsee.gov/files/gi-47-gom-shelf-llc-15-jan-2016.pdf,true,gi-47-gom-shelf-llc-15-jan-2016.pdf,GI,47,gom shelf llc,15-jan-2016,2016-01-15,2016,false,,,01-15-2016,15:30,00133,GI 47,LTA (>3 days) – Required Evacuation,1,,,,ae4a29396d785cb0827b7f88cfd8439dcf49f286a8e2e379705db07473f05616,
district,https://www.bsee.gov/what-we-do/incident-investigations/offshore-incident-investigations/district-investigation-reports,2018,,0,/sites/bsee.gov/files/gi-76-25-aug-2018.pdf,https://www.bsee.gov/sites/bsee.gov/files/gi-76-25-aug-2018.pdf,https://www.bsee.gov/sites/bsee.gov/files/gi-76-25-aug-2018.pdf,false,gi-76-25-aug-2018.pdf,GI,76,,25-aug-2018,2018-08-25,2018,false,,no_operator_in_filename,08-25-2018,07:30,G02161,GI 76,"Pollution, Other",1,,,,732ced58120a30a2c2f5fb884f3a33bb46a50a7d68eac8f55a3aa8da85304ef6,
district,https://www.bsee.gov/what-we-do/incident-investigations/offshore-incident-investigations/district-investigation-reports,2022,,0,/sites/bsee.gov/files/hi-110-wt-offshore-27-jun-2022.pdf,https://www.bsee.gov/sites/bsee.gov/files/hi-110-wt-offshore-27-jun-2022.pdf,https://www.bsee.gov/sites/bsee.gov/files/hi-110-wt-offshore-27-jun-2022.pdf,false,hi-110-wt-offshore-27-jun-2022.pdf,HI,110,wt offshore,27-jun-2022,2022-06-27,2022,false,,,06-27-2022,12:00,G02353,HI 110,"Required Evacuation, LTA (>3 days)",1,,,,bb9417faf9c58b00b13443d5235a9b3832013cf20bacfe7d64d3105279cd1c39,
district,https://www.bsee.gov/what-we-do/incident-investigations/offshore-incident-investigations/district-investigation-reports,2018,,0,/sites/bsee.gov/files/hi-368-a-energy-xxi-05apr2018.pdf,https://www.bsee.gov/sites/bsee.gov/files/hi-368-a-energy-xxi-05apr2018.pdf,https://www.bsee.gov/sites/bsee.gov/files/hi-368-a-energy-xxi-05apr2018.pdf,false,hi-368-a-energy-xxi-05apr2018.pdf,HI,368 A,energy xxi,05apr2018,2018-04-05,2018,false,,,04-05-2018,15:18,G02433,HI 368,"Required Evac., LTA (>3 days)",1,,,,12e9af3dab9b16d7b908af612b6b5c7224bab40d73b4b3000eb9cd4ee3e9a3fd,
district,https://www.bsee.gov/what-we-do/incident-investigations/offshore-incident-investigations/district-investigation-reports,2019,,0,/sites/bsee.gov/files/hi-a-446-fieldwood-energy-4-dec-2019.pdf,https://www.bsee.gov/sites/bsee.gov/files/hi-a-446-fieldwood-energy-4-dec-2019.pdf,https://www.bsee.gov/sites/bsee.gov/files/hi-a-446-fieldwood-energy-4-dec-2019.pdf,false,hi-a-446-fieldwood-energy-4-dec-2019.pdf,HI,A 446,fieldwood energy,4-dec-2019,2019-12-04,2019,false,,,12-04-2019,07:04,G02359,HI  446,Other: P&A - Equipment Failure - Human Error,1,,,,717a98eac776fe84e5abab6bb717c4459ae207a2b4240c712f46811ceaa54c94,
district,https://www.bsee.gov/what-we-do/incident-investigations/offshore-incident-investigations/district-investigation-reports,2016,,0,https://bsee_prod.opengov.ibmcloud.com/sites/bsee.gov/files/hi-a-573-b-fieldwood-energy-28-aug-2016.pdf,https://www.bsee.gov/sites/bsee.gov/files/hi-a-573-b-fieldwood-energy-28-aug-2016.pdf,https://www.bsee.gov/sites/bsee.gov/files/hi-a-573-b-fieldwood-energy-28-aug-2016.pdf,true,hi-a-573-b-fieldwood-energy-28-aug-2016.pdf,HI,A 573 B,fieldwood energy,28-aug-2016,2016-08-28,2016,false,,,08-28-2016,08:00,G02393,HI A 573,RW/JT (>3 days) - Required Evacuation,1,,,,464f3eb78910c2a7874b9467305750cea6ce271924e274b85857b9bbc2f8142d,
district,https://www.bsee.gov/what-we-do/incident-investigations/offshore-incident-investigations/district-investigation-reports,2016,,0,/sites/bsee.gov/files/hi-a595-fieldwood-08-nov-2016.pdf,https://www.bsee.gov/sites/bsee.gov/files/hi-a595-fieldwood-08-nov-2016.pdf,https://www.bsee.gov/sites/bsee.gov/files/hi-a595-fieldwood-08-nov-2016.pdf,false,hi-a595-fieldwood-08-nov-2016.pdf,,,hi a595 fieldwood,08-nov-2016,2016-11-08,2016,false,,no_area_block_in_filename,11-08-2016,14:21,---------,HI A 595,Human Error,1,,,,133ec5fcc14a03ccf8d556869380f98e43e7ca7a6d50661540351d0f3ed23a02,
district,https://www.bsee.gov/what-we-do/incident-investigations/offshore-incident-investigations/district-investigation-reports,2019,,0,/sites/bsee.gov/files/hi469-walter-6may2019.pdf,https://www.bsee.gov/sites/bsee.gov/files/hi469-walter-6may2019.pdf,https://www.bsee.gov/sites/bsee.gov/files/hi469-walter-6may2019.pdf,false,hi469-walter-6may2019.pdf,HI,469,walter,6may2019,2019-05-06,2019,false,,,05-06-2019,19:35,G32771,HI A 469,"Injury, Required Evac",1,,,,21e6277cd61d7504eee4542cf76ff90f518b1e3d9ed2b6e69c38342bfeaed0a4,
district,https://www.bsee.gov/what-we-do/incident-investigations/offshore-incident-investigations/district-investigation-reports,2019,,0,/sites/bsee.gov/files/hi474-panther-2oct2019.pdf,https://www.bsee.gov/sites/bsee.gov/files/hi474-panther-2oct2019.pdf,https://www.bsee.gov/sites/bsee.gov/files/hi474-panther-2oct2019.pdf,false,hi474-panther-2oct2019.pdf,HI,474,panther,2oct2019,2019-10-02,2019,false,,,10-02-2019,09:55,G02366,HI 474,"Injury Required Evacuation, LTA (>3 days)",1,,,,efcd3a852734869cd8e28c2c8d37fe2affabe73f6aa6805105189599c08d5cfb,
district,https://www.bsee.gov/what-we-do/incident-investigations/offshore-incident-investigations/district-investigation-reports,2022,,0,/sites/bsee.gov/files/hi_582_cox_operating_26-may-2022.pdf,https://www.bsee.gov/sites/bsee.gov/files/hi_582_cox_operating_26-may-2022.pdf,https://www.bsee.gov/sites/bsee.gov/files/hi_582_cox_operating_26-may-2022.pdf,false,hi_582_cox_operating_26-may-2022.pdf,HI,582,cox operating,26-may-2022,2022-05-26,2022,false,,,05-26-2022,09:00,G02719,HI A 582,"Pollution, Other: spill > 1 bbl",1,,,,49a89b7cb3eba108bda8e45d7bdc80f3ffd9d18957181981568b1b5df3995444,
district,https://www.bsee.gov/what-we-do/incident-investigations/offshore-incident-investigations/district-investigation-reports/district-investigation-reports-archive,2006,,0,https://www.bsee.gov/sites/bsee.gov/files/incident-statisticssummaries-fatalities/061031-pdf.pdf,https://www.bsee.gov/sites/bsee.gov/files/incident-statisticssummaries-fatalities/061031-pdf.pdf,https://www.bsee.gov/sites/bsee.gov/files/incident-statisticssummaries-fatalities/061031-pdf.pdf,false,061031-pdf.pdf,,,,061031-pdf,2006-10-31,2006,false,,archive_yymmdd_filename;no_area_block_in_filename,10-31-2006,09:20,G22262,HI/A539,LTA > 3 days,1,,,,793ad76c980b8a14df858b82ce3c361a76c85fee2719d30f83a92e135ca425af,
district,https://www.bsee.gov/what-we-do/incident-investigations/offshore-incident-investigations/district-investigation-reports/district-investigation-reports-archive,2006,,0,https://www.bsee.gov/sites/bsee.gov/files/incident-statisticssummaries-fatalities/foia/061129-pdf.pdf,https://www.bsee.gov/sites/bsee.gov/files/incident-statisticssummaries-fatalities/foia/061129-pdf.pdf,https://www.bsee.gov/sites/bsee.gov/files/incident-statisticssummaries-fatalities/foia/061129-pdf.pdf,false,061129-pdf.pdf,,,,061129-pdf,2006-11-29,2006,false,,archive_yymmdd_filename;no_area_block_in_filename,11-29-2006,08:30,G02177,SP/49,Pollution - Equipment Failure,1,,,,64494314a58a7c5bee252b713ac9c579ec7dcb4411704bf424f184925fde56b6,
district,https://www.bsee.gov/what-we-do/incident-investigations/offshore-incident-investigations/district-investigation-reports/district-investigation-reports-archive,2006,,0,https://www.bsee.gov/sites/bsee.gov/files/incident-statisticssummaries-fatalities/forms/060802-pdf.pdf,https://www.bsee.gov/sites/bsee.gov/files/incident-statisticssummaries-fatalities/forms/060802-pdf.pdf,https://www.bsee.gov/sites/bsee.gov/files/incident-statisticssummaries-fatalities/forms/060802-pdf.pdf,false,060802-pdf.pdf,,,,060802-pdf,2006-08-02,2006,false,,archive_yymmdd_filename;no_area_block_in_filename,08-02-2006,16:45,G02116,EI/331,Crane - H2S/15MIN./20PPM,1,,,,4f62bdc9714897d9b9c4da67bd6853f12798612ec3d9e1d2c88ef41a51cf2dbc,
district,https://www.bsee.gov/what-we-do/incident-investigations/offshore-incident-investigations/district-investigation-reports/district-investigation-reports-archive,2006,,0,https://www.bsee.gov/sites/bsee.gov/files/incident-statisticssummaries-fatalities/inspection-and-enforcement/060320-pdf.pdf,https://www.bsee.gov/sites/bsee.gov/files/incident-statisticssummaries-fatalities/inspection-and-enforcement/060320-pdf.pdf,https://www.bsee.gov/sites/bsee.gov/files/incident-statisticssummaries-fatalities/inspection-and-enforcement/060320-pdf.pdf,false,060320-pdf.pdf,,,,060320-pdf,2006-03-20,2006,false,,archive_yymmdd_filename;no_area_block_in_filename,03-20-2006,08:22,G17003,WR/544,Pollution - Riser Disconnect,1,,,,4a193aeb54e3e1c14b5863003e74883f3a3c68d1bb5681281d7b8aca434904c6,
district,https://www.bsee.gov/what-we-do/incident-investigations/offshore-incident-investigations/district-investigation-reports/district-investigation-reports-archive,2006,,0,https://www.bsee.gov/sites/bsee.gov/files/incident-statisticssummaries-fatalities/inspection-and-enforcement/060409-pdf.pdf,https://www.bsee.gov/sites/bsee.gov/files/incident-statisticssummaries-fatalities/inspection-and-enforcement/060409-pdf.pdf,https://www.bsee.gov/sites/bsee.gov/files/incident-statisticssummaries-fatalities/inspection-and-enforcement/060409-pdf.pdf,false,060409-pdf.pdf,,,,060409-pdf,2006-04-09,2006,false,,archive_yymmdd_filename;no_area_block_in_filename,04-09-2006,09:45,G20051,GC/243,Collision,1,,,,d3d078183f4f4c855b6755ee3b834b8b46dbdf50346a243815d63b5746c3d5e3,
district,https://www.bsee.gov/what-we-do/incident-investigations/offshore-incident-investigations/district-investigation-reports/district-investigation-reports-archive,2006,,0,https://www.bsee.gov/sites/bsee.gov/files/incident-statisticssummaries-fatalities/inspection-and-enforcement/060815a-pdf.pdf,https://www.bsee.gov/sites/bsee.gov/files/incident-statisticssummaries-fatalities/inspection-and-enforcement/060815a-pdf.pdf,https://www.bsee.gov/sites/bsee.gov/files/incident-statisticssummaries-fatalities/inspection-and-enforcement/060815a-pdf.pdf,false,060815a-pdf.pdf,,,,060815a-pdf,2006-08-15,2006,false,,archive_yymmdd_filename;no_area_block_in_filename,08-15-2006,12:40,G01673,MP/296,LTA (>3 days) - Crane - H2S/15MIN./20PPM,1,,,,73392191b3c9da1355c678aa8662a1495b490aeb6e82dd80d29be8a9f8e07a84,
district,https://www.bsee.gov/what-we-do/incident-investigations/offshore-incident-investigations/district-investigation-reports/district-investigation-reports-archive,2006,,0,https://www.bsee.gov/sites/bsee.gov/files/incident-statisticssummaries-fatalities/inspection-and-enforcement/060921-pdf.pdf,https://www.bsee.gov/sites/bsee.gov/files/incident-statisticssummaries-fatalities/inspection-and-enforcement/060921-pdf.pdf,https://www.bsee.gov/sites/bsee.gov/files/incident-statisticssummaries-fatalities/inspection-and-enforcement/060921-pdf.pdf,false,060921-pdf.pdf,,,,060921-pdf,2006-09-21,2006,false,,archive_yymmdd_filename;no_area_block_in_filename,09-21-2006,06:30,G12362,MP/299,LTA (1-3 days),1,,,,bb7a80c12f07d6e26a84d6c4a9fed3cf46028259fc9353627d80ed446e5684a5,
district,https://www.bsee.gov/what-we-do/incident-investigations/offshore-incident-investigations/district-investigation-reports/district-investigation-reports-archive,2006,,0,https://www.bsee.gov/sites/bsee.gov/files/incident-statisticssummaries-fatalities/inspection-and-enforcement/061011-pdf.pdf,https://www.bsee.gov/sites/bsee.gov/files/incident-statisticssummaries-fatalities/inspection-and-enforcement/061011-pdf.pdf,https://www.bsee.gov/sites/bsee.gov/files/incident-statisticssummaries-fatalities/inspection-and-enforcement/061011-pdf.pdf,false,061011-pdf.pdf,,,,061011-pdf,2006-10-11,2006,false,,archive_yymmdd_filename;no_area_block_in_filename,10-11-2006,23:45,G02115,EI/330,Required Evacuation - LTA (>3 days),1,,,,599789effad7ab9fe99a22eade71387276b7aacbac60f6e88b7d5439a1288225,
district,https://www.bsee.gov/what-we-do/incident-investigations/offshore-incident-investigations/district-investigation-reports/district-investigation-reports-archive,2006,,0,https://www.bsee.gov/sites/bsee.gov/files/incident-statisticssummaries-fatalities/inspection-and-enforcement/061112-pdf.pdf,https://www.bsee.gov/sites/bsee.gov/files/incident-statisticssummaries-fatalities/inspection-and-enforcement/061112-pdf.pdf,https://www.bsee.gov/sites/bsee.gov/files/incident-statisticssummaries-fatalities/inspection-and-enforcement/061112-pdf.pdf,false,061112-pdf.pdf,,,,061112-pdf,2006-11-12,2006,false,,archive_yymmdd_filename;no_area_block_in_filename,11-12-2006,07:00,G04090,WC/294,Explosion - Incident >$25K,1,,,,3e3d3799c0823c3def960e2f7b848fa1254fb493e24aa2ef42b1b6b957b72b34,
district,https://www.bsee.gov/what-we-do/incident-investigations/offshore-incident-investigations/district-investigation-reports/district-investigation-reports-archive,2006,,0,https://www.bsee.gov/sites/bsee.gov/files/incident-statisticssummaries-fatalities/inspection-and-enforcement/061209-pdf.pdf,https://www.bsee.gov/sites/bsee.gov/files/incident-statisticssummaries-fatalities/inspection-and-enforcement/061209-pdf.pdf,https://www.bsee.gov/sites/bsee.gov/files/incident-statisticssummaries-fatalities/inspection-and-enforcement/061209-pdf.pdf,false,061209-pdf.pdf,,,,061209-pdf,2006-12-09,2006,false,,archive_yymmdd_filename;no_area_block_in_filename,12-09-2006,06:00,G12941,SS/129,Pollution - Equipment Failure,1,,,,9c97d5019c4746baf288d075132ec2641bf743494b8ccd7ea8ebe544594af25f,
district,https://www.bsee.gov/what-we-do/incident-investigations/offshore-incident-investigations/district-investigation-reports/district-investigation-reports-archive,2006,,0,https://www.bsee.gov/sites/bsee.gov/files/incident-statisticssummaries-fatalities/inspection-and-enforcement/061213-pdf.pdf,https://www.bsee.gov/sites/bsee.gov/files/incident-statisticssummaries-fatalities/inspection-and-enforcement/061213-pdf.pdf,https://www.bsee.gov/sites/bsee.gov/files/incident-statisticssummaries-fatalities/inspection-and-enforcement/061213-pdf.pdf,false,061213-pdf.pdf,,,,061213-pdf,2006-12-13,2006,false,,archive_yymmdd_filename;no_area_block_in_filename,12-13-2006,17:50,00787,SM/49,Fire,1,,,,,HTTPError: 404 Client Error: Not Found for url: https://www.bsee.gov/sites/bsee.gov/files/incident-statisticssummaries-fatalities/inspection-and-enforcement/061213-pdf.pdf
district,https://www.bsee.gov/what-we-do/incident-investigations/offshore-incident-investigations/district-investigation-reports/district-investigation-reports-archive,2006,,0,https://www.bsee.gov/sites/bsee.gov/files/incident-statisticssummaries-fatalities/regulations-and-guidance/060622-pdf.pdf,https://www.bsee.gov/sites/bsee.gov/files/incident-statisticssummaries-fatalities/regulations-and-guidance/060622-pdf.pdf,https://www.bsee.gov/sites/bsee.gov/files/incident-statisticssummaries-fatalities/regulations-and-guidance/060622-pdf.pdf,false,060622-pdf.pdf,,,,060622-pdf,2006-06-22,2006,false,,archive_yymmdd_filename;no_area_block_in_filename,06-22-2006,13:45,G04537,MU/A31,Historic Injury,1,,,,d9b6cc6b20c288a5338201e08dbd600a2c79b8ff4eec55d0d79519bcd664e024,
district,https://www.bsee.gov/what-we-do/incident-investigations/offshore-incident-investigations/district-investigation-reports/district-investigation-reports-archive,2010,,0,https://www.bsee.gov/sites/bsee.gov/files/incident-statisticssummaries-fire-explosions/forms/101109-pdf.pdf,https://www.bsee.gov/sites/bsee.gov/files/incident-statisticssummaries-fire-explosions/forms/101109-pdf.pdf,https://www.bsee.gov/sites/bsee.gov/files/incident-statisticssummaries-fire-explosions/forms/101109-pdf.pdf,false,101109-pdf.pdf,,,,101109-pdf,2010-11-09,2010,false,,archive_yymmdd_filename;no_area_block_in_filename,11-09-2010,06:00,G02968,MC/311,Fire - Other,1,,,,698f7a0b942b948028195781feb2def3e78d3d6d7b6d3959a0282e59169e0270,
district,https://www.bsee.gov/what-we-do/incident-investigations/offshore-incident-investigations/district-investigation-reports/district-investigation-reports-archive,2006,,0,https://www.bsee.gov/sites/bsee.gov/files/incident-statisticssummaries-fire-explosions/inspection-and-enforcement/060607-pdf.pdf,https://www.bsee.gov/sites/bsee.gov/files/incident-statisticssummaries-fire-explosions/inspection-and-enforcement/060607-pdf.pdf,https://www.bsee.gov/sites/bsee.gov/files/incident-statisticssummaries-fire-explosions/inspection-and-enforcement/060607-pdf.pdf,false,060607-pdf.pdf,,,,060607-pdf,2006-06-07,2006,false,,archive_yymmdd_filename;no_area_block_in_filename,06-07-2006,11:30,G06280,EB/165,Fire,1,,,,e15acf4bdc051486b1169bb217bb65aadf39e01d57792e911f677877751cb8ab,
district,https://www.bsee.gov/what-we-do/incident-investigations/offshore-incident-investigations/district-investigation-reports/district-investigation-reports-archive,2006,,0,https://www.bsee.gov/sites/bsee.gov/files/incident-statisticssummaries-fire-explosions/inspection-and-enforcement/060711-pdf.pdf,https://www.bsee.gov/sites/bsee.gov/files/incident-statisticssummaries-fire-explosions/inspection-and-enforcement/060711-pdf.pdf,https://www.bsee.gov/sites/bsee.gov/files/incident-statisticssummaries-fire-explosions/inspection-and-enforcement/060711-pdf.pdf,false,060711-pdf.pdf,,,,060711-pdf,2006-07-11,2006,false,,archive_yymmdd_filename;no_area_block_in_filename,07-11-2006,17:15,G18402,GC/608,Fire,1,,,,d7d8b9a56d2e92cb61d1dd408c7966ef04536e27814549309b371f8077855feb,
district,https://www.bsee.gov/what-we-do/incident-investigations/offshore-incident-investigations/district-investigation-reports/district-investigation-reports-archive,2006,,0,https://www.bsee.gov/sites/bsee.gov/files/incident-statisticssummaries-fire-explosions/inspection-and-enforcement/061013-pdf.pdf,https://www.bsee.gov/sites/bsee.gov/files/incident-statisticssummaries-fire-explosions/inspection-and-enforcement/061013-pdf.pdf,https://www.bsee.gov/sites/bsee.gov/files/incident-statisticssummaries-fire-explosions/inspection-and-enforcement/061013-pdf.pdf,false,061013-pdf.pdf,,,,061013-pdf,2006-10-13,2006,false,,archive_yymmdd_filename;no_area_block_in_filename,10-13-2006,15:30,G02696,HI/A531,Fire,1,,,,57fc0e6d8a0942a9610c8ecc234749e5939f20d22a1b31a9b9e111addc65a6a3,
district,https://www.bsee.gov/what-we-do/incident-investigations/offshore-incident-investigations/district-investigation-reports/district-investigation-reports-archive,2006,,0,https://www.bsee.gov/sites/bsee.gov/files/incident-statisticssummaries-fire-explosions/safety/18-jul-2006-p00441.pdf,https://www.bsee.gov/sites/bsee.gov/files/incident-statisticssummaries-fire-explosions/safety/18-jul-2006-p00441.pdf,https://www.bsee.gov/sites/bsee.gov/files/incident-statisticssummaries-fire-explosions/safety/18-jul-2006-p00441.pdf,false,18-jul-2006-p00441.pdf,,,p00441,18-jul-2006,2006-07-18,2006,false,,no_area_block_in_filename,07-18-2006,08:40,P00441,SM6374,Fire/Explosion- Other Injury,1,,,,1c51ffb7164d288eeda4600e8c66bd1a024139d11496001ecb4a67c660ea2f47,
district,https://www.bsee.gov/what-we-do/incident-investigations/offshore-incident-investigations/district-investigation-reports/district-investigation-reports-archive,2004,,0,https://www.bsee.gov/sites/bsee.gov/files/incident-summaries/04-nov-2004-p00234.pdf,https://www.bsee.gov/sites/bsee.gov/files/incident-summaries/04-nov-2004-p00234.pdf,https://www.bsee.gov/sites/bsee.gov/files/incident-summaries/04-nov-2004-p00234.pdf,false,04-nov-2004-p00234.pdf,,,p00234,04-nov-2004,2004-11-04,2004,false,,no_area_block_in_filename,11-04-2004,07:35,P00234,LA/6709,Injury,1,,,,a1670928f29902522c15f64ea4e40b39f5c342708d34086a2fa0811741371706,
district,https://www.bsee.gov/what-we-do/incident-investigations/offshore-incident-investigations/district-investigation-reports/district-investigation-reports-archive,2006,,0,https://www.bsee.gov/sites/bsee.gov/files/incident-summaries/060322-pdf.pdf,https://www.bsee.gov/sites/bsee.gov/files/incident-summaries/060322-pdf.pdf,https://www.bsee.gov/sites/bsee.gov/files/incident-summaries/060322-pdf.pdf,false,060322-pdf.pdf,,,,060322-pdf,2006-03-22,2006,false,,archive_yymmdd_filename;no_area_block_in_filename,03-22-2006,08:50,G16865,AT/140,Pollution,1,,,,41c8532155bf4c29f5de4007344895bb3be49e6e1b7e6eb0654bea68399dfe38,
district,https://www.bsee.gov/what-we-do/incident-investigations/offshore-incident-investigations/district-investigation-reports/district-investigation-reports-archive,2008,,0,https://www.bsee.gov/sites/bsee.gov/files/incident-summaries/080213-pdf.pdf,https://www.bsee.gov/sites/bsee.gov/files/incident-summaries/080213-pdf.pdf,https://www.bsee.gov/sites/bsee.gov/files/incident-summaries/080213-pdf.pdf,false,080213-pdf.pdf,,,,080213-pdf,2008-02-13,2008,false,,archive_yymmdd_filename;no_area_block_in_filename,02-13-2008,20:00,G01580,GI/32,Required Evacuation - RW/JT (>3 days),1,,,,840720103140b84011b7d4ae7bffa789c00047ed57492136ccfa4d31acb60880,
district,https://www.bsee.gov/what-we-do/incident-investigations/offshore-incident-investigations/district-investigation-reports/district-investigation-reports-archive,2008,,0,https://www.bsee.gov/sites/bsee.gov/files/incident-summaries/080221-pdf.pdf,https://www.bsee.gov/sites/bsee.gov/files/incident-summaries/080221-pdf.pdf,https://www.bsee.gov/sites/bsee.gov/files/incident-summaries/080221-pdf.pdf,false,080221-pdf.pdf,,,,080221-pdf,2008-02-21,2008,false,,archive_yymmdd_filename;no_area_block_in_filename,02-21-2008,12:10,G08823,MC/522,Required Evacuation - LTA (>3 days),1,,,,9ebd8bb8ddd1b22395cac8c6eca55dd7212a701045ca2654fe0af90a9c22c6ed,
district,https://www.bsee.gov/what-we-do/incident-investigations/offshore-incident-investigations/district-investigation-reports/district-investigation-reports-archive,2008,,0,https://www.bsee.gov/sites/bsee.gov/files/incident-summaries/080326-pdf.pdf,https://www.bsee.gov/sites/bsee.gov/files/incident-summaries/080326-pdf.pdf,https://www.bsee.gov/sites/bsee.gov/files/incident-summaries/080326-pdf.pdf,false,080326-pdf.pdf,,,,080326-pdf,2008-03-26,2008,false,,archive_yymmdd_filename;no_area_block_in_filename,03-26-2008,05:20,G07995,GC/158,Crane,1,,,,765a6758ffa3d337ecc96d37168c38a7e47ab64021f5b2da9f12ebd8c7b57177,
district,https://www.bsee.gov/what-we-do/incident-investigations/offshore-incident-investigations/district-investigation-reports/district-investigation-reports-archive,2009,,0,https://www.bsee.gov/sites/bsee.gov/files/incident-summaries/091212-pdf.pdf,https://www.bsee.gov/sites/bsee.gov/files/incident-summaries/091212-pdf.pdf,https://www.bsee.gov/sites/bsee.gov/files/incident-summaries/091212-pdf.pdf,false,091212-pdf.pdf,,,,091212-pdf,2009-12-12,2009,false,,archive_yymmdd_filename;no_area_block_in_filename,12-12-2009,07:45,G11043,GC/244,Pollution,1,,,,6b53104ffcb5229975e2ca2ea90de843317a80cf2395790e4a5dc3d1a22eb7ef,
district,https://www.bsee.gov/what-we-do/incident-investigations/offshore-incident-investigations/district-investigation-reports/district-investigation-reports-archive,2003,,0,https://www.bsee.gov/sites/bsee.gov/files/incident-summaries/11-apr-2003-p00188.pdf,https://www.bsee.gov/sites/bsee.gov/files/incident-summaries/11-apr-2003-p00188.pdf,https://www.bsee.gov/sites/bsee.gov/files/incident-summaries/11-apr-2003-p00188.pdf,false,11-apr-2003-p00188.pdf,,,p00188,11-apr-2003,2003-04-11,2003,false,,no_area_block_in_filename,04-11-2003,11:00,P00188,SM/6636,Injury,1,,,,c1910c975417e203bd2befba7ba82a56c17b3a6b540d37e67305d8fdec713b71,
district,https://www.bsee.gov/what-we-do/incident-investigations/offshore-incident-investigations/district-investigation-reports/district-investigation-reports-archive,2004,,0,https://www.bsee.gov/sites/bsee.gov/files/incident-summaries/31-jan-2004-p00234.pdf,https://www.bsee.gov/sites/bsee.gov/files/incident-summaries/31-jan-2004-p00234.pdf,https://www.bsee.gov/sites/bsee.gov/files/incident-summaries/31-jan-2004-p00234.pdf,false,31-jan-2004-p00234.pdf,,,p00234,31-jan-2004,2004-01-31,2004,false,,no_area_block_in_filename,01-31-2004,14:10,P00188,SM/6636,Injury,1,,,,ff910aab75bac956632c985580dcc6951545b1d84ddb0a1b635c371d9e661594,
district,https://www.bsee.gov/what-we-do/incident-investigations/offshore-incident-investigations/district-investigation-reports/district-investigation-reports-archive,2004,,0,https://www.bsee.gov/sites/bsee.gov/files/incident-summaries/bsee/040222-pdf.pdf,https://www.bsee.gov/sites/bsee.gov/files/incident-summaries/bsee/040222-pdf.pdf,https://www.bsee.gov/sites/bsee.gov/files/incident-summaries/bsee/040222-pdf.pdf,false,040222-pdf.pdf,,,,040222-pdf,2004-02-22,2004,false,,archive_yymmdd_filename;no_area_block_in_filename,02-22-2004,14:45,G05800,EW/826,Fire,1,,,,b0023ded7bb4efb58742ba9ee8a1af34d99dc5851dc8a5dfe4ad1647cac2e6e0,
district,https://www.bsee.gov/what-we-do/incident-investigations/offshore-incident-investigations/district-investigation-reports/district-investigation-reports-archive,2004,,0,https://www.bsee.gov/sites/bsee.gov/files/incident-summaries/bsee/040328-pdf.pdf,https://www.bsee.gov/sites/bsee.gov/files/incident-summaries/bsee/040328-pdf.pdf,https://www.bsee.gov/sites/bsee.gov/files/incident-summaries/bsee/040328-pdf.pdf,false,040328-pdf.pdf,,,,040328-pdf,2004-03-28,2004,false,,archive_yymmdd_filename;no_area_block_in_filename,03-28-2004,08:00,G02592,SM/149,Injury,1,,,,5b800cfa10462a6c87fcb65e3eccc31e65eef365de6e250b04ce675a65a6e3a2,
district,https://www.bsee.gov/what-we-do/incident-investigations/offshore-incident-investigations/district-investigation-reports/district-investigation-reports-archive,2004,,0,https://www.bsee.gov/sites/bsee.gov/files/incident-summaries/bsee/040329-pdf.pdf,https://www.bsee.gov/sites/bsee.gov/files/incident-summaries/bsee/040329-pdf.pdf,https://www.bsee.gov/sites/bsee.gov/files/incident-summaries/bsee/040329-pdf.pdf,false,040329-pdf.pdf,,,,040329-pdf,2004-03-29,2004,false,,archive_yymmdd_filename;no_area_block_in_filename,03-29-2004,01:30,G12037,ST/260,Collision,1,,,,0e5a5e45987ccaa2b60e0892be1c9a6eec246361821e4524143c9f8bb045c589,
district,https://www.bsee.gov/what-we-do/incident-investigations/offshore-incident-investigations/district-investigation-reports/district-investigation-reports-archive,2004,,0,https://www.bsee.gov/sites/bsee.gov/files/incident-summaries/bsee/040519-pdf.pdf,https://www.bsee.gov/sites/bsee.gov/files/incident-summaries/bsee/040519-pdf.pdf,https://www.bsee.gov/sites/bsee.gov/files/incident-summaries/bsee/040519-pdf.pdf,false,040519-pdf.pdf,,,,040519-pdf,2004-05-19,2004,false,,archive_yymmdd_filename;no_area_block_in_filename,05-19-2004,08:30,G23193,HI/47,Fire - Injury,1,,,,fd9847613e1d81b37347f5ee63b369e5e7816689b598db0b9ff1505b5decfb9f,
district,https://www.bsee.gov/what-we-do/incident-investigations/offshore-incident-investigations/district-investigation-reports/district-investigation-reports-archive,2004,,0,https://www.bsee.gov/sites/bsee.gov/files/incident-summaries/bsee/041106-pdf.pdf,https://www.bsee.gov/sites/bsee.gov/files/incident-summaries/bsee/041106-pdf.pdf,https://www.bsee.gov/sites/bsee.gov/files/incident-summaries/bsee/041106-pdf.pdf,false,041106-pdf.pdf,,,,041106-pdf,2004-11-06,2004,false,,archive_yymmdd_filename;no_area_block_in_filename,11-06-2004,08:00,G02833,WC/237,Historic Injury,1,,,,992ea152fc557f41f74cad96329524b659522dd1c16e8c1dafe58d15e74e8c98,
district,https://www.bsee.gov/what-we-do/incident-investigations/offshore-incident-investigations/district-investigation-reports/district-investigation-reports-archive,2004,,0,https://www.bsee.gov/sites/bsee.gov/files/incident-summaries/bsee/041227-pdf.pdf,https://www.bsee.gov/sites/bsee.gov/files/incident-summaries/bsee/041227-pdf.pdf,https://www.bsee.gov/sites/bsee.gov/files/incident-summaries/bsee/041227-pdf.pdf,false,041227-pdf.pdf,,,,041227-pdf,2004-12-27,2004,false,,archive_yymmdd_filename;no_area_block_in_filename,12-27-2004,02:50,00196,EI/32,Pollution,1,,,,07d53acda037beb05ce689e496527ba59c4fcd5385d21d775747ad87fdcaff34,
district,https://www.bsee.gov/what-we-do/incident-investigations/offshore-incident-investigations/district-investigation-reports/district-investigation-reports-archive,2006,,0,https://www.bsee.gov/sites/bsee.gov/files/incident-summaries/bsee/060413-pdf.pdf,https://www.bsee.gov/sites/bsee.gov/files/incident-summaries/bsee/060413-pdf.pdf,https://www.bsee.gov/sites/bsee.gov/files/incident-summaries/bsee/060413-pdf.pdf,false,060413-pdf.pdf,,,,060413-pdf,2006-04-13,2006,false,,archive_yymmdd_filename;no_area_block_in_filename,04-13-2006,07:30,G22792,MP/101,Fire - Injury,1,,,,7cbdd37ebe444b2662b792c9e0bdbc367af74dda8771673627bd750dea9f316f,
district,https://www.bsee.gov/what-we-do/incident-investigations/offshore-incident-investigations/district-investigation-reports/district-investigation-reports-archive,2008,,0,https://www.bsee.gov/sites/bsee.gov/files/incident-summaries/bsee/080117-pdf.pdf,https://www.bsee.gov/sites/bsee.gov/files/incident-summaries/bsee/080117-pdf.pdf,https://www.bsee.gov/sites/bsee.gov/files/incident-summaries/bsee/080117-pdf.pdf,false,080117-pdf.pdf,,,,080117-pdf,2008-01-17,2008,false,,archive_yymmdd_filename;no_area_block_in_filename,01-17-2008,08:45,G02051,EC/286,Required Evacuation LTA (>3 days),1,,,,5a854b774df0eaab3913f00c1d4902363d25e7ce1df4ac09fb6777144e3ade53,
district,https://www.bsee.gov/what-we-do/incident-investigations/offshore-incident-investigations/district-investigation-reports/district-investigation-reports-archive,2008,,0,https://www.bsee.gov/sites/bsee.gov/files/incident-summaries/bsee/080312-pdf.pdf,https://www.bsee.gov/sites/bsee.gov/files/incident-summaries/bsee/080312-pdf.pdf,https://www.bsee.gov/sites/bsee.gov/files/incident-summaries/bsee/080312-pdf.pdf,false,080312-pdf.pdf,,,,080312-pdf,2008-03-12,2008,false,,archive_yymmdd_filename;no_area_block_in_filename,03-12-2008,07:50,G05889,GC/65,Fire - Required Muster,1,,,,d1d4febe3f1881168f1dee81cae4f5405ed02cec88b96640ccb6f3138899d54c,
district,https://www.bsee.gov/what-we-do/incident-investigations/offshore-incident-investigations/district-investigation-reports/district-investigation-reports-archive,2008,,0,https://www.bsee.gov/sites/bsee.gov/files/incident-summaries/data-type/080202-pdf.pdf,https://www.bsee.gov/sites/bsee.gov/files/incident-summaries/data-type/080202-pdf.pdf,https://www.bsee.gov/sites/bsee.gov/files/incident-summaries/data-type/080202-pdf.pdf,false,080202-pdf.pdf,,,,080202-pdf,2008-02-02,2008,false,,archive_yymmdd_filename;no_area_block_in_filename,02-02-2008,15:45,G03137,VR/287,Pollution,1,,,,2b104ace00c832ea1065f863a4d7a37820f0e4e9a0f3f204a2ca2148209de7d7,
district,https://www.bsee.gov/what-we-do/incident-investigations/offshore-incident-investigations/district-investigation-reports/district-investigation-reports-archive,2008,,0,https://www.bsee.gov/sites/bsee.gov/files/incident-summaries/data-type/080425-pdf.pdf,https://www.bsee.gov/sites/bsee.gov/files/incident-summaries/data-type/080425-pdf.pdf,https://www.bsee.gov/sites/bsee.gov/files/incident-summaries/data-type/080425-pdf.pdf,false,080425-pdf.pdf,,,,080425-pdf,2008-04-25,2008,false,,archive_yymmdd_filename;no_area_block_in_filename,04-25-2008,03:00,G02937,WD/109,Collision >$25K,1,,,,a5562b96463b531a10efbd5b9ea3c4cc90fb00fc56599449ea970bd18d576f26,
district,https://www.bsee.gov/what-we-do/incident-investigations/offshore-incident-investigations/district-investigation-reports/district-investigation-reports-archive,2008,,0,https://www.bsee.gov/sites/bsee.gov/files/incident-summaries/data-type/080624-pdf.pdf,https://www.bsee.gov/sites/bsee.gov/files/incident-summaries/data-type/080624-pdf.pdf,https://www.bsee.gov/sites/bsee.gov/files/incident-summaries/data-type/080624-pdf.pdf,false,080624-pdf.pdf,,,,080624-pdf,2008-06-24,2008,false,,archive_yymmdd_filename;no_area_block_in_filename,06-24-2008,08:00,G24718,WC/202,Fire,1,,,,07c314915d4953b345271f3e401a4738716a408d2122d543f9fa3c0538b16af3,
district,https://www.bsee.gov/what-we-do/incident-investigations/offshore-incident-investigations/district-investigation-reports/district-investigation-reports-archive,2009,,0,https://www.bsee.gov/sites/bsee.gov/files/incident-summaries/data-type/090108-pdf.pdf,https://www.bsee.gov/sites/bsee.gov/files/incident-summaries/data-type/090108-pdf.pdf,https://www.bsee.gov/sites/bsee.gov/files/incident-summaries/data-type/090108-pdf.pdf,false,090108-pdf.pdf,,,,090108-pdf,2009-01-08,2009,false,,archive_yymmdd_filename;no_area_block_in_filename,01-08-2009,01:30,G21685,ST/308,Fire,1,,,,5c75bac8138eca6641b01a2c3983678aa3287ecd55d4a431a89b05650ea5f45a,
district,https://www.bsee.gov/what-we-do/incident-investigations/offshore-incident-investigations/district-investigation-reports/district-investigation-reports-archive,2009,,0,https://www.bsee.gov/sites/bsee.gov/files/incident-summaries/data-type/090114-pdf.pdf,https://www.bsee.gov/sites/bsee.gov/files/incident-summaries/data-type/090114-pdf.pdf,https://www.bsee.gov/sites/bsee.gov/files/incident-summaries/data-type/090114-pdf.pdf,false,090114-pdf.pdf,,,,090114-pdf,2009-01-14,2009,false,,archive_yymmdd_filename;no_area_block_in_filename,01-14-2009,15:30,G05889,GC/65,Crane,1,,,,a1247825937c139e3c8567e06adf45da64b75f942aa48f7df5879a70d4ae0e4c,
district,https://www.bsee.gov/what-we-do/incident-investigations/offshore-incident-investigations/district-investigation-reports/district-investigation-reports-archive,2009,,0,https://www.bsee.gov/sites/bsee.gov/files/incident-summaries/data-type/090116-pdf.pdf,https://www.bsee.gov/sites/bsee.gov/files/incident-summaries/data-type/090116-pdf.pdf,https://www.bsee.gov/sites/bsee.gov/files/incident-summaries/data-type/090116-pdf.pdf,false,090116-pdf.pdf,,,,090116-pdf,2009-01-16,2009,false,,archive_yymmdd_filename;no_area_block_in_filename,01-16-2009,17:10,G19028,EB/599,Collision >$25K,1,,,,ecf4c4b99d767fab19bff75856a9566031a133dc2c7d2531b5ff7ab64924a5c6,
district,https://www.bsee.gov/what-we-do/incident-investigations/offshore-incident-investigations/district-investigation-reports/district-investigation-reports-archive,2009,,0,https://www.bsee.gov/sites/bsee.gov/files/incident-summaries/data-type/090125-pdf.pdf,https://www.bsee.gov/sites/bsee.gov/files/incident-summaries/data-type/090125-pdf.pdf,https://www.bsee.gov/sites/bsee.gov/files/incident-summaries/data-type/090125-pdf.pdf,false,090125-pdf.pdf,,,,090125-pdf,2009-01-25,2009,false,,archive_yymmdd_filename;no_area_block_in_filename,01-25-2009,11:25,00767,EC/47,Required Evacuation - LTA (>3 days),1,,,,18eb57323e21f0d383224c7ada416ba04590aa2b7d16c26c1483beddcd108fd1,
district,https://www.bsee.gov/what-we-do/incident-investigations/offshore-incident-investigations/district-investigation-reports/district-investigation-reports-archive,2009,,0,https://www.bsee.gov/sites/bsee.gov/files/incident-summaries/data-type/090127-pdf.pdf,https://www.bsee.gov/sites/bsee.gov/files/incident-summaries/data-type/090127-pdf.pdf,https://www.bsee.gov/sites/bsee.gov/files/incident-summaries/data-type/090127-pdf.pdf,false,090127-pdf.pdf,,,,090127-pdf,2009-01-27,2009,false,,archive_yymmdd_filename;no_area_block_in_filename,01-27-2009,21:35,G05283,WC/168,Crane,1,,,,e263f9ae8a7b7419916942d231cebee3f35b983de9070714b7472f629ef6fe43,
district,https://www.bsee.gov/what-we-do/incident-investigations/offshore-incident-investigations/district-investigation-reports/district-investigation-reports-archive,2009,,0,https://www.bsee.gov/sites/bsee.gov/files/incident-summaries/data-type/090213-pdf.pdf,https://www.bsee.gov/sites/bsee.gov/files/incident-summaries/data-type/090213-pdf.pdf,https://www.bsee.gov/sites/bsee.gov/files/incident-summaries/data-type/090213-pdf.pdf,false,090213-pdf.pdf,,,,090213-pdf,2009-02-13,2009,false,,archive_yymmdd_filename;no_area_block_in_filename,02-13-2009,22:00,G09184,EB/643,RW/JT (>3 days),1,,,,19f1163c2a1e922ab59c229203f5196dffb63c8ff2a79cb3b605e17b6b705ad5,
district,https://www.bsee.gov/what-we-do/incident-investigations/offshore-incident-investigations/district-investigation-reports/district-investigation-reports-archive,2009,,0,https://www.bsee.gov/sites/bsee.gov/files/incident-summaries/data-type/090213a-pdf.pdf,https://www.bsee.gov/sites/bsee.gov/files/incident-summaries/data-type/090213a-pdf.pdf,https://www.bsee.gov/sites/bsee.gov/files/incident-summaries/data-type/090213a-pdf.pdf,false,090213a-pdf.pdf,,,,090213a-pdf,2009-02-13,2009,false,,archive_yymmdd_filename;no_area_block_in_filename,02-13-2009,10:00,G13079,EW/910,Other Lifting Device - Air Tugger,1,,,,09b261a998118e7fd4fc9028516df5e6c848437819b4e3cffd02a095e077c744,
district,https://www.bsee.gov/what-we-do/incident-investigations/offshore-incident-investigations/district-investigation-reports/district-investigation-reports-archive,2009,,0,https://www.bsee.gov/sites/bsee.gov/files/incident-summaries/data-type/090213b-pdf.pdf,https://www.bsee.gov/sites/bsee.gov/files/incident-summaries/data-type/090213b-pdf.pdf,https://www.bsee.gov/sites/bsee.gov/files/incident-summaries/data-type/090213b-pdf.pdf,false,090213b-pdf.pdf,,,,090213b-pdf,2009-02-13,2009,false,,archive_yymmdd_filename;no_area_block_in_filename,02-13-2009,10:12,G04240,ST/300,Crane - Required Muster - Shutdown from Gas Release,1,,,,e7b0bd767bba948b599b7e5a50f53c414cef6db87c044f98ee7f173cd7db192f,
district,https://www.bsee.gov/what-we-do/incident-investigations/offshore-incident-investigations/district-investigation-reports/district-investigation-reports-archive,2009,,0,https://www.bsee.gov/sites/bsee.gov/files/incident-summaries/data-type/090215-pdf.pdf,https://www.bsee.gov/sites/bsee.gov/files/incident-summaries/data-type/090215-pdf.pdf,https://www.bsee.gov/sites/bsee.gov/files/incident-summaries/data-type/090215-pdf.pdf,false,090215-pdf.pdf,,,,090215-pdf,2009-02-15,2009,false,,archive_yymmdd_filename;no_area_block_in_filename,02-15-2009,13:15,G04078,HI/39,LTA (>3 days) - Crane,1,,,,d5af7e6ba24baff4e6511e8ce7f8e53873a3235d868f025f9d99fe9dfc0d5987,
district,https://www.bsee.gov/what-we-do/incident-investigations/offshore-incident-investigations/district-investigation-reports/district-investigation-reports-archive,2009,,0,https://www.bsee.gov/sites/bsee.gov/files/incident-summaries/data-type/090217-pdf.pdf,https://www.bsee.gov/sites/bsee.gov/files/incident-summaries/data-type/090217-pdf.pdf,https://www.bsee.gov/sites/bsee.gov/files/incident-summaries/data-type/090217-pdf.pdf,false,090217-pdf.pdf,,,,090217-pdf,2009-02-17,2009,false,,archive_yymmdd_filename;no_area_block_in_filename,02-17-2009,07:30,00374,MP/41,Pollution,1,,,,efdfd54ba5799d116a006d55e64bf2a418b00563b27860a10c1938152ccda920,
district,https://www.bsee.gov/what-we-do/incident-investigations/offshore-incident-investigations/district-investigation-reports/district-investigation-reports-archive,2009,,0,https://www.bsee.gov/sites/bsee.gov/files/incident-summaries/data-type/090227-pdf.pdf,https://www.bsee.gov/sites/bsee.gov/files/incident-summaries/data-type/090227-pdf.pdf,https://www.bsee.gov/sites/bsee.gov/files/incident-summaries/data-type/090227-pdf.pdf,false,090227-pdf.pdf,,,,090227-pdf,2009-02-27,2009,false,,archive_yymmdd_filename;no_area_block_in_filename,02-27-2009,14:30,G23197,HI/165,LTA (>3 days),1,,,,b742f40ae0966cbbd2801f75d630f951ef337f3b282fb01992ed6b9ca6faf447,
district,https://www.bsee.gov/what-we-do/incident-investigations/offshore-incident-investigations/district-investigation-reports/district-investigation-reports-archive,2009,,0,https://www.bsee.gov/sites/bsee.gov/files/incident-summaries/data-type/090227a-pdf.pdf,https://www.bsee.gov/sites/bsee.gov/files/incident-summaries/data-type/090227a-pdf.pdf,https://www.bsee.gov/sites/bsee.gov/files/incident-summaries/data-type/090227a-pdf.pdf,false,090227a-pdf.pdf,,,,090227a-pdf,2009-02-27,2009,false,,archive_yymmdd_filename;no_area_block_in_filename,02-27-2009,11:20,G02027,WC/639,Required Evacuation - LTA (>3 days) - Crane,1,,,,7f248816c8eab3f7019d67a99266e356ea212924e394a5b36d559cf5976522d9,
district,https://www.bsee.gov/what-we-do/incident-investigations/offshore-incident-investigations/district-investigation-reports/district-investigation-reports-archive,2009,,0,https://www.bsee.gov/sites/bsee.gov/files/incident-summaries/data-type/090228-pdf.pdf,https://www.bsee.gov/sites/bsee.gov/files/incident-summaries/data-type/090228-pdf.pdf,https://www.bsee.gov/sites/bsee.gov/files/incident-summaries/data-type/090228-pdf.pdf,false,090228-pdf.pdf,,,,090228-pdf,2009-02-28,2009,false,,archive_yymmdd_filename;no_area_block_in_filename,02-28-2009,04:15,G05044,SS/259,Required Evacuation - Fire,1,,,,cabdc9a3424cface9c9e68184bffabaabbfb8b4be4193b6ada8ac13277f40aa7,
district,https://www.bsee.gov/what-we-do/incident-investigations/offshore-incident-investigations/district-investigation-reports/district-investigation-reports-archive,2009,,0,https://www.bsee.gov/sites/bsee.gov/files/incident-summaries/data-type/090301-pdf.pdf,https://www.bsee.gov/sites/bsee.gov/files/incident-summaries/data-type/090301-pdf.pdf,https://www.bsee.gov/sites/bsee.gov/files/incident-summaries/data-type/090301-pdf.pdf,false,090301-pdf.pdf,,,,090301-pdf,2009-03-01,2009,false,,archive_yymmdd_filename;no_area_block_in_filename,03-01-2009,12:00,G31435,MP/107,Required Evacuation,1,,,,a29800a3761ca810d544e4f5db011f487c41274b3dedab466d325922bb721c67,
district,https://www.bsee.gov/what-we-do/incident-investigations/offshore-incident-investigations/district-investigation-reports/district-investigation-reports-archive,2009,,0,https://www.bsee.gov/sites/bsee.gov/files/incident-summaries/data-type/090309-pdf.pdf,https://www.bsee.gov/sites/bsee.gov/files/incident-summaries/data-type/090309-pdf.pdf,https://www.bsee.gov/sites/bsee.gov/files/incident-summaries/data-type/090309-pdf.pdf,false,090309-pdf.pdf,,,,090309-pdf,2009-03-09,2009,false,,archive_yymmdd_filename;no_area_block_in_filename,03-09-2009,11:14,G23000,GC/847,Other - Item Lost Overboard,1,,,,e6595b3ac4a2233876f34f20cbac4073115f1bb6296cd3458687671d3f73993c,
district,https://www.bsee.gov/what-we-do/incident-investigations/offshore-incident-investigations/district-investigation-reports/district-investigation-reports-archive,2009,,0,https://www.bsee.gov/sites/bsee.gov/files/incident-summaries/data-type/090313-pdf.pdf,https://www.bsee.gov/sites/bsee.gov/files/incident-summaries/data-type/090313-pdf.pdf,https://www.bsee.gov/sites/bsee.gov/files/incident-summaries/data-type/090313-pdf.pdf,false,090313-pdf.pdf,,,,090313-pdf,2009-03-13,2009,false,,archive_yymmdd_filename;no_area_block_in_filename,03-13-2009,7:15,G02318,EI/339,Required Evacuation -Crane,1,,,,85cc17d70df7bacf5c402ee0ebb388b8004eb6072e8b315fd049d5b0a9a8c8b2,
district,https://www.bsee.gov/what-we-do/incident-investigations/offshore-incident-investigations/district-investigation-reports/district-investigation-reports-archive,2009,,0,https://www.bsee.gov/sites/bsee.gov/files/incident-summaries/data-type/090318-pdf.pdf,https://www.bsee.gov/sites/bsee.gov/files/incident-summaries/data-type/090318-pdf.pdf,https://www.bsee.gov/sites/bsee.gov/files/incident-summaries/data-type/090318-pdf.pdf,false,090318-pdf.pdf,,,,090318-pdf,2009-03-18,2009,false,,archive_yymmdd_filename;no_area_block_in_filename,03-18-2009,4:30,G09614,SS/105,Crane,1,,,,13900eb22ec1648ab923d92276d0495f5426b34fb4b35ed557c725519b0fc2b0,
district,https://www.bsee.gov/what-we-do/incident-investigations/offshore-incident-investigations/district-investigation-reports/district-investigation-reports-archive,2009,,0,https://www.bsee.gov/sites/bsee.gov/files/incident-summaries/data-type/090321-pdf.pdf,https://www.bsee.gov/sites/bsee.gov/files/incident-summaries/data-type/090321-pdf.pdf,https://www.bsee.gov/sites/bsee.gov/files/incident-summaries/data-type/090321-pdf.pdf,false,090321-pdf.pdf,,,,090321-pdf,2009-03-21,2009,false,,archive_yymmdd_filename;no_area_block_in_filename,03-21-2009,11:10,G14428,VR/376,Pollution,1,,,,9d635ef7b1696bae1bebc634dad39c3ee130676b2392838577476472969843d1,
district,https://www.bsee.gov/what-we-do/incident-investigations/offshore-incident-investigations/district-investigation-reports/district-investigation-reports-archive,2009,,0,https://www.bsee.gov/sites/bsee.gov/files/incident-summaries/data-type/090321a-pdf.pdf,https://www.bsee.gov/sites/bsee.gov/files/incident-summaries/data-type/090321a-pdf.pdf,https://www.bsee.gov/sites/bsee.gov/files/incident-summaries/data-type/090321a-pdf.pdf,false,090321a-pdf.pdf,,,,090321a-pdf,2009-03-21,2009,false,,archive_yymmdd_filename;no_area_block_in_filename,03-21-2009,20:00,G12008,SS-349,Other - Extended Kick Control,1,,,,7f42b51567a5f6c73a148caf0fa6fd85146a3de8a1b9668dcc9ef9a293e0926d,
district,https://www.bsee.gov/what-we-do/incident-investigations/offshore-incident-investigations/district-investigation-reports/district-investigation-reports-archive,2009,,0,https://www.bsee.gov/sites/bsee.gov/files/incident-summaries/data-type/090401-pdf.pdf,https://www.bsee.gov/sites/bsee.gov/files/incident-summaries/data-type/090401-pdf.pdf,https://www.bsee.gov/sites/bsee.gov/files/incident-summaries/data-type/090401-pdf.pdf,false,090401-pdf.pdf,,,,090401-pdf,2009-04-01,2009,false,,archive_yymmdd_filename;no_area_block_in_filename,04-01-2009,15:20,G14205,EB/602,Fire,1,,,,2592caac20168a98a3968151e4f434e51f80a7ba0c4bdbd9de4d4e4db340a01f,
district,https://www.bsee.gov/what-we-do/incident-investigations/offshore-incident-investigations/district-investigation-reports/district-investigation-reports-archive,2009,,0,https://www.bsee.gov/sites/bsee.gov/files/incident-summaries/data-type/090419-pdf.pdf,https://www.bsee.gov/sites/bsee.gov/files/incident-summaries/data-type/090419-pdf.pdf,https://www.bsee.gov/sites/bsee.gov/files/incident-summaries/data-type/090419-pdf.pdf,false,090419-pdf.pdf,,,,090419-pdf,2009-04-19,2009,false,,archive_yymmdd_filename;no_area_block_in_filename,04-19-2009,15:30,G08483,MC/72,Historic Blowout - Surface Equipment Failure or Procedures - Required Muster,1,,,,41069e5b6aa5c8d634058c394dea48832a90e7037f453f0dc9dd523078e2b47d,
district,https://www.bsee.gov/what-we-do/incident-investigations/offshore-incident-investigations/district-investigation-reports/district-investigation-reports-archive,2009,,0,https://www.bsee.gov/sites/bsee.gov/files/incident-summaries/data-type/090422-pdf.pdf,https://www.bsee.gov/sites/bsee.gov/files/incident-summaries/data-type/090422-pdf.pdf,https://www.bsee.gov/sites/bsee.gov/files/incident-summaries/data-type/090422-pdf.pdf,false,090422-pdf.pdf,,,,090422-pdf,2009-04-22,2009,false,,archive_yymmdd_filename;no_area_block_in_filename,04-22-2009,14:00,G00985,EI/259,Fire - Nylon Sling,1,,,,5073db5460938c1a06d06013574017fa8da03d7411aed5f2927cf59156eb349a,
district,https://www.bsee.gov/what-we-do/incident-investigations/offshore-incident-investigations/district-investigation-reports/district-investigation-reports-archive,2009,,0,https://www.bsee.gov/sites/bsee.gov/files/incident-summaries/data-type/090501-pdf.pdf,https://www.bsee.gov/sites/bsee.gov/files/incident-summaries/data-type/090501-pdf.pdf,https://www.bsee.gov/sites/bsee.gov/files/incident-summaries/data-type/090501-pdf.pdf,false,090501-pdf.pdf,,,,090501-pdf,2009-05-01,2009,false,,archive_yymmdd_filename;no_area_block_in_filename,05-01-2009,02:30,G04935,MC/20,Fire - Other,1,,,,1a4f1d9e603da3c771962f6ff79d9c3b9e9439e9fa5522d287103a8b4ca8231e,
district,https://www.bsee.gov/what-we-do/incident-investigations/offshore-incident-investigations/district-investigation-reports/district-investigation-reports-archive,2009,,0,https://www.bsee.gov/sites/bsee.gov/files/incident-summaries/data-type/090510-pdf.pdf,https://www.bsee.gov/sites/bsee.gov/files/incident-summaries/data-type/090510-pdf.pdf,https://www.bsee.gov/sites/bsee.gov/files/incident-summaries/data-type/090510-pdf.pdf,false,090510-pdf.pdf,,,,090510-pdf,2009-05-10,2009,false,,archive_yymmdd_filename;no_area_block_in_filename,05-10-2009,11:15,G13342,HI/A263,Crane - Incident >$25K,1,,,,1600879553eac8b593b5f2ecf852f95eee8ef2c49650d1d40d107198daec6509,
district,https://www.bsee.gov/what-we-do/incident-investigations/offshore-incident-investigations/district-investigation-reports/district-investigation-reports-archive,2009,,0,https://www.bsee.gov/sites/bsee.gov/files/incident-summaries/data-type/090513-pdf.pdf,https://www.bsee.gov/sites/bsee.gov/files/incident-summaries/data-type/090513-pdf.pdf,https://www.bsee.gov/sites/bsee.gov/files/incident-summaries/data-type/090513-pdf.pdf,false,090513-pdf.pdf,,,,090513-pdf,2009-05-13,2009,false,,archive_yymmdd_filename;no_area_block_in_filename,05-13-2009,19:36,G09821,MC/520,Incident >$25K,1,,,,bde17df9b1079e45d9f9c80507b2f06b66d6db79ecdd99d65497d5a35aaad23f,
district,https://www.bsee.gov/what-we-do/incident-investigations/offshore-incident-investigations/district-investigation-reports/district-investigation-reports-archive,2009,,0,https://www.bsee.gov/sites/bsee.gov/files/incident-summaries/data-type/090514-pdf.pdf,https://www.bsee.gov/sites/bsee.gov/files/incident-summaries/data-type/090514-pdf.pdf,https://www.bsee.gov/sites/bsee.gov/files/incident-summaries/data-type/090514-pdf.pdf,false,090514-pdf.pdf,,,,090514-pdf,2009-05-14,2009,false,,archive_yymmdd_filename;no_area_block_in_filename,05-14-2009,15:00,G23000,GC/847,Pollution,1,,,,44d1da48bda208f5d49b234e92ac8342b116bc7ba7b5343eeb984336c17763c2,
district,https://www.bsee.gov/what-we-do/incident-investigations/offshore-incident-investigations/district-investigation-reports/district-investigation-reports-archive,2009,,0,https://www.bsee.gov/sites/bsee.gov/files/incident-summaries/data-type/090515-pdf.pdf,https://www.bsee.gov/sites/bsee.gov/files/incident-summaries/data-type/090515-pdf.pdf,https://www.bsee.gov/sites/bsee.gov/files/incident-summaries/data-type/090515-pdf.pdf,false,090515-pdf.pdf,,,,090515-pdf,2009-05-15,2009,false,,archive_yymmdd_filename;no_area_block_in_filename,05-15-2009,16:00,G27306,MC/736,Incident >$25K,1,,,,df38c6985b4d24ac249996ef33f9ccce52617467f111cdd0da2ad562ea38743e,
district,https://www.bsee.gov/what-we-do/incident-investigations/offshore-incident-investigations/district-investigation-reports/district-investigation-reports-archive,2009,,0,https://www.bsee.gov/sites/bsee.gov/files/incident-summaries/data-type/090517-pdf.pdf,https://www.bsee.gov/sites/bsee.gov/files/incident-summaries/data-type/090517-pdf.pdf,https://www.bsee.gov/sites/bsee.gov/files/incident-summaries/data-type/090517-pdf.pdf,false,090517-pdf.pdf,,,,090517-pdf,2009-05-17,2009,false,,archive_yymmdd_filename;no_area_block_in_filename,05-17-2009,9:10,G20084,GC/653,Crane,1,,,,fd60281565f1fc52e184103cfdc183ca1bb1ea9cf2fe14f8ae94cd0e99a5f5c3,
district,https://www.bsee.gov/what-we-do/incident-investigations/offshore-incident-investigations/district-investigation-reports/district-investigation-reports-archive,2009,,0,https://www.bsee.gov/sites/bsee.gov/files/incident-summaries/data-type/090527-pdf.pdf,https://www.bsee.gov/sites/bsee.gov/files/incident-summaries/data-type/090527-pdf.pdf,https://www.bsee.gov/sites/bsee.gov/files/incident-summaries/data-type/090527-pdf.pdf,false,090527-pdf.pdf,,,,090527-pdf,2009-05-27,2009,false,,archive_yymmdd_filename;no_area_block_in_filename,05-27-2009,12:00,G22620,VR/122,Other - Underwater Gas Release,1,,,,dbea090982b78c3918aa19485053797bba9d4ef3e66db0ecbf41fe8387468e5d,
district,https://www.bsee.gov/what-we-do/incident-investigations/offshore-incident-investigations/district-investigation-reports/district-investigation-reports-archive,2009,,0,https://www.bsee.gov/sites/bsee.gov/files/incident-summaries/data-type/090528-pdf.pdf,https://www.bsee.gov/sites/bsee.gov/files/incident-summaries/data-type/090528-pdf.pdf,https://www.bsee.gov/sites/bsee.gov/files/incident-summaries/data-type/090528-pdf.pdf,false,090528-pdf.pdf,,,,090528-pdf,2009-05-28,2009,false,,archive_yymmdd_filename;no_area_block_in_filename,05-28-2009,2:50,G19545,KC/291,Pollution,1,,,,0afb1d8b0c3a4298621efb4604255d7575087d6d324c867d1dd2c74b3c6f874b,
district,https://www.bsee.gov/what-we-do/incident-investigations/offshore-incident-investigations/district-investigation-reports/district-investigation-reports-archive,2009,,0,https://www.bsee.gov/sites/bsee.gov/files/incident-summaries/data-type/090528a-pdf.pdf,https://www.bsee.gov/sites/bsee.gov/files/incident-summaries/data-type/090528a-pdf.pdf,https://www.bsee.gov/sites/bsee.gov/files/incident-summaries/data-type/090528a-pdf.pdf,false,090528a-pdf.pdf,,,,090528a-pdf,2009-05-28,2009,false,,archive_yymmdd_filename;no_area_block_in_filename,05-28-2009,18:35,G05599,ST/100,Fire,1,,,,b33f591615fd0f631f69a2333113aa67e0e51ae4bb52c7c3bf70a0c3948c3041,
district,https://www.bsee.gov/what-we-do/incident-investigations/offshore-incident-investigations/district-investigation-reports/district-investigation-reports-archive,2009,,0,https://www.bsee.gov/sites/bsee.gov/files/incident-summaries/data-type/090601-pdf.pdf,https://www.bsee.gov/sites/bsee.gov/files/incident-summaries/data-type/090601-pdf.pdf,https://www.bsee.gov/sites/bsee.gov/files/incident-summaries/data-type/090601-pdf.pdf,false,090601-pdf.pdf,,,,090601-pdf,2009-06-01,2009,false,,archive_yymmdd_filename;no_area_block_in_filename,06-01-2009,05:45,G32504,GC/432,Other Lifting Device- Casing Handling,1,,,,dade5209955a66f6efe20beb73fda32b89b0e267a1ea39cc1b2ca60aa04377a7,
district,https://www.bsee.gov/what-we-do/incident-investigations/offshore-incident-investigations/district-investigation-reports/district-investigation-reports-archive,2009,,0,https://www.bsee.gov/sites/bsee.gov/files/incident-summaries/data-type/090603-pdf.pdf,https://www.bsee.gov/sites/bsee.gov/files/incident-summaries/data-type/090603-pdf.pdf,https://www.bsee.gov/sites/bsee.gov/files/incident-summaries/data-type/090603-pdf.pdf,false,090603-pdf.pdf,,,,090603-pdf,2009-06-03,2009,false,,archive_yymmdd_filename;no_area_block_in_filename,06-03-2009,12:00,G02104,EI/295,Crane,1,,,,bd341e7028e8c77e0ec8fa89b013264655d0d152ae726333d9ed626376da3493,
district,https://www.bsee.gov/what-we-do/incident-investigations/offshore-incident-investigations/district-investigation-reports/district-investigation-reports-archive,2009,,0,https://www.bsee.gov/sites/bsee.gov/files/incident-summaries/data-type/090606-pdf.pdf,https://www.bsee.gov/sites/bsee.gov/files/incident-summaries/data-type/090606-pdf.pdf,https://www.bsee.gov/sites/bsee.gov/files/incident-summaries/data-type/090606-pdf.pdf,false,090606-pdf.pdf,,,,090606-pdf,2009-06-06,2009,false,,archive_yymmdd_filename;no_area_block_in_filename,06-06-2009,21:30,G28066,GC/304,Other Lifting Device,1,,,,1cad673a4e76a562c4b37565c136dde88ddf3256bf1afc17e93de3bf4d48afbe,
district,https://www.bsee.gov/what-we-do/incident-investigations/offshore-incident-investigations/district-investigation-reports/district-investigation-reports-archive,2009,,0,https://www.bsee.gov/sites/bsee.gov/files/incident-summaries/data-type/090609-pdf.pdf,https://www.bsee.gov/sites/bsee.gov/files/incident-summaries/data-type/090609-pdf.pdf,https://www.bsee.gov/sites/bsee.gov/files/incident-summaries/data-type/090609-pdf.pdf,false,090609-pdf.pdf,,,,090609-pdf,2009-06-09,2009,false,,archive_yymmdd_filename;no_area_block_in_filename,06-09-2009,10:01,G05646,ST/295,Incident >$25K,1,,,,9f4d9f7bf62f2dd83483d8dedcfe44c42a6bc93f444bd0b3f813e96f0b8218df,
district,https://www.bsee.gov/what-we-do/incident-investigations/offshore-incident-investigations/district-investigation-reports/district-investigation-reports-archive,2009,,0,https://www.bsee.gov/sites/bsee.gov/files/incident-summaries/data-type/090615-pdf.pdf,https://www.bsee.gov/sites/bsee.gov/files/incident-summaries/data-type/090615-pdf.pdf,https://www.bsee.gov/sites/bsee.gov/files/incident-summaries/data-type/090615-pdf.pdf,false,090615-pdf.pdf,,,,090615-pdf,2009-06-15,2009,false,,archive_yymmdd_filename;no_area_block_in_filename,06-15-2009,09:00,G08680,SM/18,Fire/Explosion,1,,,,4db984e62475f6c6c4331651cbf86c42afd3760fb4295e65ec7f8fee08d9e8dc,
district,https://www.bsee.gov/what-we-do/incident-investigations/offshore-incident-investigations/district-investigation-reports/district-investigation-reports-archive,2009,,0,https://www.bsee.gov/sites/bsee.gov/files/incident-summaries/data-type/090622-pdf.pdf,https://www.bsee.gov/sites/bsee.gov/files/incident-summaries/data-type/090622-pdf.pdf,https://www.bsee.gov/sites/bsee.gov/files/incident-summaries/data-type/090622-pdf.pdf,false,090622-pdf.pdf,,,,090622-pdf,2009-06-22,2009,false,,archive_yymmdd_filename;no_area_block_in_filename,06-22-2009,10:00,G02588,SM/136,Required Evacuation - LTA (>3 days),1,,,,c392cd0767a585c34dee8162332c7f013cd668edacb14c87ab10bddaea54c74b,
district,https://www.bsee.gov/what-we-do/incident-investigations/offshore-incident-investigations/district-investigation-reports/district-investigation-reports-archive,2009,,0,https://www.bsee.gov/sites/bsee.gov/files/incident-summaries/data-type/090701-pdf.pdf,https://www.bsee.gov/sites/bsee.gov/files/incident-summaries/data-type/090701-pdf.pdf,https://www.bsee.gov/sites/bsee.gov/files/incident-summaries/data-type/090701-pdf.pdf,false,090701-pdf.pdf,,,,090701-pdf,2009-07-01,2009,false,,archive_yymmdd_filename;no_area_block_in_filename,07-01-2009,13:32,,GC/787,Required Muster - Shutdown from Gas Release,1,,,,23b651128f7e6bbfd041c58a4402cb5d728a90a469cf661ad7918c02b31a4110,
district,https://www.bsee.gov/what-we-do/incident-investigations/offshore-incident-investigations/district-investigation-reports/district-investigation-reports-archive,2009,,0,https://www.bsee.gov/sites/bsee.gov/files/incident-summaries/data-type/090704-pdf.pdf,https://www.bsee.gov/sites/bsee.gov/files/incident-summaries/data-type/090704-pdf.pdf,https://www.bsee.gov/sites/bsee.gov/files/incident-summaries/data-type/090704-pdf.pdf,false,090704-pdf.pdf,,,,090704-pdf,2009-07-04,2009,false,,archive_yymmdd_filename;no_area_block_in_filename,07-04-2009,09:10,G15607,GC/743,Other Lifting Device - Incident >$25K,1,,,,9ddbc9cc99c3f481d518b36d312c180804c313c42245168653eae4cdfe012d8e,
district,https://www.bsee.gov/what-we-do/incident-investigations/offshore-incident-investigations/district-investigation-reports/district-investigation-reports-archive,2009,,0,https://www.bsee.gov/sites/bsee.gov/files/incident-summaries/data-type/090712-pdf.pdf,https://www.bsee.gov/sites/bsee.gov/files/incident-summaries/data-type/090712-pdf.pdf,https://www.bsee.gov/sites/bsee.gov/files/incident-summaries/data-type/090712-pdf.pdf,false,090712-pdf.pdf,,,,090712-pdf,2009-07-12,2009,false,,archive_yymmdd_filename;no_area_block_in_filename,07-12-2009,20:30,G05625,ST/245,Structural Damage - Crane - Incident >$25K,1,,,,5e7f19082777a63f7de5926315fd6442b514ca2fd4b63a225b6e4ff6d7ce6604,
district,https://www.bsee.gov/what-we-do/incident-investigations/offshore-incident-investigations/district-investigation-reports/district-investigation-reports-archive,2009,,0,https://www.bsee.gov/sites/bsee.gov/files/incident-summaries/data-type/090715-pdf.pdf,https://www.bsee.gov/sites/bsee.gov/files/incident-summaries/data-type/090715-pdf.pdf,https://www.bsee.gov/sites/bsee.gov/files/incident-summaries/data-type/090715-pdf.pdf,false,090715-pdf.pdf,,,,090715-pdf,2009-07-15,2009,false,,archive_yymmdd_filename;no_area_block_in_filename,07-15-2009,21:50,G15607,GC/743,Incident >$25K - Dropped BHA,1,,,,c5c51b957474a5fb2ba47941a62a5057f8b9ef266d1fbaad29a478c8578f165d,
district,https://www.bsee.gov/what-we-do/incident-investigations/offshore-incident-investigations/district-investigation-reports/district-investigation-reports-archive,2009,,0,https://www.bsee.gov/sites/bsee.gov/files/incident-summaries/data-type/090719-pdf.pdf,https://www.bsee.gov/sites/bsee.gov/files/incident-summaries/data-type/090719-pdf.pdf,https://www.bsee.gov/sites/bsee.gov/files/incident-summaries/data-type/090719-pdf.pdf,false,090719-pdf.pdf,,,,090719-pdf,2009-07-19,2009,false,,archive_yymmdd_filename;no_area_block_in_filename,07-19-2009,20:00,G06886,VK/783,Pollution,1,,,,02d6ec4cdad0c4730cfffe19c4620577e6911690f206949cb65942ada4e48d4d,
district,https://www.bsee.gov/what-we-do/incident-investigations/offshore-incident-investigations/district-investigation-reports/district-investigation-reports-archive,2009,,0,https://www.bsee.gov/sites/bsee.gov/files/incident-summaries/data-type/090802-pdf.pdf,https://www.bsee.gov/sites/bsee.gov/files/incident-summaries/data-type/090802-pdf.pdf,https://www.bsee.gov/sites/bsee.gov/files/incident-summaries/data-type/090802-pdf.pdf,false,090802-pdf.pdf,,,,090802-pdf,2009-08-02,2009,false,,archive_yymmdd_filename;no_area_block_in_filename,08-02-2009,09:30,G02899,EI/243,Other - Casing Jack,1,,,,850f184d30ceb959a1cf116d25bfb2f161272148b328d9f6770e1917c745ec09,
district,https://www.bsee.gov/what-we-do/incident-investigations/offshore-incident-investigations/district-investigation-reports/district-investigation-reports-archive,2009,,0,https://www.bsee.gov/sites/bsee.gov/files/incident-summaries/data-type/090804-pdf.pdf,https://www.bsee.gov/sites/bsee.gov/files/incident-summaries/data-type/090804-pdf.pdf,https://www.bsee.gov/sites/bsee.gov/files/incident-summaries/data-type/090804-pdf.pdf,false,090804-pdf.pdf,,,,090804-pdf,2009-08-04,2009,false,,archive_yymmdd_filename;no_area_block_in_filename,08-04-2009,11:30,G32536,GC/858,Pollution,1,,,,83c3d382ddcd0caab351757f561984304b6b82dace1230bd907f12f6014ae781,
district,https://www.bsee.gov/what-we-do/incident-investigations/offshore-incident-investigations/district-investigation-reports/district-investigation-reports-archive,2009,,0,https://www.bsee.gov/sites/bsee.gov/files/incident-summaries/data-type/090811-pdf.pdf,https://www.bsee.gov/sites/bsee.gov/files/incident-summaries/data-type/090811-pdf.pdf,https://www.bsee.gov/sites/bsee.gov/files/incident-summaries/data-type/090811-pdf.pdf,false,090811-pdf.pdf,,,,090811-pdf,2009-08-11,2009,false,,archive_yymmdd_filename;no_area_block_in_filename,08-11-2009,08:30,G01608,SP/60,Fire,1,,,,80bbe9a5d121205426daa8cc5e2908277d866192ba1f75c3f5e648a2b31335a3,
district,https://www.bsee.gov/what-we-do/incident-investigations/offshore-incident-investigations/district-investigation-reports/district-investigation-reports-archive,2009,,0,https://www.bsee.gov/sites/bsee.gov/files/incident-summaries/data-type/090822-pdf.pdf,https://www.bsee.gov/sites/bsee.gov/files/incident-summaries/data-type/090822-pdf.pdf,https://www.bsee.gov/sites/bsee.gov/files/incident-summaries/data-type/090822-pdf.pdf,false,090822-pdf.pdf,,,,090822-pdf,2009-08-22,2009,false,,archive_yymmdd_filename;no_area_block_in_filename,08-22-2009,10:30,G04064,MU/739,Required Evacuation - Crane,1,,,,16d8b95cca7d453467d0fa3f2a12b0ca5ac958e12f061b0845732dd2cb1de7d9,
district,https://www.bsee.gov/what-we-do/incident-investigations/offshore-incident-investigations/district-investigation-reports/district-investigation-reports-archive,2009,,0,https://www.bsee.gov/sites/bsee.gov/files/incident-summaries/data-type/090826-pdf.pdf,https://www.bsee.gov/sites/bsee.gov/files/incident-summaries/data-type/090826-pdf.pdf,https://www.bsee.gov/sites/bsee.gov/files/incident-summaries/data-type/090826-pdf.pdf,false,090826-pdf.pdf,,,,090826-pdf,2009-08-26,2009,false,,archive_yymmdd_filename;no_area_block_in_filename,08-26-2009,13:11,G03135,VR/267,Pollution - Surface Equipment Failure or Procedures,1,,,,6a8afeed5741fbf7815825985ee0b2dd4e38d9987f5fea0759ea01d41f536a3a,
district,https://www.bsee.gov/what-we-do/incident-investigations/offshore-incident-investigations/district-investigation-reports/district-investigation-reports-archive,2009,,0,https://www.bsee.gov/sites/bsee.gov/files/incident-summaries/data-type/090827-pdf.pdf,https://www.bsee.gov/sites/bsee.gov/files/incident-summaries/data-type/090827-pdf.pdf,https://www.bsee.gov/sites/bsee.gov/files/incident-summaries/data-type/090827-pdf.pdf,false,090827-pdf.pdf,,,,090827-pdf,2009-08-27,2009,false,,archive_yymmdd_filename;no_area_block_in_filename,08-27-2009,09:00,,EB/643,Required Evacuation - RW/JT (>3 days),1,,,,fe0c5e6488c9e9adc47505ca12b17c8c05fb8673dff939da3ad08ab349f59445,
district,https://www.bsee.gov/what-we-do/incident-investigations/offshore-incident-investigations/district-investigation-reports/district-investigation-reports-archive,2009,,0,https://www.bsee.gov/sites/bsee.gov/files/incident-summaries/data-type/090831-pdf.pdf,https://www.bsee.gov/sites/bsee.gov/files/incident-summaries/data-type/090831-pdf.pdf,https://www.bsee.gov/sites/bsee.gov/files/incident-summaries/data-type/090831-pdf.pdf,false,090831-pdf.pdf,,,,090831-pdf,2009-08-31,2009,false,,archive_yymmdd_filename;no_area_block_in_filename,08-31-2009,16:24,,GC/787,Required Muster,1,,,,a059a3ab3d9cf0e8e371175bbbcd83bbfcedaf12746886e8b432ad101b189dad,
district,https://www.bsee.gov/what-we-do/incident-investigations/offshore-incident-investigations/district-investigation-reports/district-investigation-reports-archive,2009,,0,https://www.bsee.gov/sites/bsee.gov/files/incident-summaries/data-type/090902-pdf.pdf,https://www.bsee.gov/sites/bsee.gov/files/incident-summaries/data-type/090902-pdf.pdf,https://www.bsee.gov/sites/bsee.gov/files/incident-summaries/data-type/090902-pdf.pdf,false,090902-pdf.pdf,,,,090902-pdf,2009-09-02,2009,false,,archive_yymmdd_filename;no_area_block_in_filename,09-02-2009,05:55,G02697,HI/A536,Collision >$25K - Structural Damage,1,,,,cd555ac3b36e0140401b5b2f30f5c3ed27682d00bef6d210e1535f1baabe874c,
district,https://www.bsee.gov/what-we-do/incident-investigations/offshore-incident-investigations/district-investigation-reports/district-investigation-reports-archive,2009,,0,https://www.bsee.gov/sites/bsee.gov/files/incident-summaries/data-type/090907-pdf.pdf,https://www.bsee.gov/sites/bsee.gov/files/incident-summaries/data-type/090907-pdf.pdf,https://www.bsee.gov/sites/bsee.gov/files/incident-summaries/data-type/090907-pdf.pdf,false,090907-pdf.pdf,,,,090907-pdf,2009-09-07,2009,false,,archive_yymmdd_filename;no_area_block_in_filename,09-07-2009,11:45,G15610,GC/782,Required Muster,1,,,,8ef030d8cb9582aa34bc0150e301e2078672bbef0d1fb4dd4511b3e81aa2a9c5,
district,https://www.bsee.gov/what-we-do/incident-investigations/offshore-incident-investigations/district-investigation-reports/district-investigation-reports-archive,2009,,0,https://www.bsee.gov/sites/bsee.gov/files/incident-summaries/data-type/090911-pdf.pdf,https://www.bsee.gov/sites/bsee.gov/files/incident-summaries/data-type/090911-pdf.pdf,https://www.bsee.gov/sites/bsee.gov/files/incident-summaries/data-type/090911-pdf.pdf,false,090911-pdf.pdf,,,,090911-pdf,2009-09-11,2009,false,,archive_yymmdd_filename;no_area_block_in_filename,09-11-2009,11:00,G09789,MC/173,Required Evacuation - LTA (>3 days),1,,,,dbd10f3a2ecbe4e4ad4faabf7497213e9165732ed2da68d4ae0b087051dc1e2d,
district,https://www.bsee.gov/what-we-do/incident-investigations/offshore-incident-investigations/district-investigation-reports/district-investigation-reports-archive,2009,,0,https://www.bsee.gov/sites/bsee.gov/files/incident-summaries/data-type/090915-pdf.pdf,https://www.bsee.gov/sites/bsee.gov/files/incident-summaries/data-type/090915-pdf.pdf,https://www.bsee.gov/sites/bsee.gov/files/incident-summaries/data-type/090915-pdf.pdf,false,090915-pdf.pdf,,,,090915-pdf,2009-09-15,2009,false,,archive_yymmdd_filename;no_area_block_in_filename,09-15-2009,20:00,G20341,WR/543,Required Evacuation - Crane,1,,,,2c80e2f6a2625fd34398f7dc9cb2ca8ad55277277146ea263cae47b2e3bc284c,
district,https://www.bsee.gov/what-we-do/incident-investigations/offshore-incident-investigations/district-investigation-reports/district-investigation-reports-archive,2009,,0,https://www.bsee.gov/sites/bsee.gov/files/incident-summaries/data-type/090928-pdf.pdf,https://www.bsee.gov/sites/bsee.gov/files/incident-summaries/data-type/090928-pdf.pdf,https://www.bsee.gov/sites/bsee.gov/files/incident-summaries/data-type/090928-pdf.pdf,false,090928-pdf.pdf,,,,090928-pdf,2009-09-28,2009,false,,archive_yymmdd_filename;no_area_block_in_filename,09-28-2009,16:45,G02925,PL/10,Fire,1,,,,13e74f9afe4443eeb49a9667200360b4473d33ef241c4cc8f524fbd254fa2447,
district,https://www.bsee.gov/what-we-do/incident-investigations/offshore-incident-investigations/district-investigation-reports/district-investigation-reports-archive,2009,,0,https://www.bsee.gov/sites/bsee.gov/files/incident-summaries/data-type/090930-pdf.pdf,https://www.bsee.gov/sites/bsee.gov/files/incident-summaries/data-type/090930-pdf.pdf,https://www.bsee.gov/sites/bsee.gov/files/incident-summaries/data-type/090930-pdf.pdf,false,090930-pdf.pdf,,,,090930-pdf,2009-09-30,2009,false,,archive_yymmdd_filename;no_area_block_in_filename,09-30-2009,10:55,G20082,GC/640,Fire - Incident > $25K - Required Muster,1,,,,0495f4451b88968fa6d7f29d31c4c37bd9b803fe494c3eac4dc11bafcb9cbbfb,
district,https://www.bsee.gov/what-we-do/incident-investigations/offshore-incident-investigations/district-investigation-reports/district-investigation-reports-archive,2009,,0,https://www.bsee.gov/sites/bsee.gov/files/incident-summaries/data-type/091004-pdf.pdf,https://www.bsee.gov/sites/bsee.gov/files/incident-summaries/data-type/091004-pdf.pdf,https://www.bsee.gov/sites/bsee.gov/files/incident-summaries/data-type/091004-pdf.pdf,false,091004-pdf.pdf,,,,091004-pdf,2009-10-04,2009,false,,archive_yymmdd_filename;no_area_block_in_filename,10-04-2009,15:15,G00982,EI/238,Required Evacuation - Crane,1,,,,a7a5e177509cae9b10709f937eb18a180090c748afeb1c234ba88d09ad3db87a,
district,https://www.bsee.gov/what-we-do/incident-investigations/offshore-incident-investigations/district-investigation-reports/district-investigation-reports-archive,2009,,0,https://www.bsee.gov/sites/bsee.gov/files/incident-summaries/data-type/091012-pdf.pdf,https://www.bsee.gov/sites/bsee.gov/files/incident-summaries/data-type/091012-pdf.pdf,https://www.bsee.gov/sites/bsee.gov/files/incident-summaries/data-type/091012-pdf.pdf,false,091012-pdf.pdf,,,,091012-pdf,2009-10-12,2009,false,,archive_yymmdd_filename;no_area_block_in_filename,10-12-2009,06:30,G14391,EC/373,Fire - Other,1,,,,3069d249810d71e721988dccd23fa0a6b7ec42a7678b6d12ae31693a6a2f6e34,
district,https://www.bsee.gov/what-we-do/incident-investigations/offshore-incident-investigations/district-investigation-reports/district-investigation-reports-archive,2009,,0,https://www.bsee.gov/sites/bsee.gov/files/incident-summaries/data-type/091014-pdf.pdf,https://www.bsee.gov/sites/bsee.gov/files/incident-summaries/data-type/091014-pdf.pdf,https://www.bsee.gov/sites/bsee.gov/files/incident-summaries/data-type/091014-pdf.pdf,false,091014-pdf.pdf,,,,091014-pdf,2009-10-14,2009,false,,archive_yymmdd_filename;no_area_block_in_filename,10-14-2009,09:45,00205,VR/38,Required Evacuation - LTA (>3 days) - Fire,1,,,,2ff79b6d37a20fbe7af6839568c5a200ae5db377623b030530e395bb09382b5a,
district,https://www.bsee.gov/what-we-do/incident-investigations/offshore-incident-investigations/district-investigation-reports/district-investigation-reports-archive,2009,,0,https://www.bsee.gov/sites/bsee.gov/files/incident-summaries/data-type/091023-pdf.pdf,https://www.bsee.gov/sites/bsee.gov/files/incident-summaries/data-type/091023-pdf.pdf,https://www.bsee.gov/sites/bsee.gov/files/incident-summaries/data-type/091023-pdf.pdf,false,091023-pdf.pdf,,,,091023-pdf,2009-10-23,2009,false,,archive_yymmdd_filename;no_area_block_in_filename,10-23-2009,10:45,G26315,GC/512,Other Lifting Device,1,,,,3c9ab0b44dd87405eb693fa9b7b6c76ff85cc9c1c0da2f19dd1f700398e053a4,
district,https://www.bsee.gov/what-we-do/incident-investigations/offshore-incident-investigations/district-investigation-reports/district-investigation-reports-archive,2009,,0,https://www.bsee.gov/sites/bsee.gov/files/incident-summaries/data-type/091025-pdf.pdf,https://www.bsee.gov/sites/bsee.gov/files/incident-summaries/data-type/091025-pdf.pdf,https://www.bsee.gov/sites/bsee.gov/files/incident-summaries/data-type/091025-pdf.pdf,false,091025-pdf.pdf,,,,091025-pdf,2009-10-25,2009,false,,archive_yymmdd_filename;no_area_block_in_filename,10-25-2009,18:30,G12166,MC/765,Pollution - Other,1,,,,9494b7e7a16c48992d3645ce1be26513f2c234f6d9fcf9c1bd8e009dd3f4d13a,
district,https://www.bsee.gov/what-we-do/incident-investigations/offshore-incident-investigations/district-investigation-reports/district-investigation-reports-archive,2009,,0,https://www.bsee.gov/sites/bsee.gov/files/incident-summaries/data-type/091028-pdf.pdf,https://www.bsee.gov/sites/bsee.gov/files/incident-summaries/data-type/091028-pdf.pdf,https://www.bsee.gov/sites/bsee.gov/files/incident-summaries/data-type/091028-pdf.pdf,false,091028-pdf.pdf,,,,091028-pdf,2009-10-28,2009,false,,archive_yymmdd_filename;no_area_block_in_filename,10-28-2009,22:00,G32547,GC/945,Required Muster,1,,,,83285068ed56043138bf567d4008952015c757dd50ba7f5b21a2f93beee68ac4,
district,https://www.bsee.gov/what-we-do/incident-investigations/offshore-incident-investigations/district-investigation-reports/district-investigation-reports-archive,2009,,0,https://www.bsee.gov/sites/bsee.gov/files/incident-summaries/data-type/091109-pdf.pdf,https://www.bsee.gov/sites/bsee.gov/files/incident-summaries/data-type/091109-pdf.pdf,https://www.bsee.gov/sites/bsee.gov/files/incident-summaries/data-type/091109-pdf.pdf,false,091109-pdf.pdf,,,,091109-pdf,2009-11-09,2009,false,,archive_yymmdd_filename;no_area_block_in_filename,11-09-2009,06:43,G15607,GC/743,Incident >$25K,1,,,,b17ffe0f7e659b5b10a04e9183854c91d0c2e701c45823abd0b6dcfbd0d8aa76,
district,https://www.bsee.gov/what-we-do/incident-investigations/offshore-incident-investigations/district-investigation-reports/district-investigation-reports-archive,2009,,0,https://www.bsee.gov/sites/bsee.gov/files/incident-summaries/data-type/091110-pdf.pdf,https://www.bsee.gov/sites/bsee.gov/files/incident-summaries/data-type/091110-pdf.pdf,https://www.bsee.gov/sites/bsee.gov/files/incident-summaries/data-type/091110-pdf.pdf,false,091110-pdf.pdf,,,,091110-pdf,2009-11-10,2009,false,,archive_yymmdd_filename;no_area_block_in_filename,11-10-2009,13:57,G15607,GC/743,Pollution,1,,,,95bcafaf58189745f9f9b7001e13dc609c2d4b3b4679a8afb1da2b6f70120fad,
district,https://www.bsee.gov/what-we-do/incident-investigations/offshore-incident-investigations/district-investigation-reports/district-investigation-reports-archive,2009,,0,https://www.bsee.gov/sites/bsee.gov/files/incident-summaries/data-type/091113-pdf.pdf,https://www.bsee.gov/sites/bsee.gov/files/incident-summaries/data-type/091113-pdf.pdf,https://www.bsee.gov/sites/bsee.gov/files/incident-summaries/data-type/091113-pdf.pdf,false,091113-pdf.pdf,,,,091113-pdf,2009-11-13,2009,false,,archive_yymmdd_filename;no_area_block_in_filename,11-13-2009,07:41,G02023,WC/593,Fire - Required muster,1,,,,51be4b52a5cd6cfa5841dde5e03d6d932714216cf06f49baf88702a904db7e73,
district,https://www.bsee.gov/what-we-do/incident-investigations/offshore-incident-investigations/district-investigation-reports/district-investigation-reports-archive,2009,,0,https://www.bsee.gov/sites/bsee.gov/files/incident-summaries/data-type/091114-pdf.pdf,https://www.bsee.gov/sites/bsee.gov/files/incident-summaries/data-type/091114-pdf.pdf,https://www.bsee.gov/sites/bsee.gov/files/incident-summaries/data-type/091114-pdf.pdf,false,091114-pdf.pdf,,,,091114-pdf,2009-11-14,2009,false,,archive_yymmdd_filename;no_area_block_in_filename,11-14-2009,23:50,G08038,AT/618,Pollution,1,,,,95bfc2ec46fe06929853a067d0c2d22de91d4110a2b601de6babeb5bfd98a7c8,
district,https://www.bsee.gov/what-we-do/incident-investigations/offshore-incident-investigations/district-investigation-reports/district-investigation-reports-archive,2009,,0,https://www.bsee.gov/sites/bsee.gov/files/incident-summaries/data-type/091115-pdf.pdf,https://www.bsee.gov/sites/bsee.gov/files/incident-summaries/data-type/091115-pdf.pdf,https://www.bsee.gov/sites/bsee.gov/files/incident-summaries/data-type/091115-pdf.pdf,false,091115-pdf.pdf,,,,091115-pdf,2009-11-15,2009,false,,archive_yymmdd_filename;no_area_block_in_filename,11-15-2009,05:30,G32306,MC/252,Required Evacuation - LTA (>3 days),1,,,,fcf9c5ad60002500e57a6bdd9089d4d6f9585152c7463e8fd4517d5125742a7c,
district,https://www.bsee.gov/what-we-do/incident-investigations/offshore-incident-investigations/district-investigation-reports/district-investigation-reports-archive,2009,,0,https://www.bsee.gov/sites/bsee.gov/files/incident-summaries/data-type/091120-pdf.pdf,https://www.bsee.gov/sites/bsee.gov/files/incident-summaries/data-type/091120-pdf.pdf,https://www.bsee.gov/sites/bsee.gov/files/incident-summaries/data-type/091120-pdf.pdf,false,091120-pdf.pdf,,,,091120-pdf,2009-11-20,2009,false,,archive_yymmdd_filename;no_area_block_in_filename,11-20-2009,17:30,G20084,GC/653,Required Evacuation - Required Muster - Arc Flash,1,,,,78a34e92302709d6d3f692fdff38f50ca006a7eb4471cfde63747fb51fd4b516,
district,https://www.bsee.gov/what-we-do/incident-investigations/offshore-incident-investigations/district-investigation-reports/district-investigation-reports-archive,2009,,0,https://www.bsee.gov/sites/bsee.gov/files/incident-summaries/data-type/091120a-pdf.pdf,https://www.bsee.gov/sites/bsee.gov/files/incident-summaries/data-type/091120a-pdf.pdf,https://www.bsee.gov/sites/bsee.gov/files/incident-summaries/data-type/091120a-pdf.pdf,false,091120a-pdf.pdf,,,,091120a-pdf,2009-11-20,2009,false,,archive_yymmdd_filename;no_area_block_in_filename,11-20-2009,09:04,G01241,ST/52,Required Evacuation - RW/JT (1-3 days) - Other Injury - Fire,1,,,,e3833d3c6d26140d5befcf08003c407279ca56204f1e211c828ee7e0eb73e37a,
district,https://www.bsee.gov/what-we-do/incident-investigations/offshore-incident-investigations/district-investigation-reports/district-investigation-reports-archive,2009,,0,https://www.bsee.gov/sites/bsee.gov/files/incident-summaries/data-type/091203-pdf.pdf,https://www.bsee.gov/sites/bsee.gov/files/incident-summaries/data-type/091203-pdf.pdf,https://www.bsee.gov/sites/bsee.gov/files/incident-summaries/data-type/091203-pdf.pdf,false,091203-pdf.pdf,,,,091203-pdf,2009-12-03,2009,false,,archive_yymmdd_filename;no_area_block_in_filename,12-03-2009,20:00,G31694,GC/97,Pollution,1,,,,29886c866616e2ac8c0d841d0cecdcb33a1aa80ea33838369056ae16cc3ebfbb,
district,https://www.bsee.gov/what-we-do/incident-investigations/offshore-incident-investigations/district-investigation-reports/district-investigation-reports-archive,2009,,0,https://www.bsee.gov/sites/bsee.gov/files/incident-summaries/data-type/091204-pdf.pdf,https://www.bsee.gov/sites/bsee.gov/files/incident-summaries/data-type/091204-pdf.pdf,https://www.bsee.gov/sites/bsee.gov/files/incident-summaries/data-type/091204-pdf.pdf,false,091204-pdf.pdf,,,,091204-pdf,2009-12-04,2009,false,,archive_yymmdd_filename;no_area_block_in_filename,12-04-2009,16:00,00299,WC/45,Incident >$25K,1,,,,5772bf2d61420a45b0bf44e62a4201048c9caf229c749a3cdd5f07da680162ad,
district,https://www.bsee.gov/what-we-do/incident-investigations/offshore-incident-investigations/district-investigation-reports/district-investigation-reports-archive,2009,,0,https://www.bsee.gov/sites/bsee.gov/files/incident-summaries/data-type/091208-pdf.pdf,https://www.bsee.gov/sites/bsee.gov/files/incident-summaries/data-type/091208-pdf.pdf,https://www.bsee.gov/sites/bsee.gov/files/incident-summaries/data-type/091208-pdf.pdf,false,091208-pdf.pdf,,,,091208-pdf,2009-12-08,2009,false,,archive_yymmdd_filename;no_area_block_in_filename,12-08-2009,13:00,G20341,WR/543,Other Lifting Device,1,,,,67ace779f7b9ae7f44003e674e29da7f7578376267e9da692a8ea335af728dd3,
district,https://www.bsee.gov/what-we-do/incident-investigations/offshore-incident-investigations/district-investigation-reports/district-investigation-reports-archive,2009,,0,https://www.bsee.gov/sites/bsee.gov/files/incident-summaries/data-type/091211-pdf.pdf,https://www.bsee.gov/sites/bsee.gov/files/incident-summaries/data-type/091211-pdf.pdf,https://www.bsee.gov/sites/bsee.gov/files/incident-summaries/data-type/091211-pdf.pdf,false,091211-pdf.pdf,,,,091211-pdf,2009-12-11,2009,false,,archive_yymmdd_filename;no_area_block_in_filename,12-11-2009,09:30,G20341,WR/543,Other Lifting Device,1,,,,e49f19e46ece29b44025977d1bdeb964ad8a77e8971d8c87c9356c23b312bb36,
district,https://www.bsee.gov/what-we-do/incident-investigations/offshore-incident-investigations/district-investigation-reports/district-investigation-reports-archive,2009,,0,https://www.bsee.gov/sites/bsee.gov/files/incident-summaries/data-type/091219-pdf.pdf,https://www.bsee.gov/sites/bsee.gov/files/incident-summaries/data-type/091219-pdf.pdf,https://www.bsee.gov/sites/bsee.gov/files/incident-summaries/data-type/091219-pdf.pdf,false,091219-pdf.pdf,,,,091219-pdf,2009-12-19,2009,false,,archive_yymmdd_filename;no_area_block_in_filename,12-19-2009,08:05,G15610,GC/782,Pollution,1,,,,8ef4b7d7462ed8a4cf6888f04741352ea32f7fae2869c5abe66031684d19a548,
district,https://www.bsee.gov/what-we-do/incident-investigations/offshore-incident-investigations/district-investigation-reports/district-investigation-reports-archive,2009,,0,https://www.bsee.gov/sites/bsee.gov/files/incident-summaries/data-type/091219a-pdf.pdf,https://www.bsee.gov/sites/bsee.gov/files/incident-summaries/data-type/091219a-pdf.pdf,https://www.bsee.gov/sites/bsee.gov/files/incident-summaries/data-type/091219a-pdf.pdf,false,091219a-pdf.pdf,,,,091219a-pdf,2009-12-19,2009,false,,archive_yymmdd_filename;no_area_block_in_filename,12-19-2009,14:00,G22587,EC/194,Crane - Incident >$25K,1,,,,1a37e9ef556ea7a62396d182fab55b109fbcb73220f9c7ed2402e9ec28308ff8,
district,https://www.bsee.gov/what-we-do/incident-investigations/offshore-incident-investigations/district-investigation-reports/district-investigation-reports-archive,2011,,0,https://www.bsee.gov/sites/bsee.gov/files/incident-summaries/forms/05-26-11.pdf,https://www.bsee.gov/sites/bsee.gov/files/incident-summaries/forms/05-26-11.pdf,https://www.bsee.gov/sites/bsee.gov/files/incident-summaries/forms/05-26-11.pdf,false,05-26-11.pdf,,,,05-26-11,2011-05-26,2011,false,,no_area_block_in_filename;no_operator_in_filename,05-26-2011,11:30,P00166,LA/6660,LTA (1-3 days) Required Evacuation,1,,,,1cd6281aee62c69136a232b1de84a69b0029a0fdd6646255f3d6fc825ed56ace,
district,https://www.bsee.gov/what-we-do/incident-investigations/offshore-incident-investigations/district-investigation-reports/district-investigation-reports-archive,2009,,0,https://www.bsee.gov/sites/bsee.gov/files/incident-summaries/forms/06-07-09.pdf,https://www.bsee.gov/sites/bsee.gov/files/incident-summaries/forms/06-07-09.pdf,https://www.bsee.gov/sites/bsee.gov/files/incident-summaries/forms/06-07-09.pdf,false,06-07-09.pdf,,,,06-07-09,2009-06-07,2009,false,,no_area_block_in_filename;no_operator_in_filename,06-07-2009,16:45,P00182,SM/6683,Crane - >$25K,1,,,,a6271503e7a49c7d858b3a13c3932250ac0e6a3719b61efd4239f37495ebe62d,
district,https://www.bsee.gov/what-we-do/incident-investigations/offshore-incident-investigations/district-investigation-reports/district-investigation-reports-archive,2011,,0,https://www.bsee.gov/sites/bsee.gov/files/incident-summaries/forms/06-09-11.pdf,https://www.bsee.gov/sites/bsee.gov/files/incident-summaries/forms/06-09-11.pdf,https://www.bsee.gov/sites/bsee.gov/files/incident-summaries/forms/06-09-11.pdf,false,06-09-11.pdf,,,,06-09-11,2011-06-09,2011,false,,no_area_block_in_filename;no_operator_in_filename,06-09-2011,12:30,P00166,LA/6660,Crane - >$25K,1,,,,3bcfdf074c5e84890b15c6199ffb53c355b57eef7fb7a14e24ec250918542ca2,
district,https://www.bsee.gov/what-we-do/incident-investigations/offshore-incident-investigations/district-investigation-reports/district-investigation-reports-archive,2006,,0,https://www.bsee.gov/sites/bsee.gov/files/incident-summaries/forms/060111-pdf.pdf,https://www.bsee.gov/sites/bsee.gov/files/incident-summaries/forms/060111-pdf.pdf,https://www.bsee.gov/sites/bsee.gov/files/incident-summaries/forms/060111-pdf.pdf,false,060111-pdf.pdf,,,,060111-pdf,2006-01-11,2006,false,,archive_yymmdd_filename;no_area_block_in_filename,01-11-2006,01:21,G06898,VK/989,Injury,1,,,,727662175b6b504a72bbe7a0beba3f64cf6dd852cc22e2a94d3761d05e77ec73,
district,https://www.bsee.gov/what-we-do/incident-investigations/offshore-incident-investigations/district-investigation-reports/district-investigation-reports-archive,2006,,0,https://www.bsee.gov/sites/bsee.gov/files/incident-summaries/forms/060114-pdf.pdf,https://www.bsee.gov/sites/bsee.gov/files/incident-summaries/forms/060114-pdf.pdf,https://www.bsee.gov/sites/bsee.gov/files/incident-summaries/forms/060114-pdf.pdf,false,060114-pdf.pdf,,,,060114-pdf,2006-01-14,2006,false,,archive_yymmdd_filename;no_area_block_in_filename,01-14-2006,03:00,G01316,MP/299,Fire - Explosion,1,,,,07bb7c838509f42d5a97a22fa4fef7e06ee2f8bb70d314e99e5359368a6acad2,
district,https://www.bsee.gov/what-we-do/incident-investigations/offshore-incident-investigations/district-investigation-reports/district-investigation-reports-archive,2006,,0,https://www.bsee.gov/sites/bsee.gov/files/incident-summaries/forms/060118-pdf.pdf,https://www.bsee.gov/sites/bsee.gov/files/incident-summaries/forms/060118-pdf.pdf,https://www.bsee.gov/sites/bsee.gov/files/incident-summaries/forms/060118-pdf.pdf,false,060118-pdf.pdf,,,,060118-pdf,2006-01-18,2006,false,,archive_yymmdd_filename;no_area_block_in_filename,01-18-2006,17:45,G21778,MC/734,Injury,1,,,,8c847b0a2ab8e474ae13a4ea309d24ff8808be31e1822ce6054eb3a305bdef73,
district,https://www.bsee.gov/what-we-do/incident-investigations/offshore-incident-investigations/district-investigation-reports/district-investigation-reports-archive,2006,,0,https://www.bsee.gov/sites/bsee.gov/files/incident-summaries/forms/060129-pdf.pdf,https://www.bsee.gov/sites/bsee.gov/files/incident-summaries/forms/060129-pdf.pdf,https://www.bsee.gov/sites/bsee.gov/files/incident-summaries/forms/060129-pdf.pdf,false,060129-pdf.pdf,,,,060129-pdf,2006-01-29,2006,false,,archive_yymmdd_filename;no_area_block_in_filename,01-29-2006,10:16,G25792,KC/292,Item Lost Overboard,1,,,,3cf399dca2b6e70373f49daad47e28b89bd9553f6fab98614a28af0d811d36b3,
district,https://www.bsee.gov/what-we-do/incident-investigations/offshore-incident-investigations/district-investigation-reports/district-investigation-reports-archive,2006,,0,https://www.bsee.gov/sites/bsee.gov/files/incident-summaries/forms/060205-pdf.pdf,https://www.bsee.gov/sites/bsee.gov/files/incident-summaries/forms/060205-pdf.pdf,https://www.bsee.gov/sites/bsee.gov/files/incident-summaries/forms/060205-pdf.pdf,false,060205-pdf.pdf,,,,060205-pdf,2006-02-05,2006,false,,archive_yymmdd_filename;no_area_block_in_filename,02-05-2006,11:00,G16493,MP/61,Fire,1,,,,45400b2132887376a4ac2f3f267fa953725bccf8960b58cc6a3ec7a3048c3f78,
district,https://www.bsee.gov/what-we-do/incident-investigations/offshore-incident-investigations/district-investigation-reports/district-investigation-reports-archive,2006,,0,https://www.bsee.gov/sites/bsee.gov/files/incident-summaries/forms/060206-pdf.pdf,https://www.bsee.gov/sites/bsee.gov/files/incident-summaries/forms/060206-pdf.pdf,https://www.bsee.gov/sites/bsee.gov/files/incident-summaries/forms/060206-pdf.pdf,false,060206-pdf.pdf,,,,060206-pdf,2006-02-06,2006,false,,archive_yymmdd_filename;no_area_block_in_filename,02-06-2006,02:30,G01083,WD/73,Fire,1,,,,44b26f3f6a8fd64097f1d05a8e402ebc5fd189d4a788d92f6228bfd91773e193,
district,https://www.bsee.gov/what-we-do/incident-investigations/offshore-incident-investigations/district-investigation-reports/district-investigation-reports-archive,2006,,0,https://www.bsee.gov/sites/bsee.gov/files/incident-summaries/forms/060210-pdf.pdf,https://www.bsee.gov/sites/bsee.gov/files/incident-summaries/forms/060210-pdf.pdf,https://www.bsee.gov/sites/bsee.gov/files/incident-summaries/forms/060210-pdf.pdf,false,060210-pdf.pdf,,,,060210-pdf,2006-02-10,2006,false,,archive_yymmdd_filename;no_area_block_in_filename,02-10-2006,08:00,00838,WD/71,Historic Injury,1,,,,80fc27b0295533401f2e8d773d92064d7f60f2253e420e2df3c08e504303f959,
district,https://www.bsee.gov/what-we-do/incident-investigations/offshore-incident-investigations/district-investigation-reports/district-investigation-reports-archive,2006,,0,https://www.bsee.gov/sites/bsee.gov/files/incident-summaries/forms/060214-pdf.pdf,https://www.bsee.gov/sites/bsee.gov/files/incident-summaries/forms/060214-pdf.pdf,https://www.bsee.gov/sites/bsee.gov/files/incident-summaries/forms/060214-pdf.pdf,false,060214-pdf.pdf,,,,060214-pdf,2006-02-14,2006,false,,archive_yymmdd_filename;no_area_block_in_filename,02-14-2006,18:00,G12362,MP/299,H2S,1,,,,4ddacc4e22a7c42078009e6cd9abc219bd49410bd6dde2073f83eeb09f771c0c,
district,https://www.bsee.gov/what-we-do/incident-investigations/offshore-incident-investigations/district-investigation-reports/district-investigation-reports-archive,2006,,0,https://www.bsee.gov/sites/bsee.gov/files/incident-summaries/forms/060215-pdf.pdf,https://www.bsee.gov/sites/bsee.gov/files/incident-summaries/forms/060215-pdf.pdf,https://www.bsee.gov/sites/bsee.gov/files/incident-summaries/forms/060215-pdf.pdf,false,060215-pdf.pdf,,,,060215-pdf,2006-02-15,2006,false,,archive_yymmdd_filename;no_area_block_in_filename,02-15-2006,14:00,G03171,PL/13,Crane Incident,1,,,,7134a87fca3f370f80744bcadc34c26fca145ca153ceb1a5444de651d7c3a7bc,
district,https://www.bsee.gov/what-we-do/incident-investigations/offshore-incident-investigations/district-investigation-reports/district-investigation-reports-archive,2006,,0,https://www.bsee.gov/sites/bsee.gov/files/incident-summaries/forms/060217-pdf.pdf,https://www.bsee.gov/sites/bsee.gov/files/incident-summaries/forms/060217-pdf.pdf,https://www.bsee.gov/sites/bsee.gov/files/incident-summaries/forms/060217-pdf.pdf,false,060217-pdf.pdf,,,,060217-pdf,2006-02-17,2006,false,,archive_yymmdd_filename;no_area_block_in_filename,02-17-2006,10:00,G01142,VR/218,Crane Boom Failure,1,,,,b064f80954f0fec42c2312adbc3980c4af87778bb2e799707758a1a7b5892661,
district,https://www.bsee.gov/what-we-do/incident-investigations/offshore-incident-investigations/district-investigation-reports/district-investigation-reports-archive,2006,,0,https://www.bsee.gov/sites/bsee.gov/files/incident-summaries/forms/060629-pdf.pdf,https://www.bsee.gov/sites/bsee.gov/files/incident-summaries/forms/060629-pdf.pdf,https://www.bsee.gov/sites/bsee.gov/files/incident-summaries/forms/060629-pdf.pdf,false,060629-pdf.pdf,,,,060629-pdf,2006-06-29,2006,false,,archive_yymmdd_filename;no_area_block_in_filename,06-29-2006,08:10,G02754,HI/A376,Historic Injury,1,,,,de5c579e5fc87a2abaaa2ae4687a3c21382a3099f98cf3deee8e5d4647d7750c,
district,https://www.bsee.gov/what-we-do/incident-investigations/offshore-incident-investigations/district-investigation-reports/district-investigation-reports-archive,2006,,0,https://www.bsee.gov/sites/bsee.gov/files/incident-summaries/forms/060702-pdf.pdf,https://www.bsee.gov/sites/bsee.gov/files/incident-summaries/forms/060702-pdf.pdf,https://www.bsee.gov/sites/bsee.gov/files/incident-summaries/forms/060702-pdf.pdf,false,060702-pdf.pdf,,,,060702-pdf,2006-07-02,2006,false,,archive_yymmdd_filename;no_area_block_in_filename,07-02-2006,17:15,G03079,MI/555,Historic Injury,1,,,,db518fdfdcab0f7a8fd0324dccb8dd64ae550def37feb46da2069fe60f4c7fc0,
district,https://www.bsee.gov/what-we-do/incident-investigations/offshore-incident-investigations/district-investigation-reports/district-investigation-reports-archive,2006,,0,https://www.bsee.gov/sites/bsee.gov/files/incident-summaries/forms/060820-pdf.pdf,https://www.bsee.gov/sites/bsee.gov/files/incident-summaries/forms/060820-pdf.pdf,https://www.bsee.gov/sites/bsee.gov/files/incident-summaries/forms/060820-pdf.pdf,false,060820-pdf.pdf,,,,060820-pdf,2006-08-20,2006,false,,archive_yymmdd_filename;no_area_block_in_filename,08-20-2006,03:30,G27127,SS/138,Pollution,1,,,,99833cd2478dbd31c82eb27acb22a112face2a645e545661d1004de2a01720e6,
district,https://www.bsee.gov/what-we-do/incident-investigations/offshore-incident-investigations/district-investigation-reports/district-investigation-reports-archive,2006,,0,https://www.bsee.gov/sites/bsee.gov/files/incident-summaries/forms/060905-pdf.pdf,https://www.bsee.gov/sites/bsee.gov/files/incident-summaries/forms/060905-pdf.pdf,https://www.bsee.gov/sites/bsee.gov/files/incident-summaries/forms/060905-pdf.pdf,false,060905-pdf.pdf,,,,060905-pdf,2006-09-05,2006,false,,archive_yymmdd_filename;no_area_block_in_filename,09-05-2006,09:00,G12362,MP/299,Pollution,1,,,,fcd6a39a4c8b3e3f8ec904f6ba7034594abf41dc8b6b63189be3baa82ab8b20b,
district,https://www.bsee.gov/what-we-do/incident-investigations/offshore-incident-investigations/district-investigation-reports/district-investigation-reports-archive,2008,,0,https://www.bsee.gov/sites/bsee.gov/files/incident-summaries/forms/080602-pdf.pdf,https://www.bsee.gov/sites/bsee.gov/files/incident-summaries/forms/080602-pdf.pdf,https://www.bsee.gov/sites/bsee.gov/files/incident-summaries/forms/080602-pdf.pdf,false,080602-pdf.pdf,,,,080602-pdf,2008-06-02,2008,false,,archive_yymmdd_filename;no_area_block_in_filename,06-02-2008,04:50,G01244,ST/72,Fire - Required Muster,1,,,,66f98ec243a34259f3eff2948f7b1cbd4f33ea88d6dd6eef672cfa703fda5fdf,
district,https://www.bsee.gov/what-we-do/incident-investigations/offshore-incident-investigations/district-investigation-reports/district-investigation-reports-archive,2008,,0,https://www.bsee.gov/sites/bsee.gov/files/incident-summaries/forms/080614-pdf.pdf,https://www.bsee.gov/sites/bsee.gov/files/incident-summaries/forms/080614-pdf.pdf,https://www.bsee.gov/sites/bsee.gov/files/incident-summaries/forms/080614-pdf.pdf,false,080614-pdf.pdf,,,,080614-pdf,2008-06-14,2008,false,,archive_yymmdd_filename;no_area_block_in_filename,06-14-2008,21:22,G19409,AC/815,Incident >$25K - Dropped BOP,1,,,,73a096a8ccc5cd477fa89f3b6b128a97e3fd1ec3405d3b8455c8a06334ccd3e2,
district,https://www.bsee.gov/what-we-do/incident-investigations/offshore-incident-investigations/district-investigation-reports/district-investigation-reports-archive,2008,,0,https://www.bsee.gov/sites/bsee.gov/files/incident-summaries/forms/080713a-pdf.pdf,https://www.bsee.gov/sites/bsee.gov/files/incident-summaries/forms/080713a-pdf.pdf,https://www.bsee.gov/sites/bsee.gov/files/incident-summaries/forms/080713a-pdf.pdf,false,080713a-pdf.pdf,,,,080713a-pdf,2008-07-13,2008,false,,archive_yymmdd_filename;no_area_block_in_filename,07-13-2008,22:50,G02601,EI/57,Required Evacuation - RW/JT (>3 days) - Other,1,,,,7e42cddb62ee3e335d07684047555f4feed9ea4c88059251cb7b2f14636bda64,
district,https://www.bsee.gov/what-we-do/incident-investigations/offshore-incident-investigations/district-investigation-reports/district-investigation-reports-archive,2008,,0,https://www.bsee.gov/sites/bsee.gov/files/incident-summaries/forms/081130-pdf.pdf,https://www.bsee.gov/sites/bsee.gov/files/incident-summaries/forms/081130-pdf.pdf,https://www.bsee.gov/sites/bsee.gov/files/incident-summaries/forms/081130-pdf.pdf,false,081130-pdf.pdf,,,,081130-pdf,2008-11-30,2008,false,,archive_yymmdd_filename;no_area_block_in_filename,11-30-2008,08:00,G01072,WD/40,Fire - Incident >$25K,1,,,,eeffe04ec294bb8649d1429d12c22d8043158e84cd0045cb2503e6e31b273680,
district,https://www.bsee.gov/what-we-do/incident-investigations/offshore-incident-investigations/district-investigation-reports/district-investigation-reports-archive,2004,,0,https://www.bsee.gov/sites/bsee.gov/files/incident-summaries/gulf-of-mexico/040121-pdf.pdf,https://www.bsee.gov/sites/bsee.gov/files/incident-summaries/gulf-of-mexico/040121-pdf.pdf,https://www.bsee.gov/sites/bsee.gov/files/incident-summaries/gulf-of-mexico/040121-pdf.pdf,false,040121-pdf.pdf,,,,040121-pdf,2004-01-21,2004,false,,archive_yymmdd_filename;no_area_block_in_filename,01-21-2004,03:14,G05000,MI/622,Crane Boom,1,,,,68d8fff06b0235311c6651eb7b47ec470ebd697d6c6465e6c5651cb70aa25ae8,
district,https://www.bsee.gov/what-we-do/incident-investigations/offshore-incident-investigations/district-investigation-reports/district-investigation-reports-archive,2004,,0,https://www.bsee.gov/sites/bsee.gov/files/incident-summaries/gulf-of-mexico/040223-pdf.pdf,https://www.bsee.gov/sites/bsee.gov/files/incident-summaries/gulf-of-mexico/040223-pdf.pdf,https://www.bsee.gov/sites/bsee.gov/files/incident-summaries/gulf-of-mexico/040223-pdf.pdf,false,040223-pdf.pdf,,,,040223-pdf,2004-02-23,2004,false,,archive_yymmdd_filename;no_area_block_in_filename,02-23-2004,14:00,G02688,HI/467,Explosion,1,,,,55736e9a18bc257afd82f8f3fc4dc310b698adae88e4379e432c9b1d5a3af612,
district,https://www.bsee.gov/what-we-do/incident-investigations/offshore-incident-investigations/district-investigation-reports,2016,,0,/sites/bsee.gov/files/incident-summaries/incident-and-investigations/gb_216_hess_corporation_17_feb_2016.pdf,https://www.bsee.gov/sites/bsee.gov/files/incident-summaries/incident-and-investigations/gb_216_hess_corporation_17_feb_2016.pdf,https://www.bsee.gov/sites/bsee.gov/files/incident-summaries/incident-and-investigations/gb_216_hess_corporation_17_feb_2016.pdf,false,gb_216_hess_corporation_17_feb_2016.pdf,GB,216,hess corporation,17_feb_2016,2016-02-17,2016,false,,,02 - 17 - 2016,17:15,G14224,GB 216,Pollution,5,,,,9d52f31e58925bc9ccaa21fc856fecd935648c56fbb9dd1496a6ac7d48c4a059,
district,https://www.bsee.gov/what-we-do/incident-investigations/offshore-incident-investigations/district-investigation-reports/district-investigation-reports-archive,2011,,0,https://www.bsee.gov/sites/bsee.gov/files/incident-summaries/inspection-and-enforcement/05-28-11.pdf,https://www.bsee.gov/sites/bsee.gov/files/incident-summaries/inspection-and-enforcement/05-28-11.pdf,https://www.bsee.gov/sites/bsee.gov/files/incident-summaries/inspection-and-enforcement/05-28-11.pdf,false,05-28-11.pdf,,,,05-28-11,2011-05-28,2011,false,,no_area_block_in_filename;no_operator_in_filename,05-28-2011,09:45,P00296,LB/6437,LTA (>3 days) Required Evacuation,1,,,,37deb959f8cc6cabb9cfc0b608ee871cb6451a27a51cfb77eaf10ef9b7d73e61,
district,https://www.bsee.gov/what-we-do/incident-investigations/offshore-incident-investigations/district-investigation-reports/district-investigation-reports-archive,2006,,0,https://www.bsee.gov/sites/bsee.gov/files/incident-summaries/inspection-and-enforcement/060201-pdf.pdf,https://www.bsee.gov/sites/bsee.gov/files/incident-summaries/inspection-and-enforcement/060201-pdf.pdf,https://www.bsee.gov/sites/bsee.gov/files/incident-summaries/inspection-and-enforcement/060201-pdf.pdf,false,060201-pdf.pdf,,,,060201-pdf,2006-02-01,2006,false,,archive_yymmdd_filename;no_area_block_in_filename,02-01-2006,08:00,G12362,MP/299,Pollution,1,,,,bd6b659b68376d0aae2a245cc9913b7c9593c13f269ad861a3392e24c7831191,
district,https://www.bsee.gov/what-we-do/incident-investigations/offshore-incident-investigations/district-investigation-reports/district-investigation-reports-archive,2006,,0,https://www.bsee.gov/sites/bsee.gov/files/incident-summaries/inspection-and-enforcement/060209-pdf.pdf,https://www.bsee.gov/sites/bsee.gov/files/incident-summaries/inspection-and-enforcement/060209-pdf.pdf,https://www.bsee.gov/sites/bsee.gov/files/incident-summaries/inspection-and-enforcement/060209-pdf.pdf,false,060209-pdf.pdf,,,,060209-pdf,2006-02-09,2006,false,,archive_yymmdd_filename;no_area_block_in_filename,02-09-2006,13:30,G05051,SP/75,Injury - Open Hole,1,,,,c0a2cb965318587556a23bd61087735ec9950c13f3dc2e56f8044a4d6666e440,
district,https://www.bsee.gov/what-we-do/incident-investigations/offshore-incident-investigations/district-investigation-reports/district-investigation-reports-archive,2006,,0,https://www.bsee.gov/sites/bsee.gov/files/incident-summaries/inspection-and-enforcement/060222-pdf.pdf,https://www.bsee.gov/sites/bsee.gov/files/incident-summaries/inspection-and-enforcement/060222-pdf.pdf,https://www.bsee.gov/sites/bsee.gov/files/incident-summaries/inspection-and-enforcement/060222-pdf.pdf,false,060222-pdf.pdf,,,,060222-pdf,2006-02-22,2006,false,,archive_yymmdd_filename;no_area_block_in_filename,02-22-2006,08:25,00263,ST/21,Fire,1,,,,2b08779fc500a49c8b5d2d961be88167746e43709786fa3b1b1977fbf9c72a09,
district,https://www.bsee.gov/what-we-do/incident-investigations/offshore-incident-investigations/district-investigation-reports/district-investigation-reports-archive,2006,,0,https://www.bsee.gov/sites/bsee.gov/files/incident-summaries/inspection-and-enforcement/060331-pdf.pdf,https://www.bsee.gov/sites/bsee.gov/files/incident-summaries/inspection-and-enforcement/060331-pdf.pdf,https://www.bsee.gov/sites/bsee.gov/files/incident-summaries/inspection-and-enforcement/060331-pdf.pdf,false,060331-pdf.pdf,,,,060331-pdf,2006-03-31,2006,false,,archive_yymmdd_filename;no_area_block_in_filename,03-31-2006,08:45,00385,WD/29,Crane Failure,1,,,,7b6e5423806aaa1de881590717b33c7e63390b1d010716a04ec8d2736eae3df4,
district,https://www.bsee.gov/what-we-do/incident-investigations/offshore-incident-investigations/district-investigation-reports/district-investigation-reports-archive,2006,,0,https://www.bsee.gov/sites/bsee.gov/files/incident-summaries/inspection-and-enforcement/060407-pdf.pdf,https://www.bsee.gov/sites/bsee.gov/files/incident-summaries/inspection-and-enforcement/060407-pdf.pdf,https://www.bsee.gov/sites/bsee.gov/files/incident-summaries/inspection-and-enforcement/060407-pdf.pdf,false,060407-pdf.pdf,,,,060407-pdf,2006-04-07,2006,false,,archive_yymmdd_filename;no_area_block_in_filename,04-07-2006,22:45,G04903,MP/30,Injury,1,,,,867fd9285603d212473b398e71de9449bc92f1dbf1ec9e221c46120acaeb2900,
district,https://www.bsee.gov/what-we-do/incident-investigations/offshore-incident-investigations/district-investigation-reports/district-investigation-reports-archive,2006,,0,https://www.bsee.gov/sites/bsee.gov/files/incident-summaries/inspection-and-enforcement/060423-pdf.pdf,https://www.bsee.gov/sites/bsee.gov/files/incident-summaries/inspection-and-enforcement/060423-pdf.pdf,https://www.bsee.gov/sites/bsee.gov/files/incident-summaries/inspection-and-enforcement/060423-pdf.pdf,false,060423-pdf.pdf,,,,060423-pdf,2006-04-23,2006,false,,archive_yymmdd_filename;no_area_block_in_filename,04-23-2006,08:30,G02193,MP/140,Crane,1,,,,8f3586518ee303c9ae6969a4d0fcffefdbcef942165d7947a97a03eedab9edfb,
district,https://www.bsee.gov/what-we-do/incident-investigations/offshore-incident-investigations/district-investigation-reports/district-investigation-reports-archive,2006,,0,https://www.bsee.gov/sites/bsee.gov/files/incident-summaries/inspection-and-enforcement/060427-pdf.pdf,https://www.bsee.gov/sites/bsee.gov/files/incident-summaries/inspection-and-enforcement/060427-pdf.pdf,https://www.bsee.gov/sites/bsee.gov/files/incident-summaries/inspection-and-enforcement/060427-pdf.pdf,false,060427-pdf.pdf,,,,060427-pdf,2006-04-27,2006,false,,archive_yymmdd_filename;no_area_block_in_filename,04-27-2006,05:30,G02323,EI/360,Fire,1,,,,d37606576e2119f3345eea52ea957cf74c996043eae61571612cc2e8f13d46fe,
district,https://www.bsee.gov/what-we-do/incident-investigations/offshore-incident-investigations/district-investigation-reports/district-investigation-reports-archive,2006,,0,https://www.bsee.gov/sites/bsee.gov/files/incident-summaries/inspection-and-enforcement/060507-pdf.pdf,https://www.bsee.gov/sites/bsee.gov/files/incident-summaries/inspection-and-enforcement/060507-pdf.pdf,https://www.bsee.gov/sites/bsee.gov/files/incident-summaries/inspection-and-enforcement/060507-pdf.pdf,false,060507-pdf.pdf,,,,060507-pdf,2006-05-07,2006,false,,archive_yymmdd_filename;no_area_block_in_filename,05-07-2006,04:00,G24154,GC/157,Injury,1,,,,d681aa5bd08e4b0a87cf9da5e8577f29dd1e981a68c04c67cc73b9ed6d64c64c,
district,https://www.bsee.gov/what-we-do/incident-investigations/offshore-incident-investigations/district-investigation-reports/district-investigation-reports-archive,2006,,0,https://www.bsee.gov/sites/bsee.gov/files/incident-summaries/inspection-and-enforcement/060509-pdf.pdf,https://www.bsee.gov/sites/bsee.gov/files/incident-summaries/inspection-and-enforcement/060509-pdf.pdf,https://www.bsee.gov/sites/bsee.gov/files/incident-summaries/inspection-and-enforcement/060509-pdf.pdf,false,060509-pdf.pdf,,,,060509-pdf,2006-05-09,2006,false,,archive_yymmdd_filename;no_area_block_in_filename,05-09-2006,06:41,G17003,WR/544,Pollution,1,,,,86b2fc8a9dcde7eeb8c6e242220d30d8652afede56d728b2430c259913a406d4,
district,https://www.bsee.gov/what-we-do/incident-investigations/offshore-incident-investigations/district-investigation-reports/district-investigation-reports-archive,2006,,0,https://www.bsee.gov/sites/bsee.gov/files/incident-summaries/inspection-and-enforcement/060525-pdf.pdf,https://www.bsee.gov/sites/bsee.gov/files/incident-summaries/inspection-and-enforcement/060525-pdf.pdf,https://www.bsee.gov/sites/bsee.gov/files/incident-summaries/inspection-and-enforcement/060525-pdf.pdf,false,060525-pdf.pdf,,,,060525-pdf,2006-05-25,2006,false,,archive_yymmdd_filename;no_area_block_in_filename,05-25-2006,15:00,G03414,WD/34,Pollution,1,,,,abc8e6941845b842a6065e03eaa66bdb1567ef344c178abd0e6ad4db25f98274,
district,https://www.bsee.gov/what-we-do/incident-investigations/offshore-incident-investigations/district-investigation-reports/district-investigation-reports-archive,2006,,0,https://www.bsee.gov/sites/bsee.gov/files/incident-summaries/inspection-and-enforcement/060529-pdf.pdf,https://www.bsee.gov/sites/bsee.gov/files/incident-summaries/inspection-and-enforcement/060529-pdf.pdf,https://www.bsee.gov/sites/bsee.gov/files/incident-summaries/inspection-and-enforcement/060529-pdf.pdf,false,060529-pdf.pdf,,,,060529-pdf,2006-05-29,2006,false,,archive_yymmdd_filename;no_area_block_in_filename,05-29-2006,15:30,G03776,SM/106,Injury - Fall,1,,,,663600793e2a22a5064e604b41353347bbedb9c5045c8a1c80146c79a35e5e91,
district,https://www.bsee.gov/what-we-do/incident-investigations/offshore-incident-investigations/district-investigation-reports/district-investigation-reports-archive,2006,,0,https://www.bsee.gov/sites/bsee.gov/files/incident-summaries/inspection-and-enforcement/060530-pdf.pdf,https://www.bsee.gov/sites/bsee.gov/files/incident-summaries/inspection-and-enforcement/060530-pdf.pdf,https://www.bsee.gov/sites/bsee.gov/files/incident-summaries/inspection-and-enforcement/060530-pdf.pdf,false,060530-pdf.pdf,,,,060530-pdf,2006-05-30,2006,false,,archive_yymmdd_filename;no_area_block_in_filename,05-30-2006,00:09,G15607,GC/743,Top Drive Unplanned Descent,1,,,,d731636b2384957729e091c83de6140854eea253a1fa07db35a00d17bd753295,
district,https://www.bsee.gov/what-we-do/incident-investigations/offshore-incident-investigations/district-investigation-reports/district-investigation-reports-archive,2006,,0,https://www.bsee.gov/sites/bsee.gov/files/incident-summaries/inspection-and-enforcement/060604-pdf.pdf,https://www.bsee.gov/sites/bsee.gov/files/incident-summaries/inspection-and-enforcement/060604-pdf.pdf,https://www.bsee.gov/sites/bsee.gov/files/incident-summaries/inspection-and-enforcement/060604-pdf.pdf,false,060604-pdf.pdf,,,,060604-pdf,2006-06-04,2006,false,,archive_yymmdd_filename;no_area_block_in_filename,06-04-2006,07:03,G11081,GC/645,Top Drive Unplanned Descent,1,,,,9b85080539c572c9ca8e68dc48856dd58ad3195394fdcc1db4c7d1ab36dd7615,
district,https://www.bsee.gov/what-we-do/incident-investigations/offshore-incident-investigations/district-investigation-reports/district-investigation-reports-archive,2006,,0,https://www.bsee.gov/sites/bsee.gov/files/incident-summaries/inspection-and-enforcement/060623-pdf.pdf,https://www.bsee.gov/sites/bsee.gov/files/incident-summaries/inspection-and-enforcement/060623-pdf.pdf,https://www.bsee.gov/sites/bsee.gov/files/incident-summaries/inspection-and-enforcement/060623-pdf.pdf,false,060623-pdf.pdf,,,,060623-pdf,2006-06-23,2006,false,,archive_yymmdd_filename;no_area_block_in_filename,06-23-2006,12:30,G03237,HI/193,Derrick fell on Heliport,1,,,,530d31353d41cf6ba43591e3141d00880178b47d649e39126a90609be87ecd33,
district,https://www.bsee.gov/what-we-do/incident-investigations/offshore-incident-investigations/district-investigation-reports/district-investigation-reports-archive,2006,,0,https://www.bsee.gov/sites/bsee.gov/files/incident-summaries/inspection-and-enforcement/060703-pdf.pdf,https://www.bsee.gov/sites/bsee.gov/files/incident-summaries/inspection-and-enforcement/060703-pdf.pdf,https://www.bsee.gov/sites/bsee.gov/files/incident-summaries/inspection-and-enforcement/060703-pdf.pdf,false,060703-pdf.pdf,,,,060703-pdf,2006-07-03,2006,false,,archive_yymmdd_filename;no_area_block_in_filename,07-03-2006,07:30,G17407,GB/668,Pollution,1,,,,bac6e58f184e1f3ec14ca7f4010d737036a9e53becb0cfe8bdf56a55de0f2b78,
district,https://www.bsee.gov/what-we-do/incident-investigations/offshore-incident-investigations/district-investigation-reports/district-investigation-reports-archive,2006,,0,https://www.bsee.gov/sites/bsee.gov/files/incident-summaries/inspection-and-enforcement/060718a-pdf.pdf,https://www.bsee.gov/sites/bsee.gov/files/incident-summaries/inspection-and-enforcement/060718a-pdf.pdf,https://www.bsee.gov/sites/bsee.gov/files/incident-summaries/inspection-and-enforcement/060718a-pdf.pdf,false,060718a-pdf.pdf,,,,060718a-pdf,2006-07-18,2006,false,,archive_yymmdd_filename;no_area_block_in_filename,07-18-2006,08:15,G12362,MP/299,Pollution,1,,,,24e53a0a21f744d31013ebad3f75c3bbd8d634c8fb3afd845ed4029a6e6e5267,
district,https://www.bsee.gov/what-we-do/incident-investigations/offshore-incident-investigations/district-investigation-reports/district-investigation-reports-archive,2006,,0,https://www.bsee.gov/sites/bsee.gov/files/incident-summaries/inspection-and-enforcement/060801-pdf.pdf,https://www.bsee.gov/sites/bsee.gov/files/incident-summaries/inspection-and-enforcement/060801-pdf.pdf,https://www.bsee.gov/sites/bsee.gov/files/incident-summaries/inspection-and-enforcement/060801-pdf.pdf,false,060801-pdf.pdf,,,,060801-pdf,2006-08-01,2006,false,,archive_yymmdd_filename;no_area_block_in_filename,08-01-2006,07:30,G04481,MP/77,Pollution,1,,,,49405b8d9271605e5f1cbc83ac4e902b9fe456fd916c77e00416f7ed0caae74d,
district,https://www.bsee.gov/what-we-do/incident-investigations/offshore-incident-investigations/district-investigation-reports/district-investigation-reports-archive,2006,,0,https://www.bsee.gov/sites/bsee.gov/files/incident-summaries/inspection-and-enforcement/060810-pdf.pdf,https://www.bsee.gov/sites/bsee.gov/files/incident-summaries/inspection-and-enforcement/060810-pdf.pdf,https://www.bsee.gov/sites/bsee.gov/files/incident-summaries/inspection-and-enforcement/060810-pdf.pdf,false,060810-pdf.pdf,,,,060810-pdf,2006-08-10,2006,false,,archive_yymmdd_filename;no_area_block_in_filename,08-10-2006,07:15,G01677,MP/306,Pollution,1,,,,cdc3c596b953935480360fa3db77d5e07b1f0af3ea15fe15c31a2eb6bd43ed3b,
district,https://www.bsee.gov/what-we-do/incident-investigations/offshore-incident-investigations/district-investigation-reports/district-investigation-reports-archive,2006,,0,https://www.bsee.gov/sites/bsee.gov/files/incident-summaries/inspection-and-enforcement/060907-pdf.pdf,https://www.bsee.gov/sites/bsee.gov/files/incident-summaries/inspection-and-enforcement/060907-pdf.pdf,https://www.bsee.gov/sites/bsee.gov/files/incident-summaries/inspection-and-enforcement/060907-pdf.pdf,false,060907-pdf.pdf,,,,060907-pdf,2006-09-07,2006,false,,archive_yymmdd_filename;no_area_block_in_filename,09-07-2006,10:00,00375,MP/42,Pollution,1,,,,ab9abc958904217a41ac5ba0b304b03a247498fbb7c647434b29474df5ce997a,
district,https://www.bsee.gov/what-we-do/incident-investigations/offshore-incident-investigations/district-investigation-reports/district-investigation-reports-archive,2006,,0,https://www.bsee.gov/sites/bsee.gov/files/incident-summaries/inspection-and-enforcement/061006-pdf.pdf,https://www.bsee.gov/sites/bsee.gov/files/incident-summaries/inspection-and-enforcement/061006-pdf.pdf,https://www.bsee.gov/sites/bsee.gov/files/incident-summaries/inspection-and-enforcement/061006-pdf.pdf,false,061006-pdf.pdf,,,,061006-pdf,2006-10-06,2006,false,,archive_yymmdd_filename;no_area_block_in_filename,10-06-2006,01:40,G08035,AT/574,Pollution,1,,,,fdf2d99ff5dd363d9d1d06fae7f3f50a4654a4993e5e875b1f946e828f4cfca7,
district,https://www.bsee.gov/what-we-do/incident-investigations/offshore-incident-investigations/district-investigation-reports/district-investigation-reports-archive,2006,,0,https://www.bsee.gov/sites/bsee.gov/files/incident-summaries/inspection-and-enforcement/061009-pdf.pdf,https://www.bsee.gov/sites/bsee.gov/files/incident-summaries/inspection-and-enforcement/061009-pdf.pdf,https://www.bsee.gov/sites/bsee.gov/files/incident-summaries/inspection-and-enforcement/061009-pdf.pdf,false,061009-pdf.pdf,,,,061009-pdf,2006-10-09,2006,false,,archive_yymmdd_filename;no_area_block_in_filename,10-09-2006,18:30,00310,SM/236,Structural Damage - Leak,1,,,,1511baa1b65852c973ba19e7494c6dba13cda2b8fa16cd7dabbdab51bfb1b2c9,
district,https://www.bsee.gov/what-we-do/incident-investigations/offshore-incident-investigations/district-investigation-reports/district-investigation-reports-archive,2006,,0,https://www.bsee.gov/sites/bsee.gov/files/incident-summaries/inspection-and-enforcement/061030-pdf.pdf,https://www.bsee.gov/sites/bsee.gov/files/incident-summaries/inspection-and-enforcement/061030-pdf.pdf,https://www.bsee.gov/sites/bsee.gov/files/incident-summaries/inspection-and-enforcement/061030-pdf.pdf,false,061030-pdf.pdf,,,,061030-pdf,2006-10-30,2006,false,,archive_yymmdd_filename;no_area_block_in_filename,10-30-2006,08:00,G16645,MC/737,Pollution,1,,,,5d61baa8c0f0049cc1dcaadd1793c3bd3eb0d73330e71855c443557b478e9eba,
district,https://www.bsee.gov/what-we-do/incident-investigations/offshore-incident-investigations/district-investigation-reports/district-investigation-reports-archive,2006,,0,https://www.bsee.gov/sites/bsee.gov/files/incident-summaries/inspection-and-enforcement/061104-pdf.pdf,https://www.bsee.gov/sites/bsee.gov/files/incident-summaries/inspection-and-enforcement/061104-pdf.pdf,https://www.bsee.gov/sites/bsee.gov/files/incident-summaries/inspection-and-enforcement/061104-pdf.pdf,false,061104-pdf.pdf,,,,061104-pdf,2006-11-04,2006,false,,archive_yymmdd_filename;no_area_block_in_filename,11-04-2006,11:00,G08831,MC/566,Pollution,1,,,,1dd12080d13487c36b5972644038d2089ccdd52776311d5d6824343072740df9,
district,https://www.bsee.gov/what-we-do/incident-investigations/offshore-incident-investigations/district-investigation-reports/district-investigation-reports-archive,2006,,0,https://www.bsee.gov/sites/bsee.gov/files/incident-summaries/inspection-and-enforcement/061111-pdf.pdf,https://www.bsee.gov/sites/bsee.gov/files/incident-summaries/inspection-and-enforcement/061111-pdf.pdf,https://www.bsee.gov/sites/bsee.gov/files/incident-summaries/inspection-and-enforcement/061111-pdf.pdf,false,061111-pdf.pdf,,,,061111-pdf,2006-11-11,2006,false,,archive_yymmdd_filename;no_area_block_in_filename,11-11-2006,15:00,G10721,EI/88,Pollution,1,,,,ab51a8a300d4a52045e41293433c008fcdccd0b5e6f59fea9c899a44f0cf0dd0,
district,https://www.bsee.gov/what-we-do/incident-investigations/offshore-incident-investigations/district-investigation-reports/district-investigation-reports-archive,2006,,0,https://www.bsee.gov/sites/bsee.gov/files/incident-summaries/inspection-and-enforcement/061115-pdf.pdf,https://www.bsee.gov/sites/bsee.gov/files/incident-summaries/inspection-and-enforcement/061115-pdf.pdf,https://www.bsee.gov/sites/bsee.gov/files/incident-summaries/inspection-and-enforcement/061115-pdf.pdf,false,061115-pdf.pdf,,,,061115-pdf,2006-11-15,2006,false,,archive_yymmdd_filename;no_area_block_in_filename,11-15-2006,18:00,00832,SS/242,Structural Damage,1,,,,503fb05a8e921644039f055b90d29c92310b1d4c60e6f6d2bbd04d5292a97bb6,
district,https://www.bsee.gov/what-we-do/incident-investigations/offshore-incident-investigations/district-investigation-reports/district-investigation-reports-archive,2006,,0,https://www.bsee.gov/sites/bsee.gov/files/incident-summaries/inspection-and-enforcement/061117-pdf.pdf,https://www.bsee.gov/sites/bsee.gov/files/incident-summaries/inspection-and-enforcement/061117-pdf.pdf,https://www.bsee.gov/sites/bsee.gov/files/incident-summaries/inspection-and-enforcement/061117-pdf.pdf,false,061117-pdf.pdf,,,,061117-pdf,2006-11-17,2006,false,,archive_yymmdd_filename;no_area_block_in_filename,11-17-2006,10:20,G02177,SP/49,Fire - Leak,1,,,,9d16200095e5a530b0f869bca1d15775607d95f04d273730d15f601848959fc1,
district,https://www.bsee.gov/what-we-do/incident-investigations/offshore-incident-investigations/district-investigation-reports/district-investigation-reports-archive,2006,,0,https://www.bsee.gov/sites/bsee.gov/files/incident-summaries/inspection-and-enforcement/061125-pdf.pdf,https://www.bsee.gov/sites/bsee.gov/files/incident-summaries/inspection-and-enforcement/061125-pdf.pdf,https://www.bsee.gov/sites/bsee.gov/files/incident-summaries/inspection-and-enforcement/061125-pdf.pdf,false,061125-pdf.pdf,,,,061125-pdf,2006-11-25,2006,false,,archive_yymmdd_filename;no_area_block_in_filename,11-25-2006,07:15,G02322,EI/349,Pollution - Equipment Failure,1,,,,2f1feb0561c3d40c203cd8b586d254e8b973418f5ce93e03752ff5c087f193d3,
district,https://www.bsee.gov/what-we-do/incident-investigations/offshore-incident-investigations/district-investigation-reports/district-investigation-reports-archive,2006,,0,https://www.bsee.gov/sites/bsee.gov/files/incident-summaries/inspection-and-enforcement/061204-pdf.pdf,https://www.bsee.gov/sites/bsee.gov/files/incident-summaries/inspection-and-enforcement/061204-pdf.pdf,https://www.bsee.gov/sites/bsee.gov/files/incident-summaries/inspection-and-enforcement/061204-pdf.pdf,false,061204-pdf.pdf,,,,061204-pdf,2006-12-04,2006,false,,archive_yymmdd_filename;no_area_block_in_filename,12-05-2006,18:00,G01220,EI/158,Required Evacuation - LTA > 3 days - Fire,2,,,,9674efe01bf49a3353861903fb1c13552a49894dc191c406e793af3619ae1061,
district,https://www.bsee.gov/what-we-do/incident-investigations/offshore-incident-investigations/district-investigation-reports/district-investigation-reports-archive,2006,,0,https://www.bsee.gov/sites/bsee.gov/files/incident-summaries/inspection-and-enforcement/061209a-pdf.pdf,https://www.bsee.gov/sites/bsee.gov/files/incident-summaries/inspection-and-enforcement/061209a-pdf.pdf,https://www.bsee.gov/sites/bsee.gov/files/incident-summaries/inspection-and-enforcement/061209a-pdf.pdf,false,061209a-pdf.pdf,,,,061209a-pdf,2006-12-09,2006,false,,archive_yymmdd_filename;no_area_block_in_filename,12-09-2006,10:15,G02115,EI/330,Equipment Failure,1,,,,59b10f7b1bc8f6d9501529805892af726ddbb243cabf7946008c1f8a2f15d44a,
district,https://www.bsee.gov/what-we-do/incident-investigations/offshore-incident-investigations/district-investigation-reports/district-investigation-reports-archive,2006,,0,https://www.bsee.gov/sites/bsee.gov/files/incident-summaries/inspection-and-enforcement/061212-pdf.pdf,https://www.bsee.gov/sites/bsee.gov/files/incident-summaries/inspection-and-enforcement/061212-pdf.pdf,https://www.bsee.gov/sites/bsee.gov/files/incident-summaries/inspection-and-enforcement/061212-pdf.pdf,false,061212-pdf.pdf,,,,061212-pdf,2006-12-12,2006,false,,archive_yymmdd_filename;no_area_block_in_filename,12-12-2006,07:40,G03096,MI/656,Fire - Equipment Failure,1,,,,8df17983739c903130df3380056d23f009dd7b0b2b43bcfd6ab6bee936fb6491,
district,https://www.bsee.gov/what-we-do/incident-investigations/offshore-incident-investigations/district-investigation-reports/district-investigation-reports-archive,2007,,0,https://www.bsee.gov/sites/bsee.gov/files/incident-summaries/inspection-and-enforcement/071129-pdf.pdf,https://www.bsee.gov/sites/bsee.gov/files/incident-summaries/inspection-and-enforcement/071129-pdf.pdf,https://www.bsee.gov/sites/bsee.gov/files/incident-summaries/inspection-and-enforcement/071129-pdf.pdf,false,071129-pdf.pdf,,,,071129-pdf,2007-11-29,2007,false,,archive_yymmdd_filename;no_area_block_in_filename,11-29-2007,14:10,G07846,MO/914,LTA (>3 days) - Equipment Failure,1,,,,0114323991ea6a27377455a9fea260499ad315c2e2f4d2c3bb8cdda7b77f4239,
district,https://www.bsee.gov/what-we-do/incident-investigations/offshore-incident-investigations/district-investigation-reports/district-investigation-reports-archive,2008,,0,https://www.bsee.gov/sites/bsee.gov/files/incident-summaries/inspection-and-enforcement/080104-pdf.pdf,https://www.bsee.gov/sites/bsee.gov/files/incident-summaries/inspection-and-enforcement/080104-pdf.pdf,https://www.bsee.gov/sites/bsee.gov/files/incident-summaries/inspection-and-enforcement/080104-pdf.pdf,false,080104-pdf.pdf,,,,080104-pdf,2008-01-04,2008,false,,archive_yymmdd_filename;no_area_block_in_filename,01-04-2008,11:15,G16641,MC/696,Required Evacuation - RW/JT (>3 days),1,,,,45717866159b1f994d594245b2605b6cd04af728cfc1480d3c68e09c20afbae7,
district,https://www.bsee.gov/what-we-do/incident-investigations/offshore-incident-investigations/district-investigation-reports/district-investigation-reports-archive,2008,,0,https://www.bsee.gov/sites/bsee.gov/files/incident-summaries/inspection-and-enforcement/080106-pdf.pdf,https://www.bsee.gov/sites/bsee.gov/files/incident-summaries/inspection-and-enforcement/080106-pdf.pdf,https://www.bsee.gov/sites/bsee.gov/files/incident-summaries/inspection-and-enforcement/080106-pdf.pdf,false,080106-pdf.pdf,,,,080106-pdf,2008-01-06,2008,false,,archive_yymmdd_filename;no_area_block_in_filename,01-06-2008,07:45,G03323,EC/220,Other Injury - Crane,1,,,,d7cdff7381a051100c94d399f108581ac32a78b4244dd169e167de8234bd6c85,
district,https://www.bsee.gov/what-we-do/incident-investigations/offshore-incident-investigations/district-investigation-reports/district-investigation-reports-archive,2008,,0,https://www.bsee.gov/sites/bsee.gov/files/incident-summaries/inspection-and-enforcement/080109-pdf.pdf,https://www.bsee.gov/sites/bsee.gov/files/incident-summaries/inspection-and-enforcement/080109-pdf.pdf,https://www.bsee.gov/sites/bsee.gov/files/incident-summaries/inspection-and-enforcement/080109-pdf.pdf,false,080109-pdf.pdf,,,,080109-pdf,2008-01-09,2008,false,,archive_yymmdd_filename;no_area_block_in_filename,01-09-2008,09:30,00133,GI/47,Pollution,1,,,,13d5a678686bd1eddae6d74f72404e166e08473424c11e0971b2e54881d85a21,
district,https://www.bsee.gov/what-we-do/incident-investigations/offshore-incident-investigations/district-investigation-reports/district-investigation-reports-archive,2008,,0,https://www.bsee.gov/sites/bsee.gov/files/incident-summaries/inspection-and-enforcement/080111-pdf.pdf,https://www.bsee.gov/sites/bsee.gov/files/incident-summaries/inspection-and-enforcement/080111-pdf.pdf,https://www.bsee.gov/sites/bsee.gov/files/incident-summaries/inspection-and-enforcement/080111-pdf.pdf,false,080111-pdf.pdf,,,,080111-pdf,2008-01-11,2008,false,,archive_yymmdd_filename;no_area_block_in_filename,01-11-2008,19:21,G08823,MC/522,Required Evacuation - LTA (>3 days),1,,,,06196ff8c438921a4642855d20aa5ec940adca779561f1570fe0c3704d9bd9f5,
district,https://www.bsee.gov/what-we-do/incident-investigations/offshore-incident-investigations/district-investigation-reports/district-investigation-reports-archive,2008,,0,https://www.bsee.gov/sites/bsee.gov/files/incident-summaries/inspection-and-enforcement/080118-pdf.pdf,https://www.bsee.gov/sites/bsee.gov/files/incident-summaries/inspection-and-enforcement/080118-pdf.pdf,https://www.bsee.gov/sites/bsee.gov/files/incident-summaries/inspection-and-enforcement/080118-pdf.pdf,false,080118-pdf.pdf,,,,080118-pdf,2008-01-18,2008,false,,archive_yymmdd_filename;no_area_block_in_filename,01-18-2008,05:00,00310,SM/236,Pollution,1,,,,8e258d2aeefe70af03cd37dd217866b0b0c2663088a70baba1c779b83fa04f23,
district,https://www.bsee.gov/what-we-do/incident-investigations/offshore-incident-investigations/district-investigation-reports/district-investigation-reports-archive,2008,,0,https://www.bsee.gov/sites/bsee.gov/files/incident-summaries/inspection-and-enforcement/080128-pdf.pdf,https://www.bsee.gov/sites/bsee.gov/files/incident-summaries/inspection-and-enforcement/080128-pdf.pdf,https://www.bsee.gov/sites/bsee.gov/files/incident-summaries/inspection-and-enforcement/080128-pdf.pdf,false,080128-pdf.pdf,,,,080128-pdf,2008-01-28,2008,false,,archive_yymmdd_filename;no_area_block_in_filename,01-28-2008,13:00,G21810,GC/652,Pollution,1,,,,43abe3358cbcdb501b3f2e9446025043467ab2f0b6ae4d79f91bb212844b9af6,
district,https://www.bsee.gov/what-we-do/incident-investigations/offshore-incident-investigations/district-investigation-reports/district-investigation-reports-archive,2008,,0,https://www.bsee.gov/sites/bsee.gov/files/incident-summaries/inspection-and-enforcement/080205-pdf.pdf,https://www.bsee.gov/sites/bsee.gov/files/incident-summaries/inspection-and-enforcement/080205-pdf.pdf,https://www.bsee.gov/sites/bsee.gov/files/incident-summaries/inspection-and-enforcement/080205-pdf.pdf,false,080205-pdf.pdf,,,,080205-pdf,2008-02-05,2008,false,,archive_yymmdd_filename;no_area_block_in_filename,02-05-2008,19:20,G02177,SP/49,Required Evacuation - RW/JT (>3 days),1,,,,1875c604baa0322393a4ef737a72056c258219244138cc99ac8241cf0b33afa6,
district,https://www.bsee.gov/what-we-do/incident-investigations/offshore-incident-investigations/district-investigation-reports/district-investigation-reports-archive,2008,,0,https://www.bsee.gov/sites/bsee.gov/files/incident-summaries/inspection-and-enforcement/080209-pdf.pdf,https://www.bsee.gov/sites/bsee.gov/files/incident-summaries/inspection-and-enforcement/080209-pdf.pdf,https://www.bsee.gov/sites/bsee.gov/files/incident-summaries/inspection-and-enforcement/080209-pdf.pdf,false,080209-pdf.pdf,,,,080209-pdf,2008-02-09,2008,false,,archive_yymmdd_filename;no_area_block_in_filename,02-09-2008,15:15,00827,SS/209,Fire,1,,,,441e8580753f813e425ffdc594a3f7de30a02d7d7e41631c7a2f0f96bc8d5a07,
district,https://www.bsee.gov/what-we-do/incident-investigations/offshore-incident-investigations/district-investigation-reports/district-investigation-reports-archive,2008,,0,https://www.bsee.gov/sites/bsee.gov/files/incident-summaries/inspection-and-enforcement/080220-pdf.pdf,https://www.bsee.gov/sites/bsee.gov/files/incident-summaries/inspection-and-enforcement/080220-pdf.pdf,https://www.bsee.gov/sites/bsee.gov/files/incident-summaries/inspection-and-enforcement/080220-pdf.pdf,false,080220-pdf.pdf,,,,080220-pdf,2008-02-20,2008,false,,archive_yymmdd_filename;no_area_block_in_filename,02-20-2008,09:15,G21669,ST/168,Fatality - Crane,1,,,,e34594cb2b76be04d4654faedd54838ee9c262f67533c4aa337d6c6eeb10e39a,
district,https://www.bsee.gov/what-we-do/incident-investigations/offshore-incident-investigations/district-investigation-reports/district-investigation-reports-archive,2008,,0,https://www.bsee.gov/sites/bsee.gov/files/incident-summaries/inspection-and-enforcement/080226-pdf.pdf,https://www.bsee.gov/sites/bsee.gov/files/incident-summaries/inspection-and-enforcement/080226-pdf.pdf,https://www.bsee.gov/sites/bsee.gov/files/incident-summaries/inspection-and-enforcement/080226-pdf.pdf,false,080226-pdf.pdf,,,,080226-pdf,2008-02-26,2008,false,,archive_yymmdd_filename;no_area_block_in_filename,02-26-2008,19:00,G17406,GB/667,Pollution - Other,1,,,,b865fe696a7c292c8c79b51a8967d430c90d095a8047e5548703d791798904ae,
district,https://www.bsee.gov/what-we-do/incident-investigations/offshore-incident-investigations/district-investigation-reports/district-investigation-reports-archive,2008,,0,https://www.bsee.gov/sites/bsee.gov/files/incident-summaries/inspection-and-enforcement/080301-pdf.pdf,https://www.bsee.gov/sites/bsee.gov/files/incident-summaries/inspection-and-enforcement/080301-pdf.pdf,https://www.bsee.gov/sites/bsee.gov/files/incident-summaries/inspection-and-enforcement/080301-pdf.pdf,false,080301-pdf.pdf,,,,080301-pdf,2008-03-01,2008,false,,archive_yymmdd_filename;no_area_block_in_filename,03-01-2008,03:10,G17958,EI/43,Collision <=$25K - Structural Damage,1,,,,b8f73e5e33a597cdafe9f0b1e53d484766c8141c15cdabbad0886dd2abf6492c,
district,https://www.bsee.gov/what-we-do/incident-investigations/offshore-incident-investigations/district-investigation-reports/district-investigation-reports-archive,2008,,0,https://www.bsee.gov/sites/bsee.gov/files/incident-summaries/inspection-and-enforcement/080306-pdf.pdf,https://www.bsee.gov/sites/bsee.gov/files/incident-summaries/inspection-and-enforcement/080306-pdf.pdf,https://www.bsee.gov/sites/bsee.gov/files/incident-summaries/inspection-and-enforcement/080306-pdf.pdf,false,080306-pdf.pdf,,,,080306-pdf,2008-03-06,2008,false,,archive_yymmdd_filename;no_area_block_in_filename,03-06-2008,11:30,G24102,MC/727,Required Evacuation LTA (>3 days) - Motor Vessel Injury,1,,,,9e19778ca8288b40df4ab91e2421ebee74b2830ecb6ac6e84a1a0c036e3c7b5a,
district,https://www.bsee.gov/what-we-do/incident-investigations/offshore-incident-investigations/district-investigation-reports/district-investigation-reports-archive,2008,,0,https://www.bsee.gov/sites/bsee.gov/files/incident-summaries/inspection-and-enforcement/080308-pdf.pdf,https://www.bsee.gov/sites/bsee.gov/files/incident-summaries/inspection-and-enforcement/080308-pdf.pdf,https://www.bsee.gov/sites/bsee.gov/files/incident-summaries/inspection-and-enforcement/080308-pdf.pdf,false,080308-pdf.pdf,,,,080308-pdf,2008-03-08,2008,false,,archive_yymmdd_filename;no_area_block_in_filename,03-08-2008,08:15,G02130,SM/107,Crane,1,,,,a29ad2104233bfcf8458d6f3e748cf238808bccdbbd9531a07c91170f25f94c0,
district,https://www.bsee.gov/what-we-do/incident-investigations/offshore-incident-investigations/district-investigation-reports/district-investigation-reports-archive,2008,,0,https://www.bsee.gov/sites/bsee.gov/files/incident-summaries/inspection-and-enforcement/080313-pdf.pdf,https://www.bsee.gov/sites/bsee.gov/files/incident-summaries/inspection-and-enforcement/080313-pdf.pdf,https://www.bsee.gov/sites/bsee.gov/files/incident-summaries/inspection-and-enforcement/080313-pdf.pdf,false,080313-pdf.pdf,,,,080313-pdf,2008-03-13,2008,false,,archive_yymmdd_filename;no_area_block_in_filename,03-13-2008,07:15,G02318,EI/339,Required Evacuation - LTA (1-3 days) - Crane,1,,,,374b551842ace0bebeb9c237a8cbcb8bee04fb83913c0188513e8e271772a8d8,
district,https://www.bsee.gov/what-we-do/incident-investigations/offshore-incident-investigations/district-investigation-reports/district-investigation-reports-archive,2008,,0,https://www.bsee.gov/sites/bsee.gov/files/incident-summaries/inspection-and-enforcement/080320-pdf.pdf,https://www.bsee.gov/sites/bsee.gov/files/incident-summaries/inspection-and-enforcement/080320-pdf.pdf,https://www.bsee.gov/sites/bsee.gov/files/incident-summaries/inspection-and-enforcement/080320-pdf.pdf,false,080320-pdf.pdf,,,,080320-pdf,2008-03-20,2008,false,,archive_yymmdd_filename;no_area_block_in_filename,03-20-2008,11:00,G06655,EC/346,LTA (>3 days) - Open Hole,1,,,,0efa26907a3e23ad3106f0970314a8c59aa9ccf3f80b88ad024f139e7d49f878,
district,https://www.bsee.gov/what-we-do/incident-investigations/offshore-incident-investigations/district-investigation-reports/district-investigation-reports-archive,2008,,0,https://www.bsee.gov/sites/bsee.gov/files/incident-summaries/inspection-and-enforcement/080321-pdf.pdf,https://www.bsee.gov/sites/bsee.gov/files/incident-summaries/inspection-and-enforcement/080321-pdf.pdf,https://www.bsee.gov/sites/bsee.gov/files/incident-summaries/inspection-and-enforcement/080321-pdf.pdf,false,080321-pdf.pdf,,,,080321-pdf,2008-03-21,2008,false,,archive_yymmdd_filename;no_area_block_in_filename,03-21-2008,11:05,,WD/143,Required Evacuation - LTA (>3 days) - Pollution,1,,,,28772def385feca0859ffbf5e59107d79a0f5f759d559ece60cddf5069957aa5,
district,https://www.bsee.gov/what-we-do/incident-investigations/offshore-incident-investigations/district-investigation-reports/district-investigation-reports-archive,2008,,0,https://www.bsee.gov/sites/bsee.gov/files/incident-summaries/inspection-and-enforcement/080327-pdf.pdf,https://www.bsee.gov/sites/bsee.gov/files/incident-summaries/inspection-and-enforcement/080327-pdf.pdf,https://www.bsee.gov/sites/bsee.gov/files/incident-summaries/inspection-and-enforcement/080327-pdf.pdf,false,080327-pdf.pdf,,,,080327-pdf,2008-03-27,2008,false,,archive_yymmdd_filename;no_area_block_in_filename,03-27-2008,14:00,G02445,VK/900,Required Evacuation - RW/JT (>3 days),1,,,,74cd7fd77807d4f5dd26a6d9df1360e9636f786c020acb9182416046279ec266,
district,https://www.bsee.gov/what-we-do/incident-investigations/offshore-incident-investigations/district-investigation-reports/district-investigation-reports-archive,2008,,0,https://www.bsee.gov/sites/bsee.gov/files/incident-summaries/inspection-and-enforcement/080403-pdf.pdf,https://www.bsee.gov/sites/bsee.gov/files/incident-summaries/inspection-and-enforcement/080403-pdf.pdf,https://www.bsee.gov/sites/bsee.gov/files/incident-summaries/inspection-and-enforcement/080403-pdf.pdf,false,080403-pdf.pdf,,,,080403-pdf,2008-04-03,2008,false,,archive_yymmdd_filename;no_area_block_in_filename,04-03-2008,16:30,G01238,PL/23,Collision - >$25K,1,,,,40acebed83eb34176161964b1b1f09796da72373e5a54778f5161765175c9d27,
district,https://www.bsee.gov/what-we-do/incident-investigations/offshore-incident-investigations/district-investigation-reports/district-investigation-reports-archive,2008,,0,https://www.bsee.gov/sites/bsee.gov/files/incident-summaries/inspection-and-enforcement/080405-pdf.pdf,https://www.bsee.gov/sites/bsee.gov/files/incident-summaries/inspection-and-enforcement/080405-pdf.pdf,https://www.bsee.gov/sites/bsee.gov/files/incident-summaries/inspection-and-enforcement/080405-pdf.pdf,false,080405-pdf.pdf,,,,080405-pdf,2008-04-05,2008,false,,archive_yymmdd_filename;no_area_block_in_filename,04-05-2008,07:25,00425,EI/63,Required Evacuation - LTA (>3 days) - High Press. Gas Meter Release,1,,,,42ed68b347526d46daf384ab020c6b7de82db08089d37ea606d620810ae30e1b,
district,https://www.bsee.gov/what-we-do/incident-investigations/offshore-incident-investigations/district-investigation-reports/district-investigation-reports-archive,2008,,0,https://www.bsee.gov/sites/bsee.gov/files/incident-summaries/inspection-and-enforcement/080408-pdf.pdf,https://www.bsee.gov/sites/bsee.gov/files/incident-summaries/inspection-and-enforcement/080408-pdf.pdf,https://www.bsee.gov/sites/bsee.gov/files/incident-summaries/inspection-and-enforcement/080408-pdf.pdf,false,080408-pdf.pdf,,,,080408-pdf,2008-04-08,2008,false,,archive_yymmdd_filename;no_area_block_in_filename,04-08-2008,10:00,G23338,GB/876,LTA (>3 days) - Other,1,,,,36dcb280b2e5d0950df57336b3e69488b07bd448219fc2d8558a7a405eebeab2,
district,https://www.bsee.gov/what-we-do/incident-investigations/offshore-incident-investigations/district-investigation-reports/district-investigation-reports-archive,2008,,0,https://www.bsee.gov/sites/bsee.gov/files/incident-summaries/inspection-and-enforcement/080412-pdf.pdf,https://www.bsee.gov/sites/bsee.gov/files/incident-summaries/inspection-and-enforcement/080412-pdf.pdf,https://www.bsee.gov/sites/bsee.gov/files/incident-summaries/inspection-and-enforcement/080412-pdf.pdf,false,080412-pdf.pdf,,,,080412-pdf,2008-04-12,2008,false,,archive_yymmdd_filename;no_area_block_in_filename,04-12-2008,12:30,00839,WD/94,Required Evacuation - RW/JT (>3 days),1,,,,57ff68b0dbd71c526836eddd79deaefaa9187656c2f0f363b085ef2c9e7b112d,
district,https://www.bsee.gov/what-we-do/incident-investigations/offshore-incident-investigations/district-investigation-reports/district-investigation-reports-archive,2008,,0,https://www.bsee.gov/sites/bsee.gov/files/incident-summaries/inspection-and-enforcement/080413-pdf.pdf,https://www.bsee.gov/sites/bsee.gov/files/incident-summaries/inspection-and-enforcement/080413-pdf.pdf,https://www.bsee.gov/sites/bsee.gov/files/incident-summaries/inspection-and-enforcement/080413-pdf.pdf,false,080413-pdf.pdf,,,,080413-pdf,2008-04-13,2008,false,,archive_yymmdd_filename;no_area_block_in_filename,04-13-2008,07:30,G04427,VR/318,Fatality,1,,,,4412d57881980f1558560384f942ba99dbd08e13247ecd9a9c38bd137b0c2338,
district,https://www.bsee.gov/what-we-do/incident-investigations/offshore-incident-investigations/district-investigation-reports/district-investigation-reports-archive,2008,,0,https://www.bsee.gov/sites/bsee.gov/files/incident-summaries/inspection-and-enforcement/080415-pdf.pdf,https://www.bsee.gov/sites/bsee.gov/files/incident-summaries/inspection-and-enforcement/080415-pdf.pdf,https://www.bsee.gov/sites/bsee.gov/files/incident-summaries/inspection-and-enforcement/080415-pdf.pdf,false,080415-pdf.pdf,,,,080415-pdf,2008-04-15,2008,false,,archive_yymmdd_filename;no_area_block_in_filename,04-15-2008,15:00,G01036,SS/269,Other Injury - Fire,1,,,,12b9c0e2a25adffd6b44f944bb992d5bd41b6dc1a88c93b9db098b6345673a2e,
district,https://www.bsee.gov/what-we-do/incident-investigations/offshore-incident-investigations/district-investigation-reports/district-investigation-reports-archive,2008,,0,https://www.bsee.gov/sites/bsee.gov/files/incident-summaries/inspection-and-enforcement/080418-pdf.pdf,https://www.bsee.gov/sites/bsee.gov/files/incident-summaries/inspection-and-enforcement/080418-pdf.pdf,https://www.bsee.gov/sites/bsee.gov/files/incident-summaries/inspection-and-enforcement/080418-pdf.pdf,false,080418-pdf.pdf,,,,080418-pdf,2008-04-18,2008,false,,archive_yymmdd_filename;no_area_block_in_filename,04-18-2008,02:55,00133,GI/47,LTA (>3 days),1,,,,241feef21c0e1b2bac54ce17ace9f65ae1b9cb3b153b30a131f1577f27b2797d,
district,https://www.bsee.gov/what-we-do/incident-investigations/offshore-incident-investigations/district-investigation-reports/district-investigation-reports-archive,2008,,0,https://www.bsee.gov/sites/bsee.gov/files/incident-summaries/inspection-and-enforcement/080422-pdf.pdf,https://www.bsee.gov/sites/bsee.gov/files/incident-summaries/inspection-and-enforcement/080422-pdf.pdf,https://www.bsee.gov/sites/bsee.gov/files/incident-summaries/inspection-and-enforcement/080422-pdf.pdf,false,080422-pdf.pdf,,,,080422-pdf,2008-04-22,2008,false,,archive_yymmdd_filename;no_area_block_in_filename,04-22-2008,14:30,G08753,MP/175,Fire - Glycol Reboiler,1,,,,c7b0b4662fccbbe1b35004a9c33270307cbf6ed5d5f1dc5eb876e90ff141ad9b,
district,https://www.bsee.gov/what-we-do/incident-investigations/offshore-incident-investigations/district-investigation-reports/district-investigation-reports-archive,2008,,0,https://www.bsee.gov/sites/bsee.gov/files/incident-summaries/inspection-and-enforcement/080427-pdf.pdf,https://www.bsee.gov/sites/bsee.gov/files/incident-summaries/inspection-and-enforcement/080427-pdf.pdf,https://www.bsee.gov/sites/bsee.gov/files/incident-summaries/inspection-and-enforcement/080427-pdf.pdf,false,080427-pdf.pdf,,,,080427-pdf,2008-04-27,2008,false,,archive_yymmdd_filename;no_area_block_in_filename,04-27-2008,08:00,G21245,WR/678,Fire - Required Muster,1,,,,6d88e3352f0b8fd3e9a4735f9ee60aed7d478bc434f728ac4207ff7b2f9f1875,
district,https://www.bsee.gov/what-we-do/incident-investigations/offshore-incident-investigations/district-investigation-reports/district-investigation-reports-archive,2008,,0,https://www.bsee.gov/sites/bsee.gov/files/incident-summaries/inspection-and-enforcement/080427a-pdf.pdf,https://www.bsee.gov/sites/bsee.gov/files/incident-summaries/inspection-and-enforcement/080427a-pdf.pdf,https://www.bsee.gov/sites/bsee.gov/files/incident-summaries/inspection-and-enforcement/080427a-pdf.pdf,false,080427a-pdf.pdf,,,,080427a-pdf,2008-04-27,2008,false,,archive_yymmdd_filename;no_area_block_in_filename,04-27-2008,03:00,G07995,GC/158,Crane,1,,,,ec9dba4ad1c6480277f5e55f8ff1c8a7b4139a284d76242e1bc0946cd76a3a23,
district,https://www.bsee.gov/what-we-do/incident-investigations/offshore-incident-investigations/district-investigation-reports/district-investigation-reports-archive,2008,,0,https://www.bsee.gov/sites/bsee.gov/files/incident-summaries/inspection-and-enforcement/080501-pdf.pdf,https://www.bsee.gov/sites/bsee.gov/files/incident-summaries/inspection-and-enforcement/080501-pdf.pdf,https://www.bsee.gov/sites/bsee.gov/files/incident-summaries/inspection-and-enforcement/080501-pdf.pdf,false,080501-pdf.pdf,,,,080501-pdf,2008-05-01,2008,false,,archive_yymmdd_filename;no_area_block_in_filename,05-01-2008,08:00,G19997,MC/775,RW/JT (>3 days),1,,,,165c180f63835a6ff9a10d439e4ff3d6c2e8fb12bf40a5dfcc4bc3032bdc46e4,
district,https://www.bsee.gov/what-we-do/incident-investigations/offshore-incident-investigations/district-investigation-reports/district-investigation-reports-archive,2008,,0,https://www.bsee.gov/sites/bsee.gov/files/incident-summaries/inspection-and-enforcement/080506-pdf.pdf,https://www.bsee.gov/sites/bsee.gov/files/incident-summaries/inspection-and-enforcement/080506-pdf.pdf,https://www.bsee.gov/sites/bsee.gov/files/incident-summaries/inspection-and-enforcement/080506-pdf.pdf,false,080506-pdf.pdf,,,,080506-pdf,2008-05-06,2008,false,,archive_yymmdd_filename;no_area_block_in_filename,05-06-2008,22:30,G02319,EI/342,Historic Blowout - Deverter - Required Muster,1,,,,dae3d21e62104978099126900598d580382b0fb8fd9ffb3b09e4779bf0b6bf7e,
district,https://www.bsee.gov/what-we-do/incident-investigations/offshore-incident-investigations/district-investigation-reports/district-investigation-reports-archive,2008,,0,https://www.bsee.gov/sites/bsee.gov/files/incident-summaries/inspection-and-enforcement/080507-pdf.pdf,https://www.bsee.gov/sites/bsee.gov/files/incident-summaries/inspection-and-enforcement/080507-pdf.pdf,https://www.bsee.gov/sites/bsee.gov/files/incident-summaries/inspection-and-enforcement/080507-pdf.pdf,false,080507-pdf.pdf,,,,080507-pdf,2008-05-07,2008,false,,archive_yymmdd_filename;no_area_block_in_filename,05-07-2008,07:05,G01498,WD/96,Required Evacuation - RW/JT (>3 days),1,,,,b51dd047490bb55bee625e0aada01ed304cef0871d8c66e81ad358b1fd22cde1,
district,https://www.bsee.gov/what-we-do/incident-investigations/offshore-incident-investigations/district-investigation-reports/district-investigation-reports-archive,2008,,0,https://www.bsee.gov/sites/bsee.gov/files/incident-summaries/inspection-and-enforcement/080507a-pdf.pdf,https://www.bsee.gov/sites/bsee.gov/files/incident-summaries/inspection-and-enforcement/080507a-pdf.pdf,https://www.bsee.gov/sites/bsee.gov/files/incident-summaries/inspection-and-enforcement/080507a-pdf.pdf,false,080507a-pdf.pdf,,,,080507a-pdf,2008-05-07,2008,false,,archive_yymmdd_filename;no_area_block_in_filename,05-07-2008,08:00,G19931,MC/243,Collision >$25K,1,,,,f385e876ac447a81a879bf16635ef4426de51f96adfb0c7db1687fcd0199371c,
district,https://www.bsee.gov/what-we-do/incident-investigations/offshore-incident-investigations/district-investigation-reports/district-investigation-reports-archive,2008,,0,https://www.bsee.gov/sites/bsee.gov/files/incident-summaries/inspection-and-enforcement/080507b-pdf.pdf,https://www.bsee.gov/sites/bsee.gov/files/incident-summaries/inspection-and-enforcement/080507b-pdf.pdf,https://www.bsee.gov/sites/bsee.gov/files/incident-summaries/inspection-and-enforcement/080507b-pdf.pdf,false,080507b-pdf.pdf,,,,080507b-pdf,2008-05-07,2008,false,,archive_yymmdd_filename;no_area_block_in_filename,05-07-2008,18:30,00127,GI/39,RW/JT (>3 days),1,,,,4a5676a641485850dcd4910e19f324366095050c76b3e2e738621819684734ca,
district,https://www.bsee.gov/what-we-do/incident-investigations/offshore-incident-investigations/district-investigation-reports/district-investigation-reports-archive,2008,,0,https://www.bsee.gov/sites/bsee.gov/files/incident-summaries/inspection-and-enforcement/080511-pdf.pdf,https://www.bsee.gov/sites/bsee.gov/files/incident-summaries/inspection-and-enforcement/080511-pdf.pdf,https://www.bsee.gov/sites/bsee.gov/files/incident-summaries/inspection-and-enforcement/080511-pdf.pdf,false,080511-pdf.pdf,,,,080511-pdf,2008-05-11,2008,false,,archive_yymmdd_filename;no_area_block_in_filename,05-11-2008,22:50,G01072,WD/40,Required Evacuation - RW/JT (>3 days),1,,,,b35957388a93e04fd965df79e0fbdd862765e68cd6076bbb88908266c1b27202,
district,https://www.bsee.gov/what-we-do/incident-investigations/offshore-incident-investigations/district-investigation-reports/district-investigation-reports-archive,2008,,0,https://www.bsee.gov/sites/bsee.gov/files/incident-summaries/inspection-and-enforcement/080522-pdf.pdf,https://www.bsee.gov/sites/bsee.gov/files/incident-summaries/inspection-and-enforcement/080522-pdf.pdf,https://www.bsee.gov/sites/bsee.gov/files/incident-summaries/inspection-and-enforcement/080522-pdf.pdf,false,080522-pdf.pdf,,,,080522-pdf,2008-05-22,2008,false,,archive_yymmdd_filename;no_area_block_in_filename,05-22-2008,04:15,G09868,MC/778,Required Evacuation - RW/JT (>3 days),1,,,,c196b0f226c4f4e61d2350289337b143ec470ddfb42e1d4cc5a20001a32f59c3,
district,https://www.bsee.gov/what-we-do/incident-investigations/offshore-incident-investigations/district-investigation-reports/district-investigation-reports-archive,2008,,0,https://www.bsee.gov/sites/bsee.gov/files/incident-summaries/inspection-and-enforcement/080522a-pdf.pdf,https://www.bsee.gov/sites/bsee.gov/files/incident-summaries/inspection-and-enforcement/080522a-pdf.pdf,https://www.bsee.gov/sites/bsee.gov/files/incident-summaries/inspection-and-enforcement/080522a-pdf.pdf,false,080522a-pdf.pdf,,,,080522a-pdf,2008-05-22,2008,false,,archive_yymmdd_filename;no_area_block_in_filename,05-22-2008,15:35,G11455,GB/128,Required Muster - Shutdown from Gas Release,1,,,,f218a64e23327b84d953177f3163dc523a601df47bde774a52c4e7bb36a0fdc4,
district,https://www.bsee.gov/what-we-do/incident-investigations/offshore-incident-investigations/district-investigation-reports/district-investigation-reports-archive,2008,,0,https://www.bsee.gov/sites/bsee.gov/files/incident-summaries/inspection-and-enforcement/080523-pdf.pdf,https://www.bsee.gov/sites/bsee.gov/files/incident-summaries/inspection-and-enforcement/080523-pdf.pdf,https://www.bsee.gov/sites/bsee.gov/files/incident-summaries/inspection-and-enforcement/080523-pdf.pdf,false,080523-pdf.pdf,,,,080523-pdf,2008-05-23,2008,false,,archive_yymmdd_filename;no_area_block_in_filename,05-23-2008,02:00,G02445,VK/900,LWC - Surface - Required Muster,1,,,,4d34b31cdc846db6a0e6aa780ed1a7d26225ce45cf77af9e322cf53b72934980,
district,https://www.bsee.gov/what-we-do/incident-investigations/offshore-incident-investigations/district-investigation-reports/district-investigation-reports-archive,2008,,0,https://www.bsee.gov/sites/bsee.gov/files/incident-summaries/inspection-and-enforcement/080524-pdf.pdf,https://www.bsee.gov/sites/bsee.gov/files/incident-summaries/inspection-and-enforcement/080524-pdf.pdf,https://www.bsee.gov/sites/bsee.gov/files/incident-summaries/inspection-and-enforcement/080524-pdf.pdf,false,080524-pdf.pdf,,,,080524-pdf,2008-05-24,2008,false,,archive_yymmdd_filename;no_area_block_in_filename,05-24-2008,14:00,G19996,MC/773,Crane,1,,,,93ba8d099fb56cd6b7aec8cec6525b875f498a99a0862cbd5373867a3f50aa8f,
district,https://www.bsee.gov/what-we-do/incident-investigations/offshore-incident-investigations/district-investigation-reports/district-investigation-reports-archive,2008,,0,https://www.bsee.gov/sites/bsee.gov/files/incident-summaries/inspection-and-enforcement/080526-pdf.pdf,https://www.bsee.gov/sites/bsee.gov/files/incident-summaries/inspection-and-enforcement/080526-pdf.pdf,https://www.bsee.gov/sites/bsee.gov/files/incident-summaries/inspection-and-enforcement/080526-pdf.pdf,false,080526-pdf.pdf,,,,080526-pdf,2008-05-26,2008,false,,archive_yymmdd_filename;no_area_block_in_filename,05-26-2008,10:45,G04126,MP/310,Required Evacuation - RW/JT (>3 days),1,,,,c9413e0b6bf2203a8b319290ba9585c02a154336a6d90842a1785acbab9b8eab,
district,https://www.bsee.gov/what-we-do/incident-investigations/offshore-incident-investigations/district-investigation-reports/district-investigation-reports-archive,2008,,0,https://www.bsee.gov/sites/bsee.gov/files/incident-summaries/inspection-and-enforcement/080526a-pdf.pdf,https://www.bsee.gov/sites/bsee.gov/files/incident-summaries/inspection-and-enforcement/080526a-pdf.pdf,https://www.bsee.gov/sites/bsee.gov/files/incident-summaries/inspection-and-enforcement/080526a-pdf.pdf,false,080526a-pdf.pdf,,,,080526a-pdf,2008-05-26,2008,false,,archive_yymmdd_filename;no_area_block_in_filename,05-26-2008,17:30,G28030,MC/948,Required Muster - Rig listed,1,,,,42b34306b3662cdc6429687fa9862106b5d1cfca36f82a333bd54a45a0da46af,
district,https://www.bsee.gov/what-we-do/incident-investigations/offshore-incident-investigations/district-investigation-reports/district-investigation-reports-archive,2008,,0,https://www.bsee.gov/sites/bsee.gov/files/incident-summaries/inspection-and-enforcement/080526b-pdf.pdf,https://www.bsee.gov/sites/bsee.gov/files/incident-summaries/inspection-and-enforcement/080526b-pdf.pdf,https://www.bsee.gov/sites/bsee.gov/files/incident-summaries/inspection-and-enforcement/080526b-pdf.pdf,false,080526b-pdf.pdf,,,,080526b-pdf,2008-05-26,2008,false,,archive_yymmdd_filename;no_area_block_in_filename,05-26-2008,18:15,G02580,VR/380,Required Evacuation - LTA (>3 days) - Air Hoist rig floor,1,,,,a4dec87de80b6ec86784229c446d0270024f2e9a665a6a8cacf9418e42f9c1f7,
district,https://www.bsee.gov/what-we-do/incident-investigations/offshore-incident-investigations/district-investigation-reports/district-investigation-reports-archive,2008,,0,https://www.bsee.gov/sites/bsee.gov/files/incident-summaries/inspection-and-enforcement/080530-pdf.pdf,https://www.bsee.gov/sites/bsee.gov/files/incident-summaries/inspection-and-enforcement/080530-pdf.pdf,https://www.bsee.gov/sites/bsee.gov/files/incident-summaries/inspection-and-enforcement/080530-pdf.pdf,false,080530-pdf.pdf,,,,080530-pdf,2008-05-30,2008,false,,archive_yymmdd_filename;no_area_block_in_filename,05-30-2008,14:00,G02910,EI/327,Crane,1,,,,6c9ada08434fcb8d349e56c8eb91ec41b04c869d6e4e1d3561fa3946fec62e1a,
district,https://www.bsee.gov/what-we-do/incident-investigations/offshore-incident-investigations/district-investigation-reports/district-investigation-reports-archive,2008,,0,https://www.bsee.gov/sites/bsee.gov/files/incident-summaries/inspection-and-enforcement/080605-pdf.pdf,https://www.bsee.gov/sites/bsee.gov/files/incident-summaries/inspection-and-enforcement/080605-pdf.pdf,https://www.bsee.gov/sites/bsee.gov/files/incident-summaries/inspection-and-enforcement/080605-pdf.pdf,false,080605-pdf.pdf,,,,080605-pdf,2008-06-05,2008,false,,archive_yymmdd_filename;no_area_block_in_filename,06-05-2008,10:15,00129,GI/41,Required Evacuation - LTA (>3 days),1,,,,9fc081005522703d6a35b975de44d0adc7fc11f763e63036ffc71900296fc46b,
district,https://www.bsee.gov/what-we-do/incident-investigations/offshore-incident-investigations/district-investigation-reports/district-investigation-reports-archive,2008,,0,https://www.bsee.gov/sites/bsee.gov/files/incident-summaries/inspection-and-enforcement/080606-pdf.pdf,https://www.bsee.gov/sites/bsee.gov/files/incident-summaries/inspection-and-enforcement/080606-pdf.pdf,https://www.bsee.gov/sites/bsee.gov/files/incident-summaries/inspection-and-enforcement/080606-pdf.pdf,false,080606-pdf.pdf,,,,080606-pdf,2008-06-06,2008,false,,archive_yymmdd_filename;no_area_block_in_filename,06-06-2008,10:00,G05868,MC/809,Required Evacuation - LTA (>3 days),1,,,,723a97ea889d3c9c8035fc5df42e881028c2ea43612943f60dba8201504bde96,
district,https://www.bsee.gov/what-we-do/incident-investigations/offshore-incident-investigations/district-investigation-reports/district-investigation-reports-archive,2008,,0,https://www.bsee.gov/sites/bsee.gov/files/incident-summaries/inspection-and-enforcement/080610-pdf.pdf,https://www.bsee.gov/sites/bsee.gov/files/incident-summaries/inspection-and-enforcement/080610-pdf.pdf,https://www.bsee.gov/sites/bsee.gov/files/incident-summaries/inspection-and-enforcement/080610-pdf.pdf,false,080610-pdf.pdf,,,,080610-pdf,2008-06-10,2008,false,,archive_yymmdd_filename;no_area_block_in_filename,06-10-2008,22:45,G23857,EI/56,Required Evacuation - LTA (1-3 days),1,,,,62c5dcc0b5ce42d2dbd4246d4a3cdbee7e527259e26c259676e965a4be54a3fd,
district,https://www.bsee.gov/what-we-do/incident-investigations/offshore-incident-investigations/district-investigation-reports/district-investigation-reports-archive,2008,,0,https://www.bsee.gov/sites/bsee.gov/files/incident-summaries/inspection-and-enforcement/080616-pdf.pdf,https://www.bsee.gov/sites/bsee.gov/files/incident-summaries/inspection-and-enforcement/080616-pdf.pdf,https://www.bsee.gov/sites/bsee.gov/files/incident-summaries/inspection-and-enforcement/080616-pdf.pdf,false,080616-pdf.pdf,,,,080616-pdf,2008-06-16,2008,false,,archive_yymmdd_filename;no_area_block_in_filename,06-16-2008,07:16,G20084,GC/653,Structural Damage - Other Lifting Device - TDS/Block,1,,,,56cd81559e727e96beebc9d3c4c7c46508feca84b9661480d9e4781a3482f2d7,
district,https://www.bsee.gov/what-we-do/incident-investigations/offshore-incident-investigations/district-investigation-reports/district-investigation-reports-archive,2008,,0,https://www.bsee.gov/sites/bsee.gov/files/incident-summaries/inspection-and-enforcement/080710-pdf.pdf,https://www.bsee.gov/sites/bsee.gov/files/incident-summaries/inspection-and-enforcement/080710-pdf.pdf,https://www.bsee.gov/sites/bsee.gov/files/incident-summaries/inspection-and-enforcement/080710-pdf.pdf,false,080710-pdf.pdf,,,,080710-pdf,2008-07-10,2008,false,,archive_yymmdd_filename;no_area_block_in_filename,07-10-2008,10:15,00247,WC/102,Required Evacuation - LTA (>3 days) - Fire,1,,,,7d3ef1d23a453914648f9e8bdd81d9b96496faaab27c164e56834b9cb29b0ab7,
district,https://www.bsee.gov/what-we-do/incident-investigations/offshore-incident-investigations/district-investigation-reports/district-investigation-reports-archive,2008,,0,https://www.bsee.gov/sites/bsee.gov/files/incident-summaries/inspection-and-enforcement/080713-pdf.pdf,https://www.bsee.gov/sites/bsee.gov/files/incident-summaries/inspection-and-enforcement/080713-pdf.pdf,https://www.bsee.gov/sites/bsee.gov/files/incident-summaries/inspection-and-enforcement/080713-pdf.pdf,false,080713-pdf.pdf,,,,080713-pdf,2008-07-13,2008,false,,archive_yymmdd_filename;no_area_block_in_filename,07-13-2008,15:30,G10815,ST/68,Fire,1,,,,c8b4ce975ec1fc8ff761d4ef0518c19a1389a0228ae690fddebe8a057c973c38,
district,https://www.bsee.gov/what-we-do/incident-investigations/offshore-incident-investigations/district-investigation-reports/district-investigation-reports-archive,2008,,0,https://www.bsee.gov/sites/bsee.gov/files/incident-summaries/inspection-and-enforcement/080719-pdf.pdf,https://www.bsee.gov/sites/bsee.gov/files/incident-summaries/inspection-and-enforcement/080719-pdf.pdf,https://www.bsee.gov/sites/bsee.gov/files/incident-summaries/inspection-and-enforcement/080719-pdf.pdf,false,080719-pdf.pdf,,,,080719-pdf,2008-07-19,2008,false,,archive_yymmdd_filename;no_area_block_in_filename,07-19-2008,12:48,G01520,SS/204,Pollution - Shutdown from Gas Release,1,,,,cb8b744a9698dd5abcca3c482e55d24b8d2af8a151d80d3984820ee13b9c5902,
district,https://www.bsee.gov/what-we-do/incident-investigations/offshore-incident-investigations/district-investigation-reports/district-investigation-reports-archive,2008,,0,https://www.bsee.gov/sites/bsee.gov/files/incident-summaries/inspection-and-enforcement/080727-pdf.pdf,https://www.bsee.gov/sites/bsee.gov/files/incident-summaries/inspection-and-enforcement/080727-pdf.pdf,https://www.bsee.gov/sites/bsee.gov/files/incident-summaries/inspection-and-enforcement/080727-pdf.pdf,false,080727-pdf.pdf,,,,080727-pdf,2008-07-27,2008,false,,archive_yymmdd_filename;no_area_block_in_filename,07-27-2008,00:45,G03169,SS/238,Fire,1,,,,3924ef4aaaff20829f56eb986f6992f72babf780d32db48d03dc3e4ef8928132,
district,https://www.bsee.gov/what-we-do/incident-investigations/offshore-incident-investigations/district-investigation-reports/district-investigation-reports-archive,2008,,0,https://www.bsee.gov/sites/bsee.gov/files/incident-summaries/inspection-and-enforcement/080730-pdf.pdf,https://www.bsee.gov/sites/bsee.gov/files/incident-summaries/inspection-and-enforcement/080730-pdf.pdf,https://www.bsee.gov/sites/bsee.gov/files/incident-summaries/inspection-and-enforcement/080730-pdf.pdf,false,080730-pdf.pdf,,,,080730-pdf,2008-07-30,2008,false,,archive_yymmdd_filename;no_area_block_in_filename,07-30-2008,15:15,G02404,HI/A 283,Fire,1,,,,13559eaa0834e396169510c016586483330c8748fa3aecc408c36381d8f4729e,
district,https://www.bsee.gov/what-we-do/incident-investigations/offshore-incident-investigations/district-investigation-reports/district-investigation-reports-archive,2008,,0,https://www.bsee.gov/sites/bsee.gov/files/incident-summaries/inspection-and-enforcement/080731-pdf.pdf,https://www.bsee.gov/sites/bsee.gov/files/incident-summaries/inspection-and-enforcement/080731-pdf.pdf,https://www.bsee.gov/sites/bsee.gov/files/incident-summaries/inspection-and-enforcement/080731-pdf.pdf,false,080731-pdf.pdf,,,,080731-pdf,2008-07-31,2008,false,,archive_yymmdd_filename;no_area_block_in_filename,07-31-2008,16:45,G13821,EI/196,Fire - Incident >$25K - Required Muster,1,,,,c330544c2fb299100bd076d9f6abe5d596a3dd8a88f0c6fc91f424b393affb21,
district,https://www.bsee.gov/what-we-do/incident-investigations/offshore-incident-investigations/district-investigation-reports/district-investigation-reports-archive,2008,,0,https://www.bsee.gov/sites/bsee.gov/files/incident-summaries/inspection-and-enforcement/080804-pdf.pdf,https://www.bsee.gov/sites/bsee.gov/files/incident-summaries/inspection-and-enforcement/080804-pdf.pdf,https://www.bsee.gov/sites/bsee.gov/files/incident-summaries/inspection-and-enforcement/080804-pdf.pdf,false,080804-pdf.pdf,,,,080804-pdf,2008-08-04,2008,false,,archive_yymmdd_filename;no_area_block_in_filename,08-04-2008,01:30,00310,SM/212,TBA hit Crown Block - Incident >$25K,1,,,,2175cf58ce734f8c293d23f455dba7532958d9060dc5df44f0cff7a81c8cb41b,
district,https://www.bsee.gov/what-we-do/incident-investigations/offshore-incident-investigations/district-investigation-reports/district-investigation-reports-archive,2008,,0,https://www.bsee.gov/sites/bsee.gov/files/incident-summaries/inspection-and-enforcement/080804a-pdf.pdf,https://www.bsee.gov/sites/bsee.gov/files/incident-summaries/inspection-and-enforcement/080804a-pdf.pdf,https://www.bsee.gov/sites/bsee.gov/files/incident-summaries/inspection-and-enforcement/080804a-pdf.pdf,false,080804a-pdf.pdf,,,,080804a-pdf,2008-08-04,2008,false,,archive_yymmdd_filename;no_area_block_in_filename,08-04-2008,14:00,G02393,HI/A573,Fire - Incident >$25K,1,,,,963879722100c5b23d23d35ee37141ac38b62c2015bb4cc2a4c1812222e7f928,
district,https://www.bsee.gov/what-we-do/incident-investigations/offshore-incident-investigations/district-investigation-reports/district-investigation-reports-archive,2008,,0,https://www.bsee.gov/sites/bsee.gov/files/incident-summaries/inspection-and-enforcement/080815-pdf.pdf,https://www.bsee.gov/sites/bsee.gov/files/incident-summaries/inspection-and-enforcement/080815-pdf.pdf,https://www.bsee.gov/sites/bsee.gov/files/incident-summaries/inspection-and-enforcement/080815-pdf.pdf,false,080815-pdf.pdf,,,,080815-pdf,2008-08-15,2008,false,,archive_yymmdd_filename;no_area_block_in_filename,08-15-2008,12:00,G03135,VR/267,Required Evacuation - LT (>3 days) - Lubricator blew off well,1,,,,acd316122774de859dde28bbcf237e6a1e455eb625653230dfd356d4d399fd41,
district,https://www.bsee.gov/what-we-do/incident-investigations/offshore-incident-investigations/district-investigation-reports/district-investigation-reports-archive,2008,,0,https://www.bsee.gov/sites/bsee.gov/files/incident-summaries/inspection-and-enforcement/080822-pdf.pdf,https://www.bsee.gov/sites/bsee.gov/files/incident-summaries/inspection-and-enforcement/080822-pdf.pdf,https://www.bsee.gov/sites/bsee.gov/files/incident-summaries/inspection-and-enforcement/080822-pdf.pdf,false,080822-pdf.pdf,,,,080822-pdf,2008-08-22,2008,false,,archive_yymmdd_filename;no_area_block_in_filename,08-22-2008,09:26,,EI/259,Crane,1,,,,eb669140bb187ce1f2e54c1987cfa94cae7b0c13156b00705553e9d878a29933,
district,https://www.bsee.gov/what-we-do/incident-investigations/offshore-incident-investigations/district-investigation-reports/district-investigation-reports-archive,2008,,0,https://www.bsee.gov/sites/bsee.gov/files/incident-summaries/inspection-and-enforcement/080906-pdf.pdf,https://www.bsee.gov/sites/bsee.gov/files/incident-summaries/inspection-and-enforcement/080906-pdf.pdf,https://www.bsee.gov/sites/bsee.gov/files/incident-summaries/inspection-and-enforcement/080906-pdf.pdf,false,080906-pdf.pdf,,,,080906-pdf,2008-09-06,2008,false,,archive_yymmdd_filename;no_area_block_in_filename,09-06-2008,04:00,G01608,SP/60,Fire - Explosion,1,,,,985f6f44d4ecb74119b4f4729bbc47b35ddd378628de646879b138ca5f922f44,
district,https://www.bsee.gov/what-we-do/incident-investigations/offshore-incident-investigations/district-investigation-reports/district-investigation-reports-archive,2008,,0,https://www.bsee.gov/sites/bsee.gov/files/incident-summaries/inspection-and-enforcement/080920-pdf.pdf,https://www.bsee.gov/sites/bsee.gov/files/incident-summaries/inspection-and-enforcement/080920-pdf.pdf,https://www.bsee.gov/sites/bsee.gov/files/incident-summaries/inspection-and-enforcement/080920-pdf.pdf,false,080920-pdf.pdf,,,,080920-pdf,2008-09-20,2008,false,,archive_yymmdd_filename;no_area_block_in_filename,09-20-2008,01:00,G21245,WR/678,Pollution,1,,,,beca213ba812ff27b39326436fd426905f7ad94c84d74b562c4c6d2f496f0b1a,
district,https://www.bsee.gov/what-we-do/incident-investigations/offshore-incident-investigations/district-investigation-reports/district-investigation-reports-archive,2008,,0,https://www.bsee.gov/sites/bsee.gov/files/incident-summaries/inspection-and-enforcement/080927-pdf.pdf,https://www.bsee.gov/sites/bsee.gov/files/incident-summaries/inspection-and-enforcement/080927-pdf.pdf,https://www.bsee.gov/sites/bsee.gov/files/incident-summaries/inspection-and-enforcement/080927-pdf.pdf,false,080927-pdf.pdf,,,,080927-pdf,2008-09-27,2008,false,,archive_yymmdd_filename;no_area_block_in_filename,09-27-2008,21:30,G16661,MC/941,Pollution,1,,,,3cd0f826d4328b9d7e5678fe83e4417db660317b0ad2473f5d204988d7acbf8a,
district,https://www.bsee.gov/what-we-do/incident-investigations/offshore-incident-investigations/district-investigation-reports/district-investigation-reports-archive,2008,,0,https://www.bsee.gov/sites/bsee.gov/files/incident-summaries/inspection-and-enforcement/081002-pdf.pdf,https://www.bsee.gov/sites/bsee.gov/files/incident-summaries/inspection-and-enforcement/081002-pdf.pdf,https://www.bsee.gov/sites/bsee.gov/files/incident-summaries/inspection-and-enforcement/081002-pdf.pdf,false,081002-pdf.pdf,,,,081002-pdf,2008-10-02,2008,false,,archive_yymmdd_filename;no_area_block_in_filename,10-02-2008,13:50,G16224,WC/661,LTA (>3 days),1,,,,a235c230b997410bbe7c81ba986c68b696c74a6248ce72cc8afa4661e4a98d28,
district,https://www.bsee.gov/what-we-do/incident-investigations/offshore-incident-investigations/district-investigation-reports/district-investigation-reports-archive,2008,,0,https://www.bsee.gov/sites/bsee.gov/files/incident-summaries/inspection-and-enforcement/081013-pdf.pdf,https://www.bsee.gov/sites/bsee.gov/files/incident-summaries/inspection-and-enforcement/081013-pdf.pdf,https://www.bsee.gov/sites/bsee.gov/files/incident-summaries/inspection-and-enforcement/081013-pdf.pdf,false,081013-pdf.pdf,,,,081013-pdf,2008-10-13,2008,false,,archive_yymmdd_filename;no_area_block_in_filename,10-13-2008,16:20,G21738,EW/871,Crane,1,,,,457a0a41b4044c1c610ed712ad05260c7f9c1470efe0a64c83979fb07431d404,
district,https://www.bsee.gov/what-we-do/incident-investigations/offshore-incident-investigations/district-investigation-reports/district-investigation-reports-archive,2008,,0,https://www.bsee.gov/sites/bsee.gov/files/incident-summaries/inspection-and-enforcement/081015-pdf.pdf,https://www.bsee.gov/sites/bsee.gov/files/incident-summaries/inspection-and-enforcement/081015-pdf.pdf,https://www.bsee.gov/sites/bsee.gov/files/incident-summaries/inspection-and-enforcement/081015-pdf.pdf,false,081015-pdf.pdf,,,,081015-pdf,2008-10-15,2008,false,,archive_yymmdd_filename;no_area_block_in_filename,10-15-2008,14:00,G03336,ST/35,Crane,1,,,,681228352ab288d060fd76b3c8c2d05191ec49462166ee646adf0b043efe32c2,
district,https://www.bsee.gov/what-we-do/incident-investigations/offshore-incident-investigations/district-investigation-reports/district-investigation-reports-archive,2008,,0,https://www.bsee.gov/sites/bsee.gov/files/incident-summaries/inspection-and-enforcement/081023-pdf.pdf,https://www.bsee.gov/sites/bsee.gov/files/incident-summaries/inspection-and-enforcement/081023-pdf.pdf,https://www.bsee.gov/sites/bsee.gov/files/incident-summaries/inspection-and-enforcement/081023-pdf.pdf,false,081023-pdf.pdf,,,,081023-pdf,2008-10-23,2008,false,,archive_yymmdd_filename;no_area_block_in_filename,10-23-2008,17:30,G02280,SM/130,Required Evacuation - Other Injury to person,1,,,,c8572d51524158d774bbade32a472ece1c4c71380e9f01d364d2e744c3ab04bb,
district,https://www.bsee.gov/what-we-do/incident-investigations/offshore-incident-investigations/district-investigation-reports/district-investigation-reports-archive,2008,,0,https://www.bsee.gov/sites/bsee.gov/files/incident-summaries/inspection-and-enforcement/081031-pdf.pdf,https://www.bsee.gov/sites/bsee.gov/files/incident-summaries/inspection-and-enforcement/081031-pdf.pdf,https://www.bsee.gov/sites/bsee.gov/files/incident-summaries/inspection-and-enforcement/081031-pdf.pdf,false,081031-pdf.pdf,,,,081031-pdf,2008-10-31,2008,false,,archive_yymmdd_filename;no_area_block_in_filename,10-31-2008,14:30,G01146,VR/245,Surface Equipment Failure or Procedures,1,,,,a67d8a4d9379159c4f6959c347959a0e3187adfb0567c7b32efe009f9f7b28e7,
district,https://www.bsee.gov/what-we-do/incident-investigations/offshore-incident-investigations/district-investigation-reports/district-investigation-reports-archive,2008,,0,https://www.bsee.gov/sites/bsee.gov/files/incident-summaries/inspection-and-enforcement/081101-pdf.pdf,https://www.bsee.gov/sites/bsee.gov/files/incident-summaries/inspection-and-enforcement/081101-pdf.pdf,https://www.bsee.gov/sites/bsee.gov/files/incident-summaries/inspection-and-enforcement/081101-pdf.pdf,false,081101-pdf.pdf,,,,081101-pdf,2008-11-01,2008,false,,archive_yymmdd_filename;no_area_block_in_filename,11-01-2008,15:00,G21245,WR/678,Pollution - Compromised csg/shallow leak,1,,,,072786efff36857656774ddc1cdfb5d6569d0ac80360fba1c8552aab41e989e4,
district,https://www.bsee.gov/what-we-do/incident-investigations/offshore-incident-investigations/district-investigation-reports/district-investigation-reports-archive,2008,,0,https://www.bsee.gov/sites/bsee.gov/files/incident-summaries/inspection-and-enforcement/081102-pdf.pdf,https://www.bsee.gov/sites/bsee.gov/files/incident-summaries/inspection-and-enforcement/081102-pdf.pdf,https://www.bsee.gov/sites/bsee.gov/files/incident-summaries/inspection-and-enforcement/081102-pdf.pdf,false,081102-pdf.pdf,,,,081102-pdf,2008-11-02,2008,false,,archive_yymmdd_filename;no_area_block_in_filename,11-02-2008,11:05,G04254,EW/305,Other Injury,1,,,,1aaae64abe5003c0c3bd4225ae0e32676cd52637eb0683ee71dea52235281730,
district,https://www.bsee.gov/what-we-do/incident-investigations/offshore-incident-investigations/district-investigation-reports/district-investigation-reports-archive,2008,,0,https://www.bsee.gov/sites/bsee.gov/files/incident-summaries/inspection-and-enforcement/081103-pdf.pdf,https://www.bsee.gov/sites/bsee.gov/files/incident-summaries/inspection-and-enforcement/081103-pdf.pdf,https://www.bsee.gov/sites/bsee.gov/files/incident-summaries/inspection-and-enforcement/081103-pdf.pdf,false,081103-pdf.pdf,,,,081103-pdf,2008-11-03,2008,false,,archive_yymmdd_filename;no_area_block_in_filename,11-03-2008,14:15,G04254,EW/305,Required Evacuation,1,,,,06592d8efc57fa02f8d9255805cee1d810de6255e53c87a75d37d6df659e20a8,
district,https://www.bsee.gov/what-we-do/incident-investigations/offshore-incident-investigations/district-investigation-reports/district-investigation-reports-archive,2008,,0,https://www.bsee.gov/sites/bsee.gov/files/incident-summaries/inspection-and-enforcement/081119-pdf.pdf,https://www.bsee.gov/sites/bsee.gov/files/incident-summaries/inspection-and-enforcement/081119-pdf.pdf,https://www.bsee.gov/sites/bsee.gov/files/incident-summaries/inspection-and-enforcement/081119-pdf.pdf,false,081119-pdf.pdf,,,,081119-pdf,2008-11-19,2008,false,,archive_yymmdd_filename;no_area_block_in_filename,11-19-2008,03:00,G26023,EI/98,Required Evacuation - LTA (>3 days),1,,,,76cc71a25cd3951ec3068fd92db06377295b450e8975dc6063fdc0a993ad56c4,
district,https://www.bsee.gov/what-we-do/incident-investigations/offshore-incident-investigations/district-investigation-reports/district-investigation-reports-archive,2008,,0,https://www.bsee.gov/sites/bsee.gov/files/incident-summaries/inspection-and-enforcement/081123-pdf.pdf,https://www.bsee.gov/sites/bsee.gov/files/incident-summaries/inspection-and-enforcement/081123-pdf.pdf,https://www.bsee.gov/sites/bsee.gov/files/incident-summaries/inspection-and-enforcement/081123-pdf.pdf,false,081123-pdf.pdf,,,,081123-pdf,2008-11-23,2008,false,,archive_yymmdd_filename;no_area_block_in_filename,11-23-2008,03:35,G02910,EI/327,Required Evacuation - RW/JT (1-3 days),1,,,,2275dd99ad93e82ce84496ad0e9b55eb9eca977145698b14ca52f05240151057,
district,https://www.bsee.gov/what-we-do/incident-investigations/offshore-incident-investigations/district-investigation-reports/district-investigation-reports-archive,2008,,0,https://www.bsee.gov/sites/bsee.gov/files/incident-summaries/inspection-and-enforcement/081201-pdf.pdf,https://www.bsee.gov/sites/bsee.gov/files/incident-summaries/inspection-and-enforcement/081201-pdf.pdf,https://www.bsee.gov/sites/bsee.gov/files/incident-summaries/inspection-and-enforcement/081201-pdf.pdf,false,081201-pdf.pdf,,,,081201-pdf,2008-12-01,2008,false,,archive_yymmdd_filename;no_area_block_in_filename,12-01-2008,10:00,G02006,WC/504,Fire,1,,,,1d9c9f7de82e4f97c665ce1592e11987922e630a98f885b9ce81a68154a0491c,
district,https://www.bsee.gov/what-we-do/incident-investigations/offshore-incident-investigations/district-investigation-reports/district-investigation-reports-archive,2008,,0,https://www.bsee.gov/sites/bsee.gov/files/incident-summaries/inspection-and-enforcement/081203-pdf.pdf,https://www.bsee.gov/sites/bsee.gov/files/incident-summaries/inspection-and-enforcement/081203-pdf.pdf,https://www.bsee.gov/sites/bsee.gov/files/incident-summaries/inspection-and-enforcement/081203-pdf.pdf,false,081203-pdf.pdf,,,,081203-pdf,2008-12-03,2008,false,,archive_yymmdd_filename;no_area_block_in_filename,12-03-2008,19:30,,SM/149,Pollution,1,,,,0667672ed10d3b9b6953fc6a9efebf8c29f8b532df7835e150b1ac7942be7aa2,
district,https://www.bsee.gov/what-we-do/incident-investigations/offshore-incident-investigations/district-investigation-reports/district-investigation-reports-archive,2008,,0,https://www.bsee.gov/sites/bsee.gov/files/incident-summaries/inspection-and-enforcement/081211-pdf.pdf,https://www.bsee.gov/sites/bsee.gov/files/incident-summaries/inspection-and-enforcement/081211-pdf.pdf,https://www.bsee.gov/sites/bsee.gov/files/incident-summaries/inspection-and-enforcement/081211-pdf.pdf,false,081211-pdf.pdf,,,,081211-pdf,2008-12-11,2008,false,,archive_yymmdd_filename;no_area_block_in_filename,12-11-2008,19:30,G26023,EI/98,Crane - Incident >$25K - Boom heel,1,,,,6d23d7e210b5665950119720053c3f82aa58ea47f5077a9342e9fa9e57b44759,
district,https://www.bsee.gov/what-we-do/incident-investigations/offshore-incident-investigations/district-investigation-reports/district-investigation-reports-archive,2008,,0,https://www.bsee.gov/sites/bsee.gov/files/incident-summaries/inspection-and-enforcement/081218-pdf.pdf,https://www.bsee.gov/sites/bsee.gov/files/incident-summaries/inspection-and-enforcement/081218-pdf.pdf,https://www.bsee.gov/sites/bsee.gov/files/incident-summaries/inspection-and-enforcement/081218-pdf.pdf,false,081218-pdf.pdf,,,,081218-pdf,2008-12-18,2008,false,,archive_yymmdd_filename;no_area_block_in_filename,12-18-2008,14:00,G02663,BA/A70,Tree bleeding gas,1,,,,b517b1eb1b9d64528a5b35eb45a4325238c69a10293eb24f457af622edca4ba1,
district,https://www.bsee.gov/what-we-do/incident-investigations/offshore-incident-investigations/district-investigation-reports/district-investigation-reports-archive,2008,,0,https://www.bsee.gov/sites/bsee.gov/files/incident-summaries/inspection-and-enforcement/081231-pdf.pdf,https://www.bsee.gov/sites/bsee.gov/files/incident-summaries/inspection-and-enforcement/081231-pdf.pdf,https://www.bsee.gov/sites/bsee.gov/files/incident-summaries/inspection-and-enforcement/081231-pdf.pdf,false,081231-pdf.pdf,,,,081231-pdf,2008-12-31,2008,false,,archive_yymmdd_filename;no_area_block_in_filename,12-31-2008,10:45,G03331,EI/251,Crane - Incident >$25K,1,,,,1344f3c7c4370f35236cda0fc6d6e6d71b891294f2885a009fdb99eceb075b27,
district,https://www.bsee.gov/what-we-do/incident-investigations/offshore-incident-investigations/district-investigation-reports/district-investigation-reports-archive,2011,,0,https://www.bsee.gov/sites/bsee.gov/files/incident-summaries/inspection-and-enforcement/110830-pdf.pdf,https://www.bsee.gov/sites/bsee.gov/files/incident-summaries/inspection-and-enforcement/110830-pdf.pdf,https://www.bsee.gov/sites/bsee.gov/files/incident-summaries/inspection-and-enforcement/110830-pdf.pdf,false,110830-pdf.pdf,,,,110830-pdf,2011-08-30,2011,false,,archive_yymmdd_filename;no_area_block_in_filename,08-30-2011,16:30,00247,WC/102,Required Evacuation - RW.JT (1-2 days) - Other,1,,,,a0ede35dde915818fe05e587669c1580a0b1fd0390495bfe4c08f869871c50b0,
district,https://www.bsee.gov/what-we-do/incident-investigations/offshore-incident-investigations/district-investigation-reports/district-investigation-reports-archive,2011,,0,https://www.bsee.gov/sites/bsee.gov/files/incident-summaries/ocs-operations/110410-pdf.pdf,https://www.bsee.gov/sites/bsee.gov/files/incident-summaries/ocs-operations/110410-pdf.pdf,https://www.bsee.gov/sites/bsee.gov/files/incident-summaries/ocs-operations/110410-pdf.pdf,false,110410-pdf.pdf,,,,110410-pdf,2011-04-10,2011,false,,archive_yymmdd_filename;no_area_block_in_filename,04-10-2011,08:36,G02759,HI/A389,Fire - Other,1,,,,fb9c492d32e41fdef9c9abfa45e19df079c71dc6537e4f76fb6a26c8930efa31,
district,https://www.bsee.gov/what-we-do/incident-investigations/offshore-incident-investigations/district-investigation-reports/district-investigation-reports-archive,2011,,0,https://www.bsee.gov/sites/bsee.gov/files/incident-summaries/ocs-operations/110825-pdf.pdf,https://www.bsee.gov/sites/bsee.gov/files/incident-summaries/ocs-operations/110825-pdf.pdf,https://www.bsee.gov/sites/bsee.gov/files/incident-summaries/ocs-operations/110825-pdf.pdf,false,110825-pdf.pdf,,,,110825-pdf,2011-08-25,2011,false,,archive_yymmdd_filename;no_area_block_in_filename,08-25-2011,05:00,00392,GI/37,Structural Damage - Incident >$25K,1,,,,c6be28170278baebca1e4139c7c67945d5ae3b08ad94ee5f8077763fe913cb39,
district,https://www.bsee.gov/what-we-do/incident-investigations/offshore-incident-investigations/district-investigation-reports/district-investigation-reports-archive,2011,,0,https://www.bsee.gov/sites/bsee.gov/files/incident-summaries/ocs-operations/110829.pdf,https://www.bsee.gov/sites/bsee.gov/files/incident-summaries/ocs-operations/110829.pdf,https://www.bsee.gov/sites/bsee.gov/files/incident-summaries/ocs-operations/110829.pdf,false,110829.pdf,,,,110829,2011-08-29,2011,false,,archive_yymmdd_filename;no_area_block_in_filename,08-29-2011,05:45,G13363,GB/72,Required Evacuation - LTA (>3 days) - Other,1,,,,ef90eb2c75566ea03964239ad5365ea6f2b382f9bbc67f50902b73da6b953565,
district,https://www.bsee.gov/what-we-do/incident-investigations/offshore-incident-investigations/district-investigation-reports/district-investigation-reports-archive,2011,,0,https://www.bsee.gov/sites/bsee.gov/files/incident-summaries/ocs-operations/110911-pdf.pdf,https://www.bsee.gov/sites/bsee.gov/files/incident-summaries/ocs-operations/110911-pdf.pdf,https://www.bsee.gov/sites/bsee.gov/files/incident-summaries/ocs-operations/110911-pdf.pdf,false,110911-pdf.pdf,,,,110911-pdf,2011-09-11,2011,false,,archive_yymmdd_filename;no_area_block_in_filename,09-11-2011,17:00,G12951,SS/227,Required Evaucation - LTA (>3 days) - Other,1,,,,6bea45fed1131d72d99370a978bdf2e6f923ae9a6b9342354655a5f6807dc993,
district,https://www.bsee.gov/what-we-do/incident-investigations/offshore-incident-investigations/district-investigation-reports/district-investigation-reports-archive,2011,,0,https://www.bsee.gov/sites/bsee.gov/files/incident-summaries/ocs-operations/110917-pdf.pdf,https://www.bsee.gov/sites/bsee.gov/files/incident-summaries/ocs-operations/110917-pdf.pdf,https://www.bsee.gov/sites/bsee.gov/files/incident-summaries/ocs-operations/110917-pdf.pdf,false,110917-pdf.pdf,,,,110917-pdf,2011-09-17,2011,false,,archive_yymmdd_filename;no_area_block_in_filename,09-17-2011,13:55,G01073,WD/41,Pollution - Other,1,,,,ae6f15692e681e85ad4f6158a412e2bf9ccf0adb1a81ca120b9d9186200a856a,
district,https://www.bsee.gov/what-we-do/incident-investigations/offshore-incident-investigations/district-investigation-reports/district-investigation-reports-archive,2011,,0,https://www.bsee.gov/sites/bsee.gov/files/incident-summaries/ocs-operations/110927-pdf.pdf,https://www.bsee.gov/sites/bsee.gov/files/incident-summaries/ocs-operations/110927-pdf.pdf,https://www.bsee.gov/sites/bsee.gov/files/incident-summaries/ocs-operations/110927-pdf.pdf,false,110927-pdf.pdf,,,,110927-pdf,2011-09-27,2011,false,,archive_yymmdd_filename;no_area_block_in_filename,09-27-2011,23:20,G16965,WR/206,Other Lifting Device - Incident >$25K,1,,,,ab1367b7f8728732d1f84d857b645561558dc93f19adb9342f9f4ec9f6ad5ea8,
district,https://www.bsee.gov/what-we-do/incident-investigations/offshore-incident-investigations/district-investigation-reports/district-investigation-reports-archive,2011,,0,https://www.bsee.gov/sites/bsee.gov/files/incident-summaries/ocs-operations/110928-pdf.pdf,https://www.bsee.gov/sites/bsee.gov/files/incident-summaries/ocs-operations/110928-pdf.pdf,https://www.bsee.gov/sites/bsee.gov/files/incident-summaries/ocs-operations/110928-pdf.pdf,false,110928-pdf.pdf,,,,110928-pdf,2011-09-28,2011,false,,archive_yymmdd_filename;no_area_block_in_filename,09-28-2011,08:15,00064,SS/114,LTA (>3 days) - Other,1,,,,327dacb1e875f6ee5b82690dab52e121c2431ef649a6f5971536cf16016d1758,
district,https://www.bsee.gov/what-we-do/incident-investigations/offshore-incident-investigations/district-investigation-reports/district-investigation-reports-archive,2006,,0,https://www.bsee.gov/sites/bsee.gov/files/incident-summaries/regions/060212-pdf.pdf,https://www.bsee.gov/sites/bsee.gov/files/incident-summaries/regions/060212-pdf.pdf,https://www.bsee.gov/sites/bsee.gov/files/incident-summaries/regions/060212-pdf.pdf,false,060212-pdf.pdf,,,,060212-pdf,2006-02-12,2006,false,,archive_yymmdd_filename;no_area_block_in_filename,02-12-2006,06:30,G14658,MC/822,Pollution,1,,,,570d367f22db70b7ace72ef12e0847808d76acfce717ddc917409f62e8e60c9f,
district,https://www.bsee.gov/what-we-do/incident-investigations/offshore-incident-investigations/district-investigation-reports/district-investigation-reports-archive,2008,,0,https://www.bsee.gov/sites/bsee.gov/files/incident-summaries/regions/081113-pdf.pdf,https://www.bsee.gov/sites/bsee.gov/files/incident-summaries/regions/081113-pdf.pdf,https://www.bsee.gov/sites/bsee.gov/files/incident-summaries/regions/081113-pdf.pdf,false,081113-pdf.pdf,,,,081113-pdf,2008-11-13,2008,false,,archive_yymmdd_filename;no_area_block_in_filename,11-13-2008,01:00,00133,GI/47,Pollution,1,,,,c378753f2b77e7e0b7642d10493d1a4296aabe12811344bbc02b1bb3875dd8ff,
district,https://www.bsee.gov/what-we-do/incident-investigations/offshore-incident-investigations/district-investigation-reports/district-investigation-reports-archive,2004,,0,https://www.bsee.gov/sites/bsee.gov/files/incident-summaries/regulations-and-guidance/18-nov-2004-p00205.pdf,https://www.bsee.gov/sites/bsee.gov/files/incident-summaries/regulations-and-guidance/18-nov-2004-p00205.pdf,https://www.bsee.gov/sites/bsee.gov/files/incident-summaries/regulations-and-guidance/18-nov-2004-p00205.pdf,false,18-nov-2004-p00205.pdf,,,p00205,18-nov-2004,2004-11-18,2004,false,,no_area_block_in_filename,11-18-2004,09:45,P00205,LA/6912,Pollution,1,,,,ee2f98980408a464c7111def1bcc92e18ce468de1c732b59480cb4523fa17a72,
district,https://www.bsee.gov/what-we-do/incident-investigations/offshore-incident-investigations/district-investigation-reports/district-investigation-reports-archive,2008,,0,https://www.bsee.gov/sites/bsee.gov/files/incident-summaries/regulations-and-guidance/27-jun-2008-p00441.pdf,https://www.bsee.gov/sites/bsee.gov/files/incident-summaries/regulations-and-guidance/27-jun-2008-p00441.pdf,https://www.bsee.gov/sites/bsee.gov/files/incident-summaries/regulations-and-guidance/27-jun-2008-p00441.pdf,false,27-jun-2008-p00441.pdf,,,p00441,27-jun-2008,2008-06-27,2008,false,,no_area_block_in_filename,06-27-2008,12:33,P00441,SM6374,Helicopter Accident,1,,,,badceefd25a4d5e79903c26f795e705698dfe3165823873299931480c81ba413,
district,https://www.bsee.gov/what-we-do/incident-investigations/offshore-incident-investigations/district-investigation-reports/district-investigation-reports-archive,2011,,0,https://www.bsee.gov/sites/bsee.gov/files/incident-summaries/reports/110429.pdf,https://www.bsee.gov/sites/bsee.gov/files/incident-summaries/reports/110429.pdf,https://www.bsee.gov/sites/bsee.gov/files/incident-summaries/reports/110429.pdf,false,110429.pdf,,,,110429,2011-04-29,2011,false,,archive_yymmdd_filename;no_area_block_in_filename,04-29-2011,09:00,G16455,ST/291,Required Evacuation - LTA (>3 days) - Crane,1,,,,c4399e04f854f1a43b0ddd1ce62e1002a3c7aba47eaf018b79f9f0f336943e57,
district,https://www.bsee.gov/what-we-do/incident-investigations/offshore-incident-investigations/district-investigation-reports/district-investigation-reports-archive,2011,,0,https://www.bsee.gov/sites/bsee.gov/files/incident-summaries/reports/110522.pdf,https://www.bsee.gov/sites/bsee.gov/files/incident-summaries/reports/110522.pdf,https://www.bsee.gov/sites/bsee.gov/files/incident-summaries/reports/110522.pdf,false,110522.pdf,,,,110522,2011-05-22,2011,false,,archive_yymmdd_filename;no_area_block_in_filename,05-22-2011,23:15,00054,EI/129,Required Evacuation - LTA (>3 days) - Other,1,,,,27e150785bf0a5745cd0f6e2d593e67479dc24613b62fa0086da7d7bdf1b481c,
district,https://www.bsee.gov/what-we-do/incident-investigations/offshore-incident-investigations/district-investigation-reports/district-investigation-reports-archive,2011,,0,https://www.bsee.gov/sites/bsee.gov/files/incident-summaries/reports/110531.pdf,https://www.bsee.gov/sites/bsee.gov/files/incident-summaries/reports/110531.pdf,https://www.bsee.gov/sites/bsee.gov/files/incident-summaries/reports/110531.pdf,false,110531.pdf,,,,110531,2011-05-31,2011,false,,archive_yymmdd_filename;no_area_block_in_filename,05-31-2011,20:10,G06358,GB/189,Fire - Incident >$25K,1,,,,3e0634a006cb17fa9ed221b79f500f8da97b2e35908562372d97341b9ff60f8f,
district,https://www.bsee.gov/what-we-do/incident-investigations/offshore-incident-investigations/district-investigation-reports/district-investigation-reports-archive,2011,,0,https://www.bsee.gov/sites/bsee.gov/files/incident-summaries/reports/110606-pdf.pdf,https://www.bsee.gov/sites/bsee.gov/files/incident-summaries/reports/110606-pdf.pdf,https://www.bsee.gov/sites/bsee.gov/files/incident-summaries/reports/110606-pdf.pdf,false,110606-pdf.pdf,,,,110606-pdf,2011-06-06,2011,false,,archive_yymmdd_filename;no_area_block_in_filename,06-06-2011,13:55,G21790,GC/338,Required Evacuation - LTA (>3 days) - Other,1,,,,255996055f9dbeefd8fea2e3b44b491fdc73ca2b66163989d9130e3839b591f5,
district,https://www.bsee.gov/what-we-do/incident-investigations/offshore-incident-investigations/district-investigation-reports/district-investigation-reports-archive,2011,,0,https://www.bsee.gov/sites/bsee.gov/files/incident-summaries/reports/110613-pdf.pdf,https://www.bsee.gov/sites/bsee.gov/files/incident-summaries/reports/110613-pdf.pdf,https://www.bsee.gov/sites/bsee.gov/files/incident-summaries/reports/110613-pdf.pdf,false,110613-pdf.pdf,,,,110613-pdf,2011-06-13,2011,false,,archive_yymmdd_filename;no_area_block_in_filename,06-13-2011,10:45,G22188,MI/A5,Crane,1,,,,a0d3bab983ca953542e26b9e4fd263daf68f42588ccc4e2e57a55779c496e90b,
district,https://www.bsee.gov/what-we-do/incident-investigations/offshore-incident-investigations/district-investigation-reports/district-investigation-reports-archive,2011,,0,https://www.bsee.gov/sites/bsee.gov/files/incident-summaries/reports/110705.pdf,https://www.bsee.gov/sites/bsee.gov/files/incident-summaries/reports/110705.pdf,https://www.bsee.gov/sites/bsee.gov/files/incident-summaries/reports/110705.pdf,false,110705.pdf,,,,110705,2011-07-05,2011,false,,archive_yymmdd_filename;no_area_block_in_filename,07-05-2011,15:30,G02323,EI/360,Required Evacuation - LTA (>3 days) - Other,1,,,,cf445ebc1a8e3112c756d03ed0822467d0ff7b938d564a9502feddb97cbf1148,
district,https://www.bsee.gov/what-we-do/incident-investigations/offshore-incident-investigations/district-investigation-reports/district-investigation-reports-archive,2011,,0,https://www.bsee.gov/sites/bsee.gov/files/incident-summaries/reports/110722-pdf.pdf,https://www.bsee.gov/sites/bsee.gov/files/incident-summaries/reports/110722-pdf.pdf,https://www.bsee.gov/sites/bsee.gov/files/incident-summaries/reports/110722-pdf.pdf,false,110722-pdf.pdf,,,,110722-pdf,2011-07-22,2011,false,,archive_yymmdd_filename;no_area_block_in_filename,07-22-2011,00:15,G26419,WR/969,Pollution - Other,1,,,,127c3a98a347ff51e42fa89527ca7aed3f35cb7bd28d330a03a6fb7f50f1917f,
district,https://www.bsee.gov/what-we-do/incident-investigations/offshore-incident-investigations/district-investigation-reports/district-investigation-reports-archive,2011,,0,https://www.bsee.gov/sites/bsee.gov/files/incident-summaries/reports/110730.pdf,https://www.bsee.gov/sites/bsee.gov/files/incident-summaries/reports/110730.pdf,https://www.bsee.gov/sites/bsee.gov/files/incident-summaries/reports/110730.pdf,false,110730.pdf,,,,110730,2011-07-30,2011,false,,archive_yymmdd_filename;no_area_block_in_filename,07-30-2011,15:00,G27036,EC/34,Pollution - Other,1,,,,0c3cc0769f1f2cde5a4e88892d2f58af968ad912c1a3d51ccf4d38b99ae48ea7,
district,https://www.bsee.gov/what-we-do/incident-investigations/offshore-incident-investigations/district-investigation-reports/district-investigation-reports-archive,2011,,0,https://www.bsee.gov/sites/bsee.gov/files/incident-summaries/reports/110731.pdf,https://www.bsee.gov/sites/bsee.gov/files/incident-summaries/reports/110731.pdf,https://www.bsee.gov/sites/bsee.gov/files/incident-summaries/reports/110731.pdf,false,110731.pdf,,,,110731,2011-07-31,2011,false,,archive_yymmdd_filename;no_area_block_in_filename,07-31-2011,07:49,G02274,VR/369,Crane,1,,,,dae0256e2d5555ba251719714aa30be30b7d640ae7eb9d6d74f1f48ec5dc89b5,
district,https://www.bsee.gov/what-we-do/incident-investigations/offshore-incident-investigations/district-investigation-reports/district-investigation-reports-archive,2003,,0,https://www.bsee.gov/sites/bsee.gov/files/incident-summaries/safety/04-may-2003-p00301.pdf,https://www.bsee.gov/sites/bsee.gov/files/incident-summaries/safety/04-may-2003-p00301.pdf,https://www.bsee.gov/sites/bsee.gov/files/incident-summaries/safety/04-may-2003-p00301.pdf,false,04-may-2003-p00301.pdf,,,p00301,04-may-2003,2003-05-04,2003,false,,no_area_block_in_filename,05-04-2003,07:40,P00301,LB/6488,Crane,1,,,,6eac5d04d2c614f9797dfe331690e6958b57c062175dec44d55640b8e46bc503,
district,https://www.bsee.gov/what-we-do/incident-investigations/offshore-incident-investigations/district-investigation-reports/district-investigation-reports-archive,2004,,0,https://www.bsee.gov/sites/bsee.gov/files/incident-summaries/safety/040219-pdf.pdf,https://www.bsee.gov/sites/bsee.gov/files/incident-summaries/safety/040219-pdf.pdf,https://www.bsee.gov/sites/bsee.gov/files/incident-summaries/safety/040219-pdf.pdf,false,040219-pdf.pdf,,,,040219-pdf,2004-02-19,2004,false,,archive_yymmdd_filename;no_area_block_in_filename,02-19-2004,20:45,G02388,HI/563,Fire,1,,,,82b790a74aaabc698435d9c36000a08138eeea88dfc22cea59a3cbe943f7394f,
district,https://www.bsee.gov/what-we-do/incident-investigations/offshore-incident-investigations/district-investigation-reports/district-investigation-reports-archive,2004,,0,https://www.bsee.gov/sites/bsee.gov/files/incident-summaries/safety/041223-pdf.pdf,https://www.bsee.gov/sites/bsee.gov/files/incident-summaries/safety/041223-pdf.pdf,https://www.bsee.gov/sites/bsee.gov/files/incident-summaries/safety/041223-pdf.pdf,false,041223-pdf.pdf,,,,041223-pdf,2004-12-23,2004,false,,archive_yymmdd_filename;no_area_block_in_filename,12-23-2004,14:20,G02910,EI/327,Explosion - Fire,1,,,,b25f1c4c3b576adbca0475126f7ded19e8600f8d2678087abd387a24b2a270c3,
district,https://www.bsee.gov/what-we-do/incident-investigations/offshore-incident-investigations/district-investigation-reports/district-investigation-reports-archive,2006,,0,https://www.bsee.gov/sites/bsee.gov/files/incident-summaries/safety/060906-pdf.pdf,https://www.bsee.gov/sites/bsee.gov/files/incident-summaries/safety/060906-pdf.pdf,https://www.bsee.gov/sites/bsee.gov/files/incident-summaries/safety/060906-pdf.pdf,false,060906-pdf.pdf,,,,060906-pdf,2006-09-06,2006,false,,archive_yymmdd_filename;no_area_block_in_filename,09-06-2006,08:00,00336,SS/33,Required Evacuation - LTA (>3 days),1,,,,e62370da56a87caa68c9aed5416fc75d65473fe4d101417e87772aa9a6a898dc,
district,https://www.bsee.gov/what-we-do/incident-investigations/offshore-incident-investigations/district-investigation-reports/district-investigation-reports-archive,2006,,0,https://www.bsee.gov/sites/bsee.gov/files/incident-summaries/safety/061118-pdf.pdf,https://www.bsee.gov/sites/bsee.gov/files/incident-summaries/safety/061118-pdf.pdf,https://www.bsee.gov/sites/bsee.gov/files/incident-summaries/safety/061118-pdf.pdf,false,061118-pdf.pdf,,,,061118-pdf,2006-11-18,2006,false,,archive_yymmdd_filename;no_area_block_in_filename,11-18-2006,13:15,G12761,WC/130,Pollution - Surface Equipment Failure or Procedures,1,,,,9197d3c7081612d6cdbd21f1c604db9f06abe3d4f7d04a5aff7d93aa6d006460,
district,https://www.bsee.gov/what-we-do/incident-investigations/offshore-incident-investigations/district-investigation-reports/district-investigation-reports-archive,2011,,0,https://www.bsee.gov/sites/bsee.gov/files/incident-summaries/safety/110210-pdf.pdf,https://www.bsee.gov/sites/bsee.gov/files/incident-summaries/safety/110210-pdf.pdf,https://www.bsee.gov/sites/bsee.gov/files/incident-summaries/safety/110210-pdf.pdf,false,110210-pdf.pdf,,,,110210-pdf,2011-02-10,2011,false,,archive_yymmdd_filename;no_area_block_in_filename,02-10-2011,09:45,G15740,GA/151,Fire - Other,1,,,,c6dcd98f450bd287e776c76be5400a2ce36b7d5365468b58cefec98a8e3b4c13,
district,https://www.bsee.gov/what-we-do/incident-investigations/offshore-incident-investigations/district-investigation-reports/district-investigation-reports-archive,2011,,0,https://www.bsee.gov/sites/bsee.gov/files/incident-summaries/safety/110329-pdf.pdf,https://www.bsee.gov/sites/bsee.gov/files/incident-summaries/safety/110329-pdf.pdf,https://www.bsee.gov/sites/bsee.gov/files/incident-summaries/safety/110329-pdf.pdf,false,110329-pdf.pdf,,,,110329-pdf,2011-03-29,2011,false,,archive_yymmdd_filename;no_area_block_in_filename,03-29-2011,04:00,G16770,GC/641,Other,1,,,,af35dbc9da75225c09c1643ee5a46e3fec7811f7459aa3ec9f2beee114578831,
district,https://www.bsee.gov/what-we-do/incident-investigations/offshore-incident-investigations/district-investigation-reports/district-investigation-reports-archive,2011,,0,https://www.bsee.gov/sites/bsee.gov/files/incident-summaries/safety/110331-pdf.pdf,https://www.bsee.gov/sites/bsee.gov/files/incident-summaries/safety/110331-pdf.pdf,https://www.bsee.gov/sites/bsee.gov/files/incident-summaries/safety/110331-pdf.pdf,false,110331-pdf.pdf,,,,110331-pdf,2011-03-31,2011,false,,archive_yymmdd_filename;no_area_block_in_filename,03-31-2011,22:20,G19931,MC/243,Fire - Incident >$25K - Other,1,,,,02284f005a77bfe9ef863a1b1e930c72f98345993a26ad4646f08f3645ae2725,
district,https://www.bsee.gov/what-we-do/incident-investigations/offshore-incident-investigations/district-investigation-reports/district-investigation-reports-archive,2011,,0,https://www.bsee.gov/sites/bsee.gov/files/incident-summaries/safety/110401-pdf.pdf,https://www.bsee.gov/sites/bsee.gov/files/incident-summaries/safety/110401-pdf.pdf,https://www.bsee.gov/sites/bsee.gov/files/incident-summaries/safety/110401-pdf.pdf,false,110401-pdf.pdf,,,,110401-pdf,2011-04-01,2011,false,,archive_yymmdd_filename;no_area_block_in_filename,04-01-2011,12:30,00064,SS/114,Fire - Other,1,,,,c6f628663ff9658b7505b9c1418f6bf1cb9a3e99abfba30780506e05a0a7bce4,
district,https://www.bsee.gov/what-we-do/incident-investigations/offshore-incident-investigations/district-investigation-reports/district-investigation-reports-archive,2011,,0,https://www.bsee.gov/sites/bsee.gov/files/incident-summaries/safety/110501-pdf.pdf,https://www.bsee.gov/sites/bsee.gov/files/incident-summaries/safety/110501-pdf.pdf,https://www.bsee.gov/sites/bsee.gov/files/incident-summaries/safety/110501-pdf.pdf,false,110501-pdf.pdf,,,,110501-pdf,2011-05-01,2011,false,,archive_yymmdd_filename;no_area_block_in_filename,05-01-2011,11:00,G04453,EI/240,Required Evacuation- RW/JT (<3 days) - Fire - Other,1,,,,298d1d54daadacbdbce108b63a1d7e542adeac3ea6eccd834d51b99e588ce39d,
district,https://www.bsee.gov/what-we-do/incident-investigations/offshore-incident-investigations/district-investigation-reports/district-investigation-reports-archive,2011,,0,https://www.bsee.gov/sites/bsee.gov/files/incident-summaries/safety/110510-pdf.pdf,https://www.bsee.gov/sites/bsee.gov/files/incident-summaries/safety/110510-pdf.pdf,https://www.bsee.gov/sites/bsee.gov/files/incident-summaries/safety/110510-pdf.pdf,false,110510-pdf.pdf,,,,110510-pdf,2011-05-10,2011,false,,archive_yymmdd_filename;no_area_block_in_filename,05-10-2011,09:30,00438,EI/175,Crane,1,,,,8d5aa950c224b0e6e9ebfeaf5067633791af637be39e46a767365c7ddd693f52,
district,https://www.bsee.gov/what-we-do/incident-investigations/offshore-incident-investigations/district-investigation-reports/district-investigation-reports-archive,2008,,0,https://www.bsee.gov/sites/bsee.gov/files/incident-summaries/safety/12-dec-2008-p00216.pdf,https://www.bsee.gov/sites/bsee.gov/files/incident-summaries/safety/12-dec-2008-p00216.pdf,https://www.bsee.gov/sites/bsee.gov/files/incident-summaries/safety/12-dec-2008-p00216.pdf,false,12-dec-2008-p00216.pdf,,,p00216,12-dec-2008,2008-12-12,2008,false,,no_area_block_in_filename,12-12-2008,07:50,P00216,LA6862,LTA (>3 days) Required Evacuation,1,,,,c1085fe32db1d53bd43d45039d351e57afcc9157bb8fb8511736ac5141513068,
district,https://www.bsee.gov/what-we-do/incident-investigations/offshore-incident-investigations/district-investigation-reports/district-investigation-reports-archive,2004,,0,https://www.bsee.gov/sites/bsee.gov/files/incident-summaries/safety/25-jul-2004-p00182.pdf,https://www.bsee.gov/sites/bsee.gov/files/incident-summaries/safety/25-jul-2004-p00182.pdf,https://www.bsee.gov/sites/bsee.gov/files/incident-summaries/safety/25-jul-2004-p00182.pdf,false,25-jul-2004-p00182.pdf,,,p00182,25-jul-2004,2004-07-25,2004,false,,no_area_block_in_filename,07-25-2004,17:00,P00182,SM6683,Injury,1,,,,6feb788887b91222f62b6f3b28a8f36338e12db6a0ea5db7d96a5431cbfaee85,
district,https://www.bsee.gov/what-we-do/incident-investigations/offshore-incident-investigations/district-investigation-reports/district-investigation-reports-archive,2003,,0,https://www.bsee.gov/sites/bsee.gov/files/incident-summaries/summaries/030521-pdf.pdf,https://www.bsee.gov/sites/bsee.gov/files/incident-summaries/summaries/030521-pdf.pdf,https://www.bsee.gov/sites/bsee.gov/files/incident-summaries/summaries/030521-pdf.pdf,false,030521-pdf.pdf,,,,030521-pdf,2003-05-21,2003,false,,archive_yymmdd_filename;no_area_block_in_filename,05-21-2003,04:00,G14658,MC/822,Pollution,1,,,,d34a71a29a8cf864f4c8af727bc4249954300d2f0e7c640162aa04dc4851a9fe,
district,https://www.bsee.gov/what-we-do/incident-investigations/offshore-incident-investigations/district-investigation-reports/district-investigation-reports-archive,2004,,0,https://www.bsee.gov/sites/bsee.gov/files/incident-summaries/supporting-document/16-feb-2004-p00240.pdf,https://www.bsee.gov/sites/bsee.gov/files/incident-summaries/supporting-document/16-feb-2004-p00240.pdf,https://www.bsee.gov/sites/bsee.gov/files/incident-summaries/supporting-document/16-feb-2004-p00240.pdf,false,16-feb-2004-p00240.pdf,,,p00240,16-feb-2004,2004-02-16,2004,false,,no_area_block_in_filename,02-16-2004,07:48,P00240,LA/6659,Electrical,1,,,,f3a82963648b2334876165bf993227707f4e171382f923d2e93c89cd131a9dd6,
district,https://www.bsee.gov/what-we-do/incident-investigations/offshore-incident-investigations/district-investigation-reports,2019,,0,/sites/bsee.gov/files/kc686-7aug2019-llog-12apr2020-v2.pdf,https://www.bsee.gov/sites/bsee.gov/files/kc686-7aug2019-llog-12apr2020-v2.pdf,https://www.bsee.gov/sites/bsee.gov/files/kc686-7aug2019-llog-12apr2020-v2.pdf,false,kc686-7aug2019-llog-12apr2020-v2.pdf,KC,686,llog 12apr2020,7aug2019,2019-08-07,2019,false,-v2,multiple_date_tokens:2,08-07-2019,04:30,G33341,KC 686,"Injury Required Evacuation, LTA (>3 days)",1,,,,a54d845575c327cabd3dc4139ced48cedd47e6c53ed49ca0e7d68d5c45f0f4b0,
district,https://www.bsee.gov/what-we-do/incident-investigations/offshore-incident-investigations/district-investigation-reports,2018,,0,/sites/bsee.gov/files/kc875-anadarko-21apr2018.pdf,https://www.bsee.gov/sites/bsee.gov/files/kc875-anadarko-21apr2018.pdf,https://www.bsee.gov/sites/bsee.gov/files/kc875-anadarko-21apr2018.pdf,false,kc875-anadarko-21apr2018.pdf,KC,875,anadarko,21apr2018,2018-04-21,2018,false,,,04-21-2018,09:00,G21444,KC 875,LTA (>3 days),1,,,,7afea26dc5f35f5a024061f5d9f59b05103dea442350bb9c84959699d15a651d,
district,https://www.bsee.gov/what-we-do/incident-investigations/offshore-incident-investigations/district-investigation-reports,2019,,0,/sites/bsee.gov/files/kc875-anadarko-26apr2019.pdf,https://www.bsee.gov/sites/bsee.gov/files/kc875-anadarko-26apr2019.pdf,https://www.bsee.gov/sites/bsee.gov/files/kc875-anadarko-26apr2019.pdf,false,kc875-anadarko-26apr2019.pdf,KC,875,anadarko,26apr2019,2019-04-26,2019,false,,,04-26-2019,03:55,G21444,KC 875,"Injury, Required Evac., LTA (>3 days)",1,,,,edbb4c2a683e7994ac4515cc6d8d0b1b058963880ce39260317462842e04bfff,
district,https://www.bsee.gov/what-we-do/incident-investigations/offshore-incident-investigations/district-investigation-reports,2019,,0,/sites/bsee.gov/files/kc875-anadarko-28may2019.pdf,https://www.bsee.gov/sites/bsee.gov/files/kc875-anadarko-28may2019.pdf,https://www.bsee.gov/sites/bsee.gov/files/kc875-anadarko-28may2019.pdf,false,kc875-anadarko-28may2019.pdf,KC,875,anadarko,28may2019,2019-05-28,2019,false,,,05-28-2019,21:00,G21444,KC 875,Incident / Required Muster,1,,,,104868632abcdf5b4db48be7b1c1b4a351d01fb3e5f95b944ee95e24ffb1639e,
district,https://www.bsee.gov/what-we-do/incident-investigations/offshore-incident-investigations/district-investigation-reports,2018,,0,/sites/bsee.gov/files/kc918-anadarko-16nov2018.pdf,https://www.bsee.gov/sites/bsee.gov/files/kc918-anadarko-16nov2018.pdf,https://www.bsee.gov/sites/bsee.gov/files/kc918-anadarko-16nov2018.pdf,false,kc918-anadarko-16nov2018.pdf,KC,918,anadarko,16nov2018,2018-11-16,2018,false,,,11-16-2018,15:30,G32654,KC 918,"Injury, Required Evac",1,,,,6979800ebc5c4f684a601a08be0f4d35a3790f67ecfb7a97f6948600474e7755,
district,https://www.bsee.gov/what-we-do/incident-investigations/offshore-incident-investigations/district-investigation-reports,2019,,0,/sites/bsee.gov/files/mc-109-14feb19.pdf,https://www.bsee.gov/sites/bsee.gov/files/mc-109-14feb19.pdf,https://www.bsee.gov/sites/bsee.gov/files/mc-109-14feb19.pdf,false,mc-109-14feb19.pdf,MC,109,,14feb19,2019-02-14,2019,false,,no_operator_in_filename,02-14-2019,01:00,G05825,MC 109,Explosion,1,,,,e523cc66471f31ddcdf5cdae03fde671134a7ce826f83ae3579eadcb342de538,
district,https://www.bsee.gov/what-we-do/incident-investigations/offshore-incident-investigations/district-investigation-reports,2020,,0,/sites/bsee.gov/files/mc-194-enven-20-jan-2020.pdf,https://www.bsee.gov/sites/bsee.gov/files/mc-194-enven-20-jan-2020.pdf,https://www.bsee.gov/sites/bsee.gov/files/mc-194-enven-20-jan-2020.pdf,false,mc-194-enven-20-jan-2020.pdf,MC,194,enven,20-jan-2020,2020-01-20,2020,false,,,01-20-2020,10:00,G02638,MC 194,Injury - Required Evacuation - Crane,1,,,,b2febb71716d60c5987b5f5a63f9dd5deed4eb1e3f87dcf5736abd234571e729,
district,https://www.bsee.gov/what-we-do/incident-investigations/offshore-incident-investigations/district-investigation-reports,2019,,0,/sites/bsee.gov/files/mc-199-01apr2019.pdf,https://www.bsee.gov/sites/bsee.gov/files/mc-199-01apr2019.pdf,https://www.bsee.gov/sites/bsee.gov/files/mc-199-01apr2019.pdf,false,mc-199-01apr2019.pdf,MC,199,,01apr2019,2019-04-01,2019,false,,no_operator_in_filename,04-01-2019,00:55,G32301,MC 199,Pollution,1,,,,149bcfea727dfac5d08e11e3236c57d7038fc4f5a4bcc4f71114bdc5d1ea702e,
district,https://www.bsee.gov/what-we-do/incident-investigations/offshore-incident-investigations/district-investigation-reports,2019,,0,/sites/bsee.gov/files/mc-208-murphy-exploration-12-nov-2019.pdf,https://www.bsee.gov/sites/bsee.gov/files/mc-208-murphy-exploration-12-nov-2019.pdf,https://www.bsee.gov/sites/bsee.gov/files/mc-208-murphy-exploration-12-nov-2019.pdf,false,mc-208-murphy-exploration-12-nov-2019.pdf,MC,208,murphy exploration,12-nov-2019,2019-11-12,2019,false,,,11-12-2019,12:00,G32303,MC 208,Damaged/Disabled Safety Sys.SCSSV,1,,,,fa810c6d3d8f11d1ce60bda3acadd7b3cc986c2d8f8078ec0c25b229c52a204a,
district,https://www.bsee.gov/what-we-do/incident-investigations/offshore-incident-investigations/district-investigation-reports,2020,,0,/sites/bsee.gov/files/mc-243a-wt-energy-vi-llc-18-oct-2020.pdf,https://www.bsee.gov/sites/bsee.gov/files/mc-243a-wt-energy-vi-llc-18-oct-2020.pdf,https://www.bsee.gov/sites/bsee.gov/files/mc-243a-wt-energy-vi-llc-18-oct-2020.pdf,false,mc-243a-wt-energy-vi-llc-18-oct-2020.pdf,MC,243A,wt energy vi llc,18-oct-2020,2020-10-18,2020,false,,,10-18-2020,08:20,G19931,MC 243,Other Injury - Amputated fingertip. Required Evacuation - RW/JT (>3 days),1,,,,76e7a22ab2a59089ac2dc6a05ed25a0ebf0df7a60f9987003ee8f64ccef93838,
district,https://www.bsee.gov/what-we-do/incident-investigations/offshore-incident-investigations/district-investigation-reports,2020,,0,/sites/bsee.gov/files/mc-392-shell-23-nov-2020.pdf,https://www.bsee.gov/sites/bsee.gov/files/mc-392-shell-23-nov-2020.pdf,https://www.bsee.gov/sites/bsee.gov/files/mc-392-shell-23-nov-2020.pdf,false,mc-392-shell-23-nov-2020.pdf,MC,392,shell,23-nov-2020,2020-11-23,2020,false,,,11-23-2020,07:00,G26253,MC 392,Injury - required evacuation - LTA (>3 days),1,,,,5fd88eccc927a5e5887e870076e22fcc39266ca22d69eb29aacf958210144fb3,
district,https://www.bsee.gov/what-we-do/incident-investigations/offshore-incident-investigations/district-investigation-reports,2019,,0,/sites/bsee.gov/files/mc-437-6may19.pdf,https://www.bsee.gov/sites/bsee.gov/files/mc-437-6may19.pdf,https://www.bsee.gov/sites/bsee.gov/files/mc-437-6may19.pdf,false,mc-437-6may19.pdf,MC,437,,6may19,2019-05-06,2019,false,,no_operator_in_filename,05-06-2019,07:48,G33733,MC 437,Damaged/Disabled Safety Sys.,1,,,,7088e4de863c77b481f96f7a8079a31d639b00214afc3dfd3c31376ab0280d38,
district,https://www.bsee.gov/what-we-do/incident-investigations/offshore-incident-investigations/district-investigation-reports,2021,,0,/sites/bsee.gov/files/mc-437-a-shell-30-nov-2021.pdf,https://www.bsee.gov/sites/bsee.gov/files/mc-437-a-shell-30-nov-2021.pdf,https://www.bsee.gov/sites/bsee.gov/files/mc-437-a-shell-30-nov-2021.pdf,false,mc-437-a-shell-30-nov-2021.pdf,MC,437 A,shell,30-nov-2021,2021-11-30,2021,false,,,11-30-2021,19:17,G33733,MC 437,Fire -  INCIDENT >$25K 701 generator enclosure  - REQUIRED MUSTER,1,,,,6f2d6861259adc3298847b8c31cec8186f3636e9573a9830939b40b2332b820d,
district,https://www.bsee.gov/what-we-do/incident-investigations/offshore-incident-investigations/district-investigation-reports,2020,,0,sites/bsee.gov/files/mc-437-shell-15-jul-2020.pdf,https://www.bsee.gov/sites/bsee.gov/files/mc-437-shell-15-jul-2020.pdf,https://www.bsee.gov/sites/bsee.gov/files/mc-437-shell-15-jul-2020.pdf,false,mc-437-shell-15-jul-2020.pdf,MC,437,shell,15-jul-2020,2020-07-15,2020,false,,,07-15-2020,14:11,G33733,MC 437,Shutdown From Gas release - Required Muster,1,,,,766c6de9619c1b3b33660dce4236abc57a46d079d5b65459a1c9a4128e8a6504,
district,https://www.bsee.gov/what-we-do/incident-investigations/offshore-incident-investigations/district-investigation-reports,2020,,0,/sites/bsee.gov/files/mc-437-shell-29-jan-2020.pdf,https://www.bsee.gov/sites/bsee.gov/files/mc-437-shell-29-jan-2020.pdf,https://www.bsee.gov/sites/bsee.gov/files/mc-437-shell-29-jan-2020.pdf,false,mc-437-shell-29-jan-2020.pdf,MC,437,shell,29-jan-2020,2020-01-29,2020,false,,,01-29-2020,14:00,G33733,MC 437,"Incident >$25K Ram Roller Winch, Other - Mooring line",1,,,,62dc41781e974ba0ab35c5320907d30481e8665acd2a8d68264824400715234b,
district,https://www.bsee.gov/what-we-do/incident-investigations/offshore-incident-investigations/district-investigation-reports,2021,,0,/sites/bsee.gov/files/mc-437-shell-offshore-17-apr-2021.pdf,https://www.bsee.gov/sites/bsee.gov/files/mc-437-shell-offshore-17-apr-2021.pdf,https://www.bsee.gov/sites/bsee.gov/files/mc-437-shell-offshore-17-apr-2021.pdf,false,mc-437-shell-offshore-17-apr-2021.pdf,MC,437,shell offshore,17-apr-2021,2021-04-17,2021,false,,,04-17-2021,14:15,G33733,MC 437,Injury - required evacuation - LTA (>3 days),1,,,,4ab11c837fe193697f46b5fd0c0f6b276f56ea9bd2782e851f2507700a5ac6d3,
district,https://www.bsee.gov/what-we-do/incident-investigations/offshore-incident-investigations/district-investigation-reports,2016,,0,https://bsee_prod.opengov.ibmcloud.com/sites/bsee.gov/files/mc-471-llog-exploration-30-jan-2016.pdf,https://www.bsee.gov/sites/bsee.gov/files/mc-471-llog-exploration-30-jan-2016.pdf,https://www.bsee.gov/sites/bsee.gov/files/mc-471-llog-exploration-30-jan-2016.pdf,true,mc-471-llog-exploration-30-jan-2016.pdf,MC,471,llog exploration,30-jan-2016,2016-01-30,2016,false,,,01-30-2016,16:00,G33735,MC 471,Human Error,1,,,,f6844a9f99debfe78ddeaea51a256d32db90384498fe392c77c2a298f298873b,
district,https://www.bsee.gov/what-we-do/incident-investigations/offshore-incident-investigations/district-investigation-reports,2021,,0,/sites/bsee.gov/files/mc-474a-bp-exploration-07-jun-2021.pdf,https://www.bsee.gov/sites/bsee.gov/files/mc-474a-bp-exploration-07-jun-2021.pdf,https://www.bsee.gov/sites/bsee.gov/files/mc-474a-bp-exploration-07-jun-2021.pdf,false,mc-474a-bp-exploration-07-jun-2021.pdf,MC,474A,bp exploration,07-jun-2021,2021-06-07,2021,false,,,06-07-2021,14:15,,MC 474,Other -  Injury - Finger laceration,1,,,,fd4124e8f4b5f17e813df0d05a5e3fe849f0d1efaffb0fcc6e55604a72748955,
district,https://www.bsee.gov/what-we-do/incident-investigations/offshore-incident-investigations/district-investigation-reports,2020,,0,/sites/bsee.gov/files/mc-503-llog-27-june-2020.pdf,https://www.bsee.gov/sites/bsee.gov/files/mc-503-llog-27-june-2020.pdf,https://www.bsee.gov/sites/bsee.gov/files/mc-503-llog-27-june-2020.pdf,false,mc-503-llog-27-june-2020.pdf,MC,503,llog,27-june-2020,2020-06-27,2020,false,,,06-27-2020,17:25,G27277,MC 503,Pollution - Incident >$25K,1,,,,550f12134904542dec4de648d78a2778d2a6b7386fac46aa6160f6464d80ad0c,
district,https://www.bsee.gov/what-we-do/incident-investigations/offshore-incident-investigations/district-investigation-reports,2020,,0,/sites/bsee.gov/files/mc-503-llog-exploration-31-oct-2020.pdf,https://www.bsee.gov/sites/bsee.gov/files/mc-503-llog-exploration-31-oct-2020.pdf,https://www.bsee.gov/sites/bsee.gov/files/mc-503-llog-exploration-31-oct-2020.pdf,false,mc-503-llog-exploration-31-oct-2020.pdf,MC,503,llog exploration,31-oct-2020,2020-10-31,2020,false,,,10-31-2020,18:00,G27277,MC 503,Injury - required evacuation - LTA (>3 days),1,,,,321938552a9b21e8dfa75042a82b5a0c9a03ca33228c434d75a5a06b0414caf1,
district,https://www.bsee.gov/what-we-do/incident-investigations/offshore-incident-investigations/district-investigation-reports,2020,,0,/sites/bsee.gov/files/mc-519-fieldwood-12-february-2020.pdf,https://www.bsee.gov/sites/bsee.gov/files/mc-519-fieldwood-12-february-2020.pdf,https://www.bsee.gov/sites/bsee.gov/files/mc-519-fieldwood-12-february-2020.pdf,false,mc-519-fieldwood-12-february-2020.pdf,MC,519,fieldwood,12-february-2020,2020-02-12,2020,false,,,02-12-2020,04:30,G27278,MC 519,"Crane incident - >$25K $264,021.13 - Other: Dropped Object Gantry Crane",1,,,,157b7e4eec3669ddbe90808619ba7092667f889a17323d05e5af8fe2da1ef7ff,
district,https://www.bsee.gov/what-we-do/incident-investigations/offshore-incident-investigations/district-investigation-reports,2019,,0,/sites/bsee.gov/files/mc-547-14jul19.pdf,https://www.bsee.gov/sites/bsee.gov/files/mc-547-14jul19.pdf,https://www.bsee.gov/sites/bsee.gov/files/mc-547-14jul19.pdf,false,mc-547-14jul19.pdf,MC,547,,14jul19,2019-07-14,2019,false,,no_operator_in_filename,07-14-2019,21:50,G32334,MC 547,"Fire, Incident > $25k, Required Muster",1,,,,910d9ae21e6caa2c1351a81ee2804993be118f921c6a64e495c3dc3799244ae6,
district,https://www.bsee.gov/what-we-do/incident-investigations/offshore-incident-investigations/district-investigation-reports,2020,,0,/sites/bsee.gov/files/mc-657-shell-offshore-09-jul-2020-v2.pdf,https://www.bsee.gov/sites/bsee.gov/files/mc-657-shell-offshore-09-jul-2020-v2.pdf,https://www.bsee.gov/sites/bsee.gov/files/mc-657-shell-offshore-09-jul-2020-v2.pdf,false,mc-657-shell-offshore-09-jul-2020-v2.pdf,MC,657,shell offshore,09-jul-2020,2020-07-09,2020,false,-v2,,07-09-2020,15:15,G08496,MC 657,Pollution,1,,,,e3371680a4a7a8d6891fffb070884f8f2ce99f5114c01da8d8f84e0c2939d579,
district,https://www.bsee.gov/what-we-do/incident-investigations/offshore-incident-investigations/district-investigation-reports,2019,,0,/sites/bsee.gov/files/mc-724-13sep19.pdf,https://www.bsee.gov/sites/bsee.gov/files/mc-724-13sep19.pdf,https://www.bsee.gov/sites/bsee.gov/files/mc-724-13sep19.pdf,false,mc-724-13sep19.pdf,MC,724,,13sep19,2019-09-13,2019,false,,no_operator_in_filename,09-13-2019,15:30,G22897,MC 724,Required Evacuation,1,,,,75d351cfa32a61a87f11be4381bbc1b541e1b67bb026953e3de07325fddabe1b,
district,https://www.bsee.gov/what-we-do/incident-investigations/offshore-incident-investigations/district-investigation-reports,2019,,0,/sites/bsee.gov/files/mc-725-hess-29-march-2019-v4.pdf,https://www.bsee.gov/sites/bsee.gov/files/mc-725-hess-29-march-2019-v4.pdf,https://www.bsee.gov/sites/bsee.gov/files/mc-725-hess-29-march-2019-v4.pdf,false,mc-725-hess-29-march-2019-v4.pdf,MC,725,hess,29-march-2019,2019-03-29,2019,false,-v4,,03-29-2019,19:25,G22898,MC 725,"Failed Slips, Dropped Tubing",1,,,,46a3b85f3ea804995c54322a396b87d345df1e2b6203a0b746b88e2b37ceeaf3,
district,https://www.bsee.gov/what-we-do/incident-investigations/offshore-incident-investigations/district-investigation-reports,2021,,0,/sites/bsee.gov/files/mc-727-kosmos-energy-09-jan-2021.pdf,https://www.bsee.gov/sites/bsee.gov/files/mc-727-kosmos-energy-09-jan-2021.pdf,https://www.bsee.gov/sites/bsee.gov/files/mc-727-kosmos-energy-09-jan-2021.pdf,false,mc-727-kosmos-energy-09-jan-2021.pdf,MC,727,kosmos energy,09-jan-2021,2021-01-09,2021,false,,,01-09-2021,06:00,G24102,MC 727,Loss of Well control (LWC) - Underground,1,,,,712d3f45dbd596d5ed9c80fbf4f0a5c226a2a73a99da877ef33940c2f58efbed,
district,https://www.bsee.gov/what-we-do/incident-investigations/offshore-incident-investigations/district-investigation-reports,2021,,0,/sites/bsee.gov/files/mc-773-eni-us-operating-27-may-2021.pdf,https://www.bsee.gov/sites/bsee.gov/files/mc-773-eni-us-operating-27-may-2021.pdf,https://www.bsee.gov/sites/bsee.gov/files/mc-773-eni-us-operating-27-may-2021.pdf,false,mc-773-eni-us-operating-27-may-2021.pdf,MC,773,eni us operating,27-may-2021,2021-05-27,2021,false,,,05-27-2021,14:15,G19996,MC 773,Injury - required evacuation,1,,,,7deabd022831eb2a2ce3c8358b5e041a3d6b073089cd0d024e68bab75a618601,
district,https://www.bsee.gov/what-we-do/incident-investigations/offshore-incident-investigations/district-investigation-reports,2020,,0,/sites/bsee.gov/files/mc-778-bp-13-jul-2020.pdf,https://www.bsee.gov/sites/bsee.gov/files/mc-778-bp-13-jul-2020.pdf,https://www.bsee.gov/sites/bsee.gov/files/mc-778-bp-13-jul-2020.pdf,false,mc-778-bp-13-jul-2020.pdf,MC,778,bp,13-jul-2020,2020-07-13,2020,false,,,07-13-2020,10:55,,MC 778,Pollution,1,,,,b4efd723ca8ddd8de27848f7bbbe8606551c9693b0918a5bfa632c388236f129,
district,https://www.bsee.gov/what-we-do/incident-investigations/offshore-incident-investigations/district-investigation-reports,2017,https://www.bsee.gov/mc-778-bp-16-oct-2017,0,/sites/bsee.gov/files/mc-778-bp-16-oct-2017.pdf,https://www.bsee.gov/sites/bsee.gov/files/mc-778-bp-16-oct-2017.pdf,https://www.bsee.gov/sites/bsee.gov/files/mc-778-bp-16-oct-2017.pdf,false,mc-778-bp-16-oct-2017.pdf,MC,778,bp,16-oct-2017,2017-10-16,2017,false,,,10-16-2017,17:30,G09868,MC 778,"Other Lifting, Incident >$25K",1,,,,285d66c198a1773961f422145ae14581ed529a9504aac74cae02b8df806384ce,
district,https://www.bsee.gov/what-we-do/incident-investigations/offshore-incident-investigations/district-investigation-reports,2021,,0,/sites/bsee.gov/files/mc-778-bp-exploration-06-may-2021.pdf,https://www.bsee.gov/sites/bsee.gov/files/mc-778-bp-exploration-06-may-2021.pdf,https://www.bsee.gov/sites/bsee.gov/files/mc-778-bp-exploration-06-may-2021.pdf,false,mc-778-bp-exploration-06-may-2021.pdf,MC,778,bp exploration,06-may-2021,2021-05-06,2021,false,,,05-06-2021,07:00,G09868,MC 778,Pollution,1,,,,e9cf36e36977b5ab1233b13b42765e2296d5f37aebf539ea81a0bca1a32ef708,
district,https://www.bsee.gov/what-we-do/incident-investigations/offshore-incident-investigations/district-investigation-reports,2016,https://www.bsee.gov/mc-778-bp-exploration-06-nov-2016,0,/sites/bsee.gov/files/mc-778-bp-exploration-06-nov-2016.pdf,https://www.bsee.gov/sites/bsee.gov/files/mc-778-bp-exploration-06-nov-2016.pdf,https://www.bsee.gov/sites/bsee.gov/files/mc-778-bp-exploration-06-nov-2016.pdf,false,mc-778-bp-exploration-06-nov-2016.pdf,MC,778,bp exploration,06-nov-2016,2016-11-06,2016,false,,,11-06-2016,10:50,G09868,MC 778,Pollution,1,,,,aea08985c5fab47ffefa9e1d94e33fa82f487468782a5226e8471a302d37be34,
district,https://www.bsee.gov/what-we-do/incident-investigations/offshore-incident-investigations/district-investigation-reports,2020,,0,/sites/bsee.gov/files/mc-807-shell-offshore-22-sep-2020.pdf,https://www.bsee.gov/sites/bsee.gov/files/mc-807-shell-offshore-22-sep-2020.pdf,https://www.bsee.gov/sites/bsee.gov/files/mc-807-shell-offshore-22-sep-2020.pdf,false,mc-807-shell-offshore-22-sep-2020.pdf,MC,807,shell offshore,22-sep-2020,2020-09-22,2020,false,,,09-22-2020,14:30,G07963,MC 807,Injury - required evacuation - LTA (>3 days),1,,,,d1d00caaeff8a456b22b72e2dfc6a0c013beb4e803930043d5b7361c545df6e6,
district,https://www.bsee.gov/what-we-do/incident-investigations/offshore-incident-investigations/district-investigation-reports,2021,,0,/sites/bsee.gov/files/mc-809-globetrotterii-shell-offshore-29-aug-2021.pdf,https://www.bsee.gov/sites/bsee.gov/files/mc-809-globetrotterii-shell-offshore-29-aug-2021.pdf,https://www.bsee.gov/sites/bsee.gov/files/mc-809-globetrotterii-shell-offshore-29-aug-2021.pdf,false,mc-809-globetrotterii-shell-offshore-29-aug-2021.pdf,MC,809,globetrotterii shell offshore,29-aug-2021,2021-08-29,2021,false,,,08-29-2021,03:00,G05868,MC 809,"Injury - LTA (>3 days), Pollution, Structural Damage, Incident - >$25K Damage due to Hurricane Ida, Other - Lost Object(s)",1,,,,74265e90918f672f3f1c26d3404144efb8904c1280e5ff39642336f026310b7b,
district,https://www.bsee.gov/what-we-do/incident-investigations/offshore-incident-investigations/district-investigation-reports,2020,,0,/sites/bsee.gov/files/mc-809-shell-offshore-09-dec-2020.pdf,https://www.bsee.gov/sites/bsee.gov/files/mc-809-shell-offshore-09-dec-2020.pdf,https://www.bsee.gov/sites/bsee.gov/files/mc-809-shell-offshore-09-dec-2020.pdf,false,mc-809-shell-offshore-09-dec-2020.pdf,MC,809,shell offshore,09-dec-2020,2020-12-09,2020,false,,,12-09-2020,18:06,G05868,MC 809,Gas Release,1,,,,cb9f89de0f587a786e2bf60afc8364defcff58ca49d5c55eacae49236c1133cd,
district,https://www.bsee.gov/what-we-do/incident-investigations/offshore-incident-investigations/district-investigation-reports,2021,,0,/sites/bsee.gov/files/mc-809-shell-offshore-13-jan-2021.pdf,https://www.bsee.gov/sites/bsee.gov/files/mc-809-shell-offshore-13-jan-2021.pdf,https://www.bsee.gov/sites/bsee.gov/files/mc-809-shell-offshore-13-jan-2021.pdf,false,mc-809-shell-offshore-13-jan-2021.pdf,MC,809,shell offshore,13-jan-2021,2021-01-13,2021,false,,,01-13-2021,23:04,G05868,MC 809,Shutdown from gas release - required muster,1,,,,6d6cec37ac3f45ab7a48f47b61abfeb33b0f3b6833b9974782d9d19652049d23,
district,https://www.bsee.gov/what-we-do/incident-investigations/offshore-incident-investigations/district-investigation-reports,2019,,0,sites/bsee.gov/files/mc-940-shell-07-jun-2019.pdf,https://www.bsee.gov/sites/bsee.gov/files/mc-940-shell-07-jun-2019.pdf,https://www.bsee.gov/sites/bsee.gov/files/mc-940-shell-07-jun-2019.pdf,false,mc-940-shell-07-jun-2019.pdf,MC,940,shell,07-jun-2019,2019-06-07,2019,false,,,06-07-2019,22:35,G31534,MC 94,Incident >$25K,1,,,,4932f3404c11ca38348207e788d64bb45f30808a7fd485561d4730ca73ea3e06,
district,https://www.bsee.gov/what-we-do/incident-investigations/offshore-incident-investigations/district-investigation-reports,2018,,0,/sites/bsee.gov/files/mc474-bp-11-jul-2018.pdf,https://www.bsee.gov/sites/bsee.gov/files/mc474-bp-11-jul-2018.pdf,https://www.bsee.gov/sites/bsee.gov/files/mc474-bp-11-jul-2018.pdf,false,mc474-bp-11-jul-2018.pdf,MC,474,bp,11-jul-2018,2018-07-11,2018,false,,,07-11-2018,12:00,,MC 474,Pollution - Equipment Failure,1,,,,94d82b4942d7bcb459ba77d9c35da0c1fd3c283f3f7ab21ed1092ccd90acbc63,
district,https://www.bsee.gov/what-we-do/incident-investigations/offshore-incident-investigations/district-investigation-reports,2018,,0,/sites/bsee.gov/files/mc736-noble-16-may-2018.pdf,https://www.bsee.gov/sites/bsee.gov/files/mc736-noble-16-may-2018.pdf,https://www.bsee.gov/sites/bsee.gov/files/mc736-noble-16-may-2018.pdf,false,mc736-noble-16-may-2018.pdf,MC,736,noble,16-may-2018,2018-05-16,2018,false,,,05-16-2018,10:15,G27306,MC 736,Pollution - Equipment Failure,1,,,,cb8c725ba1ed10305ebd9a1bff3809d4f704504c245a1eac67cfea0f6b2d390f,
district,https://www.bsee.gov/what-we-do/incident-investigations/offshore-incident-investigations/district-investigation-reports,2021,,0,/sites/bsee.gov/files/mc773-eni-us-operating-10-jul-2021.pdf,https://www.bsee.gov/sites/bsee.gov/files/mc773-eni-us-operating-10-jul-2021.pdf,https://www.bsee.gov/sites/bsee.gov/files/mc773-eni-us-operating-10-jul-2021.pdf,false,mc773-eni-us-operating-10-jul-2021.pdf,MC,773,eni us operating,10-jul-2021,2021-07-10,2021,false,,,07-10-2021,18:15,G19996,MC 773,Crane - Other - Dropped Object,1,,,,a4ad61c6ae8987168366d3606d9d5780551343b6e8aca04fc6f5f2dadf7bde10,
district,https://www.bsee.gov/what-we-do/incident-investigations/offshore-incident-investigations/district-investigation-reports,2021,,0,/sites/bsee.gov/files/mc773-eni-us-operating-29-may-2021.pdf,https://www.bsee.gov/sites/bsee.gov/files/mc773-eni-us-operating-29-may-2021.pdf,https://www.bsee.gov/sites/bsee.gov/files/mc773-eni-us-operating-29-may-2021.pdf,false,mc773-eni-us-operating-29-may-2021.pdf,MC,773,eni us operating,29-may-2021,2021-05-29,2021,false,,,05-29-2021,05:00,G19996,MC 773,Other - drill line unspooled,1,,,,537e954272f203d2668786ed482bbb8243e2bd1e97d943273bb11f115c2ad2dd,
district,https://www.bsee.gov/what-we-do/incident-investigations/offshore-incident-investigations/district-investigation-reports,2017,,0,/sites/bsee.gov/files/mc778-bp-18sep2017.pdf,https://www.bsee.gov/sites/bsee.gov/files/mc778-bp-18sep2017.pdf,https://www.bsee.gov/sites/bsee.gov/files/mc778-bp-18sep2017.pdf,false,mc778-bp-18sep2017.pdf,MC,778,bp,18sep2017,2017-09-18,2017,false,,,09-18-2017,11:00,G09868,MC 778,Loss of Power,1,,,,8b503051b5c18cd04d474e4fb0475e02838ae3113d504dd7ec0f22ec83b9ee75,
district,https://www.bsee.gov/what-we-do/incident-investigations/offshore-incident-investigations/district-investigation-reports,2021,,0,/sites/bsee.gov/files/mc778-bp-exploration-07-jun-2021.pdf,https://www.bsee.gov/sites/bsee.gov/files/mc778-bp-exploration-07-jun-2021.pdf,https://www.bsee.gov/sites/bsee.gov/files/mc778-bp-exploration-07-jun-2021.pdf,false,mc778-bp-exploration-07-jun-2021.pdf,MC,778,bp exploration,07-jun-2021,2021-06-07,2021,false,,,06-07-2021,13:00,G09868,MC 778,Pollution,1,,,,c5a04e2948355a21916f8fc6bfd756ac42d2bbb96124c5e7cb63f3a3bec9631c,
district,https://www.bsee.gov/what-we-do/incident-investigations/offshore-incident-investigations/district-investigation-reports,2020,,0,/sites/bsee.gov/files/mc778-bp-exploration-22-oct-2020.pdf,https://www.bsee.gov/sites/bsee.gov/files/mc778-bp-exploration-22-oct-2020.pdf,https://www.bsee.gov/sites/bsee.gov/files/mc778-bp-exploration-22-oct-2020.pdf,false,mc778-bp-exploration-22-oct-2020.pdf,MC,778,bp exploration,22-oct-2020,2020-10-22,2020,false,,,10-22-2020,13:59,G09868,MC 778,Pollution,1,,,,d098c5cf4d0b7abcc015a5f26400d6fc0253f00c6c5d59c88bdd36e52bef5f7d,
district,https://www.bsee.gov/what-we-do/incident-investigations/offshore-incident-investigations/district-investigation-reports,2021,,0,/sites/bsee.gov/files/mc807b-shell-offshore-25-jun-2021.pdf,https://www.bsee.gov/sites/bsee.gov/files/mc807b-shell-offshore-25-jun-2021.pdf,https://www.bsee.gov/sites/bsee.gov/files/mc807b-shell-offshore-25-jun-2021.pdf,false,mc807b-shell-offshore-25-jun-2021.pdf,,,mc807b shell offshore,25-jun-2021,2021-06-25,2021,false,,no_area_block_in_filename,06-25-2021,10:45,G07963,MC 807 B,Injury - Required Evacuation - LTA (>3 days),1,,,,b04cb04fd6743545977bf0eb5e7758f69060bf48031723298d92a7c1d256fd2d,
district,https://www.bsee.gov/what-we-do/incident-investigations/offshore-incident-investigations/district-investigation-reports,2021,,0,/sites/bsee.gov/files/mc807b-shell-offshore-27-aug-2021.pdf,https://www.bsee.gov/sites/bsee.gov/files/mc807b-shell-offshore-27-aug-2021.pdf,https://www.bsee.gov/sites/bsee.gov/files/mc807b-shell-offshore-27-aug-2021.pdf,false,mc807b-shell-offshore-27-aug-2021.pdf,,,mc807b shell offshore,27-aug-2021,2021-08-27,2021,false,,no_area_block_in_filename,08-27-2021,14:00,G07963,MC 807,Injury - Required Evacuation - Medical Treatment,1,,,,f7dd16619d2daff15647fb489cfa1c6def7b3892850521b7a3f693c031236379,
district,https://www.bsee.gov/what-we-do/incident-investigations/offshore-incident-investigations/district-investigation-reports/district-investigation-reports-archive,2007,,0,https://www.bsee.gov/sites/bsee.gov/files/memos/inspection-and-enforcement/070307-pdf.pdf,https://www.bsee.gov/sites/bsee.gov/files/memos/inspection-and-enforcement/070307-pdf.pdf,https://www.bsee.gov/sites/bsee.gov/files/memos/inspection-and-enforcement/070307-pdf.pdf,false,070307-pdf.pdf,,,,070307-pdf,2007-03-07,2007,false,,archive_yymmdd_filename;no_area_block_in_filename,03-07-2007,19:35,G02754,HI/A376,Fire,1,,,,b48ee5553f3d28eba86b1a35076c5c56e0d3185efed56050d7c8e45a673cb3d6,
district,https://www.bsee.gov/what-we-do/incident-investigations/offshore-incident-investigations/district-investigation-reports,2017,,0,/sites/bsee.gov/files/mi-657-exxon-14-mar-2017.pdf,https://www.bsee.gov/sites/bsee.gov/files/mi-657-exxon-14-mar-2017.pdf,https://www.bsee.gov/sites/bsee.gov/files/mi-657-exxon-14-mar-2017.pdf,false,mi-657-exxon-14-mar-2017.pdf,MI,657,exxon,14-mar-2017,2017-03-14,2017,false,,,03-14-2017,23:30,G04139,MI 657,Fire,1,,,,c21e239289af1b1a6c28cd7adc7b90768c7c26c85370c670938fbc1095e79670,
district,https://www.bsee.gov/what-we-do/incident-investigations/offshore-incident-investigations/district-investigation-reports,2018,,0,/sites/bsee.gov/files/mo-872-05-may-2018.pdf,https://www.bsee.gov/sites/bsee.gov/files/mo-872-05-may-2018.pdf,https://www.bsee.gov/sites/bsee.gov/files/mo-872-05-may-2018.pdf,false,mo-872-05-may-2018.pdf,MO,872,,05-may-2018,2018-05-05,2018,false,,no_operator_in_filename,05-05-2018,07:45,G06850,MO 872,Crane,1,,,,6d8e0faf15410be6ca736282bde2ce10aa51c0504867653cb1d30f0dd52a4409,
district,https://www.bsee.gov/what-we-do/incident-investigations/offshore-incident-investigations/district-investigation-reports,2020,,0,/sites/bsee.gov/files/mp-153b-fieldwood-energy-25-dec-2020.pdf,https://www.bsee.gov/sites/bsee.gov/files/mp-153b-fieldwood-energy-25-dec-2020.pdf,https://www.bsee.gov/sites/bsee.gov/files/mp-153b-fieldwood-energy-25-dec-2020.pdf,false,mp-153b-fieldwood-energy-25-dec-2020.pdf,MP,153B,fieldwood energy,25-dec-2020,2020-12-25,2020,false,,,12-25-2020,18:00,G01967,MP 153,Other - Compressor Backfired,1,,,,ef5223248b2f48d08771737f03cdd7836ac550231de3530ecf6e20423a2a02b0,
district,https://www.bsee.gov/what-we-do/incident-investigations/offshore-incident-investigations/district-investigation-reports,2020,,0,sites/bsee.gov/files/mp-259-fieldwood-energy-23-mar-2020-v2.pdf,https://www.bsee.gov/sites/bsee.gov/files/mp-259-fieldwood-energy-23-mar-2020-v2.pdf,https://www.bsee.gov/sites/bsee.gov/files/mp-259-fieldwood-energy-23-mar-2020-v2.pdf,false,mp-259-fieldwood-energy-23-mar-2020-v2.pdf,MP,259,fieldwood energy,23-mar-2020,2020-03-23,2020,false,-v2,,03-23-2020,11:30,G07827,MP 259,Injury - Required Evacuation -  RW/JT  (>3 days),1,,,,c4cf36fd4b78ee41bb11a7b86d9fa9c39a97751750eb255606f4b75e0f47e917,
district,https://www.bsee.gov/what-we-do/incident-investigations/offshore-incident-investigations/district-investigation-reports,2021,,0,/sites/bsee.gov/files/mp-283-wt-offshore-08-may-2021.pdf,https://www.bsee.gov/sites/bsee.gov/files/mp-283-wt-offshore-08-may-2021.pdf,https://www.bsee.gov/sites/bsee.gov/files/mp-283-wt-offshore-08-may-2021.pdf,false,mp-283-wt-offshore-08-may-2021.pdf,MP,283,wt offshore,08-may-2021,2021-05-08,2021,false,,,05-08-2021,11:00,G13662,MP 283,Injury - required evacuation - LTA (>3 days) - Other Lifting - manual hand dolly,1,,,,d4c2f2b499b268d3f7686c132f6dc8ad2adcb064e46be5205f598b42d5cda665,
district,https://www.bsee.gov/what-we-do/incident-investigations/offshore-incident-investigations/district-investigation-reports,2019,,0,sites/bsee.gov/files/mp-299-fmi-22-sep-2019.pdf,https://www.bsee.gov/sites/bsee.gov/files/mp-299-fmi-22-sep-2019.pdf,https://www.bsee.gov/sites/bsee.gov/files/mp-299-fmi-22-sep-2019.pdf,false,mp-299-fmi-22-sep-2019.pdf,MP,299,fmi,22-sep-2019,2019-09-22,2019,false,,,09-22-2019,06:55,G12362,MP 299,Primer Ignition,1,,,,5ff824e833027345b32fdbae05d8c6cfc1d2f4cfd9c5b8ba979543ab0042f484,
district,https://www.bsee.gov/what-we-do/incident-investigations/offshore-incident-investigations/district-investigation-reports,2021,,0,/sites/bsee.gov/files/mp-41ca-cantium-24-apr-2021.pdf,https://www.bsee.gov/sites/bsee.gov/files/mp-41ca-cantium-24-apr-2021.pdf,https://www.bsee.gov/sites/bsee.gov/files/mp-41ca-cantium-24-apr-2021.pdf,false,mp-41ca-cantium-24-apr-2021.pdf,,,mp 41ca cantium,24-apr-2021,2021-04-24,2021,false,,no_area_block_in_filename,04-24-2021,19:00,00374,MP 41,Injury - required evacuation - LTA (>3 days) - Crane,1,,,,8174d1253136000d13985780b485e4a4db684c1f64168d5c64d775fd7633e18a,
district,https://www.bsee.gov/what-we-do/incident-investigations/offshore-incident-investigations/district-investigation-reports,2020,,0,/sites/bsee.gov/files/mp-42-cantium-9-sep-2020.pdf,https://www.bsee.gov/sites/bsee.gov/files/mp-42-cantium-9-sep-2020.pdf,https://www.bsee.gov/sites/bsee.gov/files/mp-42-cantium-9-sep-2020.pdf,false,mp-42-cantium-9-sep-2020.pdf,MP,42,cantium,9-sep-2020,2020-09-09,2020,false,,,09-09-2020,08:30,00375,MP 42,Injury - required evacuation - LTA (>3 days),1,,,,0030898393870d994a14e5e1e8df72bbfa0b552e369d2255c6f0b90f0b35d4df,
district,https://www.bsee.gov/what-we-do/incident-investigations/offshore-incident-investigations/district-investigation-reports,2021,,0,/sites/bsee.gov/files/mp-42-l-cantium-llc-21-sept-2021.pdf,https://www.bsee.gov/sites/bsee.gov/files/mp-42-l-cantium-llc-21-sept-2021.pdf,https://www.bsee.gov/sites/bsee.gov/files/mp-42-l-cantium-llc-21-sept-2021.pdf,false,mp-42-l-cantium-llc-21-sept-2021.pdf,MP,42 L,cantium llc,21-sept-2021,2021-09-21,2021,false,,,09-21-2021,16:08,00375,MP 42,Fire -  INCIDENT >$25K Property Damage from Fire  - REQUIRED MUSTER,1,,,,063242e6469f51c43a198a4e7f0a8dbb0bb0f5731a731956cc527b33410ee771,
district,https://www.bsee.gov/what-we-do/incident-investigations/offshore-incident-investigations/district-investigation-reports,2017,https://www.bsee.gov/mp-64-medco-energi-13-oct-2017,0,/sites/bsee.gov/files/mp-64-medco-energi-13-oct-2017.pdf,https://www.bsee.gov/sites/bsee.gov/files/mp-64-medco-energi-13-oct-2017.pdf,https://www.bsee.gov/sites/bsee.gov/files/mp-64-medco-energi-13-oct-2017.pdf,false,mp-64-medco-energi-13-oct-2017.pdf,MP,64,medco energi,13-oct-2017,2017-10-13,2017,false,,,10-13-2017,05:30,G04909,MP 64,Collision > $25K / Structural Damage,1,,,,9daffc94af4bafa4d016b0ee02a100b8431dff8e5cb3e64a3ab1b7519e888b3d,
district,https://www.bsee.gov/what-we-do/incident-investigations/offshore-incident-investigations/district-investigation-reports,2021,,0,/sites/bsee.gov/files/mp-64-sanare-energy-09-oct-2021.pdf,https://www.bsee.gov/sites/bsee.gov/files/mp-64-sanare-energy-09-oct-2021.pdf,https://www.bsee.gov/sites/bsee.gov/files/mp-64-sanare-energy-09-oct-2021.pdf,false,mp-64-sanare-energy-09-oct-2021.pdf,MP,64,sanare energy,09-oct-2021,2021-10-09,2021,false,,,10-09-2021,09:10,G04909,MP 64,Explosion - Line Failure and Rupture,1,,,,fa6db1ca6255e786126931170dd65b7a4a738029f9f5710fe47316c23b949677,
district,https://www.bsee.gov/what-we-do/incident-investigations/offshore-incident-investigations/district-investigation-reports,2017,https://www.bsee.gov/mp-73-energy-xxi-gom-04-nov-2017,0,/sites/bsee.gov/files/mp-73-energy-xxi-gom-04-nov-2017.pdf,https://www.bsee.gov/sites/bsee.gov/files/mp-73-energy-xxi-gom-04-nov-2017.pdf,https://www.bsee.gov/sites/bsee.gov/files/mp-73-energy-xxi-gom-04-nov-2017.pdf,false,mp-73-energy-xxi-gom-04-nov-2017.pdf,MP,73,energy xxi gom,04-nov-2017,2017-11-04,2017,false,,,11-04-2017,14:40,G02947,MP 73,Fire / Incident > $25K / Required Muster,1,,,,ea0a089b7841e04fcb08b77a05cb2e8c8905672f19f62c2a914ce1b0249c357b,
district,https://www.bsee.gov/what-we-do/incident-investigations/offshore-incident-investigations/district-investigation-reports,2021,,0,/sites/bsee.gov/files/mp140b-fieldwood-energy-09-jun-2021.pdf,https://www.bsee.gov/sites/bsee.gov/files/mp140b-fieldwood-energy-09-jun-2021.pdf,https://www.bsee.gov/sites/bsee.gov/files/mp140b-fieldwood-energy-09-jun-2021.pdf,false,mp140b-fieldwood-energy-09-jun-2021.pdf,,,mp140b fieldwood energy,09-jun-2021,2021-06-09,2021,false,,no_area_block_in_filename,06-09-2021,14:45,G02193,MP 140,Pollution - Other - Pipeline Leak,1,,,,e7044c7f14cbfe499fb192f21eaa3d555b9e2b25041e56fd08f2f96b80292c5f,
district,https://www.bsee.gov/what-we-do/incident-investigations/offshore-incident-investigations/district-investigation-reports,2019,,0,/sites/bsee.gov/files/mp288-talos-petroleum-15-october-2019.pdf,https://www.bsee.gov/sites/bsee.gov/files/mp288-talos-petroleum-15-october-2019.pdf,https://www.bsee.gov/sites/bsee.gov/files/mp288-talos-petroleum-15-october-2019.pdf,false,mp288-talos-petroleum-15-october-2019.pdf,MP,288,talos petroleum,15-october-2019,2019-10-15,2019,false,,,10-15-2019,07:55,G01665,MP 288,Crane Incident>$25K Damaged Crane Boom,1,,,,70197eafc3223e1b17cc33a3fa6a6626241b2cac27ca0e6c2618beeb9b591075,
district,https://www.bsee.gov/what-we-do/incident-investigations/offshore-incident-investigations/district-investigation-reports,2019,,0,/sites/bsee.gov/files/mp296-gom-shelf-llc-21-jan-2019.pdf,https://www.bsee.gov/sites/bsee.gov/files/mp296-gom-shelf-llc-21-jan-2019.pdf,https://www.bsee.gov/sites/bsee.gov/files/mp296-gom-shelf-llc-21-jan-2019.pdf,false,mp296-gom-shelf-llc-21-jan-2019.pdf,MP,296,gom shelf llc,21-jan-2019,2019-01-21,2019,false,,,01-21-2019,06:45,G01673,MP 296,"Injury, Required Evac.,",1,,,,0346fcc1bc969c95c2bac10a5b977e2c214f38e306e2c9304dc3edc6f0a94114,
district,https://www.bsee.gov/what-we-do/incident-investigations/offshore-incident-investigations/district-investigation-reports,2021,,0,/sites/bsee.gov/files/murphy_20.nov.21_gc_338.pdf,https://www.bsee.gov/sites/bsee.gov/files/murphy_20.nov.21_gc_338.pdf,https://www.bsee.gov/sites/bsee.gov/files/murphy_20.nov.21_gc_338.pdf,false,murphy_20.nov.21_gc_338.pdf,GC,338,murphy,20.nov.21,2021-11-20,2021,false,,,11-20-2021,13:15,G21790,GC 338,Production - Equipment failure - Human Error,1,,,,03e5a28f8bbc97fd6db873e0ba35c17e88aa8d6786069dfe3901fbb4140743a3,
district,https://www.bsee.gov/what-we-do/incident-investigations/offshore-incident-investigations/district-investigation-reports,2022,,0,/sites/bsee.gov/files/noble-gc-478-22-jul-2022.pdf,https://www.bsee.gov/sites/bsee.gov/files/noble-gc-478-22-jul-2022.pdf,https://www.bsee.gov/sites/bsee.gov/files/noble-gc-478-22-jul-2022.pdf,false,noble-gc-478-22-jul-2022.pdf,GC,478,noble,22-jul-2022,2022-07-22,2022,false,,,07-22-2022,2203,G35662,GC 478,Other Lifting,1,,,,89e060994a151b72c96eede5d7adb6fb30c9696be76873346af3d5cb9164e75a,
district,https://www.bsee.gov/what-we-do/incident-investigations/offshore-incident-investigations/district-investigation-reports,2022,,0,sites/bsee.gov/files/panel-investigation//wr-315-21feb22-redacted-2010.pdf,https://www.bsee.gov/sites/bsee.gov/files/panel-investigation/wr-315-21feb22-redacted-2010.pdf,https://www.bsee.gov/sites/bsee.gov/files/panel-investigation/wr-315-21feb22-redacted-2010.pdf,false,wr-315-21feb22-redacted-2010.pdf,WR,315,,21feb22,2022-02-21,2022,true,,no_operator_in_filename,02-21-2022,12:15,G35733,WR 315,Other Lifting,1,,,,7529943204c7d95fb2b8130961a817d57907c006ec807dcd1a49cbe89fccd33e,
district,https://www.bsee.gov/what-we-do/incident-investigations/offshore-incident-investigations/district-investigation-reports,2021,,0,/sites/bsee.gov/files/pl-23-talos-energy-offshore-llc-01-aug-2021.pdf,https://www.bsee.gov/sites/bsee.gov/files/pl-23-talos-energy-offshore-llc-01-aug-2021.pdf,https://www.bsee.gov/sites/bsee.gov/files/pl-23-talos-energy-offshore-llc-01-aug-2021.pdf,false,pl-23-talos-energy-offshore-llc-01-aug-2021.pdf,PL,23,talos energy offshore llc,01-aug-2021,2021-08-01,2021,false,,,08-01-2021,10:10,G01238,PL 23,Fire,1,,,,69951fb9161f784f8949c79b8db3c7a117883a2dfeae628dcdc17ce7d093c6fd,
district,https://www.bsee.gov/what-we-do/incident-investigations/offshore-incident-investigations/district-investigation-reports,2021,,0,/sites/bsee.gov/files/pl-23-talos-energy-offshore-llc-23-sept-2021.pdf,https://www.bsee.gov/sites/bsee.gov/files/pl-23-talos-energy-offshore-llc-23-sept-2021.pdf,https://www.bsee.gov/sites/bsee.gov/files/pl-23-talos-energy-offshore-llc-23-sept-2021.pdf,false,pl-23-talos-energy-offshore-llc-23-sept-2021.pdf,PL,23,talos energy offshore llc,23-sept-2021,2021-09-23,2021,false,,,09-23-2021,10:10,G01238,PL 23,Fire,1,,,,59eae2661794039d9561f4eee3cb467abe37dee2a4a6aaccc952ff40dec467aa,
district,https://www.bsee.gov/what-we-do/incident-investigations/offshore-incident-investigations/district-investigation-reports,2019,,0,/sites/bsee.gov/files/pl23-talos-energy-08apr2019.pdf,https://www.bsee.gov/sites/bsee.gov/files/pl23-talos-energy-08apr2019.pdf,https://www.bsee.gov/sites/bsee.gov/files/pl23-talos-energy-08apr2019.pdf,false,pl23-talos-energy-08apr2019.pdf,PL,23,talos energy,08apr2019,2019-04-08,2019,false,,,04-08-2019,06:00,G01238,PL 23,-Fire -Incident >25K,1,,,,16b5defea50036e858b8bc3952a280eb3e80d7f15298bf0585ab4b6ecfe78e6a,
district,https://www.bsee.gov/what-we-do/incident-investigations/offshore-incident-investigations/district-investigation-reports,2016,,0,/sites/bsee.gov/files/pl23-talos-energy-29-feb-2016.pdf,https://www.bsee.gov/sites/bsee.gov/files/pl23-talos-energy-29-feb-2016.pdf,https://www.bsee.gov/sites/bsee.gov/files/pl23-talos-energy-29-feb-2016.pdf,false,pl23-talos-energy-29-feb-2016.pdf,PL,23,talos energy,29-feb-2016,2016-02-29,2016,false,,,02-29-2016,19:30,G01238,PL 23,Fire - Equipment Failure – Leak – Required Muster,1,,,,fc66b8542c5f0a46de4e5861c8474ab674c55d459fb95cbfaecfdd31e0660215,
district,https://www.bsee.gov/what-we-do/incident-investigations/offshore-incident-investigations/district-investigation-reports,2018,,0,/sites/bsee.gov/files/pl5-talos-25-jun-2018.pdf,https://www.bsee.gov/sites/bsee.gov/files/pl5-talos-25-jun-2018.pdf,https://www.bsee.gov/sites/bsee.gov/files/pl5-talos-25-jun-2018.pdf,false,pl5-talos-25-jun-2018.pdf,PL,5,talos,25-jun-2018,2018-06-25,2018,false,,,06-25-2018,17:30,G12027,PL 5 B,H2S Release,1,,,,af558cf6384061fa2f7b51d5fc303bb9162505400b0143987133711bcfd458f0,
district,https://www.bsee.gov/what-we-do/incident-investigations/offshore-incident-investigations/district-investigation-reports,2021,,0,/sites/bsee.gov/files/reports//anadarko-mc-82-03-dec-2021.pdf,https://www.bsee.gov/sites/bsee.gov/files/reports//anadarko-mc-82-03-dec-2021.pdf,https://www.bsee.gov/sites/bsee.gov/files/reports//anadarko-mc-82-03-dec-2021.pdf,false,anadarko-mc-82-03-dec-2021.pdf,MC,82,anadarko,03-dec-2021,2021-12-03,2021,false,,,12-03-2021,13:00,G35313,MC 82,Crane,1,,,,1c7d368e8f9260e04e49a83628359e65b40f794edbcb2618fd57bf21b7e8aea7,
district,https://www.bsee.gov/what-we-do/incident-investigations/offshore-incident-investigations/district-investigation-reports,2022,,0,/sites/bsee.gov/files/reports//cox-operating-wd-74-f-29-july-2022.pdf,https://www.bsee.gov/sites/bsee.gov/files/reports//cox-operating-wd-74-f-29-july-2022.pdf,https://www.bsee.gov/sites/bsee.gov/files/reports//cox-operating-wd-74-f-29-july-2022.pdf,false,cox-operating-wd-74-f-29-july-2022.pdf,WD,74 F,cox operating,29-july-2022,2022-07-29,2022,false,,,07-29-2022,09:00,G01084,WD 74,Shutdown From Gas Release,1,,,,f2cdb28f67bcb6630fa3a8ff57c0f01b80317235fa6331116b1acf0c38e0a9c8,
district,https://www.bsee.gov/what-we-do/incident-investigations/offshore-incident-investigations/district-investigation-reports,2022,,0,/sites/bsee.gov/files/reports//fieldwood-energy-offshore-llc-wd-80-d-10-jan-2022.pdf,https://www.bsee.gov/sites/bsee.gov/files/reports//fieldwood-energy-offshore-llc-wd-80-d-10-jan-2022.pdf,https://www.bsee.gov/sites/bsee.gov/files/reports//fieldwood-energy-offshore-llc-wd-80-d-10-jan-2022.pdf,false,fieldwood-energy-offshore-llc-wd-80-d-10-jan-2022.pdf,WD,80 D,fieldwood energy offshore llc,10-jan-2022,2022-01-10,2022,false,,,01-10-2022,06:00,G01874,WD 80,"Required Muster - Production, Coiled Tubing - Equipment Failure, Leak",1,,,,0d23d40d7746f325b1b0d1ad2d73745215587fa516ea19f17a725f19fbbbfcbf,
district,https://www.bsee.gov/what-we-do/incident-investigations/offshore-incident-investigations/district-investigation-reports,2020,,0,/sites/bsee.gov/files/reports//mc-778-bp-2-aug-2020.pdf,https://www.bsee.gov/sites/bsee.gov/files/reports//mc-778-bp-2-aug-2020.pdf,https://www.bsee.gov/sites/bsee.gov/files/reports//mc-778-bp-2-aug-2020.pdf,false,mc-778-bp-2-aug-2020.pdf,MC,778,bp,2-aug-2020,2020-08-02,2020,false,,,08-02-2020,19:25,,MC 778,Shutdown From Gas release,1,,,,febe0355b48320b4e6a4150615898344fd21e8d6458858f5bc7da71b5712a9d1,
district,https://www.bsee.gov/what-we-do/incident-investigations/offshore-incident-investigations/district-investigation-reports,2022,,0,/sites/bsee.gov/files/reports//murphy-exploration-mc-582-a-13-july-2022.pdf,https://www.bsee.gov/sites/bsee.gov/files/reports//murphy-exploration-mc-582-a-13-july-2022.pdf,https://www.bsee.gov/sites/bsee.gov/files/reports//murphy-exploration-mc-582-a-13-july-2022.pdf,false,murphy-exploration-mc-582-a-13-july-2022.pdf,MC,582 A,murphy exploration,13-july-2022,2022-07-13,2022,false,,,07-13-2022,20:45,G16623,MC 582,"Required Muster, Shutdown From  Gas Release",1,,,,7208aa4996e8eaa70bbe94cc0f4183229544fef2ed8a880426cadfcb6ef898e0,
district,https://www.bsee.gov/what-we-do/incident-investigations/offshore-incident-investigations/district-investigation-reports,2022,,0,/sites/bsee.gov/files/reports//panther-operating-company-mp-268-p-30-june-2022.pdf,https://www.bsee.gov/sites/bsee.gov/files/reports//panther-operating-company-mp-268-p-30-june-2022.pdf,https://www.bsee.gov/sites/bsee.gov/files/reports//panther-operating-company-mp-268-p-30-june-2022.pdf,false,panther-operating-company-mp-268-p-30-june-2022.pdf,MP,268 P,panther operating company,30-june-2022,2022-06-30,2022,false,,,06-30-2022,23:46,,MP 268,Pollution,1,,,,96fe7d7692f654a16417c7d20ee9cb01f99708cce6103cbacd70121dcccdac42,
district,https://www.bsee.gov/what-we-do/incident-investigations/offshore-incident-investigations/district-investigation-reports,2022,,0,/sites/bsee.gov/files/reports//sm-192-arena-offshores-07-sep-2022.pdf,https://www.bsee.gov/sites/bsee.gov/files/reports//sm-192-arena-offshores-07-sep-2022.pdf,https://www.bsee.gov/sites/bsee.gov/files/reports//sm-192-arena-offshores-07-sep-2022.pdf,false,sm-192-arena-offshores-07-sep-2022.pdf,SM,192,arena offshores,07-sep-2022,2022-09-07,2022,false,,,09-7-2022,1600,G24878,SM 192 A,"Crane - Incident > $25,000",1,,,,165c919d6fa9d0a6a293e9d8d731b83bb5eb83f221d80c0138b87458ca6e856f,
district,https://www.bsee.gov/what-we-do/incident-investigations/offshore-incident-investigations/district-investigation-reports,2021,,0,/sites/bsee.gov/files/reports//talos-vk-989-a-01-dec-2021.pdf,https://www.bsee.gov/sites/bsee.gov/files/reports//talos-vk-989-a-01-dec-2021.pdf,https://www.bsee.gov/sites/bsee.gov/files/reports//talos-vk-989-a-01-dec-2021.pdf,false,talos-vk-989-a-01-dec-2021.pdf,VK,989 A,talos,01-dec-2021,2021-12-01,2021,false,,,12-01-2021,19:30,G06898,VK 989,"Crane, Incident >$25K",1,,,,310af2c0cb6f60645c0ea6f71051cf80dd56c4608716b8ea509c81919bdfd6cb,
district,https://www.bsee.gov/what-we-do/incident-investigations/offshore-incident-investigations/district-investigation-reports,2019,,0,/sites/bsee.gov/files/reports//vr369-renaissance-1jul2019-2010-sanitized-v3-12sept2019.pdf,https://www.bsee.gov/sites/bsee.gov/files/reports//vr369-renaissance-1jul2019-2010-sanitized-v3-12sept2019.pdf,https://www.bsee.gov/sites/bsee.gov/files/reports//vr369-renaissance-1jul2019-2010-sanitized-v3-12sept2019.pdf,false,vr369-renaissance-1jul2019-2010-sanitized-v3-12sept2019.pdf,VR,369,renaissance v3 12sept2019,1jul2019,2019-07-01,2019,true,,multiple_date_tokens:2,07-01-2019,14:00,G02274,VR 369,Injury RW/JT (>3 days) with a required evacuation,1,,,,259991cb595d5beaed443c749f807ff2e5c47dc6439a698ed947aaa618afe438,
district,https://www.bsee.gov/what-we-do/incident-investigations/offshore-incident-investigations/district-investigation-reports/district-investigation-reports-archive,2009,,0,https://www.bsee.gov/sites/bsee.gov/files/reports/07-feb-2007-p00441.pdf,https://www.bsee.gov/sites/bsee.gov/files/reports/07-feb-2007-p00441.pdf,https://www.bsee.gov/sites/bsee.gov/files/reports/07-feb-2007-p00441.pdf,false,07-feb-2007-p00441.pdf,,,p00441,07-feb-2007,2007-02-07,2007,false,,no_area_block_in_filename,02-07-2009,18:00,P00441,SM6374,"1-LTA (1-3 days), 1 -LTA (>3 days) Required Evacuation",1,,,,8ba5015db53adb1929b80f99f63fda396334b17ef7d0baa3e7fc9ac5aca75c99,
district,https://www.bsee.gov/what-we-do/incident-investigations/offshore-incident-investigations/district-investigation-reports/district-investigation-reports-archive,2006,,0,https://www.bsee.gov/sites/bsee.gov/files/reports/27-jul-2006-p00241.pdf,https://www.bsee.gov/sites/bsee.gov/files/reports/27-jul-2006-p00241.pdf,https://www.bsee.gov/sites/bsee.gov/files/reports/27-jul-2006-p00241.pdf,false,27-jul-2006-p00241.pdf,,,p00241,27-jul-2006,2006-07-27,2006,false,,no_area_block_in_filename,07-27-2006,12:00,P00241,LA6658,Crane - >$25K,1,,,,02bb9fa3bd80b8540898ad6002b351c91b0325e42d16ff63d0b119e2ceed96c2,
district,https://www.bsee.gov/what-we-do/incident-investigations/offshore-incident-investigations/district-investigation-reports/district-investigation-reports-archive,2005,,0,https://www.bsee.gov/sites/bsee.gov/files/reports/air-quality/06-jan-2005-p00450.pdf,https://www.bsee.gov/sites/bsee.gov/files/reports/air-quality/06-jan-2005-p00450.pdf,https://www.bsee.gov/sites/bsee.gov/files/reports/air-quality/06-jan-2005-p00450.pdf,false,06-jan-2005-p00450.pdf,,,p00450,06-jan-2005,2005-01-06,2005,false,,no_area_block_in_filename,01-06-2005,00:26,P00450,SM/6524,Gas Release,1,,,,534b5a3c2a9b4016b9cf2396406dc49716a4df8c22c51620933aa6eaf72cfc10,
district,https://www.bsee.gov/what-we-do/incident-investigations/offshore-incident-investigations/district-investigation-reports/district-investigation-reports-archive,2005,,0,https://www.bsee.gov/sites/bsee.gov/files/reports/bsee/050114a-pdf.pdf,https://www.bsee.gov/sites/bsee.gov/files/reports/bsee/050114a-pdf.pdf,https://www.bsee.gov/sites/bsee.gov/files/reports/bsee/050114a-pdf.pdf,false,050114a-pdf.pdf,,,,050114a-pdf,2005-01-14,2005,false,,archive_yymmdd_filename;no_area_block_in_filename,01-14-2005,11:45,G00911,WC/280,Injury,1,,,,8f2257907f4bc189e6fb6f3dfde8dd1463edd7d048a0d6fb312f0580e1206bff,
district,https://www.bsee.gov/what-we-do/incident-investigations/offshore-incident-investigations/district-investigation-reports/district-investigation-reports-archive,2007,,0,https://www.bsee.gov/sites/bsee.gov/files/reports/bsee/070811-pdf.pdf,https://www.bsee.gov/sites/bsee.gov/files/reports/bsee/070811-pdf.pdf,https://www.bsee.gov/sites/bsee.gov/files/reports/bsee/070811-pdf.pdf,false,070811-pdf.pdf,,,,070811-pdf,2007-08-11,2007,false,,archive_yymmdd_filename;no_area_block_in_filename,08-11-2007,18:20,G23936,ST/254,Pollution - Malfunctioning LSH,1,,,,1b5e4c8b382ee1e6b95d1344e5fa0e1a5569a03999ed66795316ad656475b4cc,
district,https://www.bsee.gov/what-we-do/incident-investigations/offshore-incident-investigations/district-investigation-reports/district-investigation-reports-archive,2010,,0,https://www.bsee.gov/sites/bsee.gov/files/reports/bsee/100116a-pdf.pdf,https://www.bsee.gov/sites/bsee.gov/files/reports/bsee/100116a-pdf.pdf,https://www.bsee.gov/sites/bsee.gov/files/reports/bsee/100116a-pdf.pdf,false,100116a-pdf.pdf,,,,100116a-pdf,2010-01-16,2010,false,,archive_yymmdd_filename;no_area_block_in_filename,01-16-2010,04:00,G12008,SS/349,Damaged/Disabled Safety Sys.,1,,,,1e5efb5f4b8d869f2a81394ac3e28ac87a5ae904bfdf5a647a65ae3739592f3e,
district,https://www.bsee.gov/what-we-do/incident-investigations/offshore-incident-investigations/district-investigation-reports/district-investigation-reports-archive,2010,,0,https://www.bsee.gov/sites/bsee.gov/files/reports/bsee/100426-pdf.pdf,https://www.bsee.gov/sites/bsee.gov/files/reports/bsee/100426-pdf.pdf,https://www.bsee.gov/sites/bsee.gov/files/reports/bsee/100426-pdf.pdf,false,100426-pdf.pdf,,,,100426-pdf,2010-04-26,2010,false,,archive_yymmdd_filename;no_area_block_in_filename,04-26-2010,14:45,G31394,SS/202,Crane - Incident >$25K,1,,,,e2a1fd2b3df39d26b287875b30fa6b088c702a291935f17e0e8beb23c8caa345,
district,https://www.bsee.gov/what-we-do/incident-investigations/offshore-incident-investigations/district-investigation-reports/district-investigation-reports-archive,2007,,0,https://www.bsee.gov/sites/bsee.gov/files/reports/data-type/070823-pdf.pdf,https://www.bsee.gov/sites/bsee.gov/files/reports/data-type/070823-pdf.pdf,https://www.bsee.gov/sites/bsee.gov/files/reports/data-type/070823-pdf.pdf,false,070823-pdf.pdf,,,,070823-pdf,2007-08-23,2007,false,,archive_yymmdd_filename;no_area_block_in_filename,08-23-2007,15:10,G02181,SP/57,Required Evacuation - RW/JT (>3 days),1,,,,00a78eae61286960b1d05c9464aae86e3346c7851396cb0eda640f43c0f7286f,
district,https://www.bsee.gov/what-we-do/incident-investigations/offshore-incident-investigations/district-investigation-reports/district-investigation-reports-archive,2007,,0,https://www.bsee.gov/sites/bsee.gov/files/reports/data-type/071206-pdf.pdf,https://www.bsee.gov/sites/bsee.gov/files/reports/data-type/071206-pdf.pdf,https://www.bsee.gov/sites/bsee.gov/files/reports/data-type/071206-pdf.pdf,false,071206-pdf.pdf,,,,071206-pdf,2007-12-06,2007,false,,archive_yymmdd_filename;no_area_block_in_filename,12-06-2007,16:45,G20113,GC/953,Required Evacuation - LTA (>3 days),1,,,,5307c1d3e07cf31232c2464bd6ade3dce742321ac925529a341425d80e8d3631,
district,https://www.bsee.gov/what-we-do/incident-investigations/offshore-incident-investigations/district-investigation-reports/district-investigation-reports-archive,2007,,0,https://www.bsee.gov/sites/bsee.gov/files/reports/data-type/071230-pdf.pdf,https://www.bsee.gov/sites/bsee.gov/files/reports/data-type/071230-pdf.pdf,https://www.bsee.gov/sites/bsee.gov/files/reports/data-type/071230-pdf.pdf,false,071230-pdf.pdf,,,,071230-pdf,2007-12-30,2007,false,,archive_yymmdd_filename;no_area_block_in_filename,12-30-2007,08:44,00068,SS/118,Fire - Incident >$25K - Fire from gas/condensate leak,1,,,,dfbb1a4bbb0a66cf229feedb28d4f03a68cb4d03194b4e62f025731d84271d0e,
district,https://www.bsee.gov/what-we-do/incident-investigations/offshore-incident-investigations/district-investigation-reports/district-investigation-reports-archive,2005,,0,https://www.bsee.gov/sites/bsee.gov/files/reports/divisions/050403-pdf.pdf,https://www.bsee.gov/sites/bsee.gov/files/reports/divisions/050403-pdf.pdf,https://www.bsee.gov/sites/bsee.gov/files/reports/divisions/050403-pdf.pdf,false,050403-pdf.pdf,,,,050403-pdf,2005-04-03,2005,false,,archive_yymmdd_filename;no_area_block_in_filename,04-03-2005,21:30,00796,EI/100,Top Drive Quill Shaft Failure,1,,,,2de8333f2518ebb495a366c503f3f8fb4591eba1f9ab70c48961b167ba00cd20,
district,https://www.bsee.gov/what-we-do/incident-investigations/offshore-incident-investigations/district-investigation-reports/district-investigation-reports-archive,2005,,0,https://www.bsee.gov/sites/bsee.gov/files/reports/divisions/050405-pdf.pdf,https://www.bsee.gov/sites/bsee.gov/files/reports/divisions/050405-pdf.pdf,https://www.bsee.gov/sites/bsee.gov/files/reports/divisions/050405-pdf.pdf,false,050405-pdf.pdf,,,,050405-pdf,2005-04-05,2005,false,,archive_yymmdd_filename;no_area_block_in_filename,04-05-2005,18:00,G04827,ST/77,Crane Incident,1,,,,3c29394cdaa181799b15f888f25c396804d5d2c2399af634d4ffd49c4a21033e,
district,https://www.bsee.gov/what-we-do/incident-investigations/offshore-incident-investigations/district-investigation-reports/district-investigation-reports-archive,2005,,0,https://www.bsee.gov/sites/bsee.gov/files/reports/divisions/050502-pdf.pdf,https://www.bsee.gov/sites/bsee.gov/files/reports/divisions/050502-pdf.pdf,https://www.bsee.gov/sites/bsee.gov/files/reports/divisions/050502-pdf.pdf,false,050502-pdf.pdf,,,,050502-pdf,2005-05-02,2005,false,,archive_yymmdd_filename;no_area_block_in_filename,05-02-2005,13:32,G02353,HI/110,Lift Boat Damages Pipeline,1,,,,f4a1b79b2a1bddfc0e606c9ff87a9a0bb5f2f52bb8a705367e1a13d9a7ba70aa,
district,https://www.bsee.gov/what-we-do/incident-investigations/offshore-incident-investigations/district-investigation-reports/district-investigation-reports-archive,2005,,0,https://www.bsee.gov/sites/bsee.gov/files/reports/divisions/050516-pdf.pdf,https://www.bsee.gov/sites/bsee.gov/files/reports/divisions/050516-pdf.pdf,https://www.bsee.gov/sites/bsee.gov/files/reports/divisions/050516-pdf.pdf,false,050516-pdf.pdf,,,,050516-pdf,2005-05-16,2005,false,,archive_yymmdd_filename;no_area_block_in_filename,05-16-2005,12:00,G15562,GC/236,Well Control Event,1,,,,6e4d142a40e9dddc0caa2ad791aaae44f7e80b57b5aae763d8db3feef4dc052f,
district,https://www.bsee.gov/what-we-do/incident-investigations/offshore-incident-investigations/district-investigation-reports/district-investigation-reports-archive,2005,,0,https://www.bsee.gov/sites/bsee.gov/files/reports/divisions/050519-pdf.pdf,https://www.bsee.gov/sites/bsee.gov/files/reports/divisions/050519-pdf.pdf,https://www.bsee.gov/sites/bsee.gov/files/reports/divisions/050519-pdf.pdf,false,050519-pdf.pdf,,,,050519-pdf,2005-05-19,2005,false,,archive_yymmdd_filename;no_area_block_in_filename,05-19-2005,12:45,G15562,GC/236,Injury,1,,,,713af2ef5b30287467a8c82d8f47081be0f9d984734f324038e231795364cc55,
district,https://www.bsee.gov/what-we-do/incident-investigations/offshore-incident-investigations/district-investigation-reports/district-investigation-reports-archive,2005,,0,https://www.bsee.gov/sites/bsee.gov/files/reports/divisions/050526-pdf.pdf,https://www.bsee.gov/sites/bsee.gov/files/reports/divisions/050526-pdf.pdf,https://www.bsee.gov/sites/bsee.gov/files/reports/divisions/050526-pdf.pdf,false,050526-pdf.pdf,,,,050526-pdf,2005-05-26,2005,false,,archive_yymmdd_filename;no_area_block_in_filename,05-26-2005,10:45,G04109,SM/99,Fire - Pollution,1,,,,55865622c3ddca9be6e2335d107c3233db324dde3b96cce9a8040124e9e9363f,
district,https://www.bsee.gov/what-we-do/incident-investigations/offshore-incident-investigations/district-investigation-reports/district-investigation-reports-archive,2005,,0,https://www.bsee.gov/sites/bsee.gov/files/reports/divisions/050529-pdf.pdf,https://www.bsee.gov/sites/bsee.gov/files/reports/divisions/050529-pdf.pdf,https://www.bsee.gov/sites/bsee.gov/files/reports/divisions/050529-pdf.pdf,false,050529-pdf.pdf,,,,050529-pdf,2005-05-29,2005,false,,archive_yymmdd_filename;no_area_block_in_filename,05-29-2005,08:30,G03021,MU/762,Injury,1,,,,f6c65b76ebdd3a38d523016ee107dee232dab9fd7199a0142245556113b06ea1,
district,https://www.bsee.gov/what-we-do/incident-investigations/offshore-incident-investigations/district-investigation-reports/district-investigation-reports-archive,2005,,0,https://www.bsee.gov/sites/bsee.gov/files/reports/divisions/050729-pdf.pdf,https://www.bsee.gov/sites/bsee.gov/files/reports/divisions/050729-pdf.pdf,https://www.bsee.gov/sites/bsee.gov/files/reports/divisions/050729-pdf.pdf,false,050729-pdf.pdf,,,,050729-pdf,2005-07-29,2005,false,,archive_yymmdd_filename;no_area_block_in_filename,07-29-2005,01:50,G12008,SS/349,Injury - Dropped Rig Traveling Block,1,,,,f0e7e282320860e0b8ebeec6fcf4b6f43266c1d22078e5f45163aa57a58530d6,
district,https://www.bsee.gov/what-we-do/incident-investigations/offshore-incident-investigations/district-investigation-reports/district-investigation-reports-archive,2005,,0,https://www.bsee.gov/sites/bsee.gov/files/reports/divisions/051108-pdf.pdf,https://www.bsee.gov/sites/bsee.gov/files/reports/divisions/051108-pdf.pdf,https://www.bsee.gov/sites/bsee.gov/files/reports/divisions/051108-pdf.pdf,false,051108-pdf.pdf,,,,051108-pdf,2005-11-08,2005,false,,archive_yymmdd_filename;no_area_block_in_filename,11-08-2005,16:00,G07995,GC/158,Pollution,1,,,,0f841fd0201bd40503340504165dafd19426f502e4dc0b6ba65efcf9917ef6a4,
district,https://www.bsee.gov/what-we-do/incident-investigations/offshore-incident-investigations/district-investigation-reports/district-investigation-reports-archive,2010,,0,https://www.bsee.gov/sites/bsee.gov/files/reports/divisions/100126-pdf.pdf,https://www.bsee.gov/sites/bsee.gov/files/reports/divisions/100126-pdf.pdf,https://www.bsee.gov/sites/bsee.gov/files/reports/divisions/100126-pdf.pdf,false,100126-pdf.pdf,,,,100126-pdf,2010-01-26,2010,false,,archive_yymmdd_filename;no_area_block_in_filename,01-26-2010,11:00,G31744,GC/685,Pollution,1,,,,5a02678380bba55576da2010e642c1b05b3725952a098dca49fcbb6d8cbca92f,
district,https://www.bsee.gov/what-we-do/incident-investigations/offshore-incident-investigations/district-investigation-reports/district-investigation-reports-archive,2010,,0,https://www.bsee.gov/sites/bsee.gov/files/reports/divisions/100128-pdf.pdf,https://www.bsee.gov/sites/bsee.gov/files/reports/divisions/100128-pdf.pdf,https://www.bsee.gov/sites/bsee.gov/files/reports/divisions/100128-pdf.pdf,false,100128-pdf.pdf,,,,100128-pdf,2010-01-28,2010,false,,archive_yymmdd_filename;no_area_block_in_filename,01-28-2010,05:45,G25966,EC/266,Required Evacuation - LTA (1-3 days) - RW/JT (>3 days),1,,,,5a69fdbfeb8e94195ae4d34eec943c6e09841c72b064724f2fd1423de8b8a4ad,
district,https://www.bsee.gov/what-we-do/incident-investigations/offshore-incident-investigations/district-investigation-reports/district-investigation-reports-archive,2010,,0,https://www.bsee.gov/sites/bsee.gov/files/reports/divisions/100206-pdf.pdf,https://www.bsee.gov/sites/bsee.gov/files/reports/divisions/100206-pdf.pdf,https://www.bsee.gov/sites/bsee.gov/files/reports/divisions/100206-pdf.pdf,false,100206-pdf.pdf,,,,100206-pdf,2010-02-06,2010,false,,archive_yymmdd_filename;no_area_block_in_filename,02-06-2010,06:30,G02061,EC/321,Required Muster - Shutdown from Gas Release,1,,,,9cb100f54cbb2debcd28b261b852c7e7e3570753c45d42c6f313cc3573efba90,
district,https://www.bsee.gov/what-we-do/incident-investigations/offshore-incident-investigations/district-investigation-reports/district-investigation-reports-archive,2010,,0,https://www.bsee.gov/sites/bsee.gov/files/reports/divisions/100215-pdf.pdf,https://www.bsee.gov/sites/bsee.gov/files/reports/divisions/100215-pdf.pdf,https://www.bsee.gov/sites/bsee.gov/files/reports/divisions/100215-pdf.pdf,false,100215-pdf.pdf,,,,100215-pdf,2010-02-15,2010,false,,archive_yymmdd_filename;no_area_block_in_filename,02-15-2010,06:25,G12008,SS/349,Fire,1,,,,1f1d418f82c8378c3db8ebc02588484217861ddd9798915ed433a998aed3e63c,
district,https://www.bsee.gov/what-we-do/incident-investigations/offshore-incident-investigations/district-investigation-reports/district-investigation-reports-archive,2010,,0,https://www.bsee.gov/sites/bsee.gov/files/reports/divisions/100219-pdf.pdf,https://www.bsee.gov/sites/bsee.gov/files/reports/divisions/100219-pdf.pdf,https://www.bsee.gov/sites/bsee.gov/files/reports/divisions/100219-pdf.pdf,false,100219-pdf.pdf,,,,100219-pdf,2010-02-19,2010,false,,archive_yymmdd_filename;no_area_block_in_filename,02-19-2010,19:05,G25153,GC/469,Crane - Incident >$25K,1,,,,5375dc88fbb112d66a4c648929583a5dd739e1095f4545e97dcab96d67b0b0ad,
district,https://www.bsee.gov/what-we-do/incident-investigations/offshore-incident-investigations/district-investigation-reports/district-investigation-reports-archive,2010,,0,https://www.bsee.gov/sites/bsee.gov/files/reports/divisions/100306-pdf.pdf,https://www.bsee.gov/sites/bsee.gov/files/reports/divisions/100306-pdf.pdf,https://www.bsee.gov/sites/bsee.gov/files/reports/divisions/100306-pdf.pdf,false,100306-pdf.pdf,,,,100306-pdf,2010-03-06,2010,false,,archive_yymmdd_filename;no_area_block_in_filename,03-06-2010,15:00,G09868,MC/778,Pollution - Other,1,,,,29bbcc04bcf1756666f984c609b74e84ac24cf89eac592ef30bc7dbc30d8fc14,
district,https://www.bsee.gov/what-we-do/incident-investigations/offshore-incident-investigations/district-investigation-reports/district-investigation-reports-archive,2010,,0,https://www.bsee.gov/sites/bsee.gov/files/reports/divisions/100310-pdf.pdf,https://www.bsee.gov/sites/bsee.gov/files/reports/divisions/100310-pdf.pdf,https://www.bsee.gov/sites/bsee.gov/files/reports/divisions/100310-pdf.pdf,false,100310-pdf.pdf,,,,100310-pdf,2010-03-10,2010,false,,archive_yymmdd_filename;no_area_block_in_filename,03-10-2010,01:40,G06655,EC/346,Fire - Explosion - Incident >$25K - Required Muster,1,,,,abb95de5c01d53b6249b57df5c03a7131aa0f9d9182146e2acbf87f65357a662,
district,https://www.bsee.gov/what-we-do/incident-investigations/offshore-incident-investigations/district-investigation-reports/district-investigation-reports-archive,2010,,0,https://www.bsee.gov/sites/bsee.gov/files/reports/divisions/100312-pdf.pdf,https://www.bsee.gov/sites/bsee.gov/files/reports/divisions/100312-pdf.pdf,https://www.bsee.gov/sites/bsee.gov/files/reports/divisions/100312-pdf.pdf,false,100312-pdf.pdf,,,,100312-pdf,2010-03-12,2010,false,,archive_yymmdd_filename;no_area_block_in_filename,03-12-2010,13:30,G26265,MC/540,Pollution - Other,1,,,,33ff0809bb3002d7c77f461a9b5936a410b375c4fa0547947e92552ef577ef97,
district,https://www.bsee.gov/what-we-do/incident-investigations/offshore-incident-investigations/district-investigation-reports/district-investigation-reports-archive,2010,,0,https://www.bsee.gov/sites/bsee.gov/files/reports/divisions/100402-pdf.pdf,https://www.bsee.gov/sites/bsee.gov/files/reports/divisions/100402-pdf.pdf,https://www.bsee.gov/sites/bsee.gov/files/reports/divisions/100402-pdf.pdf,false,100402-pdf.pdf,,,,100402-pdf,2010-04-02,2010,false,,archive_yymmdd_filename;no_area_block_in_filename,04-02-2010,13:22,00577,EI/208,Fire - Incident >$25K,1,,,,1f8230204eb68104aeebd85fa7b084f59b3506eea49d3c2229e41aae01b4d472,
district,https://www.bsee.gov/what-we-do/incident-investigations/offshore-incident-investigations/district-investigation-reports/district-investigation-reports-archive,2010,,0,https://www.bsee.gov/sites/bsee.gov/files/reports/divisions/100407-pdf.pdf,https://www.bsee.gov/sites/bsee.gov/files/reports/divisions/100407-pdf.pdf,https://www.bsee.gov/sites/bsee.gov/files/reports/divisions/100407-pdf.pdf,false,100407-pdf.pdf,,,,100407-pdf,2010-04-07,2010,false,,archive_yymmdd_filename;no_area_block_in_filename,04-07-2010,16:00,G20341,WR/543,Pollution - SBM lost through dump valve,1,,,,797acabef7d8f62f3d17fdcc7a8fca5f01ee07eeec7e9403ba74e551ee5df909,
district,https://www.bsee.gov/what-we-do/incident-investigations/offshore-incident-investigations/district-investigation-reports/district-investigation-reports-archive,2010,,0,https://www.bsee.gov/sites/bsee.gov/files/reports/divisions/100412-pdf.pdf,https://www.bsee.gov/sites/bsee.gov/files/reports/divisions/100412-pdf.pdf,https://www.bsee.gov/sites/bsee.gov/files/reports/divisions/100412-pdf.pdf,false,100412-pdf.pdf,,,,100412-pdf,2010-04-12,2010,false,,archive_yymmdd_filename;no_area_block_in_filename,04-12-2010,20:00,G20341,WR/543,Other Lifting Device,1,,,,87d30a5a1a549d14f193858105f25d26447670006bf0840ecb2ca9936b7d74c2,
district,https://www.bsee.gov/what-we-do/incident-investigations/offshore-incident-investigations/district-investigation-reports/district-investigation-reports-archive,2010,,0,https://www.bsee.gov/sites/bsee.gov/files/reports/divisions/100417-pdf.pdf,https://www.bsee.gov/sites/bsee.gov/files/reports/divisions/100417-pdf.pdf,https://www.bsee.gov/sites/bsee.gov/files/reports/divisions/100417-pdf.pdf,false,100417-pdf.pdf,,,,100417-pdf,2010-04-17,2010,false,,archive_yymmdd_filename;no_area_block_in_filename,04-17-2010,15:00,00442,EI/128A,Fire,1,,,,78d9653baf3ffbacaf5a6a30ac76299d6c64d4004adb20b90a1f05ab6a890701,
district,https://www.bsee.gov/what-we-do/incident-investigations/offshore-incident-investigations/district-investigation-reports/district-investigation-reports-archive,2010,,0,https://www.bsee.gov/sites/bsee.gov/files/reports/divisions/100422-pdf.pdf,https://www.bsee.gov/sites/bsee.gov/files/reports/divisions/100422-pdf.pdf,https://www.bsee.gov/sites/bsee.gov/files/reports/divisions/100422-pdf.pdf,false,100422-pdf.pdf,,,,100422-pdf,2010-04-22,2010,false,,archive_yymmdd_filename;no_area_block_in_filename,04-22-2010,01:20,G21790,GC/338,Fire - Hydraulic pump seal failure,1,,,,bd692cd62da09fd9a8f25a5e5aea967a99241aa25c632fe303d511c6284d49fc,
district,https://www.bsee.gov/what-we-do/incident-investigations/offshore-incident-investigations/district-investigation-reports/district-investigation-reports-archive,2010,,0,https://www.bsee.gov/sites/bsee.gov/files/reports/divisions/100514-pdf.pdf,https://www.bsee.gov/sites/bsee.gov/files/reports/divisions/100514-pdf.pdf,https://www.bsee.gov/sites/bsee.gov/files/reports/divisions/100514-pdf.pdf,false,100514-pdf.pdf,,,,100514-pdf,2010-05-14,2010,false,,archive_yymmdd_filename;no_area_block_in_filename,05-14-2010,07:30,G04231,SS/181,Pollution - Heater Treater Dump Valve,1,,,,5db5b997cf5a6e9278cad9fe7ba3d45411fa0caf810d7997265cab318ea3875d,
district,https://www.bsee.gov/what-we-do/incident-investigations/offshore-incident-investigations/district-investigation-reports/district-investigation-reports-archive,2010,,0,https://www.bsee.gov/sites/bsee.gov/files/reports/divisions/100521-pdf.pdf,https://www.bsee.gov/sites/bsee.gov/files/reports/divisions/100521-pdf.pdf,https://www.bsee.gov/sites/bsee.gov/files/reports/divisions/100521-pdf.pdf,false,100521-pdf.pdf,,,,100521-pdf,2010-05-21,2010,false,,archive_yymmdd_filename;no_area_block_in_filename,05-21-2010,16:00,G09529,VR/398,Pollution - Explosion - Incident >$25K,1,,,,e6f4cb79b2cc197e59c3a7b9bf494ba3ec4177cf35640eb1d6d3319081badfc9,
district,https://www.bsee.gov/what-we-do/incident-investigations/offshore-incident-investigations/district-investigation-reports/district-investigation-reports-archive,2010,,0,https://www.bsee.gov/sites/bsee.gov/files/reports/divisions/100528-pdf.pdf,https://www.bsee.gov/sites/bsee.gov/files/reports/divisions/100528-pdf.pdf,https://www.bsee.gov/sites/bsee.gov/files/reports/divisions/100528-pdf.pdf,false,100528-pdf.pdf,,,,100528-pdf,2010-05-28,2010,false,,archive_yymmdd_filename;no_area_block_in_filename,05-28-2010,14:15,G02560,WC/630,Required Evacuation - LTA (>3 days) - Fire - Other,1,,,,90601dfd1ef7813b629521668692d38a8a3c53c5294222b45e620676cb4905cb,
district,https://www.bsee.gov/what-we-do/incident-investigations/offshore-incident-investigations/district-investigation-reports/district-investigation-reports-archive,2010,,0,https://www.bsee.gov/sites/bsee.gov/files/reports/divisions/100626-pdf.pdf,https://www.bsee.gov/sites/bsee.gov/files/reports/divisions/100626-pdf.pdf,https://www.bsee.gov/sites/bsee.gov/files/reports/divisions/100626-pdf.pdf,false,100626-pdf.pdf,,,,100626-pdf,2010-06-26,2010,false,,archive_yymmdd_filename;no_area_block_in_filename,06-26-2010,00:15,G03818,MC/280,Required Muster - Shutdown from Gas Release,1,,,,bb49745cc61cf8fd71c98ce53a6f56a7669acdcaacade31581c9e4ed964e0829,
district,https://www.bsee.gov/what-we-do/incident-investigations/offshore-incident-investigations/district-investigation-reports/district-investigation-reports-archive,2010,,0,https://www.bsee.gov/sites/bsee.gov/files/reports/divisions/100729-pdf.pdf,https://www.bsee.gov/sites/bsee.gov/files/reports/divisions/100729-pdf.pdf,https://www.bsee.gov/sites/bsee.gov/files/reports/divisions/100729-pdf.pdf,false,100729-pdf.pdf,,,,100729-pdf,2010-07-29,2010,false,,archive_yymmdd_filename;no_area_block_in_filename,07-29-2010,09:45,G02062,EC/334,Pollution - Other,1,,,,8d01e9556a6d0c82d967353efe64a83afbb98d7774ba3828a4f8cc6b3afce130,
district,https://www.bsee.gov/what-we-do/incident-investigations/offshore-incident-investigations/district-investigation-reports/district-investigation-reports-archive,2010,,0,https://www.bsee.gov/sites/bsee.gov/files/reports/divisions/100808-pdf.pdf,https://www.bsee.gov/sites/bsee.gov/files/reports/divisions/100808-pdf.pdf,https://www.bsee.gov/sites/bsee.gov/files/reports/divisions/100808-pdf.pdf,false,100808-pdf.pdf,,,,100808-pdf,2010-08-08,2010,false,,archive_yymmdd_filename;no_area_block_in_filename,08-08-2010,22:00,G02757,HI/S382,Fire - Other,1,,,,4a9bf3ad9070c403b163873251ae967432e26776aecd1ad4f5acd97b1e929469,
district,https://www.bsee.gov/what-we-do/incident-investigations/offshore-incident-investigations/district-investigation-reports/district-investigation-reports-archive,2010,,0,https://www.bsee.gov/sites/bsee.gov/files/reports/divisions/100830-pdf.pdf,https://www.bsee.gov/sites/bsee.gov/files/reports/divisions/100830-pdf.pdf,https://www.bsee.gov/sites/bsee.gov/files/reports/divisions/100830-pdf.pdf,false,100830-pdf.pdf,,,,100830-pdf,2010-08-30,2010,false,,archive_yymmdd_filename;no_area_block_in_filename,08-30-2010,10:00,G05800,EW/826,Crane - Incident >$25K - Other,1,,,,26c37b313f294fa03ba1343f40426846bd20903dc6b37cd5a8bbb5e9440c6aa6,
district,https://www.bsee.gov/what-we-do/incident-investigations/offshore-incident-investigations/district-investigation-reports/district-investigation-reports-archive,2010,,0,https://www.bsee.gov/sites/bsee.gov/files/reports/divisions/100914-pdf.pdf,https://www.bsee.gov/sites/bsee.gov/files/reports/divisions/100914-pdf.pdf,https://www.bsee.gov/sites/bsee.gov/files/reports/divisions/100914-pdf.pdf,false,100914-pdf.pdf,,,,100914-pdf,2010-09-14,2010,false,,archive_yymmdd_filename;no_area_block_in_filename,09-14-2010,05:00,00827,SS/209,Pollution - Other,1,,,,65308a371622dfacbebc3580b6d5d80c0604cba0e82f8cbc2dcc6492a5b64f15,
district,https://www.bsee.gov/what-we-do/incident-investigations/offshore-incident-investigations/district-investigation-reports/district-investigation-reports-archive,2010,,0,https://www.bsee.gov/sites/bsee.gov/files/reports/divisions/100920-pdf.pdf,https://www.bsee.gov/sites/bsee.gov/files/reports/divisions/100920-pdf.pdf,https://www.bsee.gov/sites/bsee.gov/files/reports/divisions/100920-pdf.pdf,false,100920-pdf.pdf,,,,100920-pdf,2010-09-20,2010,false,,archive_yymmdd_filename;no_area_block_in_filename,09-20-2010,19:50,G31362,EI/11,Required Evacuation - LTA (>3 days) - Fire - Other,1,,,,bd641454b87eeedd1d645793b487ea0990f01b8a00821bb66b1fe11408f628c3,
district,https://www.bsee.gov/what-we-do/incident-investigations/offshore-incident-investigations/district-investigation-reports/district-investigation-reports-archive,2010,,0,https://www.bsee.gov/sites/bsee.gov/files/reports/divisions/100928-pdf.pdf,https://www.bsee.gov/sites/bsee.gov/files/reports/divisions/100928-pdf.pdf,https://www.bsee.gov/sites/bsee.gov/files/reports/divisions/100928-pdf.pdf,false,100928-pdf.pdf,,,,100928-pdf,2010-09-28,2010,false,,archive_yymmdd_filename;no_area_block_in_filename,09-28-2010,16:15,G02226,WC/534,Fire - Other,1,,,,3d1590fb646ff801643790df903d93c8fc8529cfcd868aa8349993a34ef63a47,
district,https://www.bsee.gov/what-we-do/incident-investigations/offshore-incident-investigations/district-investigation-reports/district-investigation-reports-archive,2010,,0,https://www.bsee.gov/sites/bsee.gov/files/reports/divisions/100929-pdf.pdf,https://www.bsee.gov/sites/bsee.gov/files/reports/divisions/100929-pdf.pdf,https://www.bsee.gov/sites/bsee.gov/files/reports/divisions/100929-pdf.pdf,false,100929-pdf.pdf,,,,100929-pdf,2010-09-29,2010,false,,archive_yymmdd_filename;no_area_block_in_filename,09-29-2010,18:45,G17232,EB/164,Pollution - Other,1,,,,82b26b0dcdd77770f8ce93b97fc48d1826e631431563b08743207a4c49258d3a,
district,https://www.bsee.gov/what-we-do/incident-investigations/offshore-incident-investigations/district-investigation-reports/district-investigation-reports-archive,2010,,0,https://www.bsee.gov/sites/bsee.gov/files/reports/divisions/101002-pdf.pdf,https://www.bsee.gov/sites/bsee.gov/files/reports/divisions/101002-pdf.pdf,https://www.bsee.gov/sites/bsee.gov/files/reports/divisions/101002-pdf.pdf,false,101002-pdf.pdf,,,,101002-pdf,2010-10-02,2010,false,,archive_yymmdd_filename;no_area_block_in_filename,10-02-2010,07:00,G08641,EC/83,Required Evacuation - Fire - Other,1,,,,4d4f278c1ab0017e58bd9d803d54b549ef8b41400298ca44af054fd93eeee070,
district,https://www.bsee.gov/what-we-do/incident-investigations/offshore-incident-investigations/district-investigation-reports/district-investigation-reports-archive,2010,,0,https://www.bsee.gov/sites/bsee.gov/files/reports/divisions/101008-pdf.pdf,https://www.bsee.gov/sites/bsee.gov/files/reports/divisions/101008-pdf.pdf,https://www.bsee.gov/sites/bsee.gov/files/reports/divisions/101008-pdf.pdf,false,101008-pdf.pdf,,,,101008-pdf,2010-10-08,2010,false,,archive_yymmdd_filename;no_area_block_in_filename,10-08-2010,13:00,G02353,HI/110,Required Evacuation - RW/JT (>3 days) - Fire - Other,1,,,,7466eb877c3aad0a8c3927a3d126af9a25b22528f623065263da6cbeafaeb534,
district,https://www.bsee.gov/what-we-do/incident-investigations/offshore-incident-investigations/district-investigation-reports/district-investigation-reports-archive,2010,,0,https://www.bsee.gov/sites/bsee.gov/files/reports/divisions/101018-pdf.pdf,https://www.bsee.gov/sites/bsee.gov/files/reports/divisions/101018-pdf.pdf,https://www.bsee.gov/sites/bsee.gov/files/reports/divisions/101018-pdf.pdf,false,101018-pdf.pdf,,,,101018-pdf,2010-10-18,2010,false,,archive_yymmdd_filename;no_area_block_in_filename,10-18-2010,16:00,G02587,SM/128,Required Evacuation - RW/JT (>3 days) - Other,1,,,,17591ff980abd4df7c403a12e3fa681473bf896a491da8a6da25320295e58876,
district,https://www.bsee.gov/what-we-do/incident-investigations/offshore-incident-investigations/district-investigation-reports/district-investigation-reports-archive,2010,,0,https://www.bsee.gov/sites/bsee.gov/files/reports/divisions/101129-pdf.pdf,https://www.bsee.gov/sites/bsee.gov/files/reports/divisions/101129-pdf.pdf,https://www.bsee.gov/sites/bsee.gov/files/reports/divisions/101129-pdf.pdf,false,101129-pdf.pdf,,,,101129-pdf,2010-11-29,2010,false,,archive_yymmdd_filename;no_area_block_in_filename,11-29-2010,12:45,G02103,EI/257,LTA (>3 days) - Crane - Incident >$25K,1,,,,abadb99e97f24e89034bd6383def54ea1bbf131c3f2944687a0f2486447a3bb9,
district,https://www.bsee.gov/what-we-do/incident-investigations/offshore-incident-investigations/district-investigation-reports,2019,,0,sites/bsee.gov/files/reports//ei-257-cox-operating-08aug19.pdf,https://www.bsee.gov/sites/bsee.gov/files/reports/ei-257-cox-operating-08aug19.pdf,https://www.bsee.gov/sites/bsee.gov/files/reports/ei-257-cox-operating-08aug19.pdf,false,ei-257-cox-operating-08aug19.pdf,EI,257,cox operating,08aug19,2019-08-08,2019,false,,,08-08-2019,09:30,G02103,EI 257,"Injury Required Evacuation, LTA (>3 days)",1,,,,4c0ae85b461052abf120be705a425fcdcc3ea40e3c73aeb3416f76ba0c3cf539,
district,https://www.bsee.gov/what-we-do/incident-investigations/offshore-incident-investigations/district-investigation-reports,2019,,0,sites/bsee.gov/files/reports//ei-53-fieldwood-energy-14-feb-2019.pdf,https://www.bsee.gov/sites/bsee.gov/files/reports/ei-53-fieldwood-energy-14-feb-2019.pdf,https://www.bsee.gov/sites/bsee.gov/files/reports/ei-53-fieldwood-energy-14-feb-2019.pdf,false,ei-53-fieldwood-energy-14-feb-2019.pdf,EI,53,fieldwood energy,14-feb-2019,2019-02-14,2019,false,,,02-14-2019,07:30,00479,EI 53,"Required Evacuation, Fire, Required Muster",1,,,,78d66ebb60dc9a4d71e98af69fc11693a91c74072a29136a7c06c062630417b4,
district,https://www.bsee.gov/what-we-do/incident-investigations/offshore-incident-investigations/district-investigation-reports,2020,,0,sites/bsee.gov/files/reports//ei238-arena-19-jan-2020-redacted.pdf,https://www.bsee.gov/sites/bsee.gov/files/reports/ei238-arena-19-jan-2020-redacted.pdf,https://www.bsee.gov/sites/bsee.gov/files/reports/ei238-arena-19-jan-2020-redacted.pdf,false,ei238-arena-19-jan-2020-redacted.pdf,EI,238,arena,19-jan-2020,2020-01-19,2020,true,,,01-19-2020,14:00,,EI 238,Incident involving IP falling down stairs resulting in evacuation with over 3 days of restricted work,1,,,,7172202687739559179dc1c8e14cc1ddee3e20cd1731c148a498a1b5fef3e2e4,
district,https://www.bsee.gov/what-we-do/incident-investigations/offshore-incident-investigations/district-investigation-reports/district-investigation-reports-archive,2007,,0,https://www.bsee.gov/sites/bsee.gov/files/reports/exploration-and-production/070405-pdf.pdf,https://www.bsee.gov/sites/bsee.gov/files/reports/exploration-and-production/070405-pdf.pdf,https://www.bsee.gov/sites/bsee.gov/files/reports/exploration-and-production/070405-pdf.pdf,false,070405-pdf.pdf,,,,070405-pdf,2007-04-05,2007,false,,archive_yymmdd_filename;no_area_block_in_filename,04-05-2007,18:00,G16641,MC/696,Pollution - Slip Joint Packer failure,1,,,,5daf71865ef9f204342e8e0aa233787b30c7a1bfad81a674e680145299dd2efe,
district,https://www.bsee.gov/what-we-do/incident-investigations/offshore-incident-investigations/district-investigation-reports/district-investigation-reports-archive,2005,,0,https://www.bsee.gov/sites/bsee.gov/files/reports/forms/050411-pdf.pdf,https://www.bsee.gov/sites/bsee.gov/files/reports/forms/050411-pdf.pdf,https://www.bsee.gov/sites/bsee.gov/files/reports/forms/050411-pdf.pdf,false,050411-pdf.pdf,,,,050411-pdf,2005-04-11,2005,false,,archive_yymmdd_filename;no_area_block_in_filename,04-11-2005,03:55,G24954,ST/41,Collision,1,,,,9f16ea37aef2ebe1787fb69d8d68c59f22ecf11f73234dd8d6d3c782a296f36f,
district,https://www.bsee.gov/what-we-do/incident-investigations/offshore-incident-investigations/district-investigation-reports/district-investigation-reports-archive,2006,,0,https://www.bsee.gov/sites/bsee.gov/files/reports/forms/060319-pdf.pdf,https://www.bsee.gov/sites/bsee.gov/files/reports/forms/060319-pdf.pdf,https://www.bsee.gov/sites/bsee.gov/files/reports/forms/060319-pdf.pdf,false,060319-pdf.pdf,,,,060319-pdf,2006-03-19,2006,false,,archive_yymmdd_filename;no_area_block_in_filename,03-19-2006,10:00,G02638,MC/194,H2S Detected Excess of 20ppm,1,,,,f5827f037a95866bc375c9ba835bb8846ca0c11873776f3871be5afb251de0d6,
district,https://www.bsee.gov/what-we-do/incident-investigations/offshore-incident-investigations/district-investigation-reports/district-investigation-reports-archive,2006,,0,https://www.bsee.gov/sites/bsee.gov/files/reports/forms/060616-pdf.pdf,https://www.bsee.gov/sites/bsee.gov/files/reports/forms/060616-pdf.pdf,https://www.bsee.gov/sites/bsee.gov/files/reports/forms/060616-pdf.pdf,false,060616-pdf.pdf,,,,060616-pdf,2006-06-16,2006,false,,archive_yymmdd_filename;no_area_block_in_filename,06-16-2006,08:30,G22688,EI/391,Crane Incident,1,,,,5fc69d6fc88ca114d164652acac7e56a214248f3f720f53e75b9b725698a5f40,
district,https://www.bsee.gov/what-we-do/incident-investigations/offshore-incident-investigations/district-investigation-reports/district-investigation-reports-archive,2006,,0,https://www.bsee.gov/sites/bsee.gov/files/reports/forms/060730-pdf.pdf,https://www.bsee.gov/sites/bsee.gov/files/reports/forms/060730-pdf.pdf,https://www.bsee.gov/sites/bsee.gov/files/reports/forms/060730-pdf.pdf,false,060730-pdf.pdf,,,,060730-pdf,2006-07-30,2006,false,,archive_yymmdd_filename;no_area_block_in_filename,07-30-2006,14:45,G03998,SS/182,Structural Damage,1,,,,28f382475fa540c619743a5eb0948c052ab0efbd7f1dce2a6df3eaccb4b05d53,
district,https://www.bsee.gov/what-we-do/incident-investigations/offshore-incident-investigations/district-investigation-reports/district-investigation-reports-archive,2007,,0,https://www.bsee.gov/sites/bsee.gov/files/reports/forms/070126a-pdf.pdf,https://www.bsee.gov/sites/bsee.gov/files/reports/forms/070126a-pdf.pdf,https://www.bsee.gov/sites/bsee.gov/files/reports/forms/070126a-pdf.pdf,false,070126a-pdf.pdf,,,,070126a-pdf,2007-01-26,2007,false,,archive_yymmdd_filename;no_area_block_in_filename,01-26-2007,08:00,G26226,EW/948,Required Evacuation LTA > 3 days,1,,,,6fcf2cd36adf28a0dbd412ebad8a5609b7b93bf561ad3502c2a8d75c28e0e709,
district,https://www.bsee.gov/what-we-do/incident-investigations/offshore-incident-investigations/district-investigation-reports/district-investigation-reports-archive,2007,,0,https://www.bsee.gov/sites/bsee.gov/files/reports/forms/070210-pdf.pdf,https://www.bsee.gov/sites/bsee.gov/files/reports/forms/070210-pdf.pdf,https://www.bsee.gov/sites/bsee.gov/files/reports/forms/070210-pdf.pdf,false,070210-pdf.pdf,,,,070210-pdf,2007-02-10,2007,false,,archive_yymmdd_filename;no_area_block_in_filename,02-10-2007,12:00,G14159,HI/154,Fire,1,,,,4fd5cc556ca5615ecaebf2c72799dbe83eb50ff5d151d204d40a2732b3a881fa,
district,https://www.bsee.gov/what-we-do/incident-investigations/offshore-incident-investigations/district-investigation-reports/district-investigation-reports-archive,2007,,0,https://www.bsee.gov/sites/bsee.gov/files/reports/forms/070330a-pdf.pdf,https://www.bsee.gov/sites/bsee.gov/files/reports/forms/070330a-pdf.pdf,https://www.bsee.gov/sites/bsee.gov/files/reports/forms/070330a-pdf.pdf,false,070330a-pdf.pdf,,,,070330a-pdf,2007-03-30,2007,false,,archive_yymmdd_filename;no_area_block_in_filename,03-30-2007,09:00,G24954,ST/41,Required Evacuation - RW/JT (>3 days) - Rough sea conditions,1,,,,30f39e2e1c8b72e3260e942ef6aa8cc6d5a4178d170f17d8ba97b233a8ec65c0,
district,https://www.bsee.gov/what-we-do/incident-investigations/offshore-incident-investigations/district-investigation-reports/district-investigation-reports-archive,2007,,0,https://www.bsee.gov/sites/bsee.gov/files/reports/forms/070401-pdf.pdf,https://www.bsee.gov/sites/bsee.gov/files/reports/forms/070401-pdf.pdf,https://www.bsee.gov/sites/bsee.gov/files/reports/forms/070401-pdf.pdf,false,070401-pdf.pdf,,,,070401-pdf,2007-04-01,2007,false,,archive_yymmdd_filename;no_area_block_in_filename,04-01-2007,16:45,G12024,ST/193,Required Evacuation - LTA (>3 days) - Laceration from sawzall blade,1,,,,2340510d2c52df4c938145bbf60704d95c949f19514085b348e528bc8ed7e873,
district,https://www.bsee.gov/what-we-do/incident-investigations/offshore-incident-investigations/district-investigation-reports/district-investigation-reports-archive,2007,,0,https://www.bsee.gov/sites/bsee.gov/files/reports/forms/071030-pdf.pdf,https://www.bsee.gov/sites/bsee.gov/files/reports/forms/071030-pdf.pdf,https://www.bsee.gov/sites/bsee.gov/files/reports/forms/071030-pdf.pdf,false,071030-pdf.pdf,,,,071030-pdf,2007-10-30,2007,false,,archive_yymmdd_filename;no_area_block_in_filename,10-30-2007,14:00,00138,WD/45,Required Evacuation - RW/JT (>3 days),1,,,,58130afe1bb083f4db02ae8c0a6f47131e7d4c1d1a8b840a8e44081920970db3,
district,https://www.bsee.gov/what-we-do/incident-investigations/offshore-incident-investigations/district-investigation-reports/district-investigation-reports-archive,2007,,0,https://www.bsee.gov/sites/bsee.gov/files/reports/forms/071210-pdf.pdf,https://www.bsee.gov/sites/bsee.gov/files/reports/forms/071210-pdf.pdf,https://www.bsee.gov/sites/bsee.gov/files/reports/forms/071210-pdf.pdf,false,071210-pdf.pdf,,,,071210-pdf,2007-12-10,2007,false,,archive_yymmdd_filename;no_area_block_in_filename,12-10-2007,23:30,00127,GI/39,Collision - Structural Damage - Toppled Platform,1,,,,9c1f73caa93f66dbf557d729e803df6e5bee1875ae0557a36c559536a4a22680,
district,https://www.bsee.gov/what-we-do/incident-investigations/offshore-incident-investigations/district-investigation-reports/district-investigation-reports-archive,2007,,0,https://www.bsee.gov/sites/bsee.gov/files/reports/forms/071211-pdf.pdf,https://www.bsee.gov/sites/bsee.gov/files/reports/forms/071211-pdf.pdf,https://www.bsee.gov/sites/bsee.gov/files/reports/forms/071211-pdf.pdf,false,071211-pdf.pdf,,,,071211-pdf,2007-12-11,2007,false,,archive_yymmdd_filename;no_area_block_in_filename,12-11-2007,05:40,G03338,MP/44,Collision,1,,,,72965592bf8cb073ec5f19fc8bff6fa812285f983209dbb5215b447a71831bca,
district,https://www.bsee.gov/what-we-do/incident-investigations/offshore-incident-investigations/district-investigation-reports/district-investigation-reports-archive,2007,,0,https://www.bsee.gov/sites/bsee.gov/files/reports/forms/071229-pdf.pdf,https://www.bsee.gov/sites/bsee.gov/files/reports/forms/071229-pdf.pdf,https://www.bsee.gov/sites/bsee.gov/files/reports/forms/071229-pdf.pdf,false,071229-pdf.pdf,,,,071229-pdf,2007-12-29,2007,false,,archive_yymmdd_filename;no_area_block_in_filename,12-29-2007,14:10,G07846,MO/914,LTA (>3 days) Equipment Failure,1,,,,99d5bfe38c0d2404457849f391d3495a0abd555325038bdfe5e5f9ec69fb692a,
district,https://www.bsee.gov/what-we-do/incident-investigations/offshore-incident-investigations/district-investigation-reports,2018,,0,sites/bsee.gov/files/reports//gb-161-mcmoran-14-mar-2018.pdf,https://www.bsee.gov/sites/bsee.gov/files/reports/gb-161-mcmoran-14-mar-2018.pdf,https://www.bsee.gov/sites/bsee.gov/files/reports/gb-161-mcmoran-14-mar-2018.pdf,false,gb-161-mcmoran-14-mar-2018.pdf,GB,161,mcmoran,14-mar-2018,2018-03-14,2018,false,,,03-14-2018,16:40,G13367,GB 161,Injury Requiring Evacuation / LTA (>3 days) / Other Lifting Device,1,,,,65e156cb45441eee24e46f24fde90c5156e648499975d28e59ca52629088b772,
district,https://www.bsee.gov/what-we-do/incident-investigations/offshore-incident-investigations/district-investigation-reports,2020,,0,sites/bsee.gov/files/reports//gb128-2feb2020-shell-2010-7july2020-redacted.pdf,https://www.bsee.gov/sites/bsee.gov/files/reports/gb128-2feb2020-shell-2010-7july2020-redacted.pdf,https://www.bsee.gov/sites/bsee.gov/files/reports/gb128-2feb2020-shell-2010-7july2020-redacted.pdf,false,gb128-2feb2020-shell-2010-7july2020-redacted.pdf,GB,128,shell 7july2020,2feb2020,2020-02-02,2020,true,,multiple_date_tokens:2,02-02-2020,16:00,G11455,GB 128,Sandblasting incident,1,,,,bf45bff8b88c35151c370087354574dc2d2bc55d07d68e13a096e4624e8c5f05,
district,https://www.bsee.gov/what-we-do/incident-investigations/offshore-incident-investigations/district-investigation-reports,2018,,0,sites/bsee.gov/files/reports//hi-22-wt-offshore-11-apr-2018.pdf,https://www.bsee.gov/sites/bsee.gov/files/reports/hi-22-wt-offshore-11-apr-2018.pdf,https://www.bsee.gov/sites/bsee.gov/files/reports/hi-22-wt-offshore-11-apr-2018.pdf,false,hi-22-wt-offshore-11-apr-2018.pdf,HI,22,wt offshore,11-apr-2018,2018-04-11,2018,false,,,04-11-2018,17:15,G05006,HI 22,Injury Requiring Evacuation / RW/JT (>3 days) / Fire,1,,,,37e7e05b3db099f04c7cab3ff1e6eaed87264f49e984d160ec0c26334889e366,
district,https://www.bsee.gov/what-we-do/incident-investigations/offshore-incident-investigations/district-investigation-reports/district-investigation-reports-archive,2010,,0,https://www.bsee.gov/sites/bsee.gov/files/reports/human-factors/101201-pdf.pdf,https://www.bsee.gov/sites/bsee.gov/files/reports/human-factors/101201-pdf.pdf,https://www.bsee.gov/sites/bsee.gov/files/reports/human-factors/101201-pdf.pdf,false,101201-pdf.pdf,,,,101201-pdf,2010-12-01,2010,false,,archive_yymmdd_filename;no_area_block_in_filename,12-01-2010,00:55,G05825,MC/109,Pollution - Other,1,,,,29809623ff7fe673a99cceb45840bf897a2a9b87c71d61813b60cc9c1e452798,
district,https://www.bsee.gov/what-we-do/incident-investigations/offshore-incident-investigations/district-investigation-reports/district-investigation-reports-archive,2012,,0,https://www.bsee.gov/sites/bsee.gov/files/reports/incident-and-investigations/03-oct-2012-p00240.pdf,https://www.bsee.gov/sites/bsee.gov/files/reports/incident-and-investigations/03-oct-2012-p00240.pdf,https://www.bsee.gov/sites/bsee.gov/files/reports/incident-and-investigations/03-oct-2012-p00240.pdf,false,03-oct-2012-p00240.pdf,,,p00240,03-oct-2012,2012-10-03,2012,false,,no_area_block_in_filename,10-03-2012,17:00,P00240,LA/6659,LTA (>3 days) Required Evacuation,1,,,,974899945ccee32161a3686ab945a165d71e8c20b567bb41198be22bbcf87793,
district,https://www.bsee.gov/what-we-do/incident-investigations/offshore-incident-investigations/district-investigation-reports/district-investigation-reports-archive,2005,,0,https://www.bsee.gov/sites/bsee.gov/files/reports/incident-and-investigations/050721a-pdf.pdf,https://www.bsee.gov/sites/bsee.gov/files/reports/incident-and-investigations/050721a-pdf.pdf,https://www.bsee.gov/sites/bsee.gov/files/reports/incident-and-investigations/050721a-pdf.pdf,false,050721a-pdf.pdf,,,,050721a-pdf,2005-07-21,2005,false,,archive_yymmdd_filename;no_area_block_in_filename,07-21-2005,16:00,G02037,EC/222,Injury,2,,,,90a203017f7019fa96ad7d2ef2e6065509e0b7329ec35065d364b0bde2f836ac,
district,https://www.bsee.gov/what-we-do/incident-investigations/offshore-incident-investigations/district-investigation-reports/district-investigation-reports-archive,2006,,0,https://www.bsee.gov/sites/bsee.gov/files/reports/incident-and-investigations/060815b-pdf.pdf,https://www.bsee.gov/sites/bsee.gov/files/reports/incident-and-investigations/060815b-pdf.pdf,https://www.bsee.gov/sites/bsee.gov/files/reports/incident-and-investigations/060815b-pdf.pdf,false,060815b-pdf.pdf,,,,060815b-pdf,2006-08-15,2006,false,,archive_yymmdd_filename;no_area_block_in_filename,08-15-2006,17:45,00133,GI/47,Pollution,1,,,,4dd9ced7596e4f23f0f6d17760cc04636fc8d47ea5a31063f97d1796554e686d,
district,https://www.bsee.gov/what-we-do/incident-investigations/offshore-incident-investigations/district-investigation-reports/district-investigation-reports-archive,2007,,0,https://www.bsee.gov/sites/bsee.gov/files/reports/incident-and-investigations/071104-pdf.pdf,https://www.bsee.gov/sites/bsee.gov/files/reports/incident-and-investigations/071104-pdf.pdf,https://www.bsee.gov/sites/bsee.gov/files/reports/incident-and-investigations/071104-pdf.pdf,false,071104-pdf.pdf,,,,071104-pdf,2007-11-04,2007,false,,archive_yymmdd_filename;no_area_block_in_filename,11-04-2007,16:15,,GB/260,Required Evacuation - LTA (>3 days) - Crane - Other Lifting Device,1,,,,8b84bf33ff67d56c4e35f7984f2676d767a0a5fe94530ec760eb23c313f867fd,
district,https://www.bsee.gov/what-we-do/incident-investigations/offshore-incident-investigations/district-investigation-reports/district-investigation-reports-archive,2010,,0,https://www.bsee.gov/sites/bsee.gov/files/reports/incident-and-investigations/100116-pdf.pdf,https://www.bsee.gov/sites/bsee.gov/files/reports/incident-and-investigations/100116-pdf.pdf,https://www.bsee.gov/sites/bsee.gov/files/reports/incident-and-investigations/100116-pdf.pdf,false,100116-pdf.pdf,,,,100116-pdf,2010-01-16,2010,false,,archive_yymmdd_filename;no_area_block_in_filename,01-16-2010,14:15,00829,SS/219,Fire,1,,,,84a5c8b6162588397768e33b46065aad025cd1a20d2ef2564c6f123f5d5be263,
district,https://www.bsee.gov/what-we-do/incident-investigations/offshore-incident-investigations/district-investigation-reports/district-investigation-reports-archive,2010,,0,https://www.bsee.gov/sites/bsee.gov/files/reports/incident-and-investigations/100116b-pdf.pdf,https://www.bsee.gov/sites/bsee.gov/files/reports/incident-and-investigations/100116b-pdf.pdf,https://www.bsee.gov/sites/bsee.gov/files/reports/incident-and-investigations/100116b-pdf.pdf,false,100116b-pdf.pdf,,,,100116b-pdf,2010-01-16,2010,false,,archive_yymmdd_filename;no_area_block_in_filename,01-16-2010,13:00,G02193,MP/140,Required Evacuation - Fire,1,,,,2e1d12dcec115b03617d33e68b2e088311764c8a8880c81f6c001511d8e50ee1,
district,https://www.bsee.gov/what-we-do/incident-investigations/offshore-incident-investigations/district-investigation-reports/district-investigation-reports-archive,2010,,0,https://www.bsee.gov/sites/bsee.gov/files/reports/incident-and-investigations/100123-pdf.pdf,https://www.bsee.gov/sites/bsee.gov/files/reports/incident-and-investigations/100123-pdf.pdf,https://www.bsee.gov/sites/bsee.gov/files/reports/incident-and-investigations/100123-pdf.pdf,false,100123-pdf.pdf,,,,100123-pdf,2010-01-23,2010,false,,archive_yymmdd_filename;no_area_block_in_filename,01-23-2010,21:45,G11043,GC/244,Pollution,1,,,,8e3ff3a0f97e82d0b185a2ccd39028c61c29e4edf5da3d5875432ca1b2a0785e,
district,https://www.bsee.gov/what-we-do/incident-investigations/offshore-incident-investigations/district-investigation-reports/district-investigation-reports-archive,2010,,0,https://www.bsee.gov/sites/bsee.gov/files/reports/incident-and-investigations/100227-pdf.pdf,https://www.bsee.gov/sites/bsee.gov/files/reports/incident-and-investigations/100227-pdf.pdf,https://www.bsee.gov/sites/bsee.gov/files/reports/incident-and-investigations/100227-pdf.pdf,false,100227-pdf.pdf,,,,100227-pdf,2010-02-27,2010,false,,archive_yymmdd_filename;no_area_block_in_filename,02-27-2010,21:40,G31753,GC/817,Fire - Required Muster,1,,,,68b39b0804df790f0a7d7a31a627f1cf946932930d52913028b7b0c7fd46edd2,
district,https://www.bsee.gov/what-we-do/incident-investigations/offshore-incident-investigations/district-investigation-reports/district-investigation-reports-archive,2012,,0,https://www.bsee.gov/sites/bsee.gov/files/reports/incident-and-investigations/4mar2012-energyxxi-gi22.pdf,https://www.bsee.gov/sites/bsee.gov/files/reports/incident-and-investigations/4mar2012-energyxxi-gi22.pdf,https://www.bsee.gov/sites/bsee.gov/files/reports/incident-and-investigations/4mar2012-energyxxi-gi22.pdf,false,4mar2012-energyxxi-gi22.pdf,GI,22,energyxxi,4mar2012,2012-03-04,2012,false,,,03-04-2012,19:00,00031,GI/22,Crane,1,,,,50457e6f63ba584394760822f1e29530f4c3d0a0ceb2f607f6dd5b4eed00649e,
district,https://www.bsee.gov/what-we-do/incident-investigations/offshore-incident-investigations/district-investigation-reports,2015,,0,/sites/bsee.gov/files/reports/incident-and-investigations/ac-475-conoco-phillips-13-dec-2015.pdf,https://www.bsee.gov/sites/bsee.gov/files/reports/incident-and-investigations/ac-475-conoco-phillips-13-dec-2015.pdf,https://www.bsee.gov/sites/bsee.gov/files/reports/incident-and-investigations/ac-475-conoco-phillips-13-dec-2015.pdf,false,ac-475-conoco-phillips-13-dec-2015.pdf,AC,475,conoco phillips,13-dec-2015,2015-12-13,2015,false,,,12-13-2015,16:37,G35137,AC 475,Fire – Required Muster,1,,,,d6449e5bbbde42011825c3aba3e161fbfc84b708bc7d839f8efabed78d913495,
district,https://www.bsee.gov/what-we-do/incident-investigations/offshore-incident-investigations/district-investigation-reports,2016,,0,/sites/bsee.gov/files/reports/incident-and-investigations/ac-857-shell-offshore-06-feb-2016.pdf,https://www.bsee.gov/sites/bsee.gov/files/reports/incident-and-investigations/ac-857-shell-offshore-06-feb-2016.pdf,https://www.bsee.gov/sites/bsee.gov/files/reports/incident-and-investigations/ac-857-shell-offshore-06-feb-2016.pdf,false,ac-857-shell-offshore-06-feb-2016.pdf,AC,857,shell offshore,06-feb-2016,2016-02-06,2016,false,,,02-06-2016,18:15,G17565,AC 857,LTA (1-3 days) - RW/JT (> 3 days),1,,,,ba092e2d5a5e056e1e899ed9c6c5862f173ab5747edf38cb009858844519d935,
district,https://www.bsee.gov/what-we-do/incident-investigations/offshore-incident-investigations/district-investigation-reports,2016,,0,/sites/bsee.gov/files/reports/incident-and-investigations/ac-857-shell-offshore-08-feb-2016.pdf,https://www.bsee.gov/sites/bsee.gov/files/reports/incident-and-investigations/ac-857-shell-offshore-08-feb-2016.pdf,https://www.bsee.gov/sites/bsee.gov/files/reports/incident-and-investigations/ac-857-shell-offshore-08-feb-2016.pdf,false,ac-857-shell-offshore-08-feb-2016.pdf,AC,857,shell offshore,08-feb-2016,2016-02-08,2016,false,,,02-08-2016,13:15,G17565,AC 857,Required Evacuation – LTA (1-3 days),1,,,,a2e9da976b8c9a07a96d4af138228771b2f02228f6e65a1690884d9cb8acf6d7,
district,https://www.bsee.gov/what-we-do/incident-investigations/offshore-incident-investigations/district-investigation-reports,2015,,0,/sites/bsee.gov/files/reports/incident-and-investigations/ac-857-shell-offshore-12-nov-2015.pdf,https://www.bsee.gov/sites/bsee.gov/files/reports/incident-and-investigations/ac-857-shell-offshore-12-nov-2015.pdf,https://www.bsee.gov/sites/bsee.gov/files/reports/incident-and-investigations/ac-857-shell-offshore-12-nov-2015.pdf,false,ac-857-shell-offshore-12-nov-2015.pdf,AC,857,shell offshore,12-nov-2015,2015-11-12,2015,false,,,11-12-2015,01:00,G17565,AC 857,Other Lifting Device - Incident > $25K,1,,,,96535433fe332f67b662a2639064c57881ea52b6717b6326376c235b89381b73,
district,https://www.bsee.gov/what-we-do/incident-investigations/offshore-incident-investigations/district-investigation-reports,2015,,0,/sites/bsee.gov/files/reports/incident-and-investigations/eb-160-fieldwood-03-nov-2015.pdf,https://www.bsee.gov/sites/bsee.gov/files/reports/incident-and-investigations/eb-160-fieldwood-03-nov-2015.pdf,https://www.bsee.gov/sites/bsee.gov/files/reports/incident-and-investigations/eb-160-fieldwood-03-nov-2015.pdf,false,eb-160-fieldwood-03-nov-2015.pdf,EB,160,fieldwood,03-nov-2015,2015-11-03,2015,false,,,11-03-2015,16:40,G02647,EB 160,RW/JT (1-3 days) - Required Evacuation- Human Error,1,,,,176ec18842c34049cae8b0e5f09d75b28eb4ea9a5532c1e256819775b099af38,
district,https://www.bsee.gov/what-we-do/incident-investigations/offshore-incident-investigations/district-investigation-reports,2015,,0,/sites/bsee.gov/files/reports/incident-and-investigations/eb-165-a-fieldwood-09-may-2015.pdf,https://www.bsee.gov/sites/bsee.gov/files/reports/incident-and-investigations/eb-165-a-fieldwood-09-may-2015.pdf,https://www.bsee.gov/sites/bsee.gov/files/reports/incident-and-investigations/eb-165-a-fieldwood-09-may-2015.pdf,false,eb-165-a-fieldwood-09-may-2015.pdf,EB,165 A,fieldwood,09-may-2015,2015-05-09,2015,false,,,05-09-2015,17:30,G06280,EB 165 A,Shutdown from Gas Release / Fire / Incident >$25K /Required Muster,1,,,,7dba26be069b0f4786bc9c5c03be1df15890e7e000d0620d42a6ab8f5e26da67,
district,https://www.bsee.gov/what-we-do/incident-investigations/offshore-incident-investigations/district-investigation-reports,2016,,0,/sites/bsee.gov/files/reports/incident-and-investigations/eb-165-a-fieldwood-sd-offshore-24-jan-2016.pdf,https://www.bsee.gov/sites/bsee.gov/files/reports/incident-and-investigations/eb-165-a-fieldwood-sd-offshore-24-jan-2016.pdf,https://www.bsee.gov/sites/bsee.gov/files/reports/incident-and-investigations/eb-165-a-fieldwood-sd-offshore-24-jan-2016.pdf,false,eb-165-a-fieldwood-sd-offshore-24-jan-2016.pdf,EB,165 A,fieldwood sd offshore,24-jan-2016,2016-01-24,2016,false,,,01-24-2016,17:00,G06280,EB 165 A,Required Evacuation – RW/JT (>3 days),1,,,,4ab352655e31db241ef95e78c53e0b897de50015558225fcef4549e349b05316,
district,https://www.bsee.gov/what-we-do/incident-investigations/offshore-incident-investigations/district-investigation-reports,2015,,0,/sites/bsee.gov/files/reports/incident-and-investigations/eb-602-a-anadarko-petroleum-21-mar-2015.pdf,https://www.bsee.gov/sites/bsee.gov/files/reports/incident-and-investigations/eb-602-a-anadarko-petroleum-21-mar-2015.pdf,https://www.bsee.gov/sites/bsee.gov/files/reports/incident-and-investigations/eb-602-a-anadarko-petroleum-21-mar-2015.pdf,false,eb-602-a-anadarko-petroleum-21-mar-2015.pdf,EB,602 A,anadarko petroleum,21-mar-2015,2015-03-21,2015,false,,,03-21-2015,15:00,G14205,EB 602 A,Required Evacuation / LTA (>3 days) / Human Error,1,,,,303669e94a5bde64d5d1070758db82b95b58710dd8deac5f35152ad4cf24728f,
district,https://www.bsee.gov/what-we-do/incident-investigations/offshore-incident-investigations/district-investigation-reports,2015,,0,/sites/bsee.gov/files/reports/incident-and-investigations/eb-602-anadarko-10-jan-2015.pdf,https://www.bsee.gov/sites/bsee.gov/files/reports/incident-and-investigations/eb-602-anadarko-10-jan-2015.pdf,https://www.bsee.gov/sites/bsee.gov/files/reports/incident-and-investigations/eb-602-anadarko-10-jan-2015.pdf,false,eb-602-anadarko-10-jan-2015.pdf,EB,602,anadarko,10-jan-2015,2015-01-10,2015,false,,,01-10-2015,11:00,G14205,EB 602,Required Evacuation / RW/JT (>3 days) /Human Error,1,,,,2930a93764205abb3edc06c98ba3d432b52339970de43c0d537a7c9115d65ab0,
district,https://www.bsee.gov/what-we-do/incident-investigations/offshore-incident-investigations/district-investigation-reports,2015,,0,/sites/bsee.gov/files/reports/incident-and-investigations/eb-643-anadarko-21-sep-2015.pdf,https://www.bsee.gov/sites/bsee.gov/files/reports/incident-and-investigations/eb-643-anadarko-21-sep-2015.pdf,https://www.bsee.gov/sites/bsee.gov/files/reports/incident-and-investigations/eb-643-anadarko-21-sep-2015.pdf,false,eb-643-anadarko-21-sep-2015.pdf,EB,643,anadarko,21-sep-2015,2015-09-21,2015,false,,,09-21-2015,17:47,G09184,EB 643,Other Lifting Device,1,,,,5754f7d395a4358dddabc9ea3a792733cc3a49f0462dce526e5d6bf04dcaf500,
district,https://www.bsee.gov/what-we-do/incident-investigations/offshore-incident-investigations/district-investigation-reports,2015,,0,/sites/bsee.gov/files/reports/incident-and-investigations/ec-346-energy-resources-technology-21-feb-2015.pdf,https://www.bsee.gov/sites/bsee.gov/files/reports/incident-and-investigations/ec-346-energy-resources-technology-21-feb-2015.pdf,https://www.bsee.gov/sites/bsee.gov/files/reports/incident-and-investigations/ec-346-energy-resources-technology-21-feb-2015.pdf,false,ec-346-energy-resources-technology-21-feb-2015.pdf,EC,346,energy resources technology,21-feb-2015,2015-02-21,2015,false,,,02-21-2015,04:00,G06655,EC 346 A,Required Evacuation / RW/JT (>3 days) / Human Error,1,,,,d3cf980cab55281e7388d8deca27dca02423d65e7f6e12bd17677d968e504223,
district,https://www.bsee.gov/what-we-do/incident-investigations/offshore-incident-investigations/district-investigation-reports,2015,,0,/sites/bsee.gov/files/reports/incident-and-investigations/ei-259c-epl-06-apr-2015.pdf,https://www.bsee.gov/sites/bsee.gov/files/reports/incident-and-investigations/ei-259c-epl-06-apr-2015.pdf,https://www.bsee.gov/sites/bsee.gov/files/reports/incident-and-investigations/ei-259c-epl-06-apr-2015.pdf,false,ei-259c-epl-06-apr-2015.pdf,EI,259C,epl,06-apr-2015,2015-04-06,2015,false,,,04-06-2015,06:30,G00985,EI 259 C,Other Injury / Failed to report to Lessee / Human Error,1,,,,af63518a56ac2b65050b83c5397fd26063dcb02a2272c972c7e8ee9ffd34ab54,
district,https://www.bsee.gov/what-we-do/incident-investigations/offshore-incident-investigations/district-investigation-reports,2016,,0,/sites/bsee.gov/files/reports/incident-and-investigations/ei-314-arena-18-jan-2016.pdf,https://www.bsee.gov/sites/bsee.gov/files/reports/incident-and-investigations/ei-314-arena-18-jan-2016.pdf,https://www.bsee.gov/sites/bsee.gov/files/reports/incident-and-investigations/ei-314-arena-18-jan-2016.pdf,false,ei-314-arena-18-jan-2016.pdf,EI,314,arena,18-jan-2016,2016-01-18,2016,false,,,01-18-2016,21:38,G02111,EI 314,RW/JT (>3 days) / Required Evacuation/ Human Error,1,,,,3910b4e2c3667898d3306790e119a0c0095f644805ec54046076b41d113e2d29,
district,https://www.bsee.gov/what-we-do/incident-investigations/offshore-incident-investigations/district-investigation-reports,2015,,0,/sites/bsee.gov/files/reports/incident-and-investigations/ew-910a-h-and-p-11-mar-2015.pdf,https://www.bsee.gov/sites/bsee.gov/files/reports/incident-and-investigations/ew-910a-h-and-p-11-mar-2015.pdf,https://www.bsee.gov/sites/bsee.gov/files/reports/incident-and-investigations/ew-910a-h-and-p-11-mar-2015.pdf,false,ew-910a-h-and-p-11-mar-2015.pdf,EW,910A H,and p,11-mar-2015,2015-03-11,2015,false,,,03-11-2015,09:00,G13079,EW 910A,Drilling / Equipment Failure,1,,,,613615701203084e9bfc7acfa3ade0c0fc054caacefb3c10c3b2a10f47f62fea,
district,https://www.bsee.gov/what-we-do/incident-investigations/offshore-incident-investigations/district-investigation-reports/district-investigation-reports-archive,2011,,0,https://www.bsee.gov/sites/bsee.gov/files/reports/incident-and-investigations/exxonmobil-wd-73a-06-january-2011.pdf,https://www.bsee.gov/sites/bsee.gov/files/reports/incident-and-investigations/exxonmobil-wd-73a-06-january-2011.pdf,https://www.bsee.gov/sites/bsee.gov/files/reports/incident-and-investigations/exxonmobil-wd-73a-06-january-2011.pdf,false,exxonmobil-wd-73a-06-january-2011.pdf,WD,73A,exxonmobil,06-january-2011,2011-01-06,2011,false,,,01-06-2011,09:15,G01083,WD/73,Pollution - Other,1,,,,b07f4a92c09f3f11d2076cd7da14677367e9d541be2d8850a2d2f30079414c19,
district,https://www.bsee.gov/what-we-do/incident-investigations/offshore-incident-investigations/district-investigation-reports,2015,,0,/sites/bsee.gov/files/reports/incident-and-investigations/gb-172-b-shell-offshore-29-jun-2015.pdf,https://www.bsee.gov/sites/bsee.gov/files/reports/incident-and-investigations/gb-172-b-shell-offshore-29-jun-2015.pdf,https://www.bsee.gov/sites/bsee.gov/files/reports/incident-and-investigations/gb-172-b-shell-offshore-29-jun-2015.pdf,false,gb-172-b-shell-offshore-29-jun-2015.pdf,GB,172 B,shell offshore,29-jun-2015,2015-06-29,2015,false,,,06-29-2015,12:00,G14221,GB 172 B,RW/JT (>3 days) / Required Evacuation,1,,,,42130b62cfe76a36c8ce8960c0c23bec959f0864354e3e8b58885e469d7bfd36,
district,https://www.bsee.gov/what-we-do/incident-investigations/offshore-incident-investigations/district-investigation-reports/district-investigation-reports-archive,2012,,0,https://www.bsee.gov/sites/bsee.gov/files/reports/incident-and-investigations/gb-386-hess-8-december-2012-1.pdf,https://www.bsee.gov/sites/bsee.gov/files/reports/incident-and-investigations/gb-386-hess-8-december-2012-1.pdf,https://www.bsee.gov/sites/bsee.gov/files/reports/incident-and-investigations/gb-386-hess-8-december-2012-1.pdf,false,gb-386-hess-8-december-2012-1.pdf,GB,386,hess,8-december-2012,2012-12-08,2012,false,,,12-08-2012,03:00,G10350,GB/386,Pollution,1,,,,85da5f21c1d2b949369f0960a7b14bde34b9e5104a04fd91d31d45dea27436c1,
district,https://www.bsee.gov/what-we-do/incident-investigations/offshore-incident-investigations/district-investigation-reports,2015,,0,/sites/bsee.gov/files/reports/incident-and-investigations/gb-958-cobalt-rowan-reliance-23-mar-2015.pdf,https://www.bsee.gov/sites/bsee.gov/files/reports/incident-and-investigations/gb-958-cobalt-rowan-reliance-23-mar-2015.pdf,https://www.bsee.gov/sites/bsee.gov/files/reports/incident-and-investigations/gb-958-cobalt-rowan-reliance-23-mar-2015.pdf,false,gb-958-cobalt-rowan-reliance-23-mar-2015.pdf,GB,958,cobalt rowan reliance,23-mar-2015,2015-03-23,2015,false,,,03-23-2015,05:05,G32460,GB 958,Pollution,1,,,,0ec6c198ef84d4d0a2d0bbc2995f8429833714c09903736326252f271ae0ec2e,
district,https://www.bsee.gov/what-we-do/incident-investigations/offshore-incident-investigations/district-investigation-reports,2015,,0,/sites/bsee.gov/files/reports/incident-and-investigations/gb-978-chevron-28-oct-2015.pdf,https://www.bsee.gov/sites/bsee.gov/files/reports/incident-and-investigations/gb-978-chevron-28-oct-2015.pdf,https://www.bsee.gov/sites/bsee.gov/files/reports/incident-and-investigations/gb-978-chevron-28-oct-2015.pdf,false,gb-978-chevron-28-oct-2015.pdf,GB,978,chevron,28-oct-2015,2015-10-28,2015,false,,,10-28-2015,02:55,G26693,GB 978,Required Evacuation - LTA (> 3 days),1,,,,d12d8d5925587cc9ab394fad323c0ce092b4bec8bd6669bbe41c7a598d61d195,
district,https://www.bsee.gov/what-we-do/incident-investigations/offshore-incident-investigations/district-investigation-reports,2015,,0,/sites/bsee.gov/files/reports/incident-and-investigations/gc-338a-murphy-exploration-and-production-16-oct-2015.pdf,https://www.bsee.gov/sites/bsee.gov/files/reports/incident-and-investigations/gc-338a-murphy-exploration-and-production-16-oct-2015.pdf,https://www.bsee.gov/sites/bsee.gov/files/reports/incident-and-investigations/gc-338a-murphy-exploration-and-production-16-oct-2015.pdf,false,gc-338a-murphy-exploration-and-production-16-oct-2015.pdf,GC,338A,murphy exploration and production,16-oct-2015,2015-10-16,2015,false,,,10-16-2015,20:15,G21790,GC 338A,Required Evacuation / Pollution / Equipment Failure,1,,,,713114dd1c056528e4110828adcd72f2f7e6861dd47d16f501b433186a77f5d5,
district,https://www.bsee.gov/what-we-do/incident-investigations/offshore-incident-investigations/district-investigation-reports/district-investigation-reports-archive,2012,,0,https://www.bsee.gov/sites/bsee.gov/files/reports/incident-and-investigations/gc-36-statoil-10-oct-2012.pdf,https://www.bsee.gov/sites/bsee.gov/files/reports/incident-and-investigations/gc-36-statoil-10-oct-2012.pdf,https://www.bsee.gov/sites/bsee.gov/files/reports/incident-and-investigations/gc-36-statoil-10-oct-2012.pdf,false,gc-36-statoil-10-oct-2012.pdf,GC,36,statoil,10-oct-2012,2012-10-10,2012,false,,,10-10-2012,21:00,G26287,GC/36,Other Lifting Device (Pipe Racking System) / Incident >$25K,1,,,,a16e920204eccd3c9dc56428f5df9ab08dfbd633ae1479ce419dfcf92273c3eb,
district,https://www.bsee.gov/what-we-do/incident-investigations/offshore-incident-investigations/district-investigation-reports,2016,,0,/sites/bsee.gov/files/reports/incident-and-investigations/gc-512-hess-02-jan-2016.pdf,https://www.bsee.gov/sites/bsee.gov/files/reports/incident-and-investigations/gc-512-hess-02-jan-2016.pdf,https://www.bsee.gov/sites/bsee.gov/files/reports/incident-and-investigations/gc-512-hess-02-jan-2016.pdf,false,gc-512-hess-02-jan-2016.pdf,GC,512,hess,02-jan-2016,2016-01-02,2016,false,,,01-02-2016,09:10,G26315,GC 512,Other (Dropped Object),1,,,,9941e1626cf79845a24e9535969eb3c962680e4a9a74224a8ce6903a8e1c8b97,
district,https://www.bsee.gov/what-we-do/incident-investigations/offshore-incident-investigations/district-investigation-reports,2015,,0,/sites/bsee.gov/files/reports/incident-and-investigations/gc-610-bhp-billiton-18-jan-2015.pdf,https://www.bsee.gov/sites/bsee.gov/files/reports/incident-and-investigations/gc-610-bhp-billiton-18-jan-2015.pdf,https://www.bsee.gov/sites/bsee.gov/files/reports/incident-and-investigations/gc-610-bhp-billiton-18-jan-2015.pdf,false,gc-610-bhp-billiton-18-jan-2015.pdf,GC,610,bhp billiton,18-jan-2015,2015-01-18,2015,false,,,01-18-2015,21:40,G16765,GC 610,Dropped Object / Equipment Failure / Weather Related,1,,,,e36db4ae80561ef6041740fff318c93b1654ab2355ecb3ed545dccc4d6dea5f8,
district,https://www.bsee.gov/what-we-do/incident-investigations/offshore-incident-investigations/district-investigation-reports,2015,,0,/sites/bsee.gov/files/reports/incident-and-investigations/gc-610-bhp-billiton-25-jan-2015.pdf,https://www.bsee.gov/sites/bsee.gov/files/reports/incident-and-investigations/gc-610-bhp-billiton-25-jan-2015.pdf,https://www.bsee.gov/sites/bsee.gov/files/reports/incident-and-investigations/gc-610-bhp-billiton-25-jan-2015.pdf,false,gc-610-bhp-billiton-25-jan-2015.pdf,GC,610,bhp billiton,25-jan-2015,2015-01-25,2015,false,,,01-25-2015,01:00,G16765,GC 610,Dropped Object / Equipment Failure,1,,,,c968766e108ac42e5a5aa8675cf3a396af8d7959d7e438623c9196b17def18d2,
district,https://www.bsee.gov/what-we-do/incident-investigations/offshore-incident-investigations/district-investigation-reports,2015,,0,/sites/bsee.gov/files/reports/incident-and-investigations/gc-643-freeport-mcmoran-08-apr-2015.pdf,https://www.bsee.gov/sites/bsee.gov/files/reports/incident-and-investigations/gc-643-freeport-mcmoran-08-apr-2015.pdf,https://www.bsee.gov/sites/bsee.gov/files/reports/incident-and-investigations/gc-643-freeport-mcmoran-08-apr-2015.pdf,false,gc-643-freeport-mcmoran-08-apr-2015.pdf,GC,643,freeport mcmoran,08-apr-2015,2015-04-08,2015,false,,,04-08-2015,22:52,G35001,GC 643,Incident >$25K,1,,,,9fb72d577f9b8ac7ea033662e75fbeb75ed80a05fd98b5d6eac453a3e01afa65,
district,https://www.bsee.gov/what-we-do/incident-investigations/offshore-incident-investigations/district-investigation-reports,2015,,0,/sites/bsee.gov/files/reports/incident-and-investigations/gc-743-bp-07-nov-2015.pdf,https://www.bsee.gov/sites/bsee.gov/files/reports/incident-and-investigations/gc-743-bp-07-nov-2015.pdf,https://www.bsee.gov/sites/bsee.gov/files/reports/incident-and-investigations/gc-743-bp-07-nov-2015.pdf,false,gc-743-bp-07-nov-2015.pdf,GC,743,bp,07-nov-2015,2015-11-07,2015,false,,,11-07-2015,21:00,G15607,GC 743,LTA (>3 days) / Required Evacuation/ Other Injury/ Equipment Failure/ Human Error,1,,,,e72dd7baa7207e78d110f6a0dcdf6907060e4d9b633b8aa81a05eab95e631fa4,
district,https://www.bsee.gov/what-we-do/incident-investigations/offshore-incident-investigations/district-investigation-reports,2015,,0,/sites/bsee.gov/files/reports/incident-and-investigations/gc-743-bp-e-and-p-08-jan-2015.pdf,https://www.bsee.gov/sites/bsee.gov/files/reports/incident-and-investigations/gc-743-bp-e-and-p-08-jan-2015.pdf,https://www.bsee.gov/sites/bsee.gov/files/reports/incident-and-investigations/gc-743-bp-e-and-p-08-jan-2015.pdf,false,gc-743-bp-e-and-p-08-jan-2015.pdf,GC,743,bp e and p,08-jan-2015,2015-01-08,2015,false,,,01-08-2015,20:40,G15607,GC 743,Required Evacuation / LTA (> 3 days) / Human Error,1,,,,2ac27f7df8480bf0cb1cbcd5898b3df482b620a2e95c059c5b7c6b582efb2165,
district,https://www.bsee.gov/what-we-do/incident-investigations/offshore-incident-investigations/district-investigation-reports,2015,,0,/sites/bsee.gov/files/reports/incident-and-investigations/gc-743-bp-expl-09-jun-2015.pdf,https://www.bsee.gov/sites/bsee.gov/files/reports/incident-and-investigations/gc-743-bp-expl-09-jun-2015.pdf,https://www.bsee.gov/sites/bsee.gov/files/reports/incident-and-investigations/gc-743-bp-expl-09-jun-2015.pdf,false,gc-743-bp-expl-09-jun-2015.pdf,GC,743,bp expl,09-jun-2015,2015-06-09,2015,false,,,06-09-2015,10:15,G15607,GC 743,LTA (>3 days) / Required Evacuation,1,,,,cb0218fdd78163c971bc473ef1566c8fbeb7b6f1d8deb7808f1b4d7a123c254c,
district,https://www.bsee.gov/what-we-do/incident-investigations/offshore-incident-investigations/district-investigation-reports,2015,,0,/sites/bsee.gov/files/reports/incident-and-investigations/gc683-anadarko-29oct2015.pdf,https://www.bsee.gov/sites/bsee.gov/files/reports/incident-and-investigations/gc683-anadarko-29oct2015.pdf,https://www.bsee.gov/sites/bsee.gov/files/reports/incident-and-investigations/gc683-anadarko-29oct2015.pdf,false,gc683-anadarko-29oct2015.pdf,GC,683,anadarko,29oct2015,2015-10-29,2015,false,,,10-29-2015,17:40,G18421,GC683,LTA (>3 days) - Required Evacuation -Crane,1,,,,c2d791fe20a5e9f38edcdc001f3b41c472fcb5a161b5fee3d112fe0eabb4d344,
district,https://www.bsee.gov/what-we-do/incident-investigations/offshore-incident-investigations/district-investigation-reports,2015,,0,/sites/bsee.gov/files/reports/incident-and-investigations/hi-110-w-and-t-offshore-17-nov-2015.pdf,https://www.bsee.gov/sites/bsee.gov/files/reports/incident-and-investigations/hi-110-w-and-t-offshore-17-nov-2015.pdf,https://www.bsee.gov/sites/bsee.gov/files/reports/incident-and-investigations/hi-110-w-and-t-offshore-17-nov-2015.pdf,false,hi-110-w-and-t-offshore-17-nov-2015.pdf,HI,110 W,and t offshore,17-nov-2015,2015-11-17,2015,false,,,11-17-2015,07:00,G02353,HI 110,LTA (>3 days) - Required Evacuation- Human Error,1,,,,23bed5f6357f1f3cce9f5eeb54169d396f93fc570387a2778917160324f09543,
district,https://www.bsee.gov/what-we-do/incident-investigations/offshore-incident-investigations/district-investigation-reports,2015,,0,/sites/bsee.gov/files/reports/incident-and-investigations/hi-154b-epl-oil-and-gas-22-jan-2015.pdf,https://www.bsee.gov/sites/bsee.gov/files/reports/incident-and-investigations/hi-154b-epl-oil-and-gas-22-jan-2015.pdf,https://www.bsee.gov/sites/bsee.gov/files/reports/incident-and-investigations/hi-154b-epl-oil-and-gas-22-jan-2015.pdf,false,hi-154b-epl-oil-and-gas-22-jan-2015.pdf,HI,154B,epl oil and gas,22-jan-2015,2015-01-22,2015,false,,,01-22-2015,14:54,G14159,HI 154 B,Structural Damage / Ship Collision / Human Error / Weather Related,1,,,,f660fa3a208afdcb730b565d52c5760f3afe4b813b8d4cbc226de0b715337e63,
district,https://www.bsee.gov/what-we-do/incident-investigations/offshore-incident-investigations/district-investigation-reports,2015,,0,/sites/bsee.gov/files/reports/incident-and-investigations/hi-160-ja-mc-offshore-petroleum-04-aug-2015.pdf,https://www.bsee.gov/sites/bsee.gov/files/reports/incident-and-investigations/hi-160-ja-mc-offshore-petroleum-04-aug-2015.pdf,https://www.bsee.gov/sites/bsee.gov/files/reports/incident-and-investigations/hi-160-ja-mc-offshore-petroleum-04-aug-2015.pdf,false,hi-160-ja-mc-offshore-petroleum-04-aug-2015.pdf,HI,160,ja mc offshore petroleum,04-aug-2015,2015-08-04,2015,false,,,08-04-2015,06:45,,HI 160 JA,Required Evacuation / Other / Human Error,1,,,,7f36875cec9002a7721c4266bf79614831e26f891c8e93fb36928fc7b3cb3f82,
district,https://www.bsee.gov/what-we-do/incident-investigations/offshore-incident-investigations/district-investigation-reports,2015,,0,/sites/bsee.gov/files/reports/incident-and-investigations/hi-a-334-a-fieldwood-12-jun-2015.pdf,https://www.bsee.gov/sites/bsee.gov/files/reports/incident-and-investigations/hi-a-334-a-fieldwood-12-jun-2015.pdf,https://www.bsee.gov/sites/bsee.gov/files/reports/incident-and-investigations/hi-a-334-a-fieldwood-12-jun-2015.pdf,false,hi-a-334-a-fieldwood-12-jun-2015.pdf,HI,A 334 A,fieldwood,12-jun-2015,2015-06-12,2015,false,,,06-12-2015,12:30,G02423,HI A 334 A,LTA (>3 days) / Required Evacuation,1,,,,e738872df75938a006ab2765425c702ac14750b1a115f483c48bae5dcc24ff11,
district,https://www.bsee.gov/what-we-do/incident-investigations/offshore-incident-investigations/district-investigation-reports,2015,,0,/sites/bsee.gov/files/reports/incident-and-investigations/hi-a-379-b-w-and-t-offshore-20-apr-2015.pdf,https://www.bsee.gov/sites/bsee.gov/files/reports/incident-and-investigations/hi-a-379-b-w-and-t-offshore-20-apr-2015.pdf,https://www.bsee.gov/sites/bsee.gov/files/reports/incident-and-investigations/hi-a-379-b-w-and-t-offshore-20-apr-2015.pdf,false,hi-a-379-b-w-and-t-offshore-20-apr-2015.pdf,HI,A 379 B,w and t offshore,20-apr-2015,2015-04-20,2015,false,,,04-20-2015,12:30,G13808,HI A 379 B,Fire / Incident >$25K (#2 Diesel Generator) / Equipment Failure,1,,,,597aa89713c06ba60b96b616fc3942ecc872f7c50e1f751fe48f3490226f42c8,
district,https://www.bsee.gov/what-we-do/incident-investigations/offshore-incident-investigations/district-investigation-reports,2015,,0,/sites/bsee.gov/files/reports/incident-and-investigations/hi-a-442-black-elk-energy-01-oct-2015.pdf,https://www.bsee.gov/sites/bsee.gov/files/reports/incident-and-investigations/hi-a-442-black-elk-energy-01-oct-2015.pdf,https://www.bsee.gov/sites/bsee.gov/files/reports/incident-and-investigations/hi-a-442-black-elk-energy-01-oct-2015.pdf,false,hi-a-442-black-elk-energy-01-oct-2015.pdf,HI,A 442,black elk energy,01-oct-2015,2015-10-01,2015,false,,,10-01-2015,12:40,G11383,HI A442,LTA (> 3 days),1,,,,61f88d8b960ad5f1459ea1da1d53ccb9f70a5c23efe8f18bf7af745087b59d68,
district,https://www.bsee.gov/what-we-do/incident-investigations/offshore-incident-investigations/district-investigation-reports/district-investigation-reports-archive,2010,,0,https://www.bsee.gov/sites/bsee.gov/files/reports/incident-and-investigations/hi-a-571-black-elk-6-october-2010.pdf,https://www.bsee.gov/sites/bsee.gov/files/reports/incident-and-investigations/hi-a-571-black-elk-6-october-2010.pdf,https://www.bsee.gov/sites/bsee.gov/files/reports/incident-and-investigations/hi-a-571-black-elk-6-october-2010.pdf,false,hi-a-571-black-elk-6-october-2010.pdf,HI,A 571,black elk,6-october-2010,2010-10-06,2010,false,,,10-06-2010,13:00,G02391,HI A 571,Damage >25K,1,,,,cfa65421bfe32242e54df9f937312c6ec4ba9b1d9a0b5527dc2658201f667815,
district,https://www.bsee.gov/what-we-do/incident-investigations/offshore-incident-investigations/district-investigation-reports,2016,,0,/sites/bsee.gov/files/reports/incident-and-investigations/kc-770-chevron-06-jan-2016.pdf,https://www.bsee.gov/sites/bsee.gov/files/reports/incident-and-investigations/kc-770-chevron-06-jan-2016.pdf,https://www.bsee.gov/sites/bsee.gov/files/reports/incident-and-investigations/kc-770-chevron-06-jan-2016.pdf,false,kc-770-chevron-06-jan-2016.pdf,KC,770,chevron,06-jan-2016,2016-01-06,2016,false,,,01-06-2016,08:10,G25804,KC 770,Other - Deck Damage 5” hole,1,,,,fbd1e90967297e67286c1bf36a0bcc367aaeaaa9f25d01703931d55545b2fb59,
district,https://www.bsee.gov/what-we-do/incident-investigations/offshore-incident-investigations/district-investigation-reports/district-investigation-reports-archive,2011,,0,https://www.bsee.gov/sites/bsee.gov/files/reports/incident-and-investigations/mc-751-llog-expl-offshore-31-may-20111.pdf,https://www.bsee.gov/sites/bsee.gov/files/reports/incident-and-investigations/mc-751-llog-expl-offshore-31-may-20111.pdf,https://www.bsee.gov/sites/bsee.gov/files/reports/incident-and-investigations/mc-751-llog-expl-offshore-31-may-20111.pdf,false,mc-751-llog-expl-offshore-31-may-20111.pdf,MC,751,llog expl offshore may,,,,false,,no_date_token,05-31-2011,09:45,G33175,MC/751,Required Evacuation - LTA (>3 days) - Human Error,1,,,,ef93814fe24407fd2cfb3d1a2594eed7ca0a2250b5007a1b1913ef02c1240387,
district,https://www.bsee.gov/what-we-do/incident-investigations/offshore-incident-investigations/district-investigation-reports,2014,,0,/sites/bsee.gov/files/reports/incident-and-investigations/mi-622-fieldwood-energy-24-nov-2014.pdf,https://www.bsee.gov/sites/bsee.gov/files/reports/incident-and-investigations/mi-622-fieldwood-energy-24-nov-2014.pdf,https://www.bsee.gov/sites/bsee.gov/files/reports/incident-and-investigations/mi-622-fieldwood-energy-24-nov-2014.pdf,false,mi-622-fieldwood-energy-24-nov-2014.pdf,MI,622,fieldwood energy,24-nov-2014,2014-11-24,2014,false,,,11-24-2014,09:50,G05000,MI 622,Required Evacuation / LTA (> 3 days) / Human Error,1,,,,d04b9b6a3e62e87572574b3300b7dc8001ec7c5bbd27bdf67190bbf27e2a5fda,
district,https://www.bsee.gov/what-we-do/incident-investigations/offshore-incident-investigations/district-investigation-reports/district-investigation-reports-archive,2011,,0,https://www.bsee.gov/sites/bsee.gov/files/reports/incident-and-investigations/sanitized-2010-collision-ba-375-hilcorp-15-apr-2011.pdf,https://www.bsee.gov/sites/bsee.gov/files/reports/incident-and-investigations/sanitized-2010-collision-ba-375-hilcorp-15-apr-2011.pdf,https://www.bsee.gov/sites/bsee.gov/files/reports/incident-and-investigations/sanitized-2010-collision-ba-375-hilcorp-15-apr-2011.pdf,false,sanitized-2010-collision-ba-375-hilcorp-15-apr-2011.pdf,BA,375,collision hilcorp,15-apr-2011,2011-04-15,2011,true,,,04-15-2011,11:40,G09010,BA/375A,Other - Derrick/Platform NAVAIDS Damage,1,,,,14e22ef8eb1d83def70e28016d41168a95b3533eb80b94d810a2cd457b02989c,
district,https://www.bsee.gov/what-we-do/incident-investigations/offshore-incident-investigations/district-investigation-reports/district-investigation-reports-archive,2009,,0,https://www.bsee.gov/sites/bsee.gov/files/reports/incident-and-investigations/sanitized-murphy-mc-737-30-dec-2009.pdf,https://www.bsee.gov/sites/bsee.gov/files/reports/incident-and-investigations/sanitized-murphy-mc-737-30-dec-2009.pdf,https://www.bsee.gov/sites/bsee.gov/files/reports/incident-and-investigations/sanitized-murphy-mc-737-30-dec-2009.pdf,false,sanitized-murphy-mc-737-30-dec-2009.pdf,MC,737,murphy,30-dec-2009,2009-12-30,2009,true,,,12-30-2009,0900,G16645,MC/737,Pollution,1,,,,c0bd12cceae2cd0260b3c7a6739c1a45ec02089ec909580a2c4271ee8206caf3,
district,https://www.bsee.gov/what-we-do/incident-investigations/offshore-incident-investigations/district-investigation-reports/district-investigation-reports-archive,2011,,0,https://www.bsee.gov/sites/bsee.gov/files/reports/incident-and-investigations/shell-vk-956-a-5-aug-2011.pdf,https://www.bsee.gov/sites/bsee.gov/files/reports/incident-and-investigations/shell-vk-956-a-5-aug-2011.pdf,https://www.bsee.gov/sites/bsee.gov/files/reports/incident-and-investigations/shell-vk-956-a-5-aug-2011.pdf,false,shell-vk-956-a-5-aug-2011.pdf,VK,956 A,shell,5-aug-2011,2011-08-05,2011,false,,,08-05-2011,12:45,G06896,VK 956 A,Fire-Incident > $25K,1,,,,0dc415afda5df10042bbcea69f30ba4a1bcef1932c1aeed3051f7bf9b1b13b50,
district,https://www.bsee.gov/what-we-do/incident-investigations/offshore-incident-investigations/district-investigation-reports/district-investigation-reports-archive,2012,,0,https://www.bsee.gov/sites/bsee.gov/files/reports/incident-and-investigations/ss-233-b-w-t-offshore-26-sep-2012.pdf,https://www.bsee.gov/sites/bsee.gov/files/reports/incident-and-investigations/ss-233-b-w-t-offshore-26-sep-2012.pdf,https://www.bsee.gov/sites/bsee.gov/files/reports/incident-and-investigations/ss-233-b-w-t-offshore-26-sep-2012.pdf,false,ss-233-b-w-t-offshore-26-sep-2012.pdf,SS,233 B,w t offshore,26-sep-2012,2012-09-26,2012,false,,,09-26-2012,10:00,G01528,SS/233B,Other Injury (Slight Laceration) / Pollution / Fire,1,,,,8d27c9881f6a8e1c6d152c8704ed97f6d17f2b29a75fa2641ac86393a66faa38,
district,https://www.bsee.gov/what-we-do/incident-investigations/offshore-incident-investigations/district-investigation-reports,2015,,0,/sites/bsee.gov/files/reports/incident-and-investigations/st-200-epl-oil-and-gas-26-nov-2015.pdf,https://www.bsee.gov/sites/bsee.gov/files/reports/incident-and-investigations/st-200-epl-oil-and-gas-26-nov-2015.pdf,https://www.bsee.gov/sites/bsee.gov/files/reports/incident-and-investigations/st-200-epl-oil-and-gas-26-nov-2015.pdf,false,st-200-epl-oil-and-gas-26-nov-2015.pdf,ST,200,epl oil and gas,26-nov-2015,2015-11-26,2015,false,,,11-26-2015,01:31,G04464,ST 200,Required Evacuation – RW/JT (>3 days,1,,,,806491ff1e7fe8087d51f9356f08d9881ddcbe4db7b9ea30764af8940c7f8406,
district,https://www.bsee.gov/what-we-do/incident-investigations/offshore-incident-investigations/district-investigation-reports/district-investigation-reports-archive,2005,,0,https://www.bsee.gov/sites/bsee.gov/files/reports/inspection-and-enforcement/050114-pdf.pdf,https://www.bsee.gov/sites/bsee.gov/files/reports/inspection-and-enforcement/050114-pdf.pdf,https://www.bsee.gov/sites/bsee.gov/files/reports/inspection-and-enforcement/050114-pdf.pdf,false,050114-pdf.pdf,,,,050114-pdf,2005-01-14,2005,false,,archive_yymmdd_filename;no_area_block_in_filename,01-14-2005,04:30,G18537,AT/267,Pollution,1,,,,6c2c2349ba8abd48ad742cabb17726b4c272807ee275356438bf4a86e2605d3a,
district,https://www.bsee.gov/what-we-do/incident-investigations/offshore-incident-investigations/district-investigation-reports/district-investigation-reports-archive,2006,,0,https://www.bsee.gov/sites/bsee.gov/files/reports/inspection-and-enforcement/060306-pdf.pdf,https://www.bsee.gov/sites/bsee.gov/files/reports/inspection-and-enforcement/060306-pdf.pdf,https://www.bsee.gov/sites/bsee.gov/files/reports/inspection-and-enforcement/060306-pdf.pdf,false,060306-pdf.pdf,,,,060306-pdf,2006-03-06,2006,false,,archive_yymmdd_filename;no_area_block_in_filename,03-06-2006,11:30,G01142,VR/218,Fire - Explosion -Injury,1,,,,38237dd657b198d84e4c1d0be88298c4e2713a4780113f6b904501c35a4b74d3,
district,https://www.bsee.gov/what-we-do/incident-investigations/offshore-incident-investigations/district-investigation-reports/district-investigation-reports-archive,2006,,0,https://www.bsee.gov/sites/bsee.gov/files/reports/inspection-and-enforcement/060310-pdf.pdf,https://www.bsee.gov/sites/bsee.gov/files/reports/inspection-and-enforcement/060310-pdf.pdf,https://www.bsee.gov/sites/bsee.gov/files/reports/inspection-and-enforcement/060310-pdf.pdf,false,060310-pdf.pdf,,,,060310-pdf,2006-03-10,2006,false,,archive_yymmdd_filename;no_area_block_in_filename,03-10-2006,16:30,G20870,AC/856,Injury,1,,,,1bb124ac943c9dec2e98cd1060b57f3dc728c6f57827706af5d6bd2af36b8827,
district,https://www.bsee.gov/what-we-do/incident-investigations/offshore-incident-investigations/district-investigation-reports/district-investigation-reports-archive,2006,,0,https://www.bsee.gov/sites/bsee.gov/files/reports/inspection-and-enforcement/060317-pdf.pdf,https://www.bsee.gov/sites/bsee.gov/files/reports/inspection-and-enforcement/060317-pdf.pdf,https://www.bsee.gov/sites/bsee.gov/files/reports/inspection-and-enforcement/060317-pdf.pdf,false,060317-pdf.pdf,,,,060317-pdf,2006-03-17,2006,false,,archive_yymmdd_filename;no_area_block_in_filename,03-17-2006,08:00,G24054,MC/204,Injury,1,,,,1f96270aa7c3425c65768ee68ac720538e1da565db5b069cf5f140fe4edbc960,
district,https://www.bsee.gov/what-we-do/incident-investigations/offshore-incident-investigations/district-investigation-reports/district-investigation-reports-archive,2006,,0,https://www.bsee.gov/sites/bsee.gov/files/reports/inspection-and-enforcement/060318-pdf.pdf,https://www.bsee.gov/sites/bsee.gov/files/reports/inspection-and-enforcement/060318-pdf.pdf,https://www.bsee.gov/sites/bsee.gov/files/reports/inspection-and-enforcement/060318-pdf.pdf,false,060318-pdf.pdf,,,,060318-pdf,2006-03-18,2006,false,,archive_yymmdd_filename;no_area_block_in_filename,03-18-2006,19:00,G06896,VK/956,Pollution,1,,,,117dad02505b5e120a6924a5f1477d71fec9e6545467bae0982f503b98186fde,
district,https://www.bsee.gov/what-we-do/incident-investigations/offshore-incident-investigations/district-investigation-reports/district-investigation-reports-archive,2006,,0,https://www.bsee.gov/sites/bsee.gov/files/reports/inspection-and-enforcement/060718-pdf.pdf,https://www.bsee.gov/sites/bsee.gov/files/reports/inspection-and-enforcement/060718-pdf.pdf,https://www.bsee.gov/sites/bsee.gov/files/reports/inspection-and-enforcement/060718-pdf.pdf,false,060718-pdf.pdf,,,,060718-pdf,2006-07-18,2006,false,,archive_yymmdd_filename;no_area_block_in_filename,07-18-2006,22:00,G10942,VK/823,Pollution,1,,,,fcb18ab397d909ea66e762f79e0073377a27f9eb0fcd0e0e9d319c0befd27911,
district,https://www.bsee.gov/what-we-do/incident-investigations/offshore-incident-investigations/district-investigation-reports/district-investigation-reports-archive,2006,,0,https://www.bsee.gov/sites/bsee.gov/files/reports/inspection-and-enforcement/060804-pdf.pdf,https://www.bsee.gov/sites/bsee.gov/files/reports/inspection-and-enforcement/060804-pdf.pdf,https://www.bsee.gov/sites/bsee.gov/files/reports/inspection-and-enforcement/060804-pdf.pdf,false,060804-pdf.pdf,,,,060804-pdf,2006-08-04,2006,false,,archive_yymmdd_filename;no_area_block_in_filename,08-04-2006,12:00,G01898,ST/148,"Choke Stem, Gas Buster, Piping",1,,,,c0e1ada8b5a1c1b1921aabe86635baa4aba0648cf5b73cac7e74ad042726c5d1,
district,https://www.bsee.gov/what-we-do/incident-investigations/offshore-incident-investigations/district-investigation-reports/district-investigation-reports-archive,2006,,0,https://www.bsee.gov/sites/bsee.gov/files/reports/inspection-and-enforcement/060814-pdf.pdf,https://www.bsee.gov/sites/bsee.gov/files/reports/inspection-and-enforcement/060814-pdf.pdf,https://www.bsee.gov/sites/bsee.gov/files/reports/inspection-and-enforcement/060814-pdf.pdf,false,060814-pdf.pdf,,,,060814-pdf,2006-08-14,2006,false,,archive_yymmdd_filename;no_area_block_in_filename,08-14-2006,13:30,G26198,VK/432,LTA (>3 days),1,,,,0a941d80d024f84b7c87981f8172a7da4b8dc38285e24a95a768c47dd04f99b6,
district,https://www.bsee.gov/what-we-do/incident-investigations/offshore-incident-investigations/district-investigation-reports/district-investigation-reports-archive,2006,,0,https://www.bsee.gov/sites/bsee.gov/files/reports/inspection-and-enforcement/060815-pdf.pdf,https://www.bsee.gov/sites/bsee.gov/files/reports/inspection-and-enforcement/060815-pdf.pdf,https://www.bsee.gov/sites/bsee.gov/files/reports/inspection-and-enforcement/060815-pdf.pdf,false,060815-pdf.pdf,,,,060815-pdf,2006-08-15,2006,false,,archive_yymmdd_filename;no_area_block_in_filename,08-15-2006,08:00,G09866,MC/776,Pollution,1,,,,4b350cab32c80d631d88c16e0c6a81bcfdf63a13a1b4e19108ad276e858de4bd,
district,https://www.bsee.gov/what-we-do/incident-investigations/offshore-incident-investigations/district-investigation-reports/district-investigation-reports-archive,2006,,0,https://www.bsee.gov/sites/bsee.gov/files/reports/inspection-and-enforcement/060817-pdf.pdf,https://www.bsee.gov/sites/bsee.gov/files/reports/inspection-and-enforcement/060817-pdf.pdf,https://www.bsee.gov/sites/bsee.gov/files/reports/inspection-and-enforcement/060817-pdf.pdf,false,060817-pdf.pdf,,,,060817-pdf,2006-08-17,2006,false,,archive_yymmdd_filename;no_area_block_in_filename,08-17-2006,02:00,G08035,AT/574,Pollution,1,,,,41a77f37915e5e8ecaf8c184e07e8107545e4b34bf6fa766d18a7545201e0f5e,
district,https://www.bsee.gov/what-we-do/incident-investigations/offshore-incident-investigations/district-investigation-reports/district-investigation-reports-archive,2006,,0,https://www.bsee.gov/sites/bsee.gov/files/reports/inspection-and-enforcement/061008-pdf.pdf,https://www.bsee.gov/sites/bsee.gov/files/reports/inspection-and-enforcement/061008-pdf.pdf,https://www.bsee.gov/sites/bsee.gov/files/reports/inspection-and-enforcement/061008-pdf.pdf,false,061008-pdf.pdf,,,,061008-pdf,2006-10-08,2006,false,,archive_yymmdd_filename;no_area_block_in_filename,10-08-2006,02:00,G17456,GB/873,Incident >$25K,1,,,,7e8a53cb36c2888d769c34f46bf9de1313f82d71005ea8b19c2e19f1a0934ae6,
district,https://www.bsee.gov/what-we-do/incident-investigations/offshore-incident-investigations/district-investigation-reports/district-investigation-reports-archive,2006,,0,https://www.bsee.gov/sites/bsee.gov/files/reports/inspection-and-enforcement/061010-pdf.pdf,https://www.bsee.gov/sites/bsee.gov/files/reports/inspection-and-enforcement/061010-pdf.pdf,https://www.bsee.gov/sites/bsee.gov/files/reports/inspection-and-enforcement/061010-pdf.pdf,false,061010-pdf.pdf,,,,061010-pdf,2006-10-10,2006,false,,archive_yymmdd_filename;no_area_block_in_filename,10-10-2006,09:50,G01241,ST/52,Required Evacuation - LTA (>3 days),1,,,,29ffdd65522cd40659fb98a90a326d93da5b767c76b9c8292e34a492cc08a864,
district,https://www.bsee.gov/what-we-do/incident-investigations/offshore-incident-investigations/district-investigation-reports/district-investigation-reports-archive,2006,,0,https://www.bsee.gov/sites/bsee.gov/files/reports/inspection-and-enforcement/061028-pdf.pdf,https://www.bsee.gov/sites/bsee.gov/files/reports/inspection-and-enforcement/061028-pdf.pdf,https://www.bsee.gov/sites/bsee.gov/files/reports/inspection-and-enforcement/061028-pdf.pdf,false,061028-pdf.pdf,,,,061028-pdf,2006-10-28,2006,false,,archive_yymmdd_filename;no_area_block_in_filename,10-28-2006,20:30,G06156,HI/116,Fire,1,,,,f4988827fc4bd2bedd0da2607ab5b36721cd8e442e7a125b1f5f25995dd6e556,
district,https://www.bsee.gov/what-we-do/incident-investigations/offshore-incident-investigations/district-investigation-reports/district-investigation-reports-archive,2006,,0,https://www.bsee.gov/sites/bsee.gov/files/reports/inspection-and-enforcement/061105-pdf.pdf,https://www.bsee.gov/sites/bsee.gov/files/reports/inspection-and-enforcement/061105-pdf.pdf,https://www.bsee.gov/sites/bsee.gov/files/reports/inspection-and-enforcement/061105-pdf.pdf,false,061105-pdf.pdf,,,,061105-pdf,2006-11-05,2006,false,,archive_yymmdd_filename;no_area_block_in_filename,11-05-2006,06:57,G09867,MC/777,Pollution - Synthetic Oil Base Mud (SOBM),1,,,,b1b5f2f4990159a083d4bc5dd71a6e0c214a8362f8c8c7d4d76450ae3eb6d9b9,
district,https://www.bsee.gov/what-we-do/incident-investigations/offshore-incident-investigations/district-investigation-reports/district-investigation-reports-archive,2006,,0,https://www.bsee.gov/sites/bsee.gov/files/reports/inspection-and-enforcement/061123-pdf.pdf,https://www.bsee.gov/sites/bsee.gov/files/reports/inspection-and-enforcement/061123-pdf.pdf,https://www.bsee.gov/sites/bsee.gov/files/reports/inspection-and-enforcement/061123-pdf.pdf,false,061123-pdf.pdf,,,,061123-pdf,2006-11-23,2006,false,,archive_yymmdd_filename;no_area_block_in_filename,11-23-2006,19:50,G04240,ST/300,Required Evacuation - LTA > 3 days - Explosion,1,,,,40df49f5315f58dd52a8b3ae96defcae39c8d1be89f804a0dc49c94c73c66b54,
district,https://www.bsee.gov/what-we-do/incident-investigations/offshore-incident-investigations/district-investigation-reports/district-investigation-reports-archive,2007,,0,https://www.bsee.gov/sites/bsee.gov/files/reports/inspection-and-enforcement/070124-pdf.pdf,https://www.bsee.gov/sites/bsee.gov/files/reports/inspection-and-enforcement/070124-pdf.pdf,https://www.bsee.gov/sites/bsee.gov/files/reports/inspection-and-enforcement/070124-pdf.pdf,false,070124-pdf.pdf,,,,070124-pdf,2007-01-24,2007,false,,archive_yymmdd_filename;no_area_block_in_filename,01-24-2007,12:00,G19925,MC/127,Required Evacuation LTA > 3 days,1,,,,4a1c798c723c80c8cf16ebbe05ea3e65e2ddd70e2e048a320357b5f0c794f67d,
district,https://www.bsee.gov/what-we-do/incident-investigations/offshore-incident-investigations/district-investigation-reports/district-investigation-reports-archive,2007,,0,https://www.bsee.gov/sites/bsee.gov/files/reports/inspection-and-enforcement/070126-pdf.pdf,https://www.bsee.gov/sites/bsee.gov/files/reports/inspection-and-enforcement/070126-pdf.pdf,https://www.bsee.gov/sites/bsee.gov/files/reports/inspection-and-enforcement/070126-pdf.pdf,false,070126-pdf.pdf,,,,070126-pdf,2007-01-26,2007,false,,archive_yymmdd_filename;no_area_block_in_filename,01-26-2007,15:00,G06896,VK/956,Equipment Failure,1,,,,54e2e766d77463ea54319dcd0dec91281fc66e77c8bfa5ae0c926427c4be8635,
district,https://www.bsee.gov/what-we-do/incident-investigations/offshore-incident-investigations/district-investigation-reports/district-investigation-reports-archive,2007,,0,https://www.bsee.gov/sites/bsee.gov/files/reports/inspection-and-enforcement/070130-pdf.pdf,https://www.bsee.gov/sites/bsee.gov/files/reports/inspection-and-enforcement/070130-pdf.pdf,https://www.bsee.gov/sites/bsee.gov/files/reports/inspection-and-enforcement/070130-pdf.pdf,false,070130-pdf.pdf,,,,070130-pdf,2007-01-30,2007,false,,archive_yymmdd_filename;no_area_block_in_filename,01-30-2007,09:20,G26229,EW/989,Required Evacuation LTA > 3 days,1,,,,42145cab98ddcf4f2c767e3dd28824ae1eff53b604ce92b4fba7ae8f505e086d,
district,https://www.bsee.gov/what-we-do/incident-investigations/offshore-incident-investigations/district-investigation-reports/district-investigation-reports-archive,2007,,0,https://www.bsee.gov/sites/bsee.gov/files/reports/inspection-and-enforcement/070201-pdf.pdf,https://www.bsee.gov/sites/bsee.gov/files/reports/inspection-and-enforcement/070201-pdf.pdf,https://www.bsee.gov/sites/bsee.gov/files/reports/inspection-and-enforcement/070201-pdf.pdf,false,070201-pdf.pdf,,,,070201-pdf,2007-02-01,2007,false,,archive_yymmdd_filename;no_area_block_in_filename,02-01-2007,17:15,G15607,GC/743,Pollution,1,,,,32940d1dd86b40c821d68a150093d1902ca78abe403e1c7feebeab6ad7829dfc,
district,https://www.bsee.gov/what-we-do/incident-investigations/offshore-incident-investigations/district-investigation-reports/district-investigation-reports-archive,2007,,0,https://www.bsee.gov/sites/bsee.gov/files/reports/inspection-and-enforcement/070204-pdf.pdf,https://www.bsee.gov/sites/bsee.gov/files/reports/inspection-and-enforcement/070204-pdf.pdf,https://www.bsee.gov/sites/bsee.gov/files/reports/inspection-and-enforcement/070204-pdf.pdf,false,070204-pdf.pdf,,,,070204-pdf,2007-02-04,2007,false,,archive_yymmdd_filename;no_area_block_in_filename,02-04-2007,12:25,G13035,MP/261,Required Evacuation LTA > 3 days,1,,,,5e30e3b9e5142512c9f8e9e86ce4b77d734fa4b0aefe2ff6cf29ff1365277270,
district,https://www.bsee.gov/what-we-do/incident-investigations/offshore-incident-investigations/district-investigation-reports/district-investigation-reports-archive,2007,,0,https://www.bsee.gov/sites/bsee.gov/files/reports/inspection-and-enforcement/070207-pdf.pdf,https://www.bsee.gov/sites/bsee.gov/files/reports/inspection-and-enforcement/070207-pdf.pdf,https://www.bsee.gov/sites/bsee.gov/files/reports/inspection-and-enforcement/070207-pdf.pdf,false,070207-pdf.pdf,,,,070207-pdf,2007-02-07,2007,false,,archive_yymmdd_filename;no_area_block_in_filename,02-07-2007,09:00,G02322,EI/349,Pollution,1,,,,fadb5dc78c2e2f075c5485f698b88592c77f53a39ec5826b11064e13dde18094,
district,https://www.bsee.gov/what-we-do/incident-investigations/offshore-incident-investigations/district-investigation-reports/district-investigation-reports-archive,2007,,0,https://www.bsee.gov/sites/bsee.gov/files/reports/inspection-and-enforcement/070208-pdf.pdf,https://www.bsee.gov/sites/bsee.gov/files/reports/inspection-and-enforcement/070208-pdf.pdf,https://www.bsee.gov/sites/bsee.gov/files/reports/inspection-and-enforcement/070208-pdf.pdf,false,070208-pdf.pdf,,,,070208-pdf,2007-02-08,2007,false,,archive_yymmdd_filename;no_area_block_in_filename,02-08-2007,21:45,G05625,ST/245,Crane - H2S/15MIN./20PPM,1,,,,256599b7e35422d93e4214318bd42f0f62d26e17e35fa02107abb2897b8ca29b,
district,https://www.bsee.gov/what-we-do/incident-investigations/offshore-incident-investigations/district-investigation-reports/district-investigation-reports-archive,2007,,0,https://www.bsee.gov/sites/bsee.gov/files/reports/inspection-and-enforcement/070209-pdf.pdf,https://www.bsee.gov/sites/bsee.gov/files/reports/inspection-and-enforcement/070209-pdf.pdf,https://www.bsee.gov/sites/bsee.gov/files/reports/inspection-and-enforcement/070209-pdf.pdf,false,070209-pdf.pdf,,,,070209-pdf,2007-02-09,2007,false,,archive_yymmdd_filename;no_area_block_in_filename,02-09-2007,08:00,G26313,GC/468,Pollution,1,,,,fcdf6e7a7b1a50769d1645ce269e84f2c8f376c2cf5f498b64ad20368105040e,
district,https://www.bsee.gov/what-we-do/incident-investigations/offshore-incident-investigations/district-investigation-reports/district-investigation-reports-archive,2007,,0,https://www.bsee.gov/sites/bsee.gov/files/reports/inspection-and-enforcement/070209a-pdf.pdf,https://www.bsee.gov/sites/bsee.gov/files/reports/inspection-and-enforcement/070209a-pdf.pdf,https://www.bsee.gov/sites/bsee.gov/files/reports/inspection-and-enforcement/070209a-pdf.pdf,false,070209a-pdf.pdf,,,,070209a-pdf,2007-02-09,2007,false,,archive_yymmdd_filename;no_area_block_in_filename,02-09-2007,08:01,00462,ST/135,Required Evacuation LTA > 3 days,1,,,,bb879d20b2336f02bd5a1d7f8a463fdc2ea48fc873893cb0b0c2a4fd5adf7cdc,
district,https://www.bsee.gov/what-we-do/incident-investigations/offshore-incident-investigations/district-investigation-reports/district-investigation-reports-archive,2007,,0,https://www.bsee.gov/sites/bsee.gov/files/reports/inspection-and-enforcement/070214-pdf.pdf,https://www.bsee.gov/sites/bsee.gov/files/reports/inspection-and-enforcement/070214-pdf.pdf,https://www.bsee.gov/sites/bsee.gov/files/reports/inspection-and-enforcement/070214-pdf.pdf,false,070214-pdf.pdf,,,,070214-pdf,2007-02-14,2007,false,,archive_yymmdd_filename;no_area_block_in_filename,02-14-2007,09:45,G01031,SS/253,Fire - Equipment Failure,1,,,,eb562be6ebcb01efa14f1ea44ae5046f8117deb80c3bebce212813eef8a58dcf,
district,https://www.bsee.gov/what-we-do/incident-investigations/offshore-incident-investigations/district-investigation-reports/district-investigation-reports-archive,2007,,0,https://www.bsee.gov/sites/bsee.gov/files/reports/inspection-and-enforcement/070217-pdf.pdf,https://www.bsee.gov/sites/bsee.gov/files/reports/inspection-and-enforcement/070217-pdf.pdf,https://www.bsee.gov/sites/bsee.gov/files/reports/inspection-and-enforcement/070217-pdf.pdf,false,070217-pdf.pdf,,,,070217-pdf,2007-02-17,2007,false,,archive_yymmdd_filename;no_area_block_in_filename,02-17-2007,10:00,G03332,EI/337,Crane - H2S/15MIN./20PPM,1,,,,03dc24c569f6a73fd5f25c739ea5ea731f1247e80861622063d45ae89ed00271,
district,https://www.bsee.gov/what-we-do/incident-investigations/offshore-incident-investigations/district-investigation-reports/district-investigation-reports-archive,2007,,0,https://www.bsee.gov/sites/bsee.gov/files/reports/inspection-and-enforcement/070217a-pdf.pdf,https://www.bsee.gov/sites/bsee.gov/files/reports/inspection-and-enforcement/070217a-pdf.pdf,https://www.bsee.gov/sites/bsee.gov/files/reports/inspection-and-enforcement/070217a-pdf.pdf,false,070217a-pdf.pdf,,,,070217a-pdf,2007-02-17,2007,false,,archive_yymmdd_filename;no_area_block_in_filename,02-17-2007,10:50,G16702,GC/177,Pollution,1,,,,5aae9ab2466eb5d58fec40578baeaf4454d162a0a51a0809f464701f0f296aa1,
district,https://www.bsee.gov/what-we-do/incident-investigations/offshore-incident-investigations/district-investigation-reports/district-investigation-reports-archive,2007,,0,https://www.bsee.gov/sites/bsee.gov/files/reports/inspection-and-enforcement/070222-pdf.pdf,https://www.bsee.gov/sites/bsee.gov/files/reports/inspection-and-enforcement/070222-pdf.pdf,https://www.bsee.gov/sites/bsee.gov/files/reports/inspection-and-enforcement/070222-pdf.pdf,false,070222-pdf.pdf,,,,070222-pdf,2007-02-22,2007,false,,archive_yymmdd_filename;no_area_block_in_filename,02-22-2007,17:30,G04481,MP/77,Fire,1,,,,f767fbbca8b8c826182bbb4a1933bcbf80b649d17579ca65b6617bf7c3817344,
district,https://www.bsee.gov/what-we-do/incident-investigations/offshore-incident-investigations/district-investigation-reports/district-investigation-reports-archive,2007,,0,https://www.bsee.gov/sites/bsee.gov/files/reports/inspection-and-enforcement/070226-pdf.pdf,https://www.bsee.gov/sites/bsee.gov/files/reports/inspection-and-enforcement/070226-pdf.pdf,https://www.bsee.gov/sites/bsee.gov/files/reports/inspection-and-enforcement/070226-pdf.pdf,false,070226-pdf.pdf,,,,070226-pdf,2007-02-26,2007,false,,archive_yymmdd_filename;no_area_block_in_filename,02-26-2007,14:00,G05477,SM/275,RW/JT (>3 days),1,,,,62ea1baa7e86851fdf89de04fe54432cbd5adcc1d147f6f8166294a356979fb7,
district,https://www.bsee.gov/what-we-do/incident-investigations/offshore-incident-investigations/district-investigation-reports/district-investigation-reports-archive,2007,,0,https://www.bsee.gov/sites/bsee.gov/files/reports/inspection-and-enforcement/070228-pdf.pdf,https://www.bsee.gov/sites/bsee.gov/files/reports/inspection-and-enforcement/070228-pdf.pdf,https://www.bsee.gov/sites/bsee.gov/files/reports/inspection-and-enforcement/070228-pdf.pdf,false,070228-pdf.pdf,,,,070228-pdf,2007-02-28,2007,false,,archive_yymmdd_filename;no_area_block_in_filename,02-28-2007,20:14,G15610,GC/782,Required Muster - Shutdown from Gas Release,1,,,,bbc2a85680af68efcc0c9e82fa97109a8e641aef77660233796d73d407c354a2,
district,https://www.bsee.gov/what-we-do/incident-investigations/offshore-incident-investigations/district-investigation-reports/district-investigation-reports-archive,2007,,0,https://www.bsee.gov/sites/bsee.gov/files/reports/inspection-and-enforcement/070228a-pdf.pdf,https://www.bsee.gov/sites/bsee.gov/files/reports/inspection-and-enforcement/070228a-pdf.pdf,https://www.bsee.gov/sites/bsee.gov/files/reports/inspection-and-enforcement/070228a-pdf.pdf,false,070228a-pdf.pdf,,,,070228a-pdf,2007-02-28,2007,false,,archive_yymmdd_filename;no_area_block_in_filename,02-28-2007,15:00,G15607,GC/743,Crane - Other Lifting Device - Incident >$25K,1,,,,0bbb0dd211fff3abdb17319bf5ab5726d72dcfc8bdc400531a31520b399febf2,
district,https://www.bsee.gov/what-we-do/incident-investigations/offshore-incident-investigations/district-investigation-reports/district-investigation-reports-archive,2007,,0,https://www.bsee.gov/sites/bsee.gov/files/reports/inspection-and-enforcement/070302-pdf.pdf,https://www.bsee.gov/sites/bsee.gov/files/reports/inspection-and-enforcement/070302-pdf.pdf,https://www.bsee.gov/sites/bsee.gov/files/reports/inspection-and-enforcement/070302-pdf.pdf,false,070302-pdf.pdf,,,,070302-pdf,2007-03-02,2007,false,,archive_yymmdd_filename;no_area_block_in_filename,03-02-2007,06:15,G08241,GB/426,Fire - Explosion - Incident >$25K - Other Arc Flash,1,,,,87dfc7fe042a7397e0dee9cfa8c9ba3db1c420e05d83b864e974f9f488a9799a,
district,https://www.bsee.gov/what-we-do/incident-investigations/offshore-incident-investigations/district-investigation-reports/district-investigation-reports-archive,2007,,0,https://www.bsee.gov/sites/bsee.gov/files/reports/inspection-and-enforcement/070310-pdf.pdf,https://www.bsee.gov/sites/bsee.gov/files/reports/inspection-and-enforcement/070310-pdf.pdf,https://www.bsee.gov/sites/bsee.gov/files/reports/inspection-and-enforcement/070310-pdf.pdf,false,070310-pdf.pdf,,,,070310-pdf,2007-03-10,2007,false,,archive_yymmdd_filename;no_area_block_in_filename,03-10-2007,15:25,00392,GI/37,Required Evacuation - RW/JT (>3 days) - Crane,1,,,,0dfa75744e7cd20c9ec21d3aee6e74d43f9b79db40a6396b3b338b89546aadba,
district,https://www.bsee.gov/what-we-do/incident-investigations/offshore-incident-investigations/district-investigation-reports/district-investigation-reports-archive,2007,,0,https://www.bsee.gov/sites/bsee.gov/files/reports/inspection-and-enforcement/070312-pdf.pdf,https://www.bsee.gov/sites/bsee.gov/files/reports/inspection-and-enforcement/070312-pdf.pdf,https://www.bsee.gov/sites/bsee.gov/files/reports/inspection-and-enforcement/070312-pdf.pdf,false,070312-pdf.pdf,,,,070312-pdf,2007-03-12,2007,false,,archive_yymmdd_filename;no_area_block_in_filename,03-12-2007,11:03,G20361,WR/627,Pollution- Slip Joint Leak,1,,,,37598b35c7fe1059b8485804c587105e33b80d033f3c2abc667fd7343adfed81,
district,https://www.bsee.gov/what-we-do/incident-investigations/offshore-incident-investigations/district-investigation-reports/district-investigation-reports-archive,2007,,0,https://www.bsee.gov/sites/bsee.gov/files/reports/inspection-and-enforcement/070314-pdf.pdf,https://www.bsee.gov/sites/bsee.gov/files/reports/inspection-and-enforcement/070314-pdf.pdf,https://www.bsee.gov/sites/bsee.gov/files/reports/inspection-and-enforcement/070314-pdf.pdf,false,070314-pdf.pdf,,,,070314-pdf,2007-03-14,2007,false,,archive_yymmdd_filename;no_area_block_in_filename,03-14-2007,02:00,00263,ST/21,Other Injury - Gas Bubble to Surface,1,,,,21ceadfed6d5422aaf625f9e576a1be66caa8464b935f75a2780f743c89296b1,
district,https://www.bsee.gov/what-we-do/incident-investigations/offshore-incident-investigations/district-investigation-reports/district-investigation-reports-archive,2007,,0,https://www.bsee.gov/sites/bsee.gov/files/reports/inspection-and-enforcement/070316-pdf.pdf,https://www.bsee.gov/sites/bsee.gov/files/reports/inspection-and-enforcement/070316-pdf.pdf,https://www.bsee.gov/sites/bsee.gov/files/reports/inspection-and-enforcement/070316-pdf.pdf,false,070316-pdf.pdf,,,,070316-pdf,2007-03-16,2007,false,,archive_yymmdd_filename;no_area_block_in_filename,03-16-2007,13:45,G02115,EI/330,Required Evacuation - LTA (>3 days) - Fall through open deck grating,1,,,,777f1b34a101ac243a56448c4d0b05830065c4569f36043b723c3c5f6403e49a,
district,https://www.bsee.gov/what-we-do/incident-investigations/offshore-incident-investigations/district-investigation-reports/district-investigation-reports-archive,2007,,0,https://www.bsee.gov/sites/bsee.gov/files/reports/inspection-and-enforcement/070328-pdf.pdf,https://www.bsee.gov/sites/bsee.gov/files/reports/inspection-and-enforcement/070328-pdf.pdf,https://www.bsee.gov/sites/bsee.gov/files/reports/inspection-and-enforcement/070328-pdf.pdf,false,070328-pdf.pdf,,,,070328-pdf,2007-03-28,2007,false,,archive_yymmdd_filename;no_area_block_in_filename,03-28-2007,05:15,G11081,GC/645,Pollution - Rupture in 4' take-on hose,1,,,,310087019d16c4cc2646e841c619409cb671eaae5ff49d55b9a8a474db798140,
district,https://www.bsee.gov/what-we-do/incident-investigations/offshore-incident-investigations/district-investigation-reports/district-investigation-reports-archive,2007,,0,https://www.bsee.gov/sites/bsee.gov/files/reports/inspection-and-enforcement/070330-pdf.pdf,https://www.bsee.gov/sites/bsee.gov/files/reports/inspection-and-enforcement/070330-pdf.pdf,https://www.bsee.gov/sites/bsee.gov/files/reports/inspection-and-enforcement/070330-pdf.pdf,false,070330-pdf.pdf,,,,070330-pdf,2007-03-30,2007,false,,archive_yymmdd_filename;no_area_block_in_filename,03-30-2007,06:50,G24101,MC/726,Other Lifting Device - Top Drive,1,,,,273831bf2ddfe6abd03f917eb270dc7adf0513bb65b987410315f8b80b3f221f,
district,https://www.bsee.gov/what-we-do/incident-investigations/offshore-incident-investigations/district-investigation-reports/district-investigation-reports-archive,2007,,0,https://www.bsee.gov/sites/bsee.gov/files/reports/inspection-and-enforcement/070417-pdf.pdf,https://www.bsee.gov/sites/bsee.gov/files/reports/inspection-and-enforcement/070417-pdf.pdf,https://www.bsee.gov/sites/bsee.gov/files/reports/inspection-and-enforcement/070417-pdf.pdf,false,070417-pdf.pdf,,,,070417-pdf,2007-04-17,2007,false,,archive_yymmdd_filename;no_area_block_in_filename,04-17-2007,02:00,G27483,BA/A24,LTA (>3 days) - Drill Pipe/Valve Back Out,1,,,,fa22c473950996b033de9cae1a59b58dbb2f073b0ab3e7e1ef15ff596601ca13,
district,https://www.bsee.gov/what-we-do/incident-investigations/offshore-incident-investigations/district-investigation-reports/district-investigation-reports-archive,2007,,0,https://www.bsee.gov/sites/bsee.gov/files/reports/inspection-and-enforcement/070419-pdf.pdf,https://www.bsee.gov/sites/bsee.gov/files/reports/inspection-and-enforcement/070419-pdf.pdf,https://www.bsee.gov/sites/bsee.gov/files/reports/inspection-and-enforcement/070419-pdf.pdf,false,070419-pdf.pdf,,,,070419-pdf,2007-04-19,2007,false,,archive_yymmdd_filename;no_area_block_in_filename,04-19-2007,06:50,00392,GI/37,Required Evacuation - RW/JT (>3 days),1,,,,1f06d483a4595ea290180721bdb3393d4a13952d90598e2711366d30b53baa2a,
district,https://www.bsee.gov/what-we-do/incident-investigations/offshore-incident-investigations/district-investigation-reports/district-investigation-reports-archive,2007,,0,https://www.bsee.gov/sites/bsee.gov/files/reports/inspection-and-enforcement/070428-pdf.pdf,https://www.bsee.gov/sites/bsee.gov/files/reports/inspection-and-enforcement/070428-pdf.pdf,https://www.bsee.gov/sites/bsee.gov/files/reports/inspection-and-enforcement/070428-pdf.pdf,false,070428-pdf.pdf,,,,070428-pdf,2007-04-28,2007,false,,archive_yymmdd_filename;no_area_block_in_filename,04-28-2007,20:30,G01034,SS/266,Explosion,1,,,,2eff09f4822b744d49bfe7dc4378a4f0255652483eb6da9664a6093633ca65f1,
district,https://www.bsee.gov/what-we-do/incident-investigations/offshore-incident-investigations/district-investigation-reports/district-investigation-reports-archive,2007,,0,https://www.bsee.gov/sites/bsee.gov/files/reports/inspection-and-enforcement/070507-pdf.pdf,https://www.bsee.gov/sites/bsee.gov/files/reports/inspection-and-enforcement/070507-pdf.pdf,https://www.bsee.gov/sites/bsee.gov/files/reports/inspection-and-enforcement/070507-pdf.pdf,false,070507-pdf.pdf,,,,070507-pdf,2007-05-07,2007,false,,archive_yymmdd_filename;no_area_block_in_filename,05-07-2007,19:30,G13997,MC/29,Required Evacuation - RW/JT (1-3 days) - Crane,1,,,,6687518dad437fdbf0e4e527aa2e09cb269b5de34cba9ced19d46612e2978392,
district,https://www.bsee.gov/what-we-do/incident-investigations/offshore-incident-investigations/district-investigation-reports/district-investigation-reports-archive,2007,,0,https://www.bsee.gov/sites/bsee.gov/files/reports/inspection-and-enforcement/070513-pdf.pdf,https://www.bsee.gov/sites/bsee.gov/files/reports/inspection-and-enforcement/070513-pdf.pdf,https://www.bsee.gov/sites/bsee.gov/files/reports/inspection-and-enforcement/070513-pdf.pdf,false,070513-pdf.pdf,,,,070513-pdf,2007-05-13,2007,false,,archive_yymmdd_filename;no_area_block_in_filename,05-13-2007,06:30,G02359,HI/A446,Required Evacuation - Carbon monoxide leak,1,,,,3011d5d6e842c5546f8029dca97e5df9b886d1fa921517bc9f9f609caeccd2c8,
district,https://www.bsee.gov/what-we-do/incident-investigations/offshore-incident-investigations/district-investigation-reports/district-investigation-reports-archive,2007,,0,https://www.bsee.gov/sites/bsee.gov/files/reports/inspection-and-enforcement/070518-pdf.pdf,https://www.bsee.gov/sites/bsee.gov/files/reports/inspection-and-enforcement/070518-pdf.pdf,https://www.bsee.gov/sites/bsee.gov/files/reports/inspection-and-enforcement/070518-pdf.pdf,false,070518-pdf.pdf,,,,070518-pdf,2007-05-18,2007,false,,archive_yymmdd_filename;no_area_block_in_filename,05-18-2007,17:15,G16432,ST/204,Required Evacuation - RW/JT (>3 days) - Pinned by Wireline Unit,1,,,,10507727cb5f8a4ab6c614e8519475803e829d472f4de66e8c6f14c126d55fcf,
district,https://www.bsee.gov/what-we-do/incident-investigations/offshore-incident-investigations/district-investigation-reports/district-investigation-reports-archive,2007,,0,https://www.bsee.gov/sites/bsee.gov/files/reports/inspection-and-enforcement/070518a-pdf.pdf,https://www.bsee.gov/sites/bsee.gov/files/reports/inspection-and-enforcement/070518a-pdf.pdf,https://www.bsee.gov/sites/bsee.gov/files/reports/inspection-and-enforcement/070518a-pdf.pdf,false,070518a-pdf.pdf,,,,070518a-pdf,2007-05-18,2007,false,,archive_yymmdd_filename;no_area_block_in_filename,05-18-2007,14:55,G20051,GC/243,Required Evacuation - LTA (>3 days) - Light fixture falls,1,,,,d12cfb8ba4e05ab8e817b0de7bf33beb9732f7e8ecccd494681e4d678f1c5b49,
district,https://www.bsee.gov/what-we-do/incident-investigations/offshore-incident-investigations/district-investigation-reports/district-investigation-reports-archive,2007,,0,https://www.bsee.gov/sites/bsee.gov/files/reports/inspection-and-enforcement/070519-pdf.pdf,https://www.bsee.gov/sites/bsee.gov/files/reports/inspection-and-enforcement/070519-pdf.pdf,https://www.bsee.gov/sites/bsee.gov/files/reports/inspection-and-enforcement/070519-pdf.pdf,false,070519-pdf.pdf,,,,070519-pdf,2007-05-19,2007,false,,archive_yymmdd_filename;no_area_block_in_filename,05-19-2007,00:45,G05052,SP/83,Required Evacuation - RW/JT (>3 days),1,,,,e25cbfd3bb8ebbd2e1286521c59e5363ee0d3ea473cdc6776dc7a30e4afc9c2b,
district,https://www.bsee.gov/what-we-do/incident-investigations/offshore-incident-investigations/district-investigation-reports/district-investigation-reports-archive,2007,,0,https://www.bsee.gov/sites/bsee.gov/files/reports/inspection-and-enforcement/070520-pdf.pdf,https://www.bsee.gov/sites/bsee.gov/files/reports/inspection-and-enforcement/070520-pdf.pdf,https://www.bsee.gov/sites/bsee.gov/files/reports/inspection-and-enforcement/070520-pdf.pdf,false,070520-pdf.pdf,,,,070520-pdf,2007-05-20,2007,false,,archive_yymmdd_filename;no_area_block_in_filename,05-20-2007,04:30,G05803,EW/947,Fire,1,,,,8b876da68d9944e0ef44519f8beda034347b0050072dd164855c18bdeb5dbaef,
district,https://www.bsee.gov/what-we-do/incident-investigations/offshore-incident-investigations/district-investigation-reports/district-investigation-reports-archive,2007,,0,https://www.bsee.gov/sites/bsee.gov/files/reports/inspection-and-enforcement/070522-pdf.pdf,https://www.bsee.gov/sites/bsee.gov/files/reports/inspection-and-enforcement/070522-pdf.pdf,https://www.bsee.gov/sites/bsee.gov/files/reports/inspection-and-enforcement/070522-pdf.pdf,false,070522-pdf.pdf,,,,070522-pdf,2007-05-22,2007,false,,archive_yymmdd_filename;no_area_block_in_filename,05-22-2007,09:30,G09743,VK/817,Required Evacuation - RW/JT (>3 days) - Crane,1,,,,c1b33d729ec1bf2bc18ce45e7d474ebaa638dd61baf281b0886e6c33b549df39,
district,https://www.bsee.gov/what-we-do/incident-investigations/offshore-incident-investigations/district-investigation-reports/district-investigation-reports-archive,2007,,0,https://www.bsee.gov/sites/bsee.gov/files/reports/inspection-and-enforcement/070531-pdf.pdf,https://www.bsee.gov/sites/bsee.gov/files/reports/inspection-and-enforcement/070531-pdf.pdf,https://www.bsee.gov/sites/bsee.gov/files/reports/inspection-and-enforcement/070531-pdf.pdf,false,070531-pdf.pdf,,,,070531-pdf,2007-05-31,2007,false,,archive_yymmdd_filename;no_area_block_in_filename,05-31-2007,19:40,G15607,GC/743,Required Evacuation - RW/JT (>3 days) - Falling Object,1,,,,3edf54bbd511ee88991d3edd86caae71a8b7afed96700dc07bd1b6a60f0a01e8,
district,https://www.bsee.gov/what-we-do/incident-investigations/offshore-incident-investigations/district-investigation-reports/district-investigation-reports-archive,2007,,0,https://www.bsee.gov/sites/bsee.gov/files/reports/inspection-and-enforcement/070605-pdf.pdf,https://www.bsee.gov/sites/bsee.gov/files/reports/inspection-and-enforcement/070605-pdf.pdf,https://www.bsee.gov/sites/bsee.gov/files/reports/inspection-and-enforcement/070605-pdf.pdf,false,070605-pdf.pdf,,,,070605-pdf,2007-06-05,2007,false,,archive_yymmdd_filename;no_area_block_in_filename,06-05-2007,18:30,26183,MO/1002,LTA > 3 days,1,,,,b7b46e7d4dc85994abded70871035c5f488d8ba98f4f1411d2aabed7dd64d1f4,
district,https://www.bsee.gov/what-we-do/incident-investigations/offshore-incident-investigations/district-investigation-reports/district-investigation-reports-archive,2007,,0,https://www.bsee.gov/sites/bsee.gov/files/reports/inspection-and-enforcement/070611-pdf.pdf,https://www.bsee.gov/sites/bsee.gov/files/reports/inspection-and-enforcement/070611-pdf.pdf,https://www.bsee.gov/sites/bsee.gov/files/reports/inspection-and-enforcement/070611-pdf.pdf,false,070611-pdf.pdf,,,,070611-pdf,2007-06-11,2007,false,,archive_yymmdd_filename;no_area_block_in_filename,06-11-2007,02:30,G22987,GC/680,Fire - Explosion - Incident >$25K - Required Muster - Shutdown from Gas Release,1,,,,1804f49e8971915198ab9c1fd2522d8b8cfd6e6e606acaf0ff5a4d6d2c262b09,
district,https://www.bsee.gov/what-we-do/incident-investigations/offshore-incident-investigations/district-investigation-reports/district-investigation-reports-archive,2007,,0,https://www.bsee.gov/sites/bsee.gov/files/reports/inspection-and-enforcement/070613-pdf.pdf,https://www.bsee.gov/sites/bsee.gov/files/reports/inspection-and-enforcement/070613-pdf.pdf,https://www.bsee.gov/sites/bsee.gov/files/reports/inspection-and-enforcement/070613-pdf.pdf,false,070613-pdf.pdf,,,,070613-pdf,2007-06-13,2007,false,,archive_yymmdd_filename;no_area_block_in_filename,06-13-2007,19:45,,MO/871,Required Evacuation - LTA (>3 days),1,,,,d2e878076fc2a4af10d857cf67ad94016a022257c25f08bb91626932faf5d703,
district,https://www.bsee.gov/what-we-do/incident-investigations/offshore-incident-investigations/district-investigation-reports/district-investigation-reports-archive,2007,,0,https://www.bsee.gov/sites/bsee.gov/files/reports/inspection-and-enforcement/070623-pdf.pdf,https://www.bsee.gov/sites/bsee.gov/files/reports/inspection-and-enforcement/070623-pdf.pdf,https://www.bsee.gov/sites/bsee.gov/files/reports/inspection-and-enforcement/070623-pdf.pdf,false,070623-pdf.pdf,,,,070623-pdf,2007-06-23,2007,false,,archive_yymmdd_filename;no_area_block_in_filename,06-23-2007,07:30,G02279,SM/106,RW/JT (1-3 days) - Pollution - Fire - Explosion,1,,,,80ddcfadee1dc693841a6ae02b0222ce4ec852577e1164f25c0123d2e4cb9c4c,
district,https://www.bsee.gov/what-we-do/incident-investigations/offshore-incident-investigations/district-investigation-reports/district-investigation-reports-archive,2007,,0,https://www.bsee.gov/sites/bsee.gov/files/reports/inspection-and-enforcement/070627-pdf.pdf,https://www.bsee.gov/sites/bsee.gov/files/reports/inspection-and-enforcement/070627-pdf.pdf,https://www.bsee.gov/sites/bsee.gov/files/reports/inspection-and-enforcement/070627-pdf.pdf,false,070627-pdf.pdf,,,,070627-pdf,2007-06-27,2007,false,,archive_yymmdd_filename;no_area_block_in_filename,06-27-2007,18:00,G25103,MC/707,Pollution,1,,,,b2adb7f5b55585671cd9a16946a71cd14e112ee13860d6b9050dbb0548ea07e8,
district,https://www.bsee.gov/what-we-do/incident-investigations/offshore-incident-investigations/district-investigation-reports/district-investigation-reports-archive,2007,,0,https://www.bsee.gov/sites/bsee.gov/files/reports/inspection-and-enforcement/070705-pdf.pdf,https://www.bsee.gov/sites/bsee.gov/files/reports/inspection-and-enforcement/070705-pdf.pdf,https://www.bsee.gov/sites/bsee.gov/files/reports/inspection-and-enforcement/070705-pdf.pdf,false,070705-pdf.pdf,,,,070705-pdf,2007-07-05,2007,false,,archive_yymmdd_filename;no_area_block_in_filename,07-05-2007,21:00,G01220,EI/158,2 Multiple flash burns - Fire - Flash fire with two injured,1,,,,b8bbd8aec8f5b1793e7c451289e3e13d4a9ed1435ed832c06b66ec004e689972,
district,https://www.bsee.gov/what-we-do/incident-investigations/offshore-incident-investigations/district-investigation-reports/district-investigation-reports-archive,2007,,0,https://www.bsee.gov/sites/bsee.gov/files/reports/inspection-and-enforcement/070721-pdf.pdf,https://www.bsee.gov/sites/bsee.gov/files/reports/inspection-and-enforcement/070721-pdf.pdf,https://www.bsee.gov/sites/bsee.gov/files/reports/inspection-and-enforcement/070721-pdf.pdf,false,070721-pdf.pdf,,,,070721-pdf,2007-07-21,2007,false,,archive_yymmdd_filename;no_area_block_in_filename,07-21-2007,11:00,,MC/809,Required Evacuation - RW/JT (>3 days),1,,,,6551b3f37ba863453b9e28c508a8241d01e80c54d0e3935d55118a14f217abab,
district,https://www.bsee.gov/what-we-do/incident-investigations/offshore-incident-investigations/district-investigation-reports/district-investigation-reports-archive,2007,,0,https://www.bsee.gov/sites/bsee.gov/files/reports/inspection-and-enforcement/070731-pdf.pdf,https://www.bsee.gov/sites/bsee.gov/files/reports/inspection-and-enforcement/070731-pdf.pdf,https://www.bsee.gov/sites/bsee.gov/files/reports/inspection-and-enforcement/070731-pdf.pdf,false,070731-pdf.pdf,,,,070731-pdf,2007-07-31,2007,false,,archive_yymmdd_filename;no_area_block_in_filename,07-31-2007,13:00,G15607,GC/743,Pollution - BOP ring gasket/seal area,1,,,,854d754b1549c76925a32a5530da4159c06d2976cec673b5c4bdbbf395a3b168,
district,https://www.bsee.gov/what-we-do/incident-investigations/offshore-incident-investigations/district-investigation-reports/district-investigation-reports-archive,2007,,0,https://www.bsee.gov/sites/bsee.gov/files/reports/inspection-and-enforcement/070801-pdf.pdf,https://www.bsee.gov/sites/bsee.gov/files/reports/inspection-and-enforcement/070801-pdf.pdf,https://www.bsee.gov/sites/bsee.gov/files/reports/inspection-and-enforcement/070801-pdf.pdf,false,070801-pdf.pdf,,,,070801-pdf,2007-08-01,2007,false,,archive_yymmdd_filename;no_area_block_in_filename,08-01-2007,18:15,G16493,MP/61,Pollution,1,,,,d90dec5c740307c57efd45dab475ce56a97256dc1e5d0b4aada8ecb3f610ef17,
district,https://www.bsee.gov/what-we-do/incident-investigations/offshore-incident-investigations/district-investigation-reports/district-investigation-reports-archive,2007,,0,https://www.bsee.gov/sites/bsee.gov/files/reports/inspection-and-enforcement/070807-pdf.pdf,https://www.bsee.gov/sites/bsee.gov/files/reports/inspection-and-enforcement/070807-pdf.pdf,https://www.bsee.gov/sites/bsee.gov/files/reports/inspection-and-enforcement/070807-pdf.pdf,false,070807-pdf.pdf,,,,070807-pdf,2007-08-07,2007,false,,archive_yymmdd_filename;no_area_block_in_filename,08-07-2007,19:30,G12119,VK/786,Required Evacuation - Other Injury,1,,,,c61dc10ef03129466d47490413ff5719af8faa799d911c35eff73181e9cc360f,
district,https://www.bsee.gov/what-we-do/incident-investigations/offshore-incident-investigations/district-investigation-reports/district-investigation-reports-archive,2007,,0,https://www.bsee.gov/sites/bsee.gov/files/reports/inspection-and-enforcement/070808-pdf.pdf,https://www.bsee.gov/sites/bsee.gov/files/reports/inspection-and-enforcement/070808-pdf.pdf,https://www.bsee.gov/sites/bsee.gov/files/reports/inspection-and-enforcement/070808-pdf.pdf,false,070808-pdf.pdf,,,,070808-pdf,2007-08-08,2007,false,,archive_yymmdd_filename;no_area_block_in_filename,08-08-2007,21:10,G15212,VK/408,Required Evacuation - RW/JT (>3 days) - Pollution - Fire,1,,,,6ea53aa316dcb1c0eb3827a66386b4d09a84a3a866159b44a9cd6821fec4abd5,
district,https://www.bsee.gov/what-we-do/incident-investigations/offshore-incident-investigations/district-investigation-reports/district-investigation-reports-archive,2007,,0,https://www.bsee.gov/sites/bsee.gov/files/reports/inspection-and-enforcement/070815-pdf.pdf,https://www.bsee.gov/sites/bsee.gov/files/reports/inspection-and-enforcement/070815-pdf.pdf,https://www.bsee.gov/sites/bsee.gov/files/reports/inspection-and-enforcement/070815-pdf.pdf,false,070815-pdf.pdf,,,,070815-pdf,2007-08-15,2007,false,,archive_yymmdd_filename;no_area_block_in_filename,08-15-2007,12:30,G15607,GC/743,Pollution - Incident >$25K,1,,,,2510ad0dc451e9a5dacc1c76329aa4f4de7f2d5e2c70b5309bdb5ea51fa23ae9,
district,https://www.bsee.gov/what-we-do/incident-investigations/offshore-incident-investigations/district-investigation-reports/district-investigation-reports-archive,2007,,0,https://www.bsee.gov/sites/bsee.gov/files/reports/inspection-and-enforcement/070822-pdf.pdf,https://www.bsee.gov/sites/bsee.gov/files/reports/inspection-and-enforcement/070822-pdf.pdf,https://www.bsee.gov/sites/bsee.gov/files/reports/inspection-and-enforcement/070822-pdf.pdf,false,070822-pdf.pdf,,,,070822-pdf,2007-08-22,2007,false,,archive_yymmdd_filename;no_area_block_in_filename,08-22-2007,15:00,00385,WD/29,Required Evacuation - LTA (>3 days) - RW/JT (>3 days) - Fire - Explosion,1,,,,1f7c96ff44649c9fa75e8f82d742867641fe98a6766b46c9b5e6c355ed5819e6,
district,https://www.bsee.gov/what-we-do/incident-investigations/offshore-incident-investigations/district-investigation-reports/district-investigation-reports-archive,2007,,0,https://www.bsee.gov/sites/bsee.gov/files/reports/inspection-and-enforcement/070828-pdf.pdf,https://www.bsee.gov/sites/bsee.gov/files/reports/inspection-and-enforcement/070828-pdf.pdf,https://www.bsee.gov/sites/bsee.gov/files/reports/inspection-and-enforcement/070828-pdf.pdf,false,070828-pdf.pdf,,,,070828-pdf,2007-08-28,2007,false,,archive_yymmdd_filename;no_area_block_in_filename,08-28-2007,14:30,G27858,VR/167,Pollution,1,,,,cec44d6f5d86fc7d7f5ae2bee567f7b32c4c041c4f45a75695a4a341264411c2,
district,https://www.bsee.gov/what-we-do/incident-investigations/offshore-incident-investigations/district-investigation-reports/district-investigation-reports-archive,2007,,0,https://www.bsee.gov/sites/bsee.gov/files/reports/inspection-and-enforcement/070830-pdf.pdf,https://www.bsee.gov/sites/bsee.gov/files/reports/inspection-and-enforcement/070830-pdf.pdf,https://www.bsee.gov/sites/bsee.gov/files/reports/inspection-and-enforcement/070830-pdf.pdf,false,070830-pdf.pdf,,,,070830-pdf,2007-08-30,2007,false,,archive_yymmdd_filename;no_area_block_in_filename,08-30-2007,14:00,G21065,EC/109,Pollution,1,,,,605d4f4ce7a2e050b6fe22f62a07ff764000fbb0022701ce34742ca4feae3d66,
district,https://www.bsee.gov/what-we-do/incident-investigations/offshore-incident-investigations/district-investigation-reports/district-investigation-reports-archive,2007,,0,https://www.bsee.gov/sites/bsee.gov/files/reports/inspection-and-enforcement/070907-pdf.pdf,https://www.bsee.gov/sites/bsee.gov/files/reports/inspection-and-enforcement/070907-pdf.pdf,https://www.bsee.gov/sites/bsee.gov/files/reports/inspection-and-enforcement/070907-pdf.pdf,false,070907-pdf.pdf,,,,070907-pdf,2007-09-07,2007,false,,archive_yymmdd_filename;no_area_block_in_filename,09-07-2007,06:15,G27858,VR/167,LWC Surface - Shutdown from Gas Release - Other,1,,,,ee76e721e6bd07583a863f9876bc535ba0a72959c603fdae0def82825f5c8fa0,
district,https://www.bsee.gov/what-we-do/incident-investigations/offshore-incident-investigations/district-investigation-reports/district-investigation-reports-archive,2007,,0,https://www.bsee.gov/sites/bsee.gov/files/reports/inspection-and-enforcement/070907a-pdf.pdf,https://www.bsee.gov/sites/bsee.gov/files/reports/inspection-and-enforcement/070907a-pdf.pdf,https://www.bsee.gov/sites/bsee.gov/files/reports/inspection-and-enforcement/070907a-pdf.pdf,false,070907a-pdf.pdf,,,,070907a-pdf,2007-09-07,2007,false,,archive_yymmdd_filename;no_area_block_in_filename,09-07-2007,16:30,00438,EI/175,Required Evacuation - Other Injury - Fire,1,,,,2bf48309e4ec1989579158a3b51d1972a7bde7b26900425f5abd2b8e89c1675f,
district,https://www.bsee.gov/what-we-do/incident-investigations/offshore-incident-investigations/district-investigation-reports/district-investigation-reports-archive,2007,,0,https://www.bsee.gov/sites/bsee.gov/files/reports/inspection-and-enforcement/070913-pdf.pdf,https://www.bsee.gov/sites/bsee.gov/files/reports/inspection-and-enforcement/070913-pdf.pdf,https://www.bsee.gov/sites/bsee.gov/files/reports/inspection-and-enforcement/070913-pdf.pdf,false,070913-pdf.pdf,,,,070913-pdf,2007-09-13,2007,false,,archive_yymmdd_filename;no_area_block_in_filename,09-13-2007,15:45,G09868,MC/778,Required Evacuation - RW/JT (>3 days),1,,,,773b5a1f0657a2dd572e8282d8407e532521a5ef6c3b1436bf85a962cb7afe7d,
district,https://www.bsee.gov/what-we-do/incident-investigations/offshore-incident-investigations/district-investigation-reports/district-investigation-reports-archive,2007,,0,https://www.bsee.gov/sites/bsee.gov/files/reports/inspection-and-enforcement/070917-pdf.pdf,https://www.bsee.gov/sites/bsee.gov/files/reports/inspection-and-enforcement/070917-pdf.pdf,https://www.bsee.gov/sites/bsee.gov/files/reports/inspection-and-enforcement/070917-pdf.pdf,false,070917-pdf.pdf,,,,070917-pdf,2007-09-17,2007,false,,archive_yymmdd_filename;no_area_block_in_filename,09-17-2007,08:45,G05541,SS/92,Required Evacuation - LTA (>3 days) - Supply boat open manway,1,,,,87775482f5328b285bb6f72c3da9508946c88d595699dd325780ccbe74cec915,
district,https://www.bsee.gov/what-we-do/incident-investigations/offshore-incident-investigations/district-investigation-reports/district-investigation-reports-archive,2007,,0,https://www.bsee.gov/sites/bsee.gov/files/reports/inspection-and-enforcement/070920-pdf.pdf,https://www.bsee.gov/sites/bsee.gov/files/reports/inspection-and-enforcement/070920-pdf.pdf,https://www.bsee.gov/sites/bsee.gov/files/reports/inspection-and-enforcement/070920-pdf.pdf,false,070920-pdf.pdf,,,,070920-pdf,2007-09-20,2007,false,,archive_yymmdd_filename;no_area_block_in_filename,09-20-2007,10:00,G23005,GC/949,Pollution - 20 bbls lost SBM,1,,,,ba5842d48fe25d9c6b9b4153305d10ea5d1d89991d8421af800720539b80edc8,
district,https://www.bsee.gov/what-we-do/incident-investigations/offshore-incident-investigations/district-investigation-reports/district-investigation-reports-archive,2007,,0,https://www.bsee.gov/sites/bsee.gov/files/reports/inspection-and-enforcement/070923-pdf.pdf,https://www.bsee.gov/sites/bsee.gov/files/reports/inspection-and-enforcement/070923-pdf.pdf,https://www.bsee.gov/sites/bsee.gov/files/reports/inspection-and-enforcement/070923-pdf.pdf,false,070923-pdf.pdf,,,,070923-pdf,2007-09-23,2007,false,,archive_yymmdd_filename;no_area_block_in_filename,09-23-2007,19:23,G07963,MC/807,RW/JT (> 3 days),1,,,,33dd7e14a9d46681729ff9ddd2f2dc1a6e7f61094987161873ae53986bba7762,
district,https://www.bsee.gov/what-we-do/incident-investigations/offshore-incident-investigations/district-investigation-reports/district-investigation-reports-archive,2007,,0,https://www.bsee.gov/sites/bsee.gov/files/reports/inspection-and-enforcement/070926-pdf.pdf,https://www.bsee.gov/sites/bsee.gov/files/reports/inspection-and-enforcement/070926-pdf.pdf,https://www.bsee.gov/sites/bsee.gov/files/reports/inspection-and-enforcement/070926-pdf.pdf,false,070926-pdf.pdf,,,,070926-pdf,2007-09-26,2007,false,,archive_yymmdd_filename;no_area_block_in_filename,09-26-2007,19:25,G12989,GI/78,Required Evacuation - LTA (>3 days),1,,,,0536dbf3040141aa08b5774be36b3a6b2cec9078f2952f55233a34a47390e901,
district,https://www.bsee.gov/what-we-do/incident-investigations/offshore-incident-investigations/district-investigation-reports/district-investigation-reports-archive,2007,,0,https://www.bsee.gov/sites/bsee.gov/files/reports/inspection-and-enforcement/070930-pdf.pdf,https://www.bsee.gov/sites/bsee.gov/files/reports/inspection-and-enforcement/070930-pdf.pdf,https://www.bsee.gov/sites/bsee.gov/files/reports/inspection-and-enforcement/070930-pdf.pdf,false,070930-pdf.pdf,,,,070930-pdf,2007-09-30,2007,false,,archive_yymmdd_filename;no_area_block_in_filename,09-30-2007,11:45,G16942,WR/29,Block dolly retract system,1,,,,6239798f4e7acdc929094d5c603460c2967fb267a9504a6ad1024669e627427f,
district,https://www.bsee.gov/what-we-do/incident-investigations/offshore-incident-investigations/district-investigation-reports/district-investigation-reports-archive,2007,,0,https://www.bsee.gov/sites/bsee.gov/files/reports/inspection-and-enforcement/071001-pdf.pdf,https://www.bsee.gov/sites/bsee.gov/files/reports/inspection-and-enforcement/071001-pdf.pdf,https://www.bsee.gov/sites/bsee.gov/files/reports/inspection-and-enforcement/071001-pdf.pdf,false,071001-pdf.pdf,,,,071001-pdf,2007-10-01,2007,false,,archive_yymmdd_filename;no_area_block_in_filename,10-01-2007,12:05,G04903,MP/30,Required Evacuation - LTA (>3 days) - Crane,1,,,,e2081377d03ea6cd4aadcd7c6864e62d495a3f5b37354df3f19a26ed4d83e799,
district,https://www.bsee.gov/what-we-do/incident-investigations/offshore-incident-investigations/district-investigation-reports/district-investigation-reports-archive,2007,,0,https://www.bsee.gov/sites/bsee.gov/files/reports/inspection-and-enforcement/071003-pdf.pdf,https://www.bsee.gov/sites/bsee.gov/files/reports/inspection-and-enforcement/071003-pdf.pdf,https://www.bsee.gov/sites/bsee.gov/files/reports/inspection-and-enforcement/071003-pdf.pdf,false,071003-pdf.pdf,,,,071003-pdf,2007-10-03,2007,false,,archive_yymmdd_filename;no_area_block_in_filename,10-03-2007,13:45,00827,SS/209,Crane,1,,,,02b55ba214e5ca997bdc54e3a8752deebf69d681a4e57c68796815af7eea32db,
district,https://www.bsee.gov/what-we-do/incident-investigations/offshore-incident-investigations/district-investigation-reports/district-investigation-reports-archive,2007,,0,https://www.bsee.gov/sites/bsee.gov/files/reports/inspection-and-enforcement/071020-pdf.pdf,https://www.bsee.gov/sites/bsee.gov/files/reports/inspection-and-enforcement/071020-pdf.pdf,https://www.bsee.gov/sites/bsee.gov/files/reports/inspection-and-enforcement/071020-pdf.pdf,false,071020-pdf.pdf,,,,071020-pdf,2007-10-20,2007,false,,archive_yymmdd_filename;no_area_block_in_filename,10-20-2007,22:50,G16636,MC/683,Required Evacuation - RW/JT (>3 days),1,,,,4f2839bbe65bf29e4791dc210071af0f2d17210a4ad7cdfbf1e3d74dd27a0f06,
district,https://www.bsee.gov/what-we-do/incident-investigations/offshore-incident-investigations/district-investigation-reports/district-investigation-reports-archive,2007,,0,https://www.bsee.gov/sites/bsee.gov/files/reports/inspection-and-enforcement/071021-pdf.pdf,https://www.bsee.gov/sites/bsee.gov/files/reports/inspection-and-enforcement/071021-pdf.pdf,https://www.bsee.gov/sites/bsee.gov/files/reports/inspection-and-enforcement/071021-pdf.pdf,false,071021-pdf.pdf,,,,071021-pdf,2007-10-21,2007,false,,archive_yymmdd_filename;no_area_block_in_filename,10-21-2007,09:15,G24179,GC/726,Pollution - Incident >$25K,1,,,,7b9d9ffab4ef7f8751b63db1f17a9f316910110ba1f8d197c979ebf9b5ab639f,
district,https://www.bsee.gov/what-we-do/incident-investigations/offshore-incident-investigations/district-investigation-reports/district-investigation-reports-archive,2007,,0,https://www.bsee.gov/sites/bsee.gov/files/reports/inspection-and-enforcement/071023-pdf.pdf,https://www.bsee.gov/sites/bsee.gov/files/reports/inspection-and-enforcement/071023-pdf.pdf,https://www.bsee.gov/sites/bsee.gov/files/reports/inspection-and-enforcement/071023-pdf.pdf,false,071023-pdf.pdf,,,,071023-pdf,2007-10-23,2007,false,,archive_yymmdd_filename;no_area_block_in_filename,10-23-2007,07:00,G05753,MO/916,Required Evacuation - RW/JT (>3 days) - Other Injury,1,,,,fa9ceaefc4e827c55a5787699b28f435d93e42583b64c7552028165601d5eb6d,
district,https://www.bsee.gov/what-we-do/incident-investigations/offshore-incident-investigations/district-investigation-reports/district-investigation-reports-archive,2007,,0,https://www.bsee.gov/sites/bsee.gov/files/reports/inspection-and-enforcement/071023a-pdf.pdf,https://www.bsee.gov/sites/bsee.gov/files/reports/inspection-and-enforcement/071023a-pdf.pdf,https://www.bsee.gov/sites/bsee.gov/files/reports/inspection-and-enforcement/071023a-pdf.pdf,false,071023a-pdf.pdf,,,,071023a-pdf,2007-10-23,2007,false,,archive_yymmdd_filename;no_area_block_in_filename,10-23-2007,03:20,G16636,MC/683,Required Evacuation - RW/JT (>3 days),1,,,,e3f9437a20c065245e59170f34101c36e581215472df2770810ee7db9319a7ab,
district,https://www.bsee.gov/what-we-do/incident-investigations/offshore-incident-investigations/district-investigation-reports/district-investigation-reports-archive,2007,,0,https://www.bsee.gov/sites/bsee.gov/files/reports/inspection-and-enforcement/071024-pdf.pdf,https://www.bsee.gov/sites/bsee.gov/files/reports/inspection-and-enforcement/071024-pdf.pdf,https://www.bsee.gov/sites/bsee.gov/files/reports/inspection-and-enforcement/071024-pdf.pdf,false,071024-pdf.pdf,,,,071024-pdf,2007-10-24,2007,false,,archive_yymmdd_filename;no_area_block_in_filename,10-24-2007,18:15,G14016,MC/711,Required Evacuation - RW/JT (>3 days) - Other Injury - Finger,1,,,,37646d86bb75e7951dbc537270575ea8bb8fbdca40dff019224fe86a7c0bcf07,
district,https://www.bsee.gov/what-we-do/incident-investigations/offshore-incident-investigations/district-investigation-reports/district-investigation-reports-archive,2007,,0,https://www.bsee.gov/sites/bsee.gov/files/reports/inspection-and-enforcement/071025-pdf.pdf,https://www.bsee.gov/sites/bsee.gov/files/reports/inspection-and-enforcement/071025-pdf.pdf,https://www.bsee.gov/sites/bsee.gov/files/reports/inspection-and-enforcement/071025-pdf.pdf,false,071025-pdf.pdf,,,,071025-pdf,2007-10-25,2007,false,,archive_yymmdd_filename;no_area_block_in_filename,10-25-2007,18:30,G02947,MP/73,Required Evacuation - RW/JT (>3 days),1,,,,1a0d867b02de770e5dc68a18a16d88050db0ec739bf3e99f01ceece74ca6759e,
district,https://www.bsee.gov/what-we-do/incident-investigations/offshore-incident-investigations/district-investigation-reports/district-investigation-reports-archive,2007,,0,https://www.bsee.gov/sites/bsee.gov/files/reports/inspection-and-enforcement/071031-pdf.pdf,https://www.bsee.gov/sites/bsee.gov/files/reports/inspection-and-enforcement/071031-pdf.pdf,https://www.bsee.gov/sites/bsee.gov/files/reports/inspection-and-enforcement/071031-pdf.pdf,false,071031-pdf.pdf,,,,071031-pdf,2007-10-31,2007,false,,archive_yymmdd_filename;no_area_block_in_filename,10-31-2007,22:45,G27858,VR/167,Required Evacuation - LTA (>3 days) - Other Injury - Falling Object,1,,,,feae1cd4c60c03a7703bdf5e5ac2c089247b229243de5f583946ae9f39f1a380,
district,https://www.bsee.gov/what-we-do/incident-investigations/offshore-incident-investigations/district-investigation-reports/district-investigation-reports-archive,2007,,0,https://www.bsee.gov/sites/bsee.gov/files/reports/inspection-and-enforcement/071102-pdf.pdf,https://www.bsee.gov/sites/bsee.gov/files/reports/inspection-and-enforcement/071102-pdf.pdf,https://www.bsee.gov/sites/bsee.gov/files/reports/inspection-and-enforcement/071102-pdf.pdf,false,071102-pdf.pdf,,,,071102-pdf,2007-11-02,2007,false,,archive_yymmdd_filename;no_area_block_in_filename,11-02-2007,14:45,G12166,MC/765,LTA (>3 days) - Other,1,,,,d463c23916eeb7d4883e14cfd50d750ea6db1456ea43594c4a0bcf1fc2742af6,
district,https://www.bsee.gov/what-we-do/incident-investigations/offshore-incident-investigations/district-investigation-reports/district-investigation-reports-archive,2007,,0,https://www.bsee.gov/sites/bsee.gov/files/reports/inspection-and-enforcement/071103-pdf.pdf,https://www.bsee.gov/sites/bsee.gov/files/reports/inspection-and-enforcement/071103-pdf.pdf,https://www.bsee.gov/sites/bsee.gov/files/reports/inspection-and-enforcement/071103-pdf.pdf,false,071103-pdf.pdf,,,,071103-pdf,2007-11-03,2007,false,,archive_yymmdd_filename;no_area_block_in_filename,11-03-2007,20:15,G01034,SS/266,Crane,1,,,,0683fbaa6a74c82216881c52570c7a9ea55e852fdeaed699d375ea311d1ec538,
district,https://www.bsee.gov/what-we-do/incident-investigations/offshore-incident-investigations/district-investigation-reports/district-investigation-reports-archive,2007,,0,https://www.bsee.gov/sites/bsee.gov/files/reports/inspection-and-enforcement/071106-pdf.pdf,https://www.bsee.gov/sites/bsee.gov/files/reports/inspection-and-enforcement/071106-pdf.pdf,https://www.bsee.gov/sites/bsee.gov/files/reports/inspection-and-enforcement/071106-pdf.pdf,false,071106-pdf.pdf,,,,071106-pdf,2007-11-06,2007,false,,archive_yymmdd_filename;no_area_block_in_filename,11-06-2007,20:00,G01088,WD/89,RW/JT (> 3 days),1,,,,4f6ad55c6818ccae427581f41683e467a9cb6a1a95836b87a5abaeb4b39c1197,
district,https://www.bsee.gov/what-we-do/incident-investigations/offshore-incident-investigations/district-investigation-reports/district-investigation-reports-archive,2007,,0,https://www.bsee.gov/sites/bsee.gov/files/reports/inspection-and-enforcement/071107-pdf.pdf,https://www.bsee.gov/sites/bsee.gov/files/reports/inspection-and-enforcement/071107-pdf.pdf,https://www.bsee.gov/sites/bsee.gov/files/reports/inspection-and-enforcement/071107-pdf.pdf,false,071107-pdf.pdf,,,,071107-pdf,2007-11-07,2007,false,,archive_yymmdd_filename;no_area_block_in_filename,11-07-2007,04:15,G02947,MP/73,Required Evacuation RW/JT (> 3 days),1,,,,e5e1dcf7b061eba393174c73dce13aa6de96eed2716eba0438c460eb8938809c,
district,https://www.bsee.gov/what-we-do/incident-investigations/offshore-incident-investigations/district-investigation-reports/district-investigation-reports-archive,2007,,0,https://www.bsee.gov/sites/bsee.gov/files/reports/inspection-and-enforcement/071113-pdf.pdf,https://www.bsee.gov/sites/bsee.gov/files/reports/inspection-and-enforcement/071113-pdf.pdf,https://www.bsee.gov/sites/bsee.gov/files/reports/inspection-and-enforcement/071113-pdf.pdf,false,071113-pdf.pdf,,,,071113-pdf,2007-11-13,2007,false,,archive_yymmdd_filename;no_area_block_in_filename,11-13-2007,10:00,G19967,MC/568,Equipment Failure,1,,,,7bad151d2f87b1083f7451c188ad23a955972a66ad1ed40c0aed3ba2721913a4,
district,https://www.bsee.gov/what-we-do/incident-investigations/offshore-incident-investigations/district-investigation-reports/district-investigation-reports-archive,2007,,0,https://www.bsee.gov/sites/bsee.gov/files/reports/inspection-and-enforcement/071115-pdf.pdf,https://www.bsee.gov/sites/bsee.gov/files/reports/inspection-and-enforcement/071115-pdf.pdf,https://www.bsee.gov/sites/bsee.gov/files/reports/inspection-and-enforcement/071115-pdf.pdf,false,071115-pdf.pdf,,,,071115-pdf,2007-11-15,2007,false,,archive_yymmdd_filename;no_area_block_in_filename,11-15-2007,05:30,G02185,SP/78,Required Evacuation LTA (>3 days),1,,,,233d1399f9028eaf51ef63545fb318332f77121971f38e39a366068e68341c1b,
district,https://www.bsee.gov/what-we-do/incident-investigations/offshore-incident-investigations/district-investigation-reports/district-investigation-reports-archive,2007,,0,https://www.bsee.gov/sites/bsee.gov/files/reports/inspection-and-enforcement/071118-pdf.pdf,https://www.bsee.gov/sites/bsee.gov/files/reports/inspection-and-enforcement/071118-pdf.pdf,https://www.bsee.gov/sites/bsee.gov/files/reports/inspection-and-enforcement/071118-pdf.pdf,false,071118-pdf.pdf,,,,071118-pdf,2007-11-18,2007,false,,archive_yymmdd_filename;no_area_block_in_filename,11-18-2007,06:30,G15740,GA/151,Required Evacuation LTA (>3 days) - Equipment Failure,1,,,,991864cfeceb3d72def390b47b6378a2da1e3623b73413eb206b5923f5ee9fd7,
district,https://www.bsee.gov/what-we-do/incident-investigations/offshore-incident-investigations/district-investigation-reports/district-investigation-reports-archive,2007,,0,https://www.bsee.gov/sites/bsee.gov/files/reports/inspection-and-enforcement/071201-pdf.pdf,https://www.bsee.gov/sites/bsee.gov/files/reports/inspection-and-enforcement/071201-pdf.pdf,https://www.bsee.gov/sites/bsee.gov/files/reports/inspection-and-enforcement/071201-pdf.pdf,false,071201-pdf.pdf,,,,071201-pdf,2007-12-01,2007,false,,archive_yymmdd_filename;no_area_block_in_filename,12-01-2007,16:15,G15459,MC/21,Required Evacuation RW/JT (>3 days),1,,,,8629028ceeff8e226d04f35070b285dbf85bc76b80a3397fc0c0c6fe7dd6bee3,
district,https://www.bsee.gov/what-we-do/incident-investigations/offshore-incident-investigations/district-investigation-reports/district-investigation-reports-archive,2007,,0,https://www.bsee.gov/sites/bsee.gov/files/reports/inspection-and-enforcement/071202-pdf.pdf,https://www.bsee.gov/sites/bsee.gov/files/reports/inspection-and-enforcement/071202-pdf.pdf,https://www.bsee.gov/sites/bsee.gov/files/reports/inspection-and-enforcement/071202-pdf.pdf,false,071202-pdf.pdf,,,,071202-pdf,2007-12-02,2007,false,,archive_yymmdd_filename;no_area_block_in_filename,12-02-2007,13:30,G21810,GC/652,Pollution - Riser Emergency Disconnect,1,,,,ff39e199a17733b2a0ba6cc1f4a4ad78413480cd91e745ee5aa08fc5d728b744,
district,https://www.bsee.gov/what-we-do/incident-investigations/offshore-incident-investigations/district-investigation-reports/district-investigation-reports-archive,2007,,0,https://www.bsee.gov/sites/bsee.gov/files/reports/inspection-and-enforcement/071204-pdf.pdf,https://www.bsee.gov/sites/bsee.gov/files/reports/inspection-and-enforcement/071204-pdf.pdf,https://www.bsee.gov/sites/bsee.gov/files/reports/inspection-and-enforcement/071204-pdf.pdf,false,071204-pdf.pdf,,,,071204-pdf,2007-12-04,2007,false,,archive_yymmdd_filename;no_area_block_in_filename,12-04-2007,12:30,G14658,MC/822,LTA (>3 days) - Other Injury,1,,,,1b3603aa81ee9802f35c8b6d548e96392a3045b32d8fed38ee0386864a73f842,
district,https://www.bsee.gov/what-we-do/incident-investigations/offshore-incident-investigations/district-investigation-reports/district-investigation-reports-archive,2007,,0,https://www.bsee.gov/sites/bsee.gov/files/reports/inspection-and-enforcement/071217-pdf.pdf,https://www.bsee.gov/sites/bsee.gov/files/reports/inspection-and-enforcement/071217-pdf.pdf,https://www.bsee.gov/sites/bsee.gov/files/reports/inspection-and-enforcement/071217-pdf.pdf,false,071217-pdf.pdf,,,,071217-pdf,2007-12-17,2007,false,,archive_yymmdd_filename;no_area_block_in_filename,12-17-2007,02:00,G04473,WD/27,Collision - Structural Damage - Shutdown from Gas Release,1,,,,9f6b103c3dec271e2b9092cdf30bdb7aaaff83e2a220f857e443c83a8709e14e,
district,https://www.bsee.gov/what-we-do/incident-investigations/offshore-incident-investigations/district-investigation-reports,2019,,0,sites/bsee.gov/files/reports//mc474-bp-exp-and-prod-inc-4may2019.pdf,https://www.bsee.gov/sites/bsee.gov/files/reports/mc474-bp-exp-and-prod-inc-4may2019.pdf,https://www.bsee.gov/sites/bsee.gov/files/reports/mc474-bp-exp-and-prod-inc-4may2019.pdf,false,mc474-bp-exp-and-prod-inc-4may2019.pdf,MC,474,bp exp and prod,4may2019,2019-05-04,2019,false,,,05-04-2019,14:00,G23624,MC 474,"Damaged/Disabled Safety Sys., Incident >$25k, Other",1,,,,248640effea055b17743dcd4da51143e0ebc01ca3e5063d29b1013a827db314a,
district,https://www.bsee.gov/what-we-do/incident-investigations/offshore-incident-investigations/district-investigation-reports,2018,,0,sites/bsee.gov/files/reports//mc607-chevron-01dec2018.pdf,https://www.bsee.gov/sites/bsee.gov/files/reports/mc607-chevron-01dec2018.pdf,https://www.bsee.gov/sites/bsee.gov/files/reports/mc607-chevron-01dec2018.pdf,false,mc607-chevron-01dec2018.pdf,MC,607,chevron,01dec2018,2018-12-01,2018,false,,,12-01-2018,03:39,G34451,MC 607,Other,1,,,,1ece2626cebdad105abfd2188fe704526d9190275c5e2ef00013031a0938b1a0,
district,https://www.bsee.gov/what-we-do/incident-investigations/offshore-incident-investigations/district-investigation-reports,2019,,0,sites/bsee.gov/files/reports//mc816-llog-02jun2019.pdf,https://www.bsee.gov/sites/bsee.gov/files/reports/mc816-llog-02jun2019.pdf,https://www.bsee.gov/sites/bsee.gov/files/reports/mc816-llog-02jun2019.pdf,false,mc816-llog-02jun2019.pdf,MC,816,llog,02jun2019,2019-06-02,2019,false,,,06-02-2019,14:30,G33178,MC 816,Other,1,,,,08f5309cda8110bd925326475c46c08a44f8f4685637b1fdebc2378cc45b1fe6,
district,https://www.bsee.gov/what-we-do/incident-investigations/offshore-incident-investigations/district-investigation-reports/district-investigation-reports-archive,2005,,0,https://www.bsee.gov/sites/bsee.gov/files/reports/oil-spill-response/08-jan-2005-p00240.pdf,https://www.bsee.gov/sites/bsee.gov/files/reports/oil-spill-response/08-jan-2005-p00240.pdf,https://www.bsee.gov/sites/bsee.gov/files/reports/oil-spill-response/08-jan-2005-p00240.pdf,false,08-jan-2005-p00240.pdf,,,p00240,08-jan-2005,2005-01-08,2005,false,,no_area_block_in_filename,01-08-2005,13:45,P00240,LA/6659,Fire,1,,,,08d2cf2eb879e1298468fc44934252ea601f80741e77c24b7de3d1b887d24be1,
district,https://www.bsee.gov/what-we-do/incident-investigations/offshore-incident-investigations/district-investigation-reports/district-investigation-reports-archive,2012,,0,https://www.bsee.gov/sites/bsee.gov/files/reports/regulations-and-guidance/15jul2012apache-ei120-15.pdf,https://www.bsee.gov/sites/bsee.gov/files/reports/regulations-and-guidance/15jul2012apache-ei120-15.pdf,https://www.bsee.gov/sites/bsee.gov/files/reports/regulations-and-guidance/15jul2012apache-ei120-15.pdf,false,15jul2012apache-ei120-15.pdf,EI,120,apache,15jul2012,2012-07-15,2012,false,,,07-15-2012,07:30,00050,EI/120,Wireline Operations,1,,,,0b0cb0a5490c24fcc003f24ba51fa8da51b72f3b32094b8387098480adae785b,
district,https://www.bsee.gov/what-we-do/incident-investigations/offshore-incident-investigations/district-investigation-reports/district-investigation-reports-archive,2012,,0,https://www.bsee.gov/sites/bsee.gov/files/reports/reports/03-04-12-nexen-ei-259.pdf,https://www.bsee.gov/sites/bsee.gov/files/reports/reports/03-04-12-nexen-ei-259.pdf,https://www.bsee.gov/sites/bsee.gov/files/reports/reports/03-04-12-nexen-ei-259.pdf,false,03-04-12-nexen-ei-259.pdf,EI,259,nexen,03-04-12,2012-03-04,2012,false,,,03-04-2012,13:30,G00985,EI/259,Trip Hazard - Other,1,,,,558de850e61651599aaa66fa118a415f12da20ad3507f88d444c15ab872f24c6,
district,https://www.bsee.gov/what-we-do/incident-investigations/offshore-incident-investigations/district-investigation-reports/district-investigation-reports-archive,2012,,0,https://www.bsee.gov/sites/bsee.gov/files/reports/reports/gb-783-conoco-14-october-2012.pdf,https://www.bsee.gov/sites/bsee.gov/files/reports/reports/gb-783-conoco-14-october-2012.pdf,https://www.bsee.gov/sites/bsee.gov/files/reports/reports/gb-783-conoco-14-october-2012.pdf,false,gb-783-conoco-14-october-2012.pdf,GB,783,conoco,14-october-2012,2012-10-14,2012,false,,,10-14-2012,22:30,G11573,GB/783,RW>3 days Finger Injury,1,,,,8d86ec57d561a54648091103ec54cd04e05be44075bb0e1ae31cc7d3320dacb7,
district,https://www.bsee.gov/what-we-do/incident-investigations/offshore-incident-investigations/district-investigation-reports/district-investigation-reports-archive,2012,,0,https://www.bsee.gov/sites/bsee.gov/files/reports/reports/gc-338a-murphy-exploration-and-production-15-july-2013.pdf,https://www.bsee.gov/sites/bsee.gov/files/reports/reports/gc-338a-murphy-exploration-and-production-15-july-2013.pdf,https://www.bsee.gov/sites/bsee.gov/files/reports/reports/gc-338a-murphy-exploration-and-production-15-july-2013.pdf,false,gc-338a-murphy-exploration-and-production-15-july-2013.pdf,GC,338A,murphy exploration and production,15-july-2013,2013-07-15,2013,false,,,09-29-2012,03:45,G21790,GC/338A,Required Evacuation / RW/JT (>3Days) / Loss of fingers on left hand.,1,,,,84e452e92ae930585c74a2919af6136addedf302f585b35e4a5d15695c3a952e,
district,https://www.bsee.gov/what-we-do/incident-investigations/offshore-incident-investigations/district-investigation-reports/district-investigation-reports-archive,2012,,0,https://www.bsee.gov/sites/bsee.gov/files/reports/reports/sanitized-chevron-wr-29-4-feb-2012.pdf,https://www.bsee.gov/sites/bsee.gov/files/reports/reports/sanitized-chevron-wr-29-4-feb-2012.pdf,https://www.bsee.gov/sites/bsee.gov/files/reports/reports/sanitized-chevron-wr-29-4-feb-2012.pdf,false,sanitized-chevron-wr-29-4-feb-2012.pdf,WR,29,chevron,4-feb-2012,2012-02-04,2012,true,,,02-04-2012,04:45,G16942,WR/29,Pollution-Other,1,,,,737e3f14bd92d8c3498df4480d205bba5b5554bf7af28fa9c98096836b0ceb7f,
district,https://www.bsee.gov/what-we-do/incident-investigations/offshore-incident-investigations/district-investigation-reports/district-investigation-reports-archive,2005,,0,https://www.bsee.gov/sites/bsee.gov/files/reports/safety/050119-pdf.pdf,https://www.bsee.gov/sites/bsee.gov/files/reports/safety/050119-pdf.pdf,https://www.bsee.gov/sites/bsee.gov/files/reports/safety/050119-pdf.pdf,false,050119-pdf.pdf,,,,050119-pdf,2005-01-19,2005,false,,archive_yymmdd_filename;no_area_block_in_filename,01-19-2005,09:00,G05541,SS/92,Collision,1,,,,f223a5b64beb5b26f5b08526e3d313a513617180a548e1be4dcdedbaf61c1765,
district,https://www.bsee.gov/what-we-do/incident-investigations/offshore-incident-investigations/district-investigation-reports/district-investigation-reports-archive,2005,,0,https://www.bsee.gov/sites/bsee.gov/files/reports/safety/050119a-pdf.pdf,https://www.bsee.gov/sites/bsee.gov/files/reports/safety/050119a-pdf.pdf,https://www.bsee.gov/sites/bsee.gov/files/reports/safety/050119a-pdf.pdf,false,050119a-pdf.pdf,,,,050119a-pdf,2005-01-19,2005,false,,archive_yymmdd_filename;no_area_block_in_filename,01-19-2005,18:00,00827,SS/209,Fire,1,,,,03ffb81b4ba5938a718402d36f03303336886cb300ba782f0a5491e179cefa44,
district,https://www.bsee.gov/what-we-do/incident-investigations/offshore-incident-investigations/district-investigation-reports/district-investigation-reports-archive,2005,,0,https://www.bsee.gov/sites/bsee.gov/files/reports/safety/050120-pdf.pdf,https://www.bsee.gov/sites/bsee.gov/files/reports/safety/050120-pdf.pdf,https://www.bsee.gov/sites/bsee.gov/files/reports/safety/050120-pdf.pdf,false,050120-pdf.pdf,,,,050120-pdf,2005-01-20,2005,false,,archive_yymmdd_filename;no_area_block_in_filename,01-20-2005,22:30,G17001,WR/508,Fire,1,,,,cee0e3498f5409376a981087a0bad8e8ea3b0a6ae5c23a8902f3319c233f5fe3,
district,https://www.bsee.gov/what-we-do/incident-investigations/offshore-incident-investigations/district-investigation-reports/district-investigation-reports-archive,2005,,0,https://www.bsee.gov/sites/bsee.gov/files/reports/safety/050210-pdf.pdf,https://www.bsee.gov/sites/bsee.gov/files/reports/safety/050210-pdf.pdf,https://www.bsee.gov/sites/bsee.gov/files/reports/safety/050210-pdf.pdf,false,050210-pdf.pdf,,,,050210-pdf,2005-02-10,2005,false,,archive_yymmdd_filename;no_area_block_in_filename,02-10-2005,04:30,G21685,ST/308,Crane/Helicopter,1,,,,9815d4a892fa972bac815c02a48fd3e8d176357e469df5d25d37b368442938b5,
district,https://www.bsee.gov/what-we-do/incident-investigations/offshore-incident-investigations/district-investigation-reports/district-investigation-reports-archive,2005,,0,https://www.bsee.gov/sites/bsee.gov/files/reports/safety/050220-pdf.pdf,https://www.bsee.gov/sites/bsee.gov/files/reports/safety/050220-pdf.pdf,https://www.bsee.gov/sites/bsee.gov/files/reports/safety/050220-pdf.pdf,false,050220-pdf.pdf,,,,050220-pdf,2005-02-20,2005,false,,archive_yymmdd_filename;no_area_block_in_filename,02-20-2005,11:00,G16647,MC/772,Injury,1,,,,cf703609ecab3ef40d21563b1bda1cf7a02702b76f15d27cb44956a851aad389,
district,https://www.bsee.gov/what-we-do/incident-investigations/offshore-incident-investigations/district-investigation-reports/district-investigation-reports-archive,2005,,0,https://www.bsee.gov/sites/bsee.gov/files/reports/safety/050225a-pdf.pdf,https://www.bsee.gov/sites/bsee.gov/files/reports/safety/050225a-pdf.pdf,https://www.bsee.gov/sites/bsee.gov/files/reports/safety/050225a-pdf.pdf,false,050225a-pdf.pdf,,,,050225a-pdf,2005-02-25,2005,false,,archive_yymmdd_filename;no_area_block_in_filename,02-25-2005,11:00,G21778,MC/734,Pollution,2,,,,efe9d45e9100552d6ccfc69bf68e29f8168f87d4f431757fce8bfcd753a1f69d,
district,https://www.bsee.gov/what-we-do/incident-investigations/offshore-incident-investigations/district-investigation-reports/district-investigation-reports-archive,2005,,0,https://www.bsee.gov/sites/bsee.gov/files/reports/safety/050228-pdf.pdf,https://www.bsee.gov/sites/bsee.gov/files/reports/safety/050228-pdf.pdf,https://www.bsee.gov/sites/bsee.gov/files/reports/safety/050228-pdf.pdf,false,050228-pdf.pdf,,,,050228-pdf,2005-02-28,2005,false,,archive_yymmdd_filename;no_area_block_in_filename,02-28-2005,23:30,G07963,MC/807,Pollution,1,,,,9b6ae7db41193f9469074c8478af390dc347907ff23e1a129bb5e92fbc739956,
district,https://www.bsee.gov/what-we-do/incident-investigations/offshore-incident-investigations/district-investigation-reports/district-investigation-reports-archive,2005,,0,https://www.bsee.gov/sites/bsee.gov/files/reports/safety/050308-pdf.pdf,https://www.bsee.gov/sites/bsee.gov/files/reports/safety/050308-pdf.pdf,https://www.bsee.gov/sites/bsee.gov/files/reports/safety/050308-pdf.pdf,false,050308-pdf.pdf,,,,050308-pdf,2005-03-08,2005,false,,archive_yymmdd_filename;no_area_block_in_filename,03-08-2005,20:15,G23933,ST/242,Blowout,1,,,,c2034ccbf5930fe46935328d97ab7845e4d181f6f75421c0d3fefce73ee5db93,
district,https://www.bsee.gov/what-we-do/incident-investigations/offshore-incident-investigations/district-investigation-reports/district-investigation-reports-archive,2005,,0,https://www.bsee.gov/sites/bsee.gov/files/reports/safety/050311-pdf.pdf,https://www.bsee.gov/sites/bsee.gov/files/reports/safety/050311-pdf.pdf,https://www.bsee.gov/sites/bsee.gov/files/reports/safety/050311-pdf.pdf,false,050311-pdf.pdf,,,,050311-pdf,2005-03-11,2005,false,,archive_yymmdd_filename;no_area_block_in_filename,03-11-2005,15:10,G24154,GC/157,Accidental Riser Disconnect,1,,,,021584e5415c5a02e6ea70e559612cc2ead7500aca1796b3d49b2c0015ee9a6a,
district,https://www.bsee.gov/what-we-do/incident-investigations/offshore-incident-investigations/district-investigation-reports/district-investigation-reports-archive,2005,,0,https://www.bsee.gov/sites/bsee.gov/files/reports/safety/050315-pdf.pdf,https://www.bsee.gov/sites/bsee.gov/files/reports/safety/050315-pdf.pdf,https://www.bsee.gov/sites/bsee.gov/files/reports/safety/050315-pdf.pdf,false,050315-pdf.pdf,,,,050315-pdf,2005-03-15,2005,false,,archive_yymmdd_filename;no_area_block_in_filename,03-15-2005,15:00,G14658,MC/822,Pollution,1,,,,282576f61c81c3972af5e3ebc5779ae44d7b0783f43c8932ec8ee139cec95642,
district,https://www.bsee.gov/what-we-do/incident-investigations/offshore-incident-investigations/district-investigation-reports/district-investigation-reports-archive,2005,,0,https://www.bsee.gov/sites/bsee.gov/files/reports/safety/050317-pdf.pdf,https://www.bsee.gov/sites/bsee.gov/files/reports/safety/050317-pdf.pdf,https://www.bsee.gov/sites/bsee.gov/files/reports/safety/050317-pdf.pdf,false,050317-pdf.pdf,,,,050317-pdf,2005-03-17,2005,false,,archive_yymmdd_filename;no_area_block_in_filename,03-17-2005,04:00,G01294,SP/62,Fast Line on Crane Broke,1,,,,f0ad7d6b588800e033ac42eb3894b0ac0b6e13d730ab79a791ef22851fd34bfc,
district,https://www.bsee.gov/what-we-do/incident-investigations/offshore-incident-investigations/district-investigation-reports/district-investigation-reports-archive,2005,,0,https://www.bsee.gov/sites/bsee.gov/files/reports/safety/050318-pdf.pdf,https://www.bsee.gov/sites/bsee.gov/files/reports/safety/050318-pdf.pdf,https://www.bsee.gov/sites/bsee.gov/files/reports/safety/050318-pdf.pdf,false,050318-pdf.pdf,,,,050318-pdf,2005-03-18,2005,false,,archive_yymmdd_filename;no_area_block_in_filename,03-18-2005,11:15,G07963,MC/807,Pollution,1,,,,0a9e492c6d61bf86ac060843aa01ba16dabdc509e42fc7c8fa8d0c1b122733d9,
district,https://www.bsee.gov/what-we-do/incident-investigations/offshore-incident-investigations/district-investigation-reports/district-investigation-reports-archive,2005,,0,https://www.bsee.gov/sites/bsee.gov/files/reports/safety/050323-pdf.pdf,https://www.bsee.gov/sites/bsee.gov/files/reports/safety/050323-pdf.pdf,https://www.bsee.gov/sites/bsee.gov/files/reports/safety/050323-pdf.pdf,false,050323-pdf.pdf,,,,050323-pdf,2005-03-23,2005,false,,archive_yymmdd_filename;no_area_block_in_filename,03-23-2005,23:00,00263,ST/21,Fire,1,,,,8018d17dd52b3c9d43dcb725ed79c6ac7c25ada4cef9f3f5bbce03c582f24496,
district,https://www.bsee.gov/what-we-do/incident-investigations/offshore-incident-investigations/district-investigation-reports/district-investigation-reports-archive,2005,,0,https://www.bsee.gov/sites/bsee.gov/files/reports/safety/050330-pdf.pdf,https://www.bsee.gov/sites/bsee.gov/files/reports/safety/050330-pdf.pdf,https://www.bsee.gov/sites/bsee.gov/files/reports/safety/050330-pdf.pdf,false,050330-pdf.pdf,,,,050330-pdf,2005-03-30,2005,false,,archive_yymmdd_filename;no_area_block_in_filename,03-30-2005,14:00,G07944,MC/429,Pollution,1,,,,8e49520101497ec3f76503644dec92ecaa1b897f9b3975ba7537b4fbb39f2ca8,
district,https://www.bsee.gov/what-we-do/incident-investigations/offshore-incident-investigations/district-investigation-reports/district-investigation-reports-archive,2005,,0,https://www.bsee.gov/sites/bsee.gov/files/reports/safety/050506-pdf.pdf,https://www.bsee.gov/sites/bsee.gov/files/reports/safety/050506-pdf.pdf,https://www.bsee.gov/sites/bsee.gov/files/reports/safety/050506-pdf.pdf,false,050506-pdf.pdf,,,,050506-pdf,2005-05-06,2005,false,,archive_yymmdd_filename;no_area_block_in_filename,05-06-2005,09:45,G01612,SP/67,Pollution,1,,,,52db2f2019c05ceae907e5f440acb02fb7d1ce293feb041cca8c9b3ff483c0ce,
district,https://www.bsee.gov/what-we-do/incident-investigations/offshore-incident-investigations/district-investigation-reports/district-investigation-reports-archive,2005,,0,https://www.bsee.gov/sites/bsee.gov/files/reports/safety/050610-pdf.pdf,https://www.bsee.gov/sites/bsee.gov/files/reports/safety/050610-pdf.pdf,https://www.bsee.gov/sites/bsee.gov/files/reports/safety/050610-pdf.pdf,false,050610-pdf.pdf,,,,050610-pdf,2005-06-10,2005,false,,archive_yymmdd_filename;no_area_block_in_filename,06-10-2005,09:30,G03171,PL/13,Pollution,1,,,,e405f56d8f6ec73391085622a59dc6bda83dcd1552ccb28c8dbf4d00e1b5fa87,
district,https://www.bsee.gov/what-we-do/incident-investigations/offshore-incident-investigations/district-investigation-reports/district-investigation-reports-archive,2005,,0,https://www.bsee.gov/sites/bsee.gov/files/reports/safety/050618-pdf.pdf,https://www.bsee.gov/sites/bsee.gov/files/reports/safety/050618-pdf.pdf,https://www.bsee.gov/sites/bsee.gov/files/reports/safety/050618-pdf.pdf,false,050618-pdf.pdf,,,,050618-pdf,2005-06-18,2005,false,,archive_yymmdd_filename;no_area_block_in_filename,06-18-2005,17:00,G03019,MU/757,Injury,1,,,,2d24293657539f5492d9a181a03f3ecff4d9137cac68078e455fddb52ebd483b,
district,https://www.bsee.gov/what-we-do/incident-investigations/offshore-incident-investigations/district-investigation-reports/district-investigation-reports-archive,2005,,0,https://www.bsee.gov/sites/bsee.gov/files/reports/safety/050618a-pdf.pdf,https://www.bsee.gov/sites/bsee.gov/files/reports/safety/050618a-pdf.pdf,https://www.bsee.gov/sites/bsee.gov/files/reports/safety/050618a-pdf.pdf,false,050618a-pdf.pdf,,,,050618a-pdf,2005-06-18,2005,false,,archive_yymmdd_filename;no_area_block_in_filename,06-18-2005,23:15,G02047,EC/272,Fire - Explosion,1,,,,f31c29f18861a057faa35d4af20aa5531e9bcaa2301c8230bc05b4839e78af63,
district,https://www.bsee.gov/what-we-do/incident-investigations/offshore-incident-investigations/district-investigation-reports/district-investigation-reports-archive,2005,,0,https://www.bsee.gov/sites/bsee.gov/files/reports/safety/050623-pdf.pdf,https://www.bsee.gov/sites/bsee.gov/files/reports/safety/050623-pdf.pdf,https://www.bsee.gov/sites/bsee.gov/files/reports/safety/050623-pdf.pdf,false,050623-pdf.pdf,,,,050623-pdf,2005-06-23,2005,false,,archive_yymmdd_filename;no_area_block_in_filename,06-23-2005,19:15,G21810,GC/652,Pollution,1,,,,e009d632248fdbcaaacfd1bf724ce44a57888a2d7fbca11d352fe2d9cf963b6a,
district,https://www.bsee.gov/what-we-do/incident-investigations/offshore-incident-investigations/district-investigation-reports/district-investigation-reports-archive,2005,,0,https://www.bsee.gov/sites/bsee.gov/files/reports/safety/050624-pdf.pdf,https://www.bsee.gov/sites/bsee.gov/files/reports/safety/050624-pdf.pdf,https://www.bsee.gov/sites/bsee.gov/files/reports/safety/050624-pdf.pdf,false,050624-pdf.pdf,,,,050624-pdf,2005-06-24,2005,false,,archive_yymmdd_filename;no_area_block_in_filename,06-24-2005,11:00,G03601,WD/62,Explosion - Injury,1,,,,31b6f1ed47217b1a3173633a3511a638cd3f39da2bd3667bd7dfaa97ae00547d,
district,https://www.bsee.gov/what-we-do/incident-investigations/offshore-incident-investigations/district-investigation-reports/district-investigation-reports-archive,2005,,0,https://www.bsee.gov/sites/bsee.gov/files/reports/safety/050630-pdf.pdf,https://www.bsee.gov/sites/bsee.gov/files/reports/safety/050630-pdf.pdf,https://www.bsee.gov/sites/bsee.gov/files/reports/safety/050630-pdf.pdf,false,050630-pdf.pdf,,,,050630-pdf,2005-06-30,2005,false,,archive_yymmdd_filename;no_area_block_in_filename,06-30-2005,12:05,G25601,HI/A287,Fire,1,,,,d4f6c69d3c75bb305c5a0c00004d0a33a241ad8649def252b4ec07371850c57e,
district,https://www.bsee.gov/what-we-do/incident-investigations/offshore-incident-investigations/district-investigation-reports/district-investigation-reports-archive,2005,,0,https://www.bsee.gov/sites/bsee.gov/files/reports/safety/050708-pdf.pdf,https://www.bsee.gov/sites/bsee.gov/files/reports/safety/050708-pdf.pdf,https://www.bsee.gov/sites/bsee.gov/files/reports/safety/050708-pdf.pdf,false,050708-pdf.pdf,,,,050708-pdf,2005-07-08,2005,false,,archive_yymmdd_filename;no_area_block_in_filename,07-08-2005,15:25,G09868,MC/778,Incident >$25K - Ballast Control Failure,1,,,,7beed6770eedc7a041768e15cd99dc7a362e05d6166ff0a95e27bf7808a5d841,
district,https://www.bsee.gov/what-we-do/incident-investigations/offshore-incident-investigations/district-investigation-reports/district-investigation-reports-archive,2005,,0,https://www.bsee.gov/sites/bsee.gov/files/reports/safety/050720-pdf.pdf,https://www.bsee.gov/sites/bsee.gov/files/reports/safety/050720-pdf.pdf,https://www.bsee.gov/sites/bsee.gov/files/reports/safety/050720-pdf.pdf,false,050720-pdf.pdf,,,,050720-pdf,2005-07-20,2005,false,,archive_yymmdd_filename;no_area_block_in_filename,07-20-2005,18:00,G02423,HI/A334,Injury,1,,,,c91c5b189b6b1d70f67d47b9e1bcf772e4c53e9c0465c9ac21ccba20ef03c726,
district,https://www.bsee.gov/what-we-do/incident-investigations/offshore-incident-investigations/district-investigation-reports/district-investigation-reports-archive,2005,,0,https://www.bsee.gov/sites/bsee.gov/files/reports/safety/050722-pdf.pdf,https://www.bsee.gov/sites/bsee.gov/files/reports/safety/050722-pdf.pdf,https://www.bsee.gov/sites/bsee.gov/files/reports/safety/050722-pdf.pdf,false,050722-pdf.pdf,,,,050722-pdf,2005-07-22,2005,false,,archive_yymmdd_filename;no_area_block_in_filename,07-22-2005,15:00,G15610,GC/782,Dropped Object,1,,,,5c8f69031205f9b354604099ecaddcdacf1e5761814343b2128a40bad69bd387,
district,https://www.bsee.gov/what-we-do/incident-investigations/offshore-incident-investigations/district-investigation-reports/district-investigation-reports-archive,2005,,0,https://www.bsee.gov/sites/bsee.gov/files/reports/safety/050725-pdf.pdf,https://www.bsee.gov/sites/bsee.gov/files/reports/safety/050725-pdf.pdf,https://www.bsee.gov/sites/bsee.gov/files/reports/safety/050725-pdf.pdf,false,050725-pdf.pdf,,,,050725-pdf,2005-07-25,2005,false,,archive_yymmdd_filename;no_area_block_in_filename,07-25-2005,19:30,00064,SS/114,Crane Failure,1,,,,ce2a09e5fd823adb6b211fb8be4ec41861ae86c1f9dd40ca1c9804b465b9398f,
district,https://www.bsee.gov/what-we-do/incident-investigations/offshore-incident-investigations/district-investigation-reports/district-investigation-reports-archive,2005,,0,https://www.bsee.gov/sites/bsee.gov/files/reports/safety/050731-pdf.pdf,https://www.bsee.gov/sites/bsee.gov/files/reports/safety/050731-pdf.pdf,https://www.bsee.gov/sites/bsee.gov/files/reports/safety/050731-pdf.pdf,false,050731-pdf.pdf,,,,050731-pdf,2005-07-31,2005,false,,archive_yymmdd_filename;no_area_block_in_filename,07-31-2005,08:20,G22238,HI/197,Near Miss,1,,,,71e8be4b11bea76add477fb5bb3a848c0bdacbf062ad4ddf191ffcd49e184a6e,
district,https://www.bsee.gov/what-we-do/incident-investigations/offshore-incident-investigations/district-investigation-reports/district-investigation-reports-archive,2005,,0,https://www.bsee.gov/sites/bsee.gov/files/reports/safety/050802-pdf.pdf,https://www.bsee.gov/sites/bsee.gov/files/reports/safety/050802-pdf.pdf,https://www.bsee.gov/sites/bsee.gov/files/reports/safety/050802-pdf.pdf,false,050802-pdf.pdf,,,,050802-pdf,2005-08-02,2005,false,,archive_yymmdd_filename;no_area_block_in_filename,08-02-2005,13:00,G02625,ST/37,Fire,1,,,,5fc2410ea7833f3265590ad5e57d32abb4f9de5aa2c2c80ecfe5d956e1c23634,
district,https://www.bsee.gov/what-we-do/incident-investigations/offshore-incident-investigations/district-investigation-reports/district-investigation-reports-archive,2005,,0,https://www.bsee.gov/sites/bsee.gov/files/reports/safety/050803-pdf.pdf,https://www.bsee.gov/sites/bsee.gov/files/reports/safety/050803-pdf.pdf,https://www.bsee.gov/sites/bsee.gov/files/reports/safety/050803-pdf.pdf,false,050803-pdf.pdf,,,,050803-pdf,2005-08-03,2005,false,,archive_yymmdd_filename;no_area_block_in_filename,08-03-2005,01:00,G16806,GC/821,Pollution,1,,,,b70af9500896bf9ab501bfd11bce4a1a539a887649603a6a9dfed70aab8aba4c,
district,https://www.bsee.gov/what-we-do/incident-investigations/offshore-incident-investigations/district-investigation-reports/district-investigation-reports-archive,2005,,0,https://www.bsee.gov/sites/bsee.gov/files/reports/safety/050813-pdf.pdf,https://www.bsee.gov/sites/bsee.gov/files/reports/safety/050813-pdf.pdf,https://www.bsee.gov/sites/bsee.gov/files/reports/safety/050813-pdf.pdf,false,050813-pdf.pdf,,,,050813-pdf,2005-08-13,2005,false,,archive_yymmdd_filename;no_area_block_in_filename,08-13-2005,07:30,00605,ST/86,Injury,1,,,,e9270f2aa19d00c59cab58f205a2e403d442b75db9cc549b349c45b37b1fa791,
district,https://www.bsee.gov/what-we-do/incident-investigations/offshore-incident-investigations/district-investigation-reports/district-investigation-reports-archive,2005,,0,https://www.bsee.gov/sites/bsee.gov/files/reports/safety/050820-pdf.pdf,https://www.bsee.gov/sites/bsee.gov/files/reports/safety/050820-pdf.pdf,https://www.bsee.gov/sites/bsee.gov/files/reports/safety/050820-pdf.pdf,false,050820-pdf.pdf,,,,050820-pdf,2005-08-20,2005,false,,archive_yymmdd_filename;no_area_block_in_filename,08-20-2005,09:00,G05537,SS/80,Fire,1,,,,36256b6c6c3ab933032981e2f42d8ea8809eaf04554b0261f9e8b01e8e5c85bf,
district,https://www.bsee.gov/what-we-do/incident-investigations/offshore-incident-investigations/district-investigation-reports/district-investigation-reports-archive,2005,,0,https://www.bsee.gov/sites/bsee.gov/files/reports/safety/050923-pdf.pdf,https://www.bsee.gov/sites/bsee.gov/files/reports/safety/050923-pdf.pdf,https://www.bsee.gov/sites/bsee.gov/files/reports/safety/050923-pdf.pdf,false,050923-pdf.pdf,,,,050923-pdf,2005-09-23,2005,false,,archive_yymmdd_filename;no_area_block_in_filename,09-23-2005,06:00,G15563,GC/237,Pollution - Capsized - Mooring Failure,1,,,,3f7b44571a0c9d6e877222a2b6b4f0ebb2491c606dbfe240b79e2b49d747e059,
district,https://www.bsee.gov/what-we-do/incident-investigations/offshore-incident-investigations/district-investigation-reports/district-investigation-reports-archive,2005,,0,https://www.bsee.gov/sites/bsee.gov/files/reports/safety/051005-pdf.pdf,https://www.bsee.gov/sites/bsee.gov/files/reports/safety/051005-pdf.pdf,https://www.bsee.gov/sites/bsee.gov/files/reports/safety/051005-pdf.pdf,false,051005-pdf.pdf,,,,051005-pdf,2005-10-05,2005,false,,archive_yymmdd_filename;no_area_block_in_filename,10-05-2005,12:30,G05560,SS/258,Injury,1,,,,758086e3c5e6d11104840d40fdea99cd52499580a55c4ed989da1e3bb8e0d294,
district,https://www.bsee.gov/what-we-do/incident-investigations/offshore-incident-investigations/district-investigation-reports/district-investigation-reports-archive,2005,,0,https://www.bsee.gov/sites/bsee.gov/files/reports/safety/051010-pdf.pdf,https://www.bsee.gov/sites/bsee.gov/files/reports/safety/051010-pdf.pdf,https://www.bsee.gov/sites/bsee.gov/files/reports/safety/051010-pdf.pdf,false,051010-pdf.pdf,,,,051010-pdf,2005-10-10,2005,false,,archive_yymmdd_filename;no_area_block_in_filename,10-10-2005,12:00,00072,PL/12,Collision,1,,,,1eda99b1878a35049b62c12283943edd2dd5d734700aa1fbdb5add886059cbf8,
district,https://www.bsee.gov/what-we-do/incident-investigations/offshore-incident-investigations/district-investigation-reports/district-investigation-reports-archive,2005,,0,https://www.bsee.gov/sites/bsee.gov/files/reports/safety/051014-pdf.pdf,https://www.bsee.gov/sites/bsee.gov/files/reports/safety/051014-pdf.pdf,https://www.bsee.gov/sites/bsee.gov/files/reports/safety/051014-pdf.pdf,false,051014-pdf.pdf,,,,051014-pdf,2005-10-14,2005,false,,archive_yymmdd_filename;no_area_block_in_filename,10-14-2005,11:30,G10825,ST/99,Injury,1,,,,05e2616ae2751f97982882ab595272f654182069c517543d8e4e5578b31fad52,
district,https://www.bsee.gov/what-we-do/incident-investigations/offshore-incident-investigations/district-investigation-reports/district-investigation-reports-archive,2005,,0,https://www.bsee.gov/sites/bsee.gov/files/reports/safety/051026-pdf.pdf,https://www.bsee.gov/sites/bsee.gov/files/reports/safety/051026-pdf.pdf,https://www.bsee.gov/sites/bsee.gov/files/reports/safety/051026-pdf.pdf,false,051026-pdf.pdf,,,,051026-pdf,2005-10-26,2005,false,,archive_yymmdd_filename;no_area_block_in_filename,10-26-2005,05:05,00434,SS/149,Injury,1,,,,89049023bd31e55411b841b6df41154275c709759238f6fbedfc40d0cada38b5,
district,https://www.bsee.gov/what-we-do/incident-investigations/offshore-incident-investigations/district-investigation-reports/district-investigation-reports-archive,2005,,0,https://www.bsee.gov/sites/bsee.gov/files/reports/safety/051030-pdf.pdf,https://www.bsee.gov/sites/bsee.gov/files/reports/safety/051030-pdf.pdf,https://www.bsee.gov/sites/bsee.gov/files/reports/safety/051030-pdf.pdf,false,051030-pdf.pdf,,,,051030-pdf,2005-10-30,2005,false,,archive_yymmdd_filename;no_area_block_in_filename,10-30-2005,15:00,00263,ST/21,Fire - Injury,1,,,,69458b05fda3e5ccf7d1a5e49b26a15457b05ba2fa87d98b63200d0acb7c60e5,
district,https://www.bsee.gov/what-we-do/incident-investigations/offshore-incident-investigations/district-investigation-reports/district-investigation-reports-archive,2005,,0,https://www.bsee.gov/sites/bsee.gov/files/reports/safety/051031-pdf.pdf,https://www.bsee.gov/sites/bsee.gov/files/reports/safety/051031-pdf.pdf,https://www.bsee.gov/sites/bsee.gov/files/reports/safety/051031-pdf.pdf,false,051031-pdf.pdf,,,,051031-pdf,2005-10-31,2005,false,,archive_yymmdd_filename;no_area_block_in_filename,10-31-2005,16:30,G09982,GC/826,Pollution,1,,,,80432169e593c6084e74cfb9fcc1b923dc9c0b9e77b22bf8ae794fc0f76f1489,
district,https://www.bsee.gov/what-we-do/incident-investigations/offshore-incident-investigations/district-investigation-reports/district-investigation-reports-archive,2005,,0,https://www.bsee.gov/sites/bsee.gov/files/reports/safety/051102-pdf.pdf,https://www.bsee.gov/sites/bsee.gov/files/reports/safety/051102-pdf.pdf,https://www.bsee.gov/sites/bsee.gov/files/reports/safety/051102-pdf.pdf,false,051102-pdf.pdf,,,,051102-pdf,2005-11-02,2005,false,,archive_yymmdd_filename;no_area_block_in_filename,11-02-2005,23:30,G21685,ST/308,Injury,1,,,,14fc7108cca34f3a6233750b5738d39f2ad3b73b5461994f710016f46fde1117,
district,https://www.bsee.gov/what-we-do/incident-investigations/offshore-incident-investigations/district-investigation-reports/district-investigation-reports-archive,2005,,0,https://www.bsee.gov/sites/bsee.gov/files/reports/safety/051118-pdf.pdf,https://www.bsee.gov/sites/bsee.gov/files/reports/safety/051118-pdf.pdf,https://www.bsee.gov/sites/bsee.gov/files/reports/safety/051118-pdf.pdf,false,051118-pdf.pdf,,,,051118-pdf,2005-11-18,2005,false,,archive_yymmdd_filename;no_area_block_in_filename,11-18-2005,17:30,G05006,HI/22,Fire,1,,,,90a84e3566f3505e589831ab7ac57abd2f20cfd8233f4f2f39eeb1584e25b085,
district,https://www.bsee.gov/what-we-do/incident-investigations/offshore-incident-investigations/district-investigation-reports/district-investigation-reports-archive,2005,,0,https://www.bsee.gov/sites/bsee.gov/files/reports/safety/051123-pdf.pdf,https://www.bsee.gov/sites/bsee.gov/files/reports/safety/051123-pdf.pdf,https://www.bsee.gov/sites/bsee.gov/files/reports/safety/051123-pdf.pdf,false,051123-pdf.pdf,,,,051123-pdf,2005-11-23,2005,false,,archive_yymmdd_filename;no_area_block_in_filename,11-23-2005,19:30,G18194,MC/126,Pollution,1,,,,c913ce2a8005079d65cb031e83eb55e4ae624dd66f302e329bec2b832e37fb54,
district,https://www.bsee.gov/what-we-do/incident-investigations/offshore-incident-investigations/district-investigation-reports/district-investigation-reports-archive,2005,,0,https://www.bsee.gov/sites/bsee.gov/files/reports/safety/051124-pdf.pdf,https://www.bsee.gov/sites/bsee.gov/files/reports/safety/051124-pdf.pdf,https://www.bsee.gov/sites/bsee.gov/files/reports/safety/051124-pdf.pdf,false,051124-pdf.pdf,,,,051124-pdf,2005-11-24,2005,false,,archive_yymmdd_filename;no_area_block_in_filename,11-24-2005,06:15,G16515,MP/280,Pollution,1,,,,ffde9679987a5e37d18e74b159fab420693c2d0331fb76bc50045a91fee9366e,
district,https://www.bsee.gov/what-we-do/incident-investigations/offshore-incident-investigations/district-investigation-reports/district-investigation-reports-archive,2005,,0,https://www.bsee.gov/sites/bsee.gov/files/reports/safety/051205-pdf.pdf,https://www.bsee.gov/sites/bsee.gov/files/reports/safety/051205-pdf.pdf,https://www.bsee.gov/sites/bsee.gov/files/reports/safety/051205-pdf.pdf,false,051205-pdf.pdf,,,,051205-pdf,2005-12-05,2005,false,,archive_yymmdd_filename;no_area_block_in_filename,12-05-2005,22:00,G23125,PN/891,Fire,1,,,,d4146ce2acb171a8b27ea553c6a3c4f0386a6e7cca5e8f74eeeb0f86ad90d974,
district,https://www.bsee.gov/what-we-do/incident-investigations/offshore-incident-investigations/district-investigation-reports/district-investigation-reports-archive,2005,,0,https://www.bsee.gov/sites/bsee.gov/files/reports/safety/051226-pdf.pdf,https://www.bsee.gov/sites/bsee.gov/files/reports/safety/051226-pdf.pdf,https://www.bsee.gov/sites/bsee.gov/files/reports/safety/051226-pdf.pdf,false,051226-pdf.pdf,,,,051226-pdf,2005-12-26,2005,false,,archive_yymmdd_filename;no_area_block_in_filename,12-26-2005,10:30,00461,ST/134,Fire - Injury,1,,,,10000cd6c42bb35b61a6ea1a615d816d9f654420675d3ce8f5818f490349cbc0,
district,https://www.bsee.gov/what-we-do/incident-investigations/offshore-incident-investigations/district-investigation-reports/district-investigation-reports-archive,2006,,0,https://www.bsee.gov/sites/bsee.gov/files/reports/safety/060825-pdf.pdf,https://www.bsee.gov/sites/bsee.gov/files/reports/safety/060825-pdf.pdf,https://www.bsee.gov/sites/bsee.gov/files/reports/safety/060825-pdf.pdf,false,060825-pdf.pdf,,,,060825-pdf,2006-08-25,2006,false,,archive_yymmdd_filename;no_area_block_in_filename,08-25-2006,16:20,00838,WD/71,Crane - Incident >$25K - H2S/15MIN./20PPM,1,,,,0a377523ef5bb294cac06abade1d998837b403bc544a2812e657be867f19bf1f,
district,https://www.bsee.gov/what-we-do/incident-investigations/offshore-incident-investigations/district-investigation-reports/district-investigation-reports-archive,2012,,0,https://www.bsee.gov/sites/bsee.gov/files/reports/safety/07-jun-2012-p00300.pdf,https://www.bsee.gov/sites/bsee.gov/files/reports/safety/07-jun-2012-p00300.pdf,https://www.bsee.gov/sites/bsee.gov/files/reports/safety/07-jun-2012-p00300.pdf,false,07-jun-2012-p00300.pdf,,,p00300,07-jun-2012,2012-06-07,2012,false,,no_area_block_in_filename,06-07-2012,09:50,P00300,LB/6438,LTA (>3 days) Required Evacuation,1,,,,f2092c4221f5442dc88607314ddd24bb4c7da360320ecddd9f2adc1c6dfd562f,
district,https://www.bsee.gov/what-we-do/incident-investigations/offshore-incident-investigations/district-investigation-reports/district-investigation-reports-archive,2012,,0,https://www.bsee.gov/sites/bsee.gov/files/reports/safety/07-oct-2012-p00241.pdf,https://www.bsee.gov/sites/bsee.gov/files/reports/safety/07-oct-2012-p00241.pdf,https://www.bsee.gov/sites/bsee.gov/files/reports/safety/07-oct-2012-p00241.pdf,false,07-oct-2012-p00241.pdf,,,p00241,07-oct-2012,2012-10-07,2012,false,,no_area_block_in_filename,10-07-2012,07:45,P00241,LA/6658,Collision - >$25K,1,,,,6e8704573b226028a5baaabbf177a970d6d0e01b4d1356c8280283a0b4836072,
district,https://www.bsee.gov/what-we-do/incident-investigations/offshore-incident-investigations/district-investigation-reports/district-investigation-reports-archive,2012,,0,https://www.bsee.gov/sites/bsee.gov/files/reports/safety/08-sep-2012-p00190.pdf,https://www.bsee.gov/sites/bsee.gov/files/reports/safety/08-sep-2012-p00190.pdf,https://www.bsee.gov/sites/bsee.gov/files/reports/safety/08-sep-2012-p00190.pdf,false,08-sep-2012-p00190.pdf,,,p00190,08-sep-2012,2012-09-08,2012,false,,no_area_block_in_filename,09-08-2012,10:40,P00190,SM/6635,RW/JT (>3 days) Required Evacuation,1,,,,797323d61ab2c0b51f5223e54ca3c3720da1dcc7b3b4034c141e9fd41a90b02a,
district,https://www.bsee.gov/what-we-do/incident-investigations/offshore-incident-investigations/district-investigation-reports/district-investigation-reports-archive,2006,,0,https://www.bsee.gov/sites/bsee.gov/files/reports/safety/09-jul-2006-p00315.pdf,https://www.bsee.gov/sites/bsee.gov/files/reports/safety/09-jul-2006-p00315.pdf,https://www.bsee.gov/sites/bsee.gov/files/reports/safety/09-jul-2006-p00315.pdf,false,09-jul-2006-p00315.pdf,,,p00315,09-jul-2006,2006-07-09,2006,false,,no_area_block_in_filename,07-09-2006,01:45,P00315,SM6525,Fire - <$25K,1,,,,4429b8ff271c0900a077fdcdafdbebaf09bd04f6ede8825365a3210e4d400976,
district,https://www.bsee.gov/what-we-do/incident-investigations/offshore-incident-investigations/district-investigation-reports/district-investigation-reports-archive,2010,,0,https://www.bsee.gov/sites/bsee.gov/files/reports/safety/100807-pdf.pdf,https://www.bsee.gov/sites/bsee.gov/files/reports/safety/100807-pdf.pdf,https://www.bsee.gov/sites/bsee.gov/files/reports/safety/100807-pdf.pdf,false,100807-pdf.pdf,,,,100807-pdf,2010-08-07,2010,false,,archive_yymmdd_filename;no_area_block_in_filename,08-07-2010,17:47,G10752,EI/354,Required Evacuation - LTA (>3 days) - Other,1,,,,dd4a03c5da60f0bb55257f94d9da0058f43b62507850369035ea1d492f0f0dae,
district,https://www.bsee.gov/what-we-do/incident-investigations/offshore-incident-investigations/district-investigation-reports/district-investigation-reports-archive,2011,,0,https://www.bsee.gov/sites/bsee.gov/files/reports/safety/111017.pdf,https://www.bsee.gov/sites/bsee.gov/files/reports/safety/111017.pdf,https://www.bsee.gov/sites/bsee.gov/files/reports/safety/111017.pdf,false,111017.pdf,,,,111017,2011-10-17,2011,false,,archive_yymmdd_filename;no_area_block_in_filename,10-17-2011,03:30,G02280,SM/130,Required Evacuation - LTA (>3 days) - RW/JT (>3 days) - Other,1,,,,78b46bfc98f34510e5853bf8cfb9b75d0ea1df745ea47040f19f5c6f12241d37,
district,https://www.bsee.gov/what-we-do/incident-investigations/offshore-incident-investigations/district-investigation-reports/district-investigation-reports-archive,2011,,0,https://www.bsee.gov/sites/bsee.gov/files/reports/safety/111027.pdf,https://www.bsee.gov/sites/bsee.gov/files/reports/safety/111027.pdf,https://www.bsee.gov/sites/bsee.gov/files/reports/safety/111027.pdf,false,111027.pdf,,,,111027,2011-10-27,2011,false,,archive_yymmdd_filename;no_area_block_in_filename,10-27-2011,01:00,G04090,WC/294,Required Evacuation - LTA (>3 days) - Other,1,,,,46222898d8d4c89d445245d5bcce2851e389cd5a690891dc1d585172d873bd20,
district,https://www.bsee.gov/what-we-do/incident-investigations/offshore-incident-investigations/district-investigation-reports/district-investigation-reports-archive,2011,,0,https://www.bsee.gov/sites/bsee.gov/files/reports/safety/111101.pdf,https://www.bsee.gov/sites/bsee.gov/files/reports/safety/111101.pdf,https://www.bsee.gov/sites/bsee.gov/files/reports/safety/111101.pdf,false,111101.pdf,,,,111101,2011-11-01,2011,false,,archive_yymmdd_filename;no_area_block_in_filename,11-01-2011,15:13,G12808,WC/616,LTA (>3 days) - Other,1,,,,c3ea5a9f05f8b0dc513602ce9741c747b9e68dec5e3164111e60ccd3f1cd1225,
district,https://www.bsee.gov/what-we-do/incident-investigations/offshore-incident-investigations/district-investigation-reports/district-investigation-reports-archive,2011,,0,https://www.bsee.gov/sites/bsee.gov/files/reports/safety/12-18-11-shell-mc-348.pdf,https://www.bsee.gov/sites/bsee.gov/files/reports/safety/12-18-11-shell-mc-348.pdf,https://www.bsee.gov/sites/bsee.gov/files/reports/safety/12-18-11-shell-mc-348.pdf,false,12-18-11-shell-mc-348.pdf,MC,348,shell,12-18-11,2011-12-18,2011,false,,,12-18-2011,14:30,G22367,KC/736,Pollution/Structural Damage>25K,2,,,,d8aaf432f6bc20550c3c8ffa85d6448f0ba8d87b66696b994871319db50b4cbc,
district,https://www.bsee.gov/what-we-do/incident-investigations/offshore-incident-investigations/district-investigation-reports/district-investigation-reports-archive,2011,,0,https://www.bsee.gov/sites/bsee.gov/files/reports/safety/12-29-11-stone-energy-mc-109.pdf,https://www.bsee.gov/sites/bsee.gov/files/reports/safety/12-29-11-stone-energy-mc-109.pdf,https://www.bsee.gov/sites/bsee.gov/files/reports/safety/12-29-11-stone-energy-mc-109.pdf,false,12-29-11-stone-energy-mc-109.pdf,MC,109,stone energy,12-29-11,2011-12-29,2011,false,,,12-29-2011,24:00,G05825,MC/109,Wireline Tool Overboard - Other,1,,,,601a39c89db8ec952f889e7a6bc221386fa40495c462a57cbfaec4ada935221c,
district,https://www.bsee.gov/what-we-do/incident-investigations/offshore-incident-investigations/district-investigation-reports/district-investigation-reports-archive,2006,,0,https://www.bsee.gov/sites/bsee.gov/files/reports/safety/12-aug-2006-p00450.pdf,https://www.bsee.gov/sites/bsee.gov/files/reports/safety/12-aug-2006-p00450.pdf,https://www.bsee.gov/sites/bsee.gov/files/reports/safety/12-aug-2006-p00450.pdf,false,12-aug-2006-p00450.pdf,,,p00450,12-aug-2006,2006-08-12,2006,false,,no_area_block_in_filename,08-12-2006,10:00,P00450,SM6524,5-LTA (1-3 days) Required Evacuation,1,,,,4fdea263e0f05aea58aef15f297ad8d96b21bd0cb3b264d1b78ea1bb0d59ab42,
district,https://www.bsee.gov/what-we-do/incident-investigations/offshore-incident-investigations/district-investigation-reports/district-investigation-reports-archive,2012,,0,https://www.bsee.gov/sites/bsee.gov/files/reports/safety/12jun2012apachesm10.pdf,https://www.bsee.gov/sites/bsee.gov/files/reports/safety/12jun2012apachesm10.pdf,https://www.bsee.gov/sites/bsee.gov/files/reports/safety/12jun2012apachesm10.pdf,false,12jun2012apachesm10.pdf,,,apachesm10,12jun2012,2012-06-12,2012,false,,no_area_block_in_filename,06-12-2012,04:20,G01181,SM/10,Stepping into Open Hole,1,,,,6c36755dccdc0b983b7a39145c064c8485772922a83b4b4f9bd5820cb099e1a9,
district,https://www.bsee.gov/what-we-do/incident-investigations/offshore-incident-investigations/district-investigation-reports/district-investigation-reports-archive,2007,,0,https://www.bsee.gov/sites/bsee.gov/files/reports/safety/13-jun-2007-p00205.pdf,https://www.bsee.gov/sites/bsee.gov/files/reports/safety/13-jun-2007-p00205.pdf,https://www.bsee.gov/sites/bsee.gov/files/reports/safety/13-jun-2007-p00205.pdf,false,13-jun-2007-p00205.pdf,,,p00205,13-jun-2007,2007-06-13,2007,false,,no_area_block_in_filename,06-13-2007,00:36,P00205,LA6912,H2S Release - Required Muster,1,,,,db53a54fcc914e8407fc3eebb0b643b5e28633f99808294904ec47f3f6bdf2e6,
district,https://www.bsee.gov/what-we-do/incident-investigations/offshore-incident-investigations/district-investigation-reports/district-investigation-reports-archive,2007,,0,https://www.bsee.gov/sites/bsee.gov/files/reports/safety/16-nov-2007-p00188.pdf,https://www.bsee.gov/sites/bsee.gov/files/reports/safety/16-nov-2007-p00188.pdf,https://www.bsee.gov/sites/bsee.gov/files/reports/safety/16-nov-2007-p00188.pdf,false,16-nov-2007-p00188.pdf,,,p00188,16-nov-2007,2007-11-16,2007,false,,no_area_block_in_filename,11-16-2007,07:00,P00188,SM6636,Pollution,1,,,,fb1700c9389ff22a68a8f93538b051689debddeb5e749f3f53e91172dbc2435e,
district,https://www.bsee.gov/what-we-do/incident-investigations/offshore-incident-investigations/district-investigation-reports/district-investigation-reports-archive,2012,,0,https://www.bsee.gov/sites/bsee.gov/files/reports/safety/20jun2012tarponsm50.pdf,https://www.bsee.gov/sites/bsee.gov/files/reports/safety/20jun2012tarponsm50.pdf,https://www.bsee.gov/sites/bsee.gov/files/reports/safety/20jun2012tarponsm50.pdf,false,20jun2012tarponsm50.pdf,,,tarponsm50,20jun2012,2012-06-20,2012,false,,no_area_block_in_filename,06-20-2012,12:55,G27083,SM/50,Open Hole,1,,,,ece5a6ee347c470dc48f99e4412152f42c01f5f2fde7c13636595c03a6a72294,
district,https://www.bsee.gov/what-we-do/incident-investigations/offshore-incident-investigations/district-investigation-reports/district-investigation-reports-archive,2012,,0,https://www.bsee.gov/sites/bsee.gov/files/reports/safety/22-sep-2012-p00300.pdf,https://www.bsee.gov/sites/bsee.gov/files/reports/safety/22-sep-2012-p00300.pdf,https://www.bsee.gov/sites/bsee.gov/files/reports/safety/22-sep-2012-p00300.pdf,false,22-sep-2012-p00300.pdf,,,p00300,22-sep-2012,2012-09-22,2012,false,,no_area_block_in_filename,09-29-2012,13:15,P00301,LB/6488,LTA (>3 days) Required Evacuation,2,,,,f4c87bd2b858cdd3f4f656cde32c60a356f74d6adf7b1d53a686f7ef2560357c,
district,https://www.bsee.gov/what-we-do/incident-investigations/offshore-incident-investigations/district-investigation-reports/district-investigation-reports-archive,2012,,0,https://www.bsee.gov/sites/bsee.gov/files/reports/safety/22jun2012elpasoei364.pdf,https://www.bsee.gov/sites/bsee.gov/files/reports/safety/22jun2012elpasoei364.pdf,https://www.bsee.gov/sites/bsee.gov/files/reports/safety/22jun2012elpasoei364.pdf,false,22jun2012elpasoei364.pdf,,,elpasoei364,22jun2012,2012-06-22,2012,false,,no_area_block_in_filename,06-22-2012,09:00,G19799,EI/364,Electrical Shock,1,,,,025f1fbe19d7d19c6840af9a82f1822d32d747e1c38ae29791f53f05e17264f1,
district,https://www.bsee.gov/what-we-do/incident-investigations/offshore-incident-investigations/district-investigation-reports/district-investigation-reports-archive,2012,,0,https://www.bsee.gov/sites/bsee.gov/files/reports/safety/29apr2012-wt-energy-mc243.pdf,https://www.bsee.gov/sites/bsee.gov/files/reports/safety/29apr2012-wt-energy-mc243.pdf,https://www.bsee.gov/sites/bsee.gov/files/reports/safety/29apr2012-wt-energy-mc243.pdf,false,29apr2012-wt-energy-mc243.pdf,MC,243,wt energy,29apr2012,2012-04-29,2012,false,,,04-29-2012,14:00,G19931,MC/243,Electrical Arc Flash,1,,,,00a0188b9dd69c82b1a587dd5f61e303d0687517a4b85fa6659a2c1935079bba,
district,https://www.bsee.gov/what-we-do/incident-investigations/offshore-incident-investigations/district-investigation-reports/district-investigation-reports-archive,2012,,0,https://www.bsee.gov/sites/bsee.gov/files/reports/safety/7jul2012apachesm132.pdf,https://www.bsee.gov/sites/bsee.gov/files/reports/safety/7jul2012apachesm132.pdf,https://www.bsee.gov/sites/bsee.gov/files/reports/safety/7jul2012apachesm132.pdf,false,7jul2012apachesm132.pdf,,,apachesm132,7jul2012,2012-07-07,2012,false,,no_area_block_in_filename,07-07-2012,14:15,G02282,SM/132,Puncture Wound,1,,,,89364a818a0fae5548c14ca0e1dd146ebafc4ef4a3156b505380731d49206650,
district,https://www.bsee.gov/what-we-do/incident-investigations/offshore-incident-investigations/district-investigation-reports/district-investigation-reports-archive,2012,,0,https://www.bsee.gov/sites/bsee.gov/files/reports/safety/8jul2012-gom-shelf-llc-gi43.pdf,https://www.bsee.gov/sites/bsee.gov/files/reports/safety/8jul2012-gom-shelf-llc-gi43.pdf,https://www.bsee.gov/sites/bsee.gov/files/reports/safety/8jul2012-gom-shelf-llc-gi43.pdf,false,8jul2012-gom-shelf-llc-gi43.pdf,GI,43,gom shelf llc,8jul2012,2012-07-08,2012,false,,,07-08-2012,10:30,00175,GI/43,Failed Communication,1,,,,d0fc80f2b7746d4757a453dbeabaadee6261d275ffbd975d5ac982d8088a9745,
district,https://www.bsee.gov/what-we-do/incident-investigations/offshore-incident-investigations/district-investigation-reports,2014,,0,/sites/bsee.gov/files/reports/safety/ac-25a-exxon-22-feb-2014.pdf,https://www.bsee.gov/sites/bsee.gov/files/reports/safety/ac-25a-exxon-22-feb-2014.pdf,https://www.bsee.gov/sites/bsee.gov/files/reports/safety/ac-25a-exxon-22-feb-2014.pdf,false,ac-25a-exxon-22-feb-2014.pdf,AC,25A,exxon,22-feb-2014,2014-02-22,2014,false,,,02-22-2014,16:30,G10380,AC 25,Required Evacuation / RW/JT (>3 days) / Thumb Injury / Human Error,1,,,,8a1ba711dfb1cd85a4dc85cb1cc4b19f45c8d2d40fe4e49657135961a3fd0448,
district,https://www.bsee.gov/what-we-do/incident-investigations/offshore-incident-investigations/district-investigation-reports,2014,,0,/sites/bsee.gov/files/reports/safety/ac-857-shell-13-jun-2014.pdf,https://www.bsee.gov/sites/bsee.gov/files/reports/safety/ac-857-shell-13-jun-2014.pdf,https://www.bsee.gov/sites/bsee.gov/files/reports/safety/ac-857-shell-13-jun-2014.pdf,false,ac-857-shell-13-jun-2014.pdf,AC,857,shell,13-jun-2014,2014-06-13,2014,false,,,06-13-2014,18:30,G11881,VR 279,Required Evacuation /LTA(>3days) /Fire / Human Error,1,,,,a61f37f63aa842eece9a203f4adf02e9d9b8cfdc48c2a436e495aa22eeeb1496,
district,https://www.bsee.gov/what-we-do/incident-investigations/offshore-incident-investigations/district-investigation-reports,2014,,0,/sites/bsee.gov/files/reports/safety/ac-857a-shell-offshore-11-feb-2014.pdf,https://www.bsee.gov/sites/bsee.gov/files/reports/safety/ac-857a-shell-offshore-11-feb-2014.pdf,https://www.bsee.gov/sites/bsee.gov/files/reports/safety/ac-857a-shell-offshore-11-feb-2014.pdf,false,ac-857a-shell-offshore-11-feb-2014.pdf,AC,857A,shell offshore,11-feb-2014,2014-02-11,2014,false,,,02-11-2014,19:45,G17565,AC 857,Pollution / Human Error,1,,,,8bf32c739941496fd773da9c967de5322f9445b87037e9cd72aa23e62b622626,
district,https://www.bsee.gov/what-we-do/incident-investigations/offshore-incident-investigations/district-investigation-reports/district-investigation-reports-archive,2012,,0,https://www.bsee.gov/sites/bsee.gov/files/reports/safety/ankor-ss-229-a-7-jul-2012.pdf,https://www.bsee.gov/sites/bsee.gov/files/reports/safety/ankor-ss-229-a-7-jul-2012.pdf,https://www.bsee.gov/sites/bsee.gov/files/reports/safety/ankor-ss-229-a-7-jul-2012.pdf,false,ankor-ss-229-a-7-jul-2012.pdf,SS,229 A,ankor,7-jul-2012,2012-07-07,2012,false,,,07-08-2012,06:00,G00830,SS 229,Pollution - Other,1,,,,5feb5ac1b5cb0997c0760d060743ef080a989de55ec72c01aa023c71f99f92cb,
district,https://www.bsee.gov/what-we-do/incident-investigations/offshore-incident-investigations/district-investigation-reports/district-investigation-reports-archive,2012,,0,https://www.bsee.gov/sites/bsee.gov/files/reports/safety/apache-pl-11-f-3-jul-2012.pdf,https://www.bsee.gov/sites/bsee.gov/files/reports/safety/apache-pl-11-f-3-jul-2012.pdf,https://www.bsee.gov/sites/bsee.gov/files/reports/safety/apache-pl-11-f-3-jul-2012.pdf,false,apache-pl-11-f-3-jul-2012.pdf,PL,11 F,apache,3-jul-2012,2012-07-03,2012,false,,,06-03-2012,10:45,G00071,PL 11,Required Evacuation - Fire - Other,1,,,,8b170ecee7b1757bd1e85eec1e57de3694f74156f1dc576d486d1628822fcf6d,
district,https://www.bsee.gov/what-we-do/incident-investigations/offshore-incident-investigations/district-investigation-reports,2014,,0,/sites/bsee.gov/files/reports/safety/ba-a133-b-gom-shelf-06-feb-2014.pdf,https://www.bsee.gov/sites/bsee.gov/files/reports/safety/ba-a133-b-gom-shelf-06-feb-2014.pdf,https://www.bsee.gov/sites/bsee.gov/files/reports/safety/ba-a133-b-gom-shelf-06-feb-2014.pdf,false,ba-a133-b-gom-shelf-06-feb-2014.pdf,,,ba a133 b gom shelf,06-feb-2014,2014-02-06,2014,false,,no_area_block_in_filename,02-06-2014,19:00,G02665,BA A 133/td>,Required Evacuation / LTA (>3 days) / Bicep Injury,1,,,,9b986e47f661ca326dc6f69e0851c180e0cccee5cfcdfed85690bc9100ef54c0,
district,https://www.bsee.gov/what-we-do/incident-investigations/offshore-incident-investigations/district-investigation-reports/district-investigation-reports-archive,2012,,0,https://www.bsee.gov/sites/bsee.gov/files/reports/safety/black-elk-sm-23-g-5-aug-2012.pdf,https://www.bsee.gov/sites/bsee.gov/files/reports/safety/black-elk-sm-23-g-5-aug-2012.pdf,https://www.bsee.gov/sites/bsee.gov/files/reports/safety/black-elk-sm-23-g-5-aug-2012.pdf,false,black-elk-sm-23-g-5-aug-2012.pdf,SM,23 G,black elk,5-aug-2012,2012-08-05,2012,false,,,08-05-2012,07:30,G00778,SM 23 G,Required Evacuation – Crane- Incident > $25K,1,,,,3226818441fd29137f83c5a01e37f277e3a197b28dd0f01553d910163faeae79,
district,https://www.bsee.gov/what-we-do/incident-investigations/offshore-incident-investigations/district-investigation-reports/district-investigation-reports-archive,2012,,0,https://www.bsee.gov/sites/bsee.gov/files/reports/safety/chevron-st-177-e-12-jul-2012.pdf,https://www.bsee.gov/sites/bsee.gov/files/reports/safety/chevron-st-177-e-12-jul-2012.pdf,https://www.bsee.gov/sites/bsee.gov/files/reports/safety/chevron-st-177-e-12-jul-2012.pdf,false,chevron-st-177-e-12-jul-2012.pdf,ST,177 E,chevron,12-jul-2012,2012-07-12,2012,false,,,07-12-2012,01:30,G01260,ST 177,Required Evacuation - RW.JT (1-2 days) - Other,1,,,,fe6287237693eec55e4279533979bd1bfc1613218aea2a505476daba897fdac3,
district,https://www.bsee.gov/what-we-do/incident-investigations/offshore-incident-investigations/district-investigation-reports,2014,,0,/sites/bsee.gov/files/reports/safety/dc-398-shell-14-aug-2014.pdf,https://www.bsee.gov/sites/bsee.gov/files/reports/safety/dc-398-shell-14-aug-2014.pdf,https://www.bsee.gov/sites/bsee.gov/files/reports/safety/dc-398-shell-14-aug-2014.pdf,false,dc-398-shell-14-aug-2014.pdf,DC,398,shell,14-aug-2014,2014-08-14,2014,false,,,08-14-2014,20:20,G25854,DC 398,Incident >$25K / Human Error,1,,,,f01c7d9da5d26008644552205eff2bf052051c9f9321796a55ab32e5f571f76a,
district,https://www.bsee.gov/what-we-do/incident-investigations/offshore-incident-investigations/district-investigation-reports/district-investigation-reports-archive,2013,,0,https://www.bsee.gov/sites/bsee.gov/files/reports/safety/dc-757-marathon-oil-company-26-oct-2013.pdf,https://www.bsee.gov/sites/bsee.gov/files/reports/safety/dc-757-marathon-oil-company-26-oct-2013.pdf,https://www.bsee.gov/sites/bsee.gov/files/reports/safety/dc-757-marathon-oil-company-26-oct-2013.pdf,false,dc-757-marathon-oil-company-26-oct-2013.pdf,DC,757,marathon oil company,26-oct-2013,2013-10-26,2013,false,,,10-26-2013,22:30,G31570,DC 757,Other Lifting Device(HTV Pipe Handler) / Equipment Failure / >$25K,1,,,,e77e68db3fe05d1216e0aa6a2a3ae18d352a94077767517723cb4a63e9727197,
district,https://www.bsee.gov/what-we-do/incident-investigations/offshore-incident-investigations/district-investigation-reports/district-investigation-reports-archive,2013,,0,https://www.bsee.gov/sites/bsee.gov/files/reports/safety/eb-110-a-sandridge-offshore-18-sep-2013.pdf,https://www.bsee.gov/sites/bsee.gov/files/reports/safety/eb-110-a-sandridge-offshore-18-sep-2013.pdf,https://www.bsee.gov/sites/bsee.gov/files/reports/safety/eb-110-a-sandridge-offshore-18-sep-2013.pdf,false,eb-110-a-sandridge-offshore-18-sep-2013.pdf,EB,110 A,sandridge offshore,18-sep-2013,2013-09-18,2013,false,,,09-18-2013,16:00,G02650,EB 110 A,Structural Damage / Abandonment,1,,,,c3c0bc052e552c8dc2fac94154e651be6eedd724c165c1c7a2230e4ec483d2d4,
district,https://www.bsee.gov/what-we-do/incident-investigations/offshore-incident-investigations/district-investigation-reports/district-investigation-reports-archive,2013,,0,https://www.bsee.gov/sites/bsee.gov/files/reports/safety/eb-159-a-unocal-03-nov-2013.pdf,https://www.bsee.gov/sites/bsee.gov/files/reports/safety/eb-159-a-unocal-03-nov-2013.pdf,https://www.bsee.gov/sites/bsee.gov/files/reports/safety/eb-159-a-unocal-03-nov-2013.pdf,false,eb-159-a-unocal-03-nov-2013.pdf,EB,159 A,unocal,03-nov-2013,2013-11-03,2013,false,,,11-03-2013,16:35,G02646,EB 159 A,Fire / Start up procedure,1,,,,476080d4c8f10be73977e2e836f341650e31624356df36764287a8f056bdaa9a,
district,https://www.bsee.gov/what-we-do/incident-investigations/offshore-incident-investigations/district-investigation-reports,2014,,0,/sites/bsee.gov/files/reports/safety/eb-159-union-oil-05-jan-2014.pdf,https://www.bsee.gov/sites/bsee.gov/files/reports/safety/eb-159-union-oil-05-jan-2014.pdf,https://www.bsee.gov/sites/bsee.gov/files/reports/safety/eb-159-union-oil-05-jan-2014.pdf,false,eb-159-union-oil-05-jan-2014.pdf,EB,159,union oil,05-jan-2014,2014-01-05,2014,false,,,01-05-2014,17:45,G02646,EB 159 A,Fire / Generator,1,,,,78a6943c75287111781a1bd934e9d55732035cd2d5189ab70015a241d9621116,
district,https://www.bsee.gov/what-we-do/incident-investigations/offshore-incident-investigations/district-investigation-reports,2014,,0,/sites/bsee.gov/files/reports/safety/eb-602-anadarko-19-sep-2014.pdf,https://www.bsee.gov/sites/bsee.gov/files/reports/safety/eb-602-anadarko-19-sep-2014.pdf,https://www.bsee.gov/sites/bsee.gov/files/reports/safety/eb-602-anadarko-19-sep-2014.pdf,false,eb-602-anadarko-19-sep-2014.pdf,EB,602,anadarko,19-sep-2014,2014-09-19,2014,false,,,09-19-2014,12:00,G14205,EB 602,RW/JT (1-3 days) / Required Evacuation-1,1,,,,4068bf7019a7fc53254a4e20a6e35ee93634161c0a8f418617d079514047edbc,
district,https://www.bsee.gov/what-we-do/incident-investigations/offshore-incident-investigations/district-investigation-reports/district-investigation-reports-archive,2013,,0,https://www.bsee.gov/sites/bsee.gov/files/reports/safety/eb-602-anadarko-petroleum-21-apr-2013.pdf,https://www.bsee.gov/sites/bsee.gov/files/reports/safety/eb-602-anadarko-petroleum-21-apr-2013.pdf,https://www.bsee.gov/sites/bsee.gov/files/reports/safety/eb-602-anadarko-petroleum-21-apr-2013.pdf,false,eb-602-anadarko-petroleum-21-apr-2013.pdf,EB,602,anadarko petroleum,21-apr-2013,2013-04-21,2013,false,,,04-21-2013,07:45,G14205,EB 602,Required Evacuation / RW/Finger Injury,1,,,,fe82d4fbacc4a60a3160889d1402b88af9722a78dc7d2cfabaecae75a2aef3c7,
district,https://www.bsee.gov/what-we-do/incident-investigations/offshore-incident-investigations/district-investigation-reports,2014,,0,/sites/bsee.gov/files/reports/safety/ec-172-fieldwood-30-jul-2014.pdf,https://www.bsee.gov/sites/bsee.gov/files/reports/safety/ec-172-fieldwood-30-jul-2014.pdf,https://www.bsee.gov/sites/bsee.gov/files/reports/safety/ec-172-fieldwood-30-jul-2014.pdf,false,ec-172-fieldwood-30-jul-2014.pdf,EC,172,fieldwood,30-jul-2014,2014-07-30,2014,false,,,07-30-2014,16:20,G17858,EC 172,Required Evacuation / Other Injury / Equipment Failure / Human Error,1,,,,8225ee48d710eb5aae92787bd598e5fbb9de80005f409f37d9cab9d30e8bc84b,
district,https://www.bsee.gov/what-we-do/incident-investigations/offshore-incident-investigations/district-investigation-reports,2014,,0,/sites/bsee.gov/files/reports/safety/ec-321-a-w-and-t-offshore-25-oct-2014.pdf,https://www.bsee.gov/sites/bsee.gov/files/reports/safety/ec-321-a-w-and-t-offshore-25-oct-2014.pdf,https://www.bsee.gov/sites/bsee.gov/files/reports/safety/ec-321-a-w-and-t-offshore-25-oct-2014.pdf,false,ec-321-a-w-and-t-offshore-25-oct-2014.pdf,EC,321 A,w and t offshore,25-oct-2014,2014-10-25,2014,false,,,10-25-2014,1900,G02061,EC 321 A,Required Evacuation / LTA (>3 days) /Completion Fluid U-tubed,1,,,,13ea00db62181c1448afedb5b053094bd26855a7aaf15c170003220cacb135bc,
district,https://www.bsee.gov/what-we-do/incident-investigations/offshore-incident-investigations/district-investigation-reports,2014,,0,/sites/bsee.gov/files/reports/safety/ec-321-w-t-offshore-17-jun-2014.pdf,https://www.bsee.gov/sites/bsee.gov/files/reports/safety/ec-321-w-t-offshore-17-jun-2014.pdf,https://www.bsee.gov/sites/bsee.gov/files/reports/safety/ec-321-w-t-offshore-17-jun-2014.pdf,false,ec-321-w-t-offshore-17-jun-2014.pdf,EC,321 W,t offshore,17-jun-2014,2014-06-17,2014,false,,,06-17-2014,22:30,G02061,EC 321,Required Evacuation,1,,,,8313780f0e8141d87389c0a481ca230f792664b708477bce6d955ffb63495185,
district,https://www.bsee.gov/what-we-do/incident-investigations/offshore-incident-investigations/district-investigation-reports,2014,,0,/sites/bsee.gov/files/reports/safety/ec-328-b-arena-offshore-23-jun-2014.pdf,https://www.bsee.gov/sites/bsee.gov/files/reports/safety/ec-328-b-arena-offshore-23-jun-2014.pdf,https://www.bsee.gov/sites/bsee.gov/files/reports/safety/ec-328-b-arena-offshore-23-jun-2014.pdf,false,ec-328-b-arena-offshore-23-jun-2014.pdf,EC,328 B,arena offshore,23-jun-2014,2014-06-23,2014,false,,,06-23-2014,10:30,G10638,EC 328 B,Required Evacuation / Pollution / Human Error,1,,,,c61c92763f2850dcd39a886f45c2633a2620fc22cba96a6162c1c55e9db68b91,
district,https://www.bsee.gov/what-we-do/incident-investigations/offshore-incident-investigations/district-investigation-reports/district-investigation-reports-archive,2012,,0,https://www.bsee.gov/sites/bsee.gov/files/reports/safety/ec-37a-probe-15-october-2012.pdf,https://www.bsee.gov/sites/bsee.gov/files/reports/safety/ec-37a-probe-15-october-2012.pdf,https://www.bsee.gov/sites/bsee.gov/files/reports/safety/ec-37a-probe-15-october-2012.pdf,false,ec-37a-probe-15-october-2012.pdf,EC,37A,probe,15-october-2012,2012-10-15,2012,false,,,10-15-2012,14:30,G25933,EC/37A,RW>3 days Knee Injury,1,,,,11b27efd1c2f3ac1220f6310460643d2a61bf3d39f193f7563d81be318ccd506,
district,https://www.bsee.gov/what-we-do/incident-investigations/offshore-incident-investigations/district-investigation-reports/district-investigation-reports-archive,2012,,0,https://www.bsee.gov/sites/bsee.gov/files/reports/safety/ec-381-ert-10-august-2012.pdf,https://www.bsee.gov/sites/bsee.gov/files/reports/safety/ec-381-ert-10-august-2012.pdf,https://www.bsee.gov/sites/bsee.gov/files/reports/safety/ec-381-ert-10-august-2012.pdf,false,ec-381-ert-10-august-2012.pdf,EC,381,ert,10-august-2012,2012-08-10,2012,false,,,08-10-2012,10:00,G15161,EC/381A,LTA>3days Arm Injury due to Fall,1,,,,69591a46c8d78731da4dd9db868e5833587f223b6c0e556ec127924a5b830984,
district,https://www.bsee.gov/what-we-do/incident-investigations/offshore-incident-investigations/district-investigation-reports/district-investigation-reports-archive,2012,,0,https://www.bsee.gov/sites/bsee.gov/files/reports/safety/ec-42-mcmoran-20-jul-2012.pdf,https://www.bsee.gov/sites/bsee.gov/files/reports/safety/ec-42-mcmoran-20-jul-2012.pdf,https://www.bsee.gov/sites/bsee.gov/files/reports/safety/ec-42-mcmoran-20-jul-2012.pdf,false,ec-42-mcmoran-20-jul-2012.pdf,EC,42,mcmoran,20-jul-2012,2012-07-20,2012,false,,,07-20-2012,22:45,G02857,EC/42,Structural Damage - Incident >$25K,1,,,,7cda3b8b14f0cba4d71d2099c0ef80515bd20c742b2bc4016009be8afd2ad7b8,
district,https://www.bsee.gov/what-we-do/incident-investigations/offshore-incident-investigations/district-investigation-reports/district-investigation-reports-archive,2012,,0,https://www.bsee.gov/sites/bsee.gov/files/reports/safety/ec-64-a-stone-energy-28-july-2012.pdf,https://www.bsee.gov/sites/bsee.gov/files/reports/safety/ec-64-a-stone-energy-28-july-2012.pdf,https://www.bsee.gov/sites/bsee.gov/files/reports/safety/ec-64-a-stone-energy-28-july-2012.pdf,false,ec-64-a-stone-energy-28-july-2012.pdf,EC,64 A,stone energy,28-july-2012,2012-07-28,2012,false,,,07-28-2012,06:00,00089,EC/64A,Compressor Incident > 25K,1,,,,04673552cc37b1163070f8b23724a5a7a6a09c962478ffdb19e0f245060ae249,
district,https://www.bsee.gov/what-we-do/incident-investigations/offshore-incident-investigations/district-investigation-reports,2014,,0,/sites/bsee.gov/files/reports/safety/ei-100-arena-13-sep-2014.pdf,https://www.bsee.gov/sites/bsee.gov/files/reports/safety/ei-100-arena-13-sep-2014.pdf,https://www.bsee.gov/sites/bsee.gov/files/reports/safety/ei-100-arena-13-sep-2014.pdf,false,ei-100-arena-13-sep-2014.pdf,EI,100,arena,13-sep-2014,2014-09-13,2014,false,,,09-13-2014,0900,00796,EI 100,Required Evacuation / LTA (> 3 days),1,,,,b0ef4eb8bbeaf4a5692fd8a17c72e2d7e424eb073e0fce0499b22cfbaa70b2b0,
district,https://www.bsee.gov/what-we-do/incident-investigations/offshore-incident-investigations/district-investigation-reports,2014,,0,/sites/bsee.gov/files/reports/safety/ei-100-arena-offshore-01-mar-2014.pdf,https://www.bsee.gov/sites/bsee.gov/files/reports/safety/ei-100-arena-offshore-01-mar-2014.pdf,https://www.bsee.gov/sites/bsee.gov/files/reports/safety/ei-100-arena-offshore-01-mar-2014.pdf,false,ei-100-arena-offshore-01-mar-2014.pdf,EI,100,arena offshore,01-mar-2014,2014-03-01,2014,false,,,03-01-2014,22:15,G00796,EI 100,Required Evacuation / RW/JT (>3 days),1,,,,255372e0baffc81179fd962f85663adb5d8981b1569b6fead1ded131915a69a1,
district,https://www.bsee.gov/what-we-do/incident-investigations/offshore-incident-investigations/district-investigation-reports/district-investigation-reports-archive,2012,,0,https://www.bsee.gov/sites/bsee.gov/files/reports/safety/ei-107-apache-corporation-17-april-2012.pdf,https://www.bsee.gov/sites/bsee.gov/files/reports/safety/ei-107-apache-corporation-17-april-2012.pdf,https://www.bsee.gov/sites/bsee.gov/files/reports/safety/ei-107-apache-corporation-17-april-2012.pdf,false,ei-107-apache-corporation-17-april-2012.pdf,EI,107,apache corporation,17-april-2012,2012-04-17,2012,false,,,04-17-2012,04:30,G15241,EI 107,Required evacuation/LTA > 3 days / hip injury,1,,,,6c01ef4efcec61b6812146c20b354d8d4f216e79ca77db4a0d787381567e1ee8,
district,https://www.bsee.gov/what-we-do/incident-investigations/offshore-incident-investigations/district-investigation-reports/district-investigation-reports-archive,2013,,0,https://www.bsee.gov/sites/bsee.gov/files/reports/safety/ei-133-northstar-offshore-group-02-aug-2013.pdf,https://www.bsee.gov/sites/bsee.gov/files/reports/safety/ei-133-northstar-offshore-group-02-aug-2013.pdf,https://www.bsee.gov/sites/bsee.gov/files/reports/safety/ei-133-northstar-offshore-group-02-aug-2013.pdf,false,ei-133-northstar-offshore-group-02-aug-2013.pdf,EI,133,northstar offshore group,02-aug-2013,2013-08-02,2013,false,,,08-02-2013,14:30,G33092,EI / 133,Required Evacuation / LTA (>3Days) / Drilling / Human Error,1,,,,4210dd9c66cdfc00039f8ff869b268d93c9ae8f3bd019dd878bfca68d435c3b2,
district,https://www.bsee.gov/what-we-do/incident-investigations/offshore-incident-investigations/district-investigation-reports/district-investigation-reports-archive,2013,,0,https://www.bsee.gov/sites/bsee.gov/files/reports/safety/ei-193a-mcmoran-oil-and-gas-15-july-2013.pdf,https://www.bsee.gov/sites/bsee.gov/files/reports/safety/ei-193a-mcmoran-oil-and-gas-15-july-2013.pdf,https://www.bsee.gov/sites/bsee.gov/files/reports/safety/ei-193a-mcmoran-oil-and-gas-15-july-2013.pdf,false,ei-193a-mcmoran-oil-and-gas-15-july-2013.pdf,EI,193A,mcmoran oil and gas,15-july-2013,2013-07-15,2013,false,,,03-30-2013,17:15,G00572,EI/ 193A,Required Evacuation / Abandonment,1,,,,5995f726e247b7d7febf4c7d522f517fdc519a51ff671aa39fd176073e7d93da,
district,https://www.bsee.gov/what-we-do/incident-investigations/offshore-incident-investigations/district-investigation-reports/district-investigation-reports-archive,2012,,0,https://www.bsee.gov/sites/bsee.gov/files/reports/safety/ei-208-ankor-energy-llc-19-aug-2012.pdf,https://www.bsee.gov/sites/bsee.gov/files/reports/safety/ei-208-ankor-energy-llc-19-aug-2012.pdf,https://www.bsee.gov/sites/bsee.gov/files/reports/safety/ei-208-ankor-energy-llc-19-aug-2012.pdf,false,ei-208-ankor-energy-llc-19-aug-2012.pdf,EI,208,ankor energy llc,19-aug-2012,2012-08-19,2012,false,,,08-19-2012,13:00,G00577,EI 208,Required evacuation/LTA > 3 days / collar bone injury,1,,,,b76dc01f3bca1d9934b5e7c97b48a11dcc6cb8e52bb2a8ce4d3906d90a206bd1,
district,https://www.bsee.gov/what-we-do/incident-investigations/offshore-incident-investigations/district-investigation-reports,2014,,0,/sites/bsee.gov/files/reports/safety/ei-208j-ankor-energy-llc-14-feb-2014.pdf,https://www.bsee.gov/sites/bsee.gov/files/reports/safety/ei-208j-ankor-energy-llc-14-feb-2014.pdf,https://www.bsee.gov/sites/bsee.gov/files/reports/safety/ei-208j-ankor-energy-llc-14-feb-2014.pdf,false,ei-208j-ankor-energy-llc-14-feb-2014.pdf,EI,208J,ankor energy llc,14-feb-2014,2014-02-14,2014,false,,,02-14-2014,14:45,G00577,EI 208 J,RW/JT (>3 days) / Human Error / Other,1,,,,6b7d346c6faf34ebaf3b368b2fd190c0feb4a2383d612b310e95fbb013f0eb79,
district,https://www.bsee.gov/what-we-do/incident-investigations/offshore-incident-investigations/district-investigation-reports/district-investigation-reports-archive,2011,,0,https://www.bsee.gov/sites/bsee.gov/files/reports/safety/ei-252g-chevron-usa-16-nov-2011.pdf,https://www.bsee.gov/sites/bsee.gov/files/reports/safety/ei-252g-chevron-usa-16-nov-2011.pdf,https://www.bsee.gov/sites/bsee.gov/files/reports/safety/ei-252g-chevron-usa-16-nov-2011.pdf,false,ei-252g-chevron-usa-16-nov-2011.pdf,EI,252G,chevron usa,16-nov-2011,2011-11-16,2011,false,,,11-16-2011,10:30,G00983,EI/252,Required Evacuation - LTA (>3 days) Surface Equip Failure - Other,1,,,,3ed21c0dd13277322a8bc0c181a3f07677b555952da908196bfbe12d9b6c18f4,
district,https://www.bsee.gov/what-we-do/incident-investigations/offshore-incident-investigations/district-investigation-reports/district-investigation-reports-archive,2013,,0,https://www.bsee.gov/sites/bsee.gov/files/reports/safety/ei-258-a-nexen-petroleum-28-august-2013.pdf,https://www.bsee.gov/sites/bsee.gov/files/reports/safety/ei-258-a-nexen-petroleum-28-august-2013.pdf,https://www.bsee.gov/sites/bsee.gov/files/reports/safety/ei-258-a-nexen-petroleum-28-august-2013.pdf,false,ei-258-a-nexen-petroleum-28-august-2013.pdf,EI,258 A,nexen petroleum,28-august-2013,2013-08-28,2013,false,,,08-28-2013,07:00,G01959,EI / 258 A,Required Evacuation / RW/JT (1-3Days) / Slip/Trip/Fall,1,,,,81b27d7499301d9340c306c443f344a41f245696c7f7fb7788f9ee29ba85e086,
district,https://www.bsee.gov/what-we-do/incident-investigations/offshore-incident-investigations/district-investigation-reports/district-investigation-reports-archive,2013,,0,https://www.bsee.gov/sites/bsee.gov/files/reports/safety/ei-259-b-nexen-petroleum-17-october-2013.pdf,https://www.bsee.gov/sites/bsee.gov/files/reports/safety/ei-259-b-nexen-petroleum-17-october-2013.pdf,https://www.bsee.gov/sites/bsee.gov/files/reports/safety/ei-259-b-nexen-petroleum-17-october-2013.pdf,false,ei-259-b-nexen-petroleum-17-october-2013.pdf,EI,259 B,nexen petroleum,17-october-2013,2013-10-17,2013,false,,,10-17-2013,21:30,G00985,EI 259 B,Fire/Compressor,1,,,,d24e7bb3929dfe290844c3429f72dd68972886585b3e63d8a55daca8a613e70d,
district,https://www.bsee.gov/what-we-do/incident-investigations/offshore-incident-investigations/district-investigation-reports,2014,,0,/sites/bsee.gov/files/reports/safety/ei-276c-union-oil-05-jun-2014.pdf,https://www.bsee.gov/sites/bsee.gov/files/reports/safety/ei-276c-union-oil-05-jun-2014.pdf,https://www.bsee.gov/sites/bsee.gov/files/reports/safety/ei-276c-union-oil-05-jun-2014.pdf,false,ei-276c-union-oil-05-jun-2014.pdf,EI,276C,union oil,05-jun-2014,2014-06-05,2014,false,,,06-05-2014,14:00,G00989,EI 276,Required Evacuation / Rib Injury,1,,,,a1a3ee26d71bb491ac2948ce415e0e4c938b72997edc945533a72597e0d6b20a,
district,https://www.bsee.gov/what-we-do/incident-investigations/offshore-incident-investigations/district-investigation-reports/district-investigation-reports-archive,2012,,0,https://www.bsee.gov/sites/bsee.gov/files/reports/safety/ei-276c-union-oil-29-jun-2012.pdf,https://www.bsee.gov/sites/bsee.gov/files/reports/safety/ei-276c-union-oil-29-jun-2012.pdf,https://www.bsee.gov/sites/bsee.gov/files/reports/safety/ei-276c-union-oil-29-jun-2012.pdf,false,ei-276c-union-oil-29-jun-2012.pdf,EI,276C,union oil,29-jun-2012,2012-06-29,2012,false,,,06-29-2012,08:30,G00989,EI/276C,Crane,1,,,,98b0397e5a0078a0518404ec8d4fe83b017cd622c0bc20ac23f79bbf2eb20f93,
district,https://www.bsee.gov/what-we-do/incident-investigations/offshore-incident-investigations/district-investigation-reports/district-investigation-reports-archive,2013,,0,https://www.bsee.gov/sites/bsee.gov/files/reports/safety/ei-295-nexen-16-march-2013.pdf,https://www.bsee.gov/sites/bsee.gov/files/reports/safety/ei-295-nexen-16-march-2013.pdf,https://www.bsee.gov/sites/bsee.gov/files/reports/safety/ei-295-nexen-16-march-2013.pdf,false,ei-295-nexen-16-march-2013.pdf,EI,295,nexen,16-march-2013,2013-03-16,2013,false,,,03-16-2013,13:00,G02104,EI/295,LTA>3 Days/Fall Injury,1,,,,358bc1073aaa2ead45277a796a3d1c063155ee71da7c5e2c7d8a91c739e05b92,
district,https://www.bsee.gov/what-we-do/incident-investigations/offshore-incident-investigations/district-investigation-reports/district-investigation-reports-archive,2012,,0,https://www.bsee.gov/sites/bsee.gov/files/reports/safety/ei-314c-25-october-2012.pdf,https://www.bsee.gov/sites/bsee.gov/files/reports/safety/ei-314c-25-october-2012.pdf,https://www.bsee.gov/sites/bsee.gov/files/reports/safety/ei-314c-25-october-2012.pdf,false,ei-314c-25-october-2012.pdf,EI,314C,,25-october-2012,2012-10-25,2012,false,,no_operator_in_filename,10-25-2012,09:00,G02111,EI/314C,LTA 1-3 days/Knee Injury,1,,,,a545d757261aad416b95c6cf7eb2c4d097cece88d4db857aacd19921448afd03,
district,https://www.bsee.gov/what-we-do/incident-investigations/offshore-incident-investigations/district-investigation-reports/district-investigation-reports-archive,2012,,0,https://www.bsee.gov/sites/bsee.gov/files/reports/safety/ei-325a-mariner-energy-3-aug-2012.pdf,https://www.bsee.gov/sites/bsee.gov/files/reports/safety/ei-325a-mariner-energy-3-aug-2012.pdf,https://www.bsee.gov/sites/bsee.gov/files/reports/safety/ei-325a-mariner-energy-3-aug-2012.pdf,false,ei-325a-mariner-energy-3-aug-2012.pdf,EI,325A,mariner energy,3-aug-2012,2012-08-03,2012,false,,,08-03-2012,10:14,G05517,EI/325A,Flash Burn,1,,,,5cce24f7e4a5ba406315ae6e274d1f8f21490b392a552184c56ce0dea109019c,
district,https://www.bsee.gov/what-we-do/incident-investigations/offshore-incident-investigations/district-investigation-reports/district-investigation-reports-archive,2013,,0,https://www.bsee.gov/sites/bsee.gov/files/reports/safety/ei-338k-arena-offshore-09-aug-2013.pdf,https://www.bsee.gov/sites/bsee.gov/files/reports/safety/ei-338k-arena-offshore-09-aug-2013.pdf,https://www.bsee.gov/sites/bsee.gov/files/reports/safety/ei-338k-arena-offshore-09-aug-2013.pdf,false,ei-338k-arena-offshore-09-aug-2013.pdf,EI,338K,arena offshore,09-aug-2013,2013-08-09,2013,false,,,08-09-2013,19:15,G02118,EI 338 K,LTA (> 3 days) / Required Evacuation / Rib Injury,1,,,,b581a6f7815a3745da7017699f9306e09fda0e1cf7031502d2f4372f2ba2ef47,
district,https://www.bsee.gov/what-we-do/incident-investigations/offshore-incident-investigations/district-investigation-reports,2014,,0,/sites/bsee.gov/files/reports/safety/ei-355-a-fieldwood-energy-01-oct-2014.pdf,https://www.bsee.gov/sites/bsee.gov/files/reports/safety/ei-355-a-fieldwood-energy-01-oct-2014.pdf,https://www.bsee.gov/sites/bsee.gov/files/reports/safety/ei-355-a-fieldwood-energy-01-oct-2014.pdf,false,ei-355-a-fieldwood-energy-01-oct-2014.pdf,EI,355 A,fieldwood energy,01-oct-2014,2014-10-01,2014,false,,,10-01-2014,17:00,G19797,EI 355 A,"Structural Damage / Incident > $25,000 / Equipment Damage",1,,,,741ecb2aa7217f4cf959c30d427e02927a5bcdcd6643b0ac08bc1698665b9a24,
district,https://www.bsee.gov/what-we-do/incident-investigations/offshore-incident-investigations/district-investigation-reports/district-investigation-reports-archive,2012,,0,https://www.bsee.gov/sites/bsee.gov/files/reports/safety/ei-361-chevron-usa-inc-03-apr-2012.pdf,https://www.bsee.gov/sites/bsee.gov/files/reports/safety/ei-361-chevron-usa-inc-03-apr-2012.pdf,https://www.bsee.gov/sites/bsee.gov/files/reports/safety/ei-361-chevron-usa-inc-03-apr-2012.pdf,false,ei-361-chevron-usa-inc-03-apr-2012.pdf,EI,361,chevron usa,03-apr-2012,2012-04-03,2012,false,,,04-03-2012,13:01,G02324,EI 361,Load line severed by crane,1,,,,3fe96d259a919866e5e100bae5b364accc2bdcccaae32e82da1d6c5045e9c00b,
district,https://www.bsee.gov/what-we-do/incident-investigations/offshore-incident-investigations/district-investigation-reports,2014,,0,/sites/bsee.gov/files/reports/safety/ew-1003a-enven-energy-09-apr-2014.pdf,https://www.bsee.gov/sites/bsee.gov/files/reports/safety/ew-1003a-enven-energy-09-apr-2014.pdf,https://www.bsee.gov/sites/bsee.gov/files/reports/safety/ew-1003a-enven-energy-09-apr-2014.pdf,false,ew-1003a-enven-energy-09-apr-2014.pdf,EW,1003A,enven energy,09-apr-2014,2014-04-09,2014,false,,,04-09-2014,20:30,G13091,EW 1003 A,Required Evacuation / LTA (1-3 days) / Human Error,1,,,,46f6d2dafc86d80adabfa0018f2885a5820ea6282134bd7652bacf3b41815cbd,
district,https://www.bsee.gov/what-we-do/incident-investigations/offshore-incident-investigations/district-investigation-reports/district-investigation-reports-archive,2012,,0,https://www.bsee.gov/sites/bsee.gov/files/reports/safety/ew-921-eni-17-august-2012.pdf,https://www.bsee.gov/sites/bsee.gov/files/reports/safety/ew-921-eni-17-august-2012.pdf,https://www.bsee.gov/sites/bsee.gov/files/reports/safety/ew-921-eni-17-august-2012.pdf,false,ew-921-eni-17-august-2012.pdf,EW,921,eni,17-august-2012,2012-08-17,2012,false,,,08-17-2012,12:00,G12142,EW/921,Pollution/Fire,1,,,,0948a4ba368a58047116b3b1a6b6be30eed16a0a47f6489cf1105d5ebabb6da2,
district,https://www.bsee.gov/what-we-do/incident-investigations/offshore-incident-investigations/district-investigation-reports/district-investigation-reports-archive,2011,,0,https://www.bsee.gov/sites/bsee.gov/files/reports/safety/flextrend-gb-72-a-26-dec-2011.pdf,https://www.bsee.gov/sites/bsee.gov/files/reports/safety/flextrend-gb-72-a-26-dec-2011.pdf,https://www.bsee.gov/sites/bsee.gov/files/reports/safety/flextrend-gb-72-a-26-dec-2011.pdf,false,flextrend-gb-72-a-26-dec-2011.pdf,GB,72 A,flextrend,26-dec-2011,2011-12-26,2011,false,,,12-26-2011,15:40,G13363,GB 72,LTA (>3 days) - Other,1,,,,66942491990b45f90143112f98a26b2e2e27557dbb12cbd7b92f9ad4052fab6d,
district,https://www.bsee.gov/what-we-do/incident-investigations/offshore-incident-investigations/district-investigation-reports,2014,,0,/sites/bsee.gov/files/reports/safety/gb-128-shell-18-nov-2014.pdf,https://www.bsee.gov/sites/bsee.gov/files/reports/safety/gb-128-shell-18-nov-2014.pdf,https://www.bsee.gov/sites/bsee.gov/files/reports/safety/gb-128-shell-18-nov-2014.pdf,false,gb-128-shell-18-nov-2014.pdf,GB,128,shell,18-nov-2014,2014-11-18,2014,false,,,11-18-2014,11:00,G11455,G11455,Required Evacuation / LTA (>3 days) / Human Error,1,,,,b5bac2c6cdd7557b0277b821d698df4464d0d9f627060465ca92f3abbefe3739,
district,https://www.bsee.gov/what-we-do/incident-investigations/offshore-incident-investigations/district-investigation-reports/district-investigation-reports-archive,2013,,0,https://www.bsee.gov/sites/bsee.gov/files/reports/safety/gb-189-a-chevron-usa-inc-13-dec-2013.pdf,https://www.bsee.gov/sites/bsee.gov/files/reports/safety/gb-189-a-chevron-usa-inc-13-dec-2013.pdf,https://www.bsee.gov/sites/bsee.gov/files/reports/safety/gb-189-a-chevron-usa-inc-13-dec-2013.pdf,false,gb-189-a-chevron-usa-inc-13-dec-2013.pdf,GB,189 A,chevron usa,13-dec-2013,2013-12-13,2013,false,,,12-13-2013,04:20,G06358,GB 189,Pollution/Crane,1,,,,0ec7cf85a002fca26911b50b0a23e83b153cf290f10828343fbe5b64a9b2b72f,
district,https://www.bsee.gov/what-we-do/incident-investigations/offshore-incident-investigations/district-investigation-reports,2014,,0,/sites/bsee.gov/files/reports/safety/gb-213-apache-deepwater-23-may-2014.pdf,https://www.bsee.gov/sites/bsee.gov/files/reports/safety/gb-213-apache-deepwater-23-may-2014.pdf,https://www.bsee.gov/sites/bsee.gov/files/reports/safety/gb-213-apache-deepwater-23-may-2014.pdf,false,gb-213-apache-deepwater-23-may-2014.pdf,GB,213,apache deepwater,23-may-2014,2014-05-23,2014,false,,,05-23-2014,23:00,G31613,GB 213,Pollution / Human Error / Overboard Drilling Fluid,1,,,,3ca6ae47529bb8217c5b2cb4a55101ddf6382f756f92e9fb1154a816e5c8426b,
district,https://www.bsee.gov/what-we-do/incident-investigations/offshore-incident-investigations/district-investigation-reports/district-investigation-reports-archive,2012,,0,https://www.bsee.gov/sites/bsee.gov/files/reports/safety/gb-386-hess-8-december-2012-1.pdf,https://www.bsee.gov/sites/bsee.gov/files/reports/safety/gb-386-hess-8-december-2012-1.pdf,https://www.bsee.gov/sites/bsee.gov/files/reports/safety/gb-386-hess-8-december-2012-1.pdf,false,gb-386-hess-8-december-2012-1.pdf,GB,386,hess,8-december-2012,2012-12-08,2012,false,,,12-08-2012,21:50,G10350,GB/386,Pollution,1,,,,85da5f21c1d2b949369f0960a7b14bde34b9e5104a04fd91d31d45dea27436c1,
district,https://www.bsee.gov/what-we-do/incident-investigations/offshore-incident-investigations/district-investigation-reports,2014,,0,/sites/bsee.gov/files/reports/safety/gb-426-a-shell-offshore-inc-19-feb-2014.pdf,https://www.bsee.gov/sites/bsee.gov/files/reports/safety/gb-426-a-shell-offshore-inc-19-feb-2014.pdf,https://www.bsee.gov/sites/bsee.gov/files/reports/safety/gb-426-a-shell-offshore-inc-19-feb-2014.pdf,false,gb-426-a-shell-offshore-inc-19-feb-2014.pdf,GB,426 A,shell offshore,19-feb-2014,2014-02-19,2014,false,,,02-19-2014,21:40,G08241,GB 426,Required Evacuation/LTA (>3 days),1,,,,7f58312a9d7d9405a8fa792de58d72db8db7eab6b784cdb8ac82737267d726dd,
district,https://www.bsee.gov/what-we-do/incident-investigations/offshore-incident-investigations/district-investigation-reports/district-investigation-reports-archive,2012,,0,https://www.bsee.gov/sites/bsee.gov/files/reports/safety/gb-426-shell-20-december-2012.pdf,https://www.bsee.gov/sites/bsee.gov/files/reports/safety/gb-426-shell-20-december-2012.pdf,https://www.bsee.gov/sites/bsee.gov/files/reports/safety/gb-426-shell-20-december-2012.pdf,false,gb-426-shell-20-december-2012.pdf,GB,426,shell,20-december-2012,2012-12-20,2012,false,,,12-20-2012,04:20,G08241,GB/426,RW/JT>3 days- Finger Injury,1,,,,2cca0a9698f5a9b253a79bd24ddb36ed85997a4c6a05563a90045e3810b29135,
district,https://www.bsee.gov/what-we-do/incident-investigations/offshore-incident-investigations/district-investigation-reports/district-investigation-reports-archive,2013,,0,https://www.bsee.gov/sites/bsee.gov/files/reports/safety/gb-668-anadarko-petroleum-31-oct-2013.pdf,https://www.bsee.gov/sites/bsee.gov/files/reports/safety/gb-668-anadarko-petroleum-31-oct-2013.pdf,https://www.bsee.gov/sites/bsee.gov/files/reports/safety/gb-668-anadarko-petroleum-31-oct-2013.pdf,false,gb-668-anadarko-petroleum-31-oct-2013.pdf,GB,668,anadarko petroleum,31-oct-2013,2013-10-31,2013,false,,,10-31-2013,13:50,,GB 668,Fire / Production / Human Error,1,,,,7503948f7ddfe7cc1954ebb71dae6ef5e5f46e5b1317f13962aeb28566af6a4b,
district,https://www.bsee.gov/what-we-do/incident-investigations/offshore-incident-investigations/district-investigation-reports,2014,,0,/sites/bsee.gov/files/reports/safety/gc-113-marubeni-oil-and-gas-02-jan-2014.pdf,https://www.bsee.gov/sites/bsee.gov/files/reports/safety/gc-113-marubeni-oil-and-gas-02-jan-2014.pdf,https://www.bsee.gov/sites/bsee.gov/files/reports/safety/gc-113-marubeni-oil-and-gas-02-jan-2014.pdf,false,gc-113-marubeni-oil-and-gas-02-jan-2014.pdf,GC,113,marubeni oil and gas,02-jan-2014,2014-01-02,2014,false,,,01-02-2014,02:17,G15546,GC 113,Structural Damage / Incident >$25K / Equipment Failure / Human Error,1,,,,a8876077dc4d4a8028b25fe5162ed901604c0c0920e8a68692ee51518dfb99f0,
district,https://www.bsee.gov/what-we-do/incident-investigations/offshore-incident-investigations/district-investigation-reports,2014,,0,/sites/bsee.gov/files/reports/safety/gc-155-marubeni-oil-and-gas-24-sep-2014.pdf,https://www.bsee.gov/sites/bsee.gov/files/reports/safety/gc-155-marubeni-oil-and-gas-24-sep-2014.pdf,https://www.bsee.gov/sites/bsee.gov/files/reports/safety/gc-155-marubeni-oil-and-gas-24-sep-2014.pdf,false,gc-155-marubeni-oil-and-gas-24-sep-2014.pdf,GC,155,marubeni oil and gas,24-sep-2014,2014-09-24,2014,false,,,09-24-2014,06:00,G16698,GC 155,Pollution / Inadvertent Discharge of SBM / Equipment Failure / Human Error,1,,,,435b468903c873e94a8b698c2cf2e7cfc714e09fc9a0cdd9c528bf0244cfbc92,
district,https://www.bsee.gov/what-we-do/incident-investigations/offshore-incident-investigations/district-investigation-reports/district-investigation-reports-archive,2012,,0,https://www.bsee.gov/sites/bsee.gov/files/reports/safety/gc-19-shell-10-aug-2012.pdf,https://www.bsee.gov/sites/bsee.gov/files/reports/safety/gc-19-shell-10-aug-2012.pdf,https://www.bsee.gov/sites/bsee.gov/files/reports/safety/gc-19-shell-10-aug-2012.pdf,false,gc-19-shell-10-aug-2012.pdf,GC,19,shell,10-aug-2012,2012-08-10,2012,false,,,08-10-2012,10:35,G04131,GC/19,RW Hand Injury > 3 days,1,,,,c06e6eb27dfd6c91d2a7aaede2d32db870571d4d3db1b48da1595d9f96f8d135,
district,https://www.bsee.gov/what-we-do/incident-investigations/offshore-incident-investigations/district-investigation-reports,2014,,0,/sites/bsee.gov/files/reports/safety/gc-237-ert-16-oct-2014.pdf,https://www.bsee.gov/sites/bsee.gov/files/reports/safety/gc-237-ert-16-oct-2014.pdf,https://www.bsee.gov/sites/bsee.gov/files/reports/safety/gc-237-ert-16-oct-2014.pdf,false,gc-237-ert-16-oct-2014.pdf,GC,237,ert,16-oct-2014,2014-10-16,2014,false,,,10-16-2014,22:50,G15563,GC 237,Pollution / Equipment Failure,1,,,,3ec65d471640a395b25e0cb20503db2b9ebae9a9b825a608569ddb4ab2ed9871,
district,https://www.bsee.gov/what-we-do/incident-investigations/offshore-incident-investigations/district-investigation-reports,2014,,0,/sites/bsee.gov/files/reports/safety/gc-237-ert-18-jul-2014.pdf,https://www.bsee.gov/sites/bsee.gov/files/reports/safety/gc-237-ert-18-jul-2014.pdf,https://www.bsee.gov/sites/bsee.gov/files/reports/safety/gc-237-ert-18-jul-2014.pdf,false,gc-237-ert-18-jul-2014.pdf,GC,237,ert,18-jul-2014,2014-07-18,2014,false,,,07-18-2014,11:40,G15563,GC 237,Required Evacuation / RW/JT (>3 days) / Human Error / Weather Related,1,,,,c4a2051e27ec501090fadbda158f6ee5f796a90af75480a38530ad80c0308296,
district,https://www.bsee.gov/what-we-do/incident-investigations/offshore-incident-investigations/district-investigation-reports/district-investigation-reports-archive,2013,,0,https://www.bsee.gov/sites/bsee.gov/files/reports/safety/gc-245-shell-08-oct-2013.pdf,https://www.bsee.gov/sites/bsee.gov/files/reports/safety/gc-245-shell-08-oct-2013.pdf,https://www.bsee.gov/sites/bsee.gov/files/reports/safety/gc-245-shell-08-oct-2013.pdf,false,gc-245-shell-08-oct-2013.pdf,GC,245,shell,08-oct-2013,2013-10-08,2013,false,,,10-08-2013,22:30,G05916,GC 245,Required Evacuation / RW/JT (>3 days) / Human Error,1,,,,d62b6e193eb5dd6e498784b5774286a5f9371d73eb40cb792d64eda267e639cf,
district,https://www.bsee.gov/what-we-do/incident-investigations/offshore-incident-investigations/district-investigation-reports,2014,,0,/sites/bsee.gov/files/reports/safety/gc-248-shell-09-jun-2014.pdf,https://www.bsee.gov/sites/bsee.gov/files/reports/safety/gc-248-shell-09-jun-2014.pdf,https://www.bsee.gov/sites/bsee.gov/files/reports/safety/gc-248-shell-09-jun-2014.pdf,false,gc-248-shell-09-jun-2014.pdf,GC,248,shell,09-jun-2014,2014-06-09,2014,false,,,06-09-2014,16:35,G15565,GC 248,Other Lifting Device / Drawworks System / Equipment Failure / Human Error,1,,,,1714b331c1fa32ff37a1c4136c862b7a15fd2c0af66ce5215ddea4a39a4dc765,
district,https://www.bsee.gov/what-we-do/incident-investigations/offshore-incident-investigations/district-investigation-reports/district-investigation-reports-archive,2012,,0,https://www.bsee.gov/sites/bsee.gov/files/reports/safety/gc-338-murphy-3-march-2012.pdf,https://www.bsee.gov/sites/bsee.gov/files/reports/safety/gc-338-murphy-3-march-2012.pdf,https://www.bsee.gov/sites/bsee.gov/files/reports/safety/gc-338-murphy-3-march-2012.pdf,false,gc-338-murphy-3-march-2012.pdf,GC,338,murphy,3-march-2012,2012-03-03,2012,false,,,03-03-2012,21:30,G21790,GC/338,Fire,1,,,,c2867478ce3ae6965d72a364e0712b331d52c18676ff3394057d20138fecdb7d,
district,https://www.bsee.gov/what-we-do/incident-investigations/offshore-incident-investigations/district-investigation-reports/district-investigation-reports-archive,2012,,0,https://www.bsee.gov/sites/bsee.gov/files/reports/safety/gc-36-statoil-7-november-2012.pdf,https://www.bsee.gov/sites/bsee.gov/files/reports/safety/gc-36-statoil-7-november-2012.pdf,https://www.bsee.gov/sites/bsee.gov/files/reports/safety/gc-36-statoil-7-november-2012.pdf,false,gc-36-statoil-7-november-2012.pdf,GC,36,statoil,7-november-2012,2012-11-07,2012,false,,,11-07-2012,01:45,G26287,GC/36,Fingerboard Near Miss,1,,,,d180d78d895c581b0011c0f3662f03f65460294e3682642ed9f045381d515a1f,
district,https://www.bsee.gov/what-we-do/incident-investigations/offshore-incident-investigations/district-investigation-reports/district-investigation-reports-archive,2013,,0,https://www.bsee.gov/sites/bsee.gov/files/reports/safety/gc-608-anadarko-petroleum-15-may-2013.pdf,https://www.bsee.gov/sites/bsee.gov/files/reports/safety/gc-608-anadarko-petroleum-15-may-2013.pdf,https://www.bsee.gov/sites/bsee.gov/files/reports/safety/gc-608-anadarko-petroleum-15-may-2013.pdf,false,gc-608-anadarko-petroleum-15-may-2013.pdf,GC,608,anadarko petroleum,15-may-2013,2013-05-15,2013,false,,,05-15-2013,02:40,G18402,GC / 608,Lifting Device / Traveling Block/ Top Drive / >$25K,1,,,,f627ff8be70385702c1d3ffa2e3f5a28b03c1379d4b9ba0d6a41290779a1b7e1,
district,https://www.bsee.gov/what-we-do/incident-investigations/offshore-incident-investigations/district-investigation-reports/district-investigation-reports-archive,2012,,0,https://www.bsee.gov/sites/bsee.gov/files/reports/safety/gc-608-anadarko-petroleum-19-december-2012.pdf,https://www.bsee.gov/sites/bsee.gov/files/reports/safety/gc-608-anadarko-petroleum-19-december-2012.pdf,https://www.bsee.gov/sites/bsee.gov/files/reports/safety/gc-608-anadarko-petroleum-19-december-2012.pdf,false,gc-608-anadarko-petroleum-19-december-2012.pdf,GC,608,anadarko petroleum,19-december-2012,2012-12-19,2012,false,,,12-19-2012,14:00,G18402,GC / 608 A,Required Evacuation / LTA (>3Days) / Crane,1,,,,03e3b8c5ceb2f30ba52cc13f246d6f235977d21b7359a482dfd4f778b28348d5,
district,https://www.bsee.gov/what-we-do/incident-investigations/offshore-incident-investigations/district-investigation-reports,2014,,0,/sites/bsee.gov/files/reports/safety/gc-608a-anadarko-08-may-2014.pdf,https://www.bsee.gov/sites/bsee.gov/files/reports/safety/gc-608a-anadarko-08-may-2014.pdf,https://www.bsee.gov/sites/bsee.gov/files/reports/safety/gc-608a-anadarko-08-may-2014.pdf,false,gc-608a-anadarko-08-may-2014.pdf,GC,608A,anadarko,08-may-2014,2014-05-08,2014,false,,,05-08-2014,02:00,G18402,GC 608,Fire / Human Error,1,,,,06a3e4228b6a3d47943040682d88362f94ff8e609bd931b5715ed773dd5dede6,
district,https://www.bsee.gov/what-we-do/incident-investigations/offshore-incident-investigations/district-investigation-reports/district-investigation-reports-archive,2013,,0,https://www.bsee.gov/sites/bsee.gov/files/reports/safety/gc-653-bhp-billiton-24-feb-2013.pdf,https://www.bsee.gov/sites/bsee.gov/files/reports/safety/gc-653-bhp-billiton-24-feb-2013.pdf,https://www.bsee.gov/sites/bsee.gov/files/reports/safety/gc-653-bhp-billiton-24-feb-2013.pdf,false,gc-653-bhp-billiton-24-feb-2013.pdf,GC,653,bhp billiton,24-feb-2013,2013-02-24,2013,false,,,02-24-2013,22:40,G20084,GC/653,Required Evacuation / LTA (>3Days) / Crane,1,,,,dfd7a3c2068a3e946ee825af6b449318925756e2794b2ad272155f6c1975758f,
district,https://www.bsee.gov/what-we-do/incident-investigations/offshore-incident-investigations/district-investigation-reports/district-investigation-reports-archive,2012,,0,https://www.bsee.gov/sites/bsee.gov/files/reports/safety/gc-680-a-anadarko-23-november-2012.pdf,https://www.bsee.gov/sites/bsee.gov/files/reports/safety/gc-680-a-anadarko-23-november-2012.pdf,https://www.bsee.gov/sites/bsee.gov/files/reports/safety/gc-680-a-anadarko-23-november-2012.pdf,false,gc-680-a-anadarko-23-november-2012.pdf,GC,680 A,anadarko,23-november-2012,2012-11-23,2012,false,,,11-23-2012,13:45,G22987,GC/680,LTA>3 Days/Leg Injury,1,,,,90812b7e7008845fd54ccad42607176c68b110e017e949daf28f2b587c649bdd,
district,https://www.bsee.gov/what-we-do/incident-investigations/offshore-incident-investigations/district-investigation-reports/district-investigation-reports-archive,2013,,0,https://www.bsee.gov/sites/bsee.gov/files/reports/safety/gc-680-a-anadarko-24-jan-2013.pdf,https://www.bsee.gov/sites/bsee.gov/files/reports/safety/gc-680-a-anadarko-24-jan-2013.pdf,https://www.bsee.gov/sites/bsee.gov/files/reports/safety/gc-680-a-anadarko-24-jan-2013.pdf,false,gc-680-a-anadarko-24-jan-2013.pdf,GC,680 A,anadarko,24-jan-2013,2013-01-24,2013,false,,,01-24-2013,14:15,G22987,GC/680 A,Required Evacuation & RW/JT (>3Days) / Other (Partial loss of finger),1,,,,11c9b60585c07e9602043e140756da834e30d7bcb84edd96237227f2db1853d4,
district,https://www.bsee.gov/what-we-do/incident-investigations/offshore-incident-investigations/district-investigation-reports/district-investigation-reports-archive,2013,,0,https://www.bsee.gov/sites/bsee.gov/files/reports/safety/gc-683-anadarko-03-april-2013.pdf,https://www.bsee.gov/sites/bsee.gov/files/reports/safety/gc-683-anadarko-03-april-2013.pdf,https://www.bsee.gov/sites/bsee.gov/files/reports/safety/gc-683-anadarko-03-april-2013.pdf,false,gc-683-anadarko-03-april-2013.pdf,GC,683,anadarko,03-april-2013,2013-04-03,2013,false,,,04-03-2013,08:38,G18421,GC / 683,Pollution / Emergency Disconnect / Drift Off,1,,,,2982a9b8ab1e252f8bb79517dea0e32730c3b490642ae2517d48b44c8be35daa,
district,https://www.bsee.gov/what-we-do/incident-investigations/offshore-incident-investigations/district-investigation-reports/district-investigation-reports-archive,2013,,0,https://www.bsee.gov/sites/bsee.gov/files/reports/safety/gc-743-bp-e-and-p-28-february-2013.pdf,https://www.bsee.gov/sites/bsee.gov/files/reports/safety/gc-743-bp-e-and-p-28-february-2013.pdf,https://www.bsee.gov/sites/bsee.gov/files/reports/safety/gc-743-bp-e-and-p-28-february-2013.pdf,false,gc-743-bp-e-and-p-28-february-2013.pdf,GC,743,bp e and p,28-february-2013,2013-02-28,2013,false,,,02-28-2013,02:40,G15607,GC / 743,Required Evacuation / LTA (>3Days),1,,,,187cdb08acd812ef445a0a1c7bd7b7cb4ed2f7a5aa7f1561baca5ca96391ae21,
district,https://www.bsee.gov/what-we-do/incident-investigations/offshore-incident-investigations/district-investigation-reports/district-investigation-reports-archive,2013,,0,https://www.bsee.gov/sites/bsee.gov/files/reports/safety/gc-782-bp-exploration-16-oct-2013.pdf,https://www.bsee.gov/sites/bsee.gov/files/reports/safety/gc-782-bp-exploration-16-oct-2013.pdf,https://www.bsee.gov/sites/bsee.gov/files/reports/safety/gc-782-bp-exploration-16-oct-2013.pdf,false,gc-782-bp-exploration-16-oct-2013.pdf,GC,782,bp exploration,16-oct-2013,2013-10-16,2013,false,,,10-16-2013,08:30,G15610,GC 782,Human Error / Required Evacuation / LTA > 3 Days,1,,,,408dbbf1d6a8e7fc35e6dcadbba6696a34fcfefb1064ddf23f90fe8e1358a4d2,
district,https://www.bsee.gov/what-we-do/incident-investigations/offshore-incident-investigations/district-investigation-reports,2014,,0,/sites/bsee.gov/files/reports/safety/gc-859-anadarko-02-nov-2014.pdf,https://www.bsee.gov/sites/bsee.gov/files/reports/safety/gc-859-anadarko-02-nov-2014.pdf,https://www.bsee.gov/sites/bsee.gov/files/reports/safety/gc-859-anadarko-02-nov-2014.pdf,false,gc-859-anadarko-02-nov-2014.pdf,GC,859,anadarko,02-nov-2014,2014-11-02,2014,false,,,11-02-2014,15:35,G24194,GC 859,Required Evacuation / Other Injury / Human Error / Weather Related,1,,,,4d1cc4eefdfa1cf4f3f62c2259abb0b652f7d7d6628996972687769bd3da39f8,
district,https://www.bsee.gov/what-we-do/incident-investigations/offshore-incident-investigations/district-investigation-reports/district-investigation-reports-archive,2013,,0,https://www.bsee.gov/sites/bsee.gov/files/reports/safety/gc-896-cobalt-international-03-jun-2013.pdf,https://www.bsee.gov/sites/bsee.gov/files/reports/safety/gc-896-cobalt-international-03-jun-2013.pdf,https://www.bsee.gov/sites/bsee.gov/files/reports/safety/gc-896-cobalt-international-03-jun-2013.pdf,false,gc-896-cobalt-international-03-jun-2013.pdf,GC,896,cobalt international,03-jun-2013,2013-06-03,2013,false,,,06-03-2013,10:00,G31765,GC 896,Required Evacuation / RW/JT (>3 days) / Equipment Failure / Human Error,1,,,,ffdfd06f0ea9aa97a10933d69261b896c4f3d9bad1e052853a67f6f05a4f57f0,
district,https://www.bsee.gov/what-we-do/incident-investigations/offshore-incident-investigations/district-investigation-reports/district-investigation-reports-archive,2013,,0,https://www.bsee.gov/sites/bsee.gov/files/reports/safety/gc-896-cobalt-international-22-jul-2013.pdf,https://www.bsee.gov/sites/bsee.gov/files/reports/safety/gc-896-cobalt-international-22-jul-2013.pdf,https://www.bsee.gov/sites/bsee.gov/files/reports/safety/gc-896-cobalt-international-22-jul-2013.pdf,false,gc-896-cobalt-international-22-jul-2013.pdf,GC,896,cobalt international,22-jul-2013,2013-07-22,2013,false,,,07-22-2013,17:45,G31765,GC 896,Required Evacuation / Equipment Failure / Human Error,1,,,,e4e8002c0396974120b9f3b52d3ee701b0bbcd529678b87dfec7e1806d5af5ee,
district,https://www.bsee.gov/what-we-do/incident-investigations/offshore-incident-investigations/district-investigation-reports/district-investigation-reports-archive,2013,,0,https://www.bsee.gov/sites/bsee.gov/files/reports/safety/gi-22-l-energy-xxi-06-aug-2013.pdf,https://www.bsee.gov/sites/bsee.gov/files/reports/safety/gi-22-l-energy-xxi-06-aug-2013.pdf,https://www.bsee.gov/sites/bsee.gov/files/reports/safety/gi-22-l-energy-xxi-06-aug-2013.pdf,false,gi-22-l-energy-xxi-06-aug-2013.pdf,GI,22 L,energy xxi,06-aug-2013,2013-08-06,2013,false,,,08-06-2013,19:25,00031,GI 22 L,Required Evacuation / RW/JT (>3 days),1,,,,a7408952272c2312891f215c6c5f3f8e93f91e99f511e623e31b20b6223ca3cc,
district,https://www.bsee.gov/what-we-do/incident-investigations/offshore-incident-investigations/district-investigation-reports/district-investigation-reports-archive,2013,,0,https://www.bsee.gov/sites/bsee.gov/files/reports/safety/gi-22-l-energy-xxi-24-oct-2013.pdf,https://www.bsee.gov/sites/bsee.gov/files/reports/safety/gi-22-l-energy-xxi-24-oct-2013.pdf,https://www.bsee.gov/sites/bsee.gov/files/reports/safety/gi-22-l-energy-xxi-24-oct-2013.pdf,false,gi-22-l-energy-xxi-24-oct-2013.pdf,GI,22 L,energy xxi,24-oct-2013,2013-10-24,2013,false,,,10-24-2013,08:50,00031,GI 22 L,Fire / Required Evacuation / LTA 1-3 Days,1,,,,f2a1d99f27186e20ab7073b1598a7ce9352b2c5df2a05384a9978f9dfc1e2fef,
district,https://www.bsee.gov/what-we-do/incident-investigations/offshore-incident-investigations/district-investigation-reports,2014,,0,/sites/bsee.gov/files/reports/safety/hi-131-castex-offshore-30-dec-2014.pdf,https://www.bsee.gov/sites/bsee.gov/files/reports/safety/hi-131-castex-offshore-30-dec-2014.pdf,https://www.bsee.gov/sites/bsee.gov/files/reports/safety/hi-131-castex-offshore-30-dec-2014.pdf,false,hi-131-castex-offshore-30-dec-2014.pdf,HI,131,castex offshore,30-dec-2014,2014-12-30,2014,false,,,12-30-2014,20:30,G33409,HI 131,Required Evacuation / LTA (1-3 days) / LTA (>3 days) / Human Error,1,,,,3ca57c2451af9283644dc6835b1a023572ef34c0833fe1a8e2f17b7d4f67315c,
district,https://www.bsee.gov/what-we-do/incident-investigations/offshore-incident-investigations/district-investigation-reports/district-investigation-reports-archive,2013,,0,https://www.bsee.gov/sites/bsee.gov/files/reports/safety/hi-a-119-bp-17-jan-2013.pdf,https://www.bsee.gov/sites/bsee.gov/files/reports/safety/hi-a-119-bp-17-jan-2013.pdf,https://www.bsee.gov/sites/bsee.gov/files/reports/safety/hi-a-119-bp-17-jan-2013.pdf,false,hi-a-119-bp-17-jan-2013.pdf,HI,A 119,bp,17-jan-2013,2013-01-17,2013,false,,,01-17-2013,18:05,G26519,HI A 119,Pollution / Spill,1,,,,fd89f75fbfa8611a67f3fce44b765af76246be86fa9dc559519c0e488aaea33e,
district,https://www.bsee.gov/what-we-do/incident-investigations/offshore-incident-investigations/district-investigation-reports,2014,,0,/sites/bsee.gov/files/reports/safety/hi-a-368a-energy-xxi-06-aug-2014.pdf,https://www.bsee.gov/sites/bsee.gov/files/reports/safety/hi-a-368a-energy-xxi-06-aug-2014.pdf,https://www.bsee.gov/sites/bsee.gov/files/reports/safety/hi-a-368a-energy-xxi-06-aug-2014.pdf,false,hi-a-368a-energy-xxi-06-aug-2014.pdf,,,hi 368a energy xxi,06-aug-2014,2014-08-06,2014,false,,no_area_block_in_filename,08-06-2014,02:00,G02433,HI A 368A,Required Evacuation / RW/JT (>3 days) / Human Error,1,,,,2383c0a177e37585236897475ba88df4ff60df7a3783b0d2ea3ff8bbdd8d8eef,
district,https://www.bsee.gov/what-we-do/incident-investigations/offshore-incident-investigations/district-investigation-reports,2014,,0,/sites/bsee.gov/files/reports/safety/hi-a-379-b-w-t-offshore-03-jan-2014.pdf,https://www.bsee.gov/sites/bsee.gov/files/reports/safety/hi-a-379-b-w-t-offshore-03-jan-2014.pdf,https://www.bsee.gov/sites/bsee.gov/files/reports/safety/hi-a-379-b-w-t-offshore-03-jan-2014.pdf,false,hi-a-379-b-w-t-offshore-03-jan-2014.pdf,HI,A 379 B,w t offshore,03-jan-2014,2014-01-03,2014,false,,,01-03-2014,05:15,G13808,HI A 379 B,Fire / Generator,1,,,,e677b8717b600e6831744f75d27c833aee0183c7256afffe1c26187339c550db,
district,https://www.bsee.gov/what-we-do/incident-investigations/offshore-incident-investigations/district-investigation-reports/district-investigation-reports-archive,2012,,0,https://www.bsee.gov/sites/bsee.gov/files/reports/safety/hi-a-384-a-w-t-offshore-inc-18-october-2012.pdf,https://www.bsee.gov/sites/bsee.gov/files/reports/safety/hi-a-384-a-w-t-offshore-inc-18-october-2012.pdf,https://www.bsee.gov/sites/bsee.gov/files/reports/safety/hi-a-384-a-w-t-offshore-inc-18-october-2012.pdf,false,hi-a-384-a-w-t-offshore-inc-18-october-2012.pdf,HI,A 384 A,w t offshore,18-october-2012,2012-10-18,2012,false,,,10-18-2012,08:25,G03316,HI A 384,LTA (>3Days) / Required Evacuation / Foot Injury,1,,,,3c22a183bd0c97045a15c515cfd8ef7682c205ff298a1f418f67689384abf296,
district,https://www.bsee.gov/what-we-do/incident-investigations/offshore-incident-investigations/district-investigation-reports/district-investigation-reports-archive,2013,,0,https://www.bsee.gov/sites/bsee.gov/files/reports/safety/hi-a-443a-black-elk-energy-04-may-2013.pdf,https://www.bsee.gov/sites/bsee.gov/files/reports/safety/hi-a-443a-black-elk-energy-04-may-2013.pdf,https://www.bsee.gov/sites/bsee.gov/files/reports/safety/hi-a-443a-black-elk-energy-04-may-2013.pdf,false,hi-a-443a-black-elk-energy-04-may-2013.pdf,,,hi 443a black elk energy,04-may-2013,2013-05-04,2013,false,,no_area_block_in_filename,05-04-2013,20:25,G03241,HI A 443,Required Evacuation,1,,,,1a28412c4641375352ee7517e1a79ef76615b8108d0ecaa061156d4c8e1f4a2e,
district,https://www.bsee.gov/what-we-do/incident-investigations/offshore-incident-investigations/district-investigation-reports/district-investigation-reports-archive,2012,,0,https://www.bsee.gov/sites/bsee.gov/files/reports/safety/hi-a-472-el-paso-e-and-p-company-lp-10-feb-2012.pdf,https://www.bsee.gov/sites/bsee.gov/files/reports/safety/hi-a-472-el-paso-e-and-p-company-lp-10-feb-2012.pdf,https://www.bsee.gov/sites/bsee.gov/files/reports/safety/hi-a-472-el-paso-e-and-p-company-lp-10-feb-2012.pdf,false,hi-a-472-el-paso-e-and-p-company-lp-10-feb-2012.pdf,HI,A 472,el paso e and p company lp,10-feb-2012,2012-02-10,2012,false,,,02-10-2012,18:15,G17182,HI A 472,Fire,1,,,,8a0a3be205cdec11b1b67889c3c284f44d391cb2c91019491a63f0d8b6f276c6,
district,https://www.bsee.gov/what-we-do/incident-investigations/offshore-incident-investigations/district-investigation-reports,2014,,0,/sites/bsee.gov/files/reports/safety/hi-a-536-c-mcmoran-oil-31-jul-2014.pdf,https://www.bsee.gov/sites/bsee.gov/files/reports/safety/hi-a-536-c-mcmoran-oil-31-jul-2014.pdf,https://www.bsee.gov/sites/bsee.gov/files/reports/safety/hi-a-536-c-mcmoran-oil-31-jul-2014.pdf,false,hi-a-536-c-mcmoran-oil-31-jul-2014.pdf,HI,A 536 C,mcmoran oil,31-jul-2014,2014-07-31,2014,false,,,07-31-2014,12:30,G02697,HI A 536 C,Required Evacuation / RW/JT (> 3 days) / Human Error,1,,,,613f37bd48bce40eee77333dc6007f4eb27f2d3c1d702195e9894a902b489d1c,
district,https://www.bsee.gov/what-we-do/incident-investigations/offshore-incident-investigations/district-investigation-reports/district-investigation-reports-archive,2013,,0,https://www.bsee.gov/sites/bsee.gov/files/reports/safety/hi-a-536-mcmoran-oil-and-gas-18-july-2013.pdf,https://www.bsee.gov/sites/bsee.gov/files/reports/safety/hi-a-536-mcmoran-oil-and-gas-18-july-2013.pdf,https://www.bsee.gov/sites/bsee.gov/files/reports/safety/hi-a-536-mcmoran-oil-and-gas-18-july-2013.pdf,false,hi-a-536-mcmoran-oil-and-gas-18-july-2013.pdf,HI,A 536,mcmoran oil and gas,18-july-2013,2013-07-18,2013,false,,,07-18-2013,12:00,G02697,HI / A 536,Required Evacuation / LTA (>3Days) / Blowdown Separator,1,,,,b5343d161b631f75164a031594b9f881da8afb25573b95c4df25e3df0035dc26,
district,https://www.bsee.gov/what-we-do/incident-investigations/offshore-incident-investigations/district-investigation-reports,2015,,0,/sites/bsee.gov/files/reports/safety/hi-a-537-b-mcmoran-oil-and-gas-12-jun-2015.pdf,https://www.bsee.gov/sites/bsee.gov/files/reports/safety/hi-a-537-b-mcmoran-oil-and-gas-12-jun-2015.pdf,https://www.bsee.gov/sites/bsee.gov/files/reports/safety/hi-a-537-b-mcmoran-oil-and-gas-12-jun-2015.pdf,false,hi-a-537-b-mcmoran-oil-and-gas-12-jun-2015.pdf,HI,A 537 B,mcmoran oil and gas,12-jun-2015,2015-06-12,2015,false,,,06-12-2015,20:00,G02698,HI A 537 B,LTA (>3 days) / Required Evacuation / Crane,1,,,,af4e6ce4af674c2563855d147fa70cd6d12e5d9aa3d95731565948cc81417a25,
district,https://www.bsee.gov/what-we-do/incident-investigations/offshore-incident-investigations/district-investigation-reports/district-investigation-reports-archive,2011,,0,https://www.bsee.gov/sites/bsee.gov/files/reports/safety/hi-a-571-black-elk-energy-9-october-2011.pdf,https://www.bsee.gov/sites/bsee.gov/files/reports/safety/hi-a-571-black-elk-energy-9-october-2011.pdf,https://www.bsee.gov/sites/bsee.gov/files/reports/safety/hi-a-571-black-elk-energy-9-october-2011.pdf,false,hi-a-571-black-elk-energy-9-october-2011.pdf,HI,A 571,black elk energy,9-october-2011,2011-10-09,2011,false,,,10-09-2011,11:00,G02391,HI A 571,Required Evacuation (6) / Workover Operations,1,,,,db1f326973bba713c8bfc541b544f9142ac942f59658b94191ad5c78423ee775,
district,https://www.bsee.gov/what-we-do/incident-investigations/offshore-incident-investigations/district-investigation-reports,2014,,0,/sites/bsee.gov/files/reports/safety/hi-a-595d-24-mar-2014.pdf,https://www.bsee.gov/sites/bsee.gov/files/reports/safety/hi-a-595d-24-mar-2014.pdf,https://www.bsee.gov/sites/bsee.gov/files/reports/safety/hi-a-595d-24-mar-2014.pdf,false,hi-a-595d-24-mar-2014.pdf,,,hi 595d,24-mar-2014,2014-03-24,2014,false,,no_area_block_in_filename,03-24-2014,16:30,G02721,HI A 595,Required Evacuation / RW/JT (>3 days) / Human Error,1,,,,26a7ce6203cb508769e1ef9dfba5fcc3a11b5fef79b1907b7d87fd39e2a2f2b0,
district,https://www.bsee.gov/what-we-do/incident-investigations/offshore-incident-investigations/district-investigation-reports/district-investigation-reports-archive,2013,,0,https://www.bsee.gov/sites/bsee.gov/files/reports/safety/hi-a-596-e-apache-corp-07-oct-2013.pdf,https://www.bsee.gov/sites/bsee.gov/files/reports/safety/hi-a-596-e-apache-corp-07-oct-2013.pdf,https://www.bsee.gov/sites/bsee.gov/files/reports/safety/hi-a-596-e-apache-corp-07-oct-2013.pdf,false,hi-a-596-e-apache-corp-07-oct-2013.pdf,HI,A 596 E,apache corp,07-oct-2013,2013-10-07,2013,false,,,10-07-2013,10:30,G02722,HI A596,Required Evacuation / RW/JT (>3 days),1,,,,1937a124b79c15dcd5762a7b1ab50948d183c567732c74c46391fc8781a3e12a,
district,https://www.bsee.gov/what-we-do/incident-investigations/offshore-incident-investigations/district-investigation-reports/district-investigation-reports-archive,2012,,0,https://www.bsee.gov/sites/bsee.gov/files/reports/safety/hi-a443-black-elk-27-sep-2012.pdf,https://www.bsee.gov/sites/bsee.gov/files/reports/safety/hi-a443-black-elk-27-sep-2012.pdf,https://www.bsee.gov/sites/bsee.gov/files/reports/safety/hi-a443-black-elk-27-sep-2012.pdf,false,hi-a443-black-elk-27-sep-2012.pdf,,,hi a443 black elk,27-sep-2012,2012-09-27,2012,false,,no_area_block_in_filename,09-27-2012,01:30,G03241,HIA/443,Evacuation/Loss of Well Control,1,,,,e34be38ab545a5eae579d7882730491b00baf1942aa078fc1581dcb3e1fa7caa,
district,https://www.bsee.gov/what-we-do/incident-investigations/offshore-incident-investigations/district-investigation-reports,2014,,0,/sites/bsee.gov/files/reports/safety/hi-a531-mcmoran-06-jun-2014.pdf,https://www.bsee.gov/sites/bsee.gov/files/reports/safety/hi-a531-mcmoran-06-jun-2014.pdf,https://www.bsee.gov/sites/bsee.gov/files/reports/safety/hi-a531-mcmoran-06-jun-2014.pdf,false,hi-a531-mcmoran-06-jun-2014.pdf,,,hi a531 mcmoran,06-jun-2014,2014-06-06,2014,false,,no_area_block_in_filename,06-06-2014,10:25,G02696,HI A 531,Required Evacuation / LTA (1-3 days) / Finger Injury,1,,,,3a15aeceeef760b2290c4ee160ffacbc60879ea2aa75ebae4c099186b8014eee,
district,https://www.bsee.gov/what-we-do/incident-investigations/offshore-incident-investigations/district-investigation-reports,2015,,0,/sites/bsee.gov/files/reports/safety/hi-a547-arena-27-may-2015.pdf,https://www.bsee.gov/sites/bsee.gov/files/reports/safety/hi-a547-arena-27-may-2015.pdf,https://www.bsee.gov/sites/bsee.gov/files/reports/safety/hi-a547-arena-27-may-2015.pdf,false,hi-a547-arena-27-may-2015.pdf,,,hi a547 arena,27-may-2015,2015-05-27,2015,false,,no_area_block_in_filename,05-27-2015,05:30,G02705,HI A 547,LTA (>3 days)/Required Evacuation,1,,,,c025bdb877aec4ab553aca32c298f4e8c75346dd6eeec8091e0f03c2e3a85e21,
district,https://www.bsee.gov/what-we-do/incident-investigations/offshore-incident-investigations/district-investigation-reports,2015,,0,/sites/bsee.gov/files/reports/safety/hi-a547-arena-offshore-10-may-2015.pdf,https://www.bsee.gov/sites/bsee.gov/files/reports/safety/hi-a547-arena-offshore-10-may-2015.pdf,https://www.bsee.gov/sites/bsee.gov/files/reports/safety/hi-a547-arena-offshore-10-may-2015.pdf,false,hi-a547-arena-offshore-10-may-2015.pdf,,,hi a547 arena offshore,10-may-2015,2015-05-10,2015,false,,no_area_block_in_filename,05-10-2015,04:30,G02705,HI A 547,Required Evacuation / LTA (>3days) / Human Error,1,,,,37d881c7d92f5e193a72c0df78115686de27c1bea06b086db233219abd6a44f5,
district,https://www.bsee.gov/what-we-do/incident-investigations/offshore-incident-investigations/district-investigation-reports,2015,,0,/sites/bsee.gov/files/reports/safety/hi-a582-chevron-16-mar-2015.pdf,https://www.bsee.gov/sites/bsee.gov/files/reports/safety/hi-a582-chevron-16-mar-2015.pdf,https://www.bsee.gov/sites/bsee.gov/files/reports/safety/hi-a582-chevron-16-mar-2015.pdf,false,hi-a582-chevron-16-mar-2015.pdf,,,hi a582 chevron,16-mar-2015,2015-03-16,2015,false,,no_area_block_in_filename,03-16-2015,16:30,G02719,HI A 582,Explosion / Structural Damage / Equipment Failure,1,,,,8b7a647513a5309dc65c78a82a020da0e10392960af53079e1f3482c40d0745e,
district,https://www.bsee.gov/what-we-do/incident-investigations/offshore-incident-investigations/district-investigation-reports,2014,,0,/sites/bsee.gov/files/reports/safety/kc-10-chevron-08-jul-2014.pdf,https://www.bsee.gov/sites/bsee.gov/files/reports/safety/kc-10-chevron-08-jul-2014.pdf,https://www.bsee.gov/sites/bsee.gov/files/reports/safety/kc-10-chevron-08-jul-2014.pdf,false,kc-10-chevron-08-jul-2014.pdf,KC,10,chevron,08-jul-2014,2014-07-08,2014,false,,,07-08-2014,20:35,G27698,KC 10,Required Evacuation/Other Injury/Medical Evaluation/ Human Error,1,,,,bdf6760ed70e3db478f87a804ec49163d310a645f10b96ff4af99176ab664d58,
district,https://www.bsee.gov/what-we-do/incident-investigations/offshore-incident-investigations/district-investigation-reports,2014,,0,/sites/bsee.gov/files/reports/safety/kc-10-chevron-14-oct-2014.pdf,https://www.bsee.gov/sites/bsee.gov/files/reports/safety/kc-10-chevron-14-oct-2014.pdf,https://www.bsee.gov/sites/bsee.gov/files/reports/safety/kc-10-chevron-14-oct-2014.pdf,false,kc-10-chevron-14-oct-2014.pdf,KC,10,chevron,14-oct-2014,2014-10-14,2014,false,,,10-14-2014,01:05,G27698,KC 10,Other Lifting Device/Manriding Basket/Incident > $25K/Billy Pugh Derrick Basket/Human Error,1,,,,8b8341dc916f232c5506e8244fc88be60a571575cccf5685d8e084da0f911d66,
district,https://www.bsee.gov/what-we-do/incident-investigations/offshore-incident-investigations/district-investigation-reports,2015,,0,/sites/bsee.gov/files/reports/safety/kc-147-bp-01-apr-2015.pdf,https://www.bsee.gov/sites/bsee.gov/files/reports/safety/kc-147-bp-01-apr-2015.pdf,https://www.bsee.gov/sites/bsee.gov/files/reports/safety/kc-147-bp-01-apr-2015.pdf,false,kc-147-bp-01-apr-2015.pdf,KC,147,bp,01-apr-2015,2015-04-01,2015,false,,,04-01-2015,13:30,G30926,KC 147,Pollution,1,,,,05054c7efbc33a2188d6d61c980ae207744481276e3af4343442c7e4171b4084,
district,https://www.bsee.gov/what-we-do/incident-investigations/offshore-incident-investigations/district-investigation-reports/district-investigation-reports-archive,2013,,0,https://www.bsee.gov/sites/bsee.gov/files/reports/safety/kc-292-bp-exploration-production-9-july-2013.pdf,https://www.bsee.gov/sites/bsee.gov/files/reports/safety/kc-292-bp-exploration-production-9-july-2013.pdf,https://www.bsee.gov/sites/bsee.gov/files/reports/safety/kc-292-bp-exploration-production-9-july-2013.pdf,false,kc-292-bp-exploration-production-9-july-2013.pdf,KC,292,bp exploration production,9-july-2013,2013-07-09,2013,false,,,03-31-2013,06:55,G25792,KC/292,LTA>3Days / Finger Injury,1,,,,3c0fc4069ccb640f11e9b8f6cedf9e398c6e496258fe2c3499d75312e33169b2,
district,https://www.bsee.gov/what-we-do/incident-investigations/offshore-incident-investigations/district-investigation-reports,2014,,0,/sites/bsee.gov/files/reports/safety/kc-829-chevron-30-aug-2014.pdf,https://www.bsee.gov/sites/bsee.gov/files/reports/safety/kc-829-chevron-30-aug-2014.pdf,https://www.bsee.gov/sites/bsee.gov/files/reports/safety/kc-829-chevron-30-aug-2014.pdf,false,kc-829-chevron-30-aug-2014.pdf,KC,829,chevron,30-aug-2014,2014-08-30,2014,false,,,08-30-2014,20:20,G25814,KC 829,Pollution / Equipment Failure / Overboard Drilling Fluid,1,,,,f7930c7b9525a7efd1b0954f80c39b18260295621992d46fd68f67b1b207dcd4,
district,https://www.bsee.gov/what-we-do/incident-investigations/offshore-incident-investigations/district-investigation-reports,2014,,0,/sites/bsee.gov/files/reports/safety/kc-875-anadarko-13-oct-2014.pdf,https://www.bsee.gov/sites/bsee.gov/files/reports/safety/kc-875-anadarko-13-oct-2014.pdf,https://www.bsee.gov/sites/bsee.gov/files/reports/safety/kc-875-anadarko-13-oct-2014.pdf,false,kc-875-anadarko-13-oct-2014.pdf,KC,875,anadarko,13-oct-2014,2014-10-13,2014,false,,,10-13-2014,13:35,G21444,KC875,LTA (>3 days) - Other Injury - Required Evacuation,1,,,,ee406d11d5ebcb4f08458731f0cfc6411de75e654e999f9f70bbb7b316661dde,
district,https://www.bsee.gov/what-we-do/incident-investigations/offshore-incident-investigations/district-investigation-reports/district-investigation-reports-archive,2012,,0,https://www.bsee.gov/sites/bsee.gov/files/reports/safety/kc-875-anadarko-24-november-2012.pdf,https://www.bsee.gov/sites/bsee.gov/files/reports/safety/kc-875-anadarko-24-november-2012.pdf,https://www.bsee.gov/sites/bsee.gov/files/reports/safety/kc-875-anadarko-24-november-2012.pdf,false,kc-875-anadarko-24-november-2012.pdf,KC,875,anadarko,24-november-2012,2012-11-24,2012,false,,,11-24-2012,11:30,G21444,KC/875,Pollution,1,,,,ae6dd3ec212a0b768936820b3491f762a6837301c60b87526acccd3e51fd7646,
district,https://www.bsee.gov/what-we-do/incident-investigations/offshore-incident-investigations/district-investigation-reports/district-investigation-reports-archive,2012,,0,https://www.bsee.gov/sites/bsee.gov/files/reports/safety/kc-918-exxon-17-october-2012.pdf,https://www.bsee.gov/sites/bsee.gov/files/reports/safety/kc-918-exxon-17-october-2012.pdf,https://www.bsee.gov/sites/bsee.gov/files/reports/safety/kc-918-exxon-17-october-2012.pdf,false,kc-918-exxon-17-october-2012.pdf,KC,918,exxon,17-october-2012,2012-10-17,2012,false,,,10-17-2012,05:20,G32654,KC/918,Equipment Failure,1,,,,3ddb566615a88f1296ce850d70e828fc6ab84e4ca695d4ccd60ba16dae997d54,
district,https://www.bsee.gov/what-we-do/incident-investigations/offshore-incident-investigations/district-investigation-reports/district-investigation-reports-archive,2013,,0,https://www.bsee.gov/sites/bsee.gov/files/reports/safety/kc-93-bp-19-apr-2013.pdf,https://www.bsee.gov/sites/bsee.gov/files/reports/safety/kc-93-bp-19-apr-2013.pdf,https://www.bsee.gov/sites/bsee.gov/files/reports/safety/kc-93-bp-19-apr-2013.pdf,false,kc-93-bp-19-apr-2013.pdf,KC,93,bp,19-apr-2013,2013-04-19,2013,false,,,04-19-2013,00:30,G25780,KC 93,Pollution,1,,,,36d41d56a598bad035b7c9271aecd28d7da11947234f7d9cc6cfbc42a774844e,
district,https://www.bsee.gov/what-we-do/incident-investigations/offshore-incident-investigations/district-investigation-reports,2015,,0,/sites/bsee.gov/files/reports/safety/mc-126-freeport-mcmoran-02-jul-2015.pdf,https://www.bsee.gov/sites/bsee.gov/files/reports/safety/mc-126-freeport-mcmoran-02-jul-2015.pdf,https://www.bsee.gov/sites/bsee.gov/files/reports/safety/mc-126-freeport-mcmoran-02-jul-2015.pdf,false,mc-126-freeport-mcmoran-02-jul-2015.pdf,MC,126,freeport mcmoran,02-jul-2015,2015-07-02,2015,false,,,07-02-2015,04:00,G18194,MC 126,Pollution,1,,,,fe5455766b9fcef41451de377d756743913af9929602035176f76779cc5d4283,
district,https://www.bsee.gov/what-we-do/incident-investigations/offshore-incident-investigations/district-investigation-reports,2015,,0,/sites/bsee.gov/files/reports/safety/mc-129-freeport-mcmoran-18-aug-2015.pdf,https://www.bsee.gov/sites/bsee.gov/files/reports/safety/mc-129-freeport-mcmoran-18-aug-2015.pdf,https://www.bsee.gov/sites/bsee.gov/files/reports/safety/mc-129-freeport-mcmoran-18-aug-2015.pdf,false,mc-129-freeport-mcmoran-18-aug-2015.pdf,MC,129,freeport mcmoran,18-aug-2015,2015-08-18,2015,false,,,08-18-2015,12:45,G10977,>MC 129,LTA (1-3 days) - Other Injury - Required Evacuation,1,,,,a0beb286f3bafc22a8c1f65477b74ec0e5c553bb93ea0ebd0e06e9693401a13e,
district,https://www.bsee.gov/what-we-do/incident-investigations/offshore-incident-investigations/district-investigation-reports,2015,,0,/sites/bsee.gov/files/reports/safety/mc-21b-ankor-energy-09-jan-2015.pdf,https://www.bsee.gov/sites/bsee.gov/files/reports/safety/mc-21b-ankor-energy-09-jan-2015.pdf,https://www.bsee.gov/sites/bsee.gov/files/reports/safety/mc-21b-ankor-energy-09-jan-2015.pdf,false,mc-21b-ankor-energy-09-jan-2015.pdf,MC,21B,ankor energy,09-jan-2015,2015-01-09,2015,false,,,01-09-2015,10:00,G28351,MC 21,Incident >$25K / Crane,1,,,,55e71f180abcf7aeea12ea3bd23baf9ce680793a1e56940e94056261135c9384,
district,https://www.bsee.gov/what-we-do/incident-investigations/offshore-incident-investigations/district-investigation-reports/district-investigation-reports-archive,2013,,0,https://www.bsee.gov/sites/bsee.gov/files/reports/safety/mc-243-w-t-offshore-03-jun-2013.pdf,https://www.bsee.gov/sites/bsee.gov/files/reports/safety/mc-243-w-t-offshore-03-jun-2013.pdf,https://www.bsee.gov/sites/bsee.gov/files/reports/safety/mc-243-w-t-offshore-03-jun-2013.pdf,false,mc-243-w-t-offshore-03-jun-2013.pdf,MC,243 W,t offshore,03-jun-2013,2013-06-03,2013,false,,,06-03-2013,06:30,G19931,MC 243,Pollution,1,,,,99be9976cb31becb8948fd0e74a7ce8577746e4027a72a2b03f3929759aea636,
district,https://www.bsee.gov/what-we-do/incident-investigations/offshore-incident-investigations/district-investigation-reports,2014,,0,/sites/bsee.gov/files/reports/safety/mc-26-stone-energy-21-feb-2014.pdf,https://www.bsee.gov/sites/bsee.gov/files/reports/safety/mc-26-stone-energy-21-feb-2014.pdf,https://www.bsee.gov/sites/bsee.gov/files/reports/safety/mc-26-stone-energy-21-feb-2014.pdf,false,mc-26-stone-energy-21-feb-2014.pdf,MC,26,stone energy,21-feb-2014,2014-02-21,2014,false,,,02-21-2014,21:10,G31474,MC 26,Required Evacuation / LTA (> 3 days) / Human Error,1,,,,423f6f903aefa15d232fcc75143041a44eeb73c4c8c9c5694f378c14de0077d4,
district,https://www.bsee.gov/what-we-do/incident-investigations/offshore-incident-investigations/district-investigation-reports,2014,,0,/sites/bsee.gov/files/reports/safety/mc-29-stone-energy-12-feb-2014.pdf,https://www.bsee.gov/sites/bsee.gov/files/reports/safety/mc-29-stone-energy-12-feb-2014.pdf,https://www.bsee.gov/sites/bsee.gov/files/reports/safety/mc-29-stone-energy-12-feb-2014.pdf,false,mc-29-stone-energy-12-feb-2014.pdf,MC,29,stone energy,12-feb-2014,2014-02-12,2014,false,,,02-12-2014,19:10,G13997,MC 29,Pollution,1,,,,6ddf5c3e8af3577a41f688bbd40a5cf128e32ca6234187efb0736018e200079f,
district,https://www.bsee.gov/what-we-do/incident-investigations/offshore-incident-investigations/district-investigation-reports,2014,,0,/sites/bsee.gov/files/reports/safety/mc-503-llog-25-mar-2014.pdf,https://www.bsee.gov/sites/bsee.gov/files/reports/safety/mc-503-llog-25-mar-2014.pdf,https://www.bsee.gov/sites/bsee.gov/files/reports/safety/mc-503-llog-25-mar-2014.pdf,false,mc-503-llog-25-mar-2014.pdf,MC,503,llog,25-mar-2014,2014-03-25,2014,false,,,03-25-2014,06:10,G27277,MC 503,Pollution / Equipment Failure,1,,,,2071c992f98e6c94deb52a224a9607f467f3c5567de12c38368b8c3925b64c32,
district,https://www.bsee.gov/what-we-do/incident-investigations/offshore-incident-investigations/district-investigation-reports/district-investigation-reports-archive,2011,,0,https://www.bsee.gov/sites/bsee.gov/files/reports/safety/mc-650-chevron-usa-inc-17-dec-2011.pdf,https://www.bsee.gov/sites/bsee.gov/files/reports/safety/mc-650-chevron-usa-inc-17-dec-2011.pdf,https://www.bsee.gov/sites/bsee.gov/files/reports/safety/mc-650-chevron-usa-inc-17-dec-2011.pdf,false,mc-650-chevron-usa-inc-17-dec-2011.pdf,MC,650,chevron usa,17-dec-2011,2011-12-17,2011,false,,,12-17-2011,10:00,G34905,MC 650,Required Evacuation/Crane,1,,,,529eba7ec6dfd24ae1e15982e93de8adf095b4a2e6c9c213326a7eb5f38d2459,
district,https://www.bsee.gov/what-we-do/incident-investigations/offshore-incident-investigations/district-investigation-reports/district-investigation-reports-archive,2012,,0,https://www.bsee.gov/sites/bsee.gov/files/reports/safety/mc-698-noble-energy-inc-12-october-2012.pdf,https://www.bsee.gov/sites/bsee.gov/files/reports/safety/mc-698-noble-energy-inc-12-october-2012.pdf,https://www.bsee.gov/sites/bsee.gov/files/reports/safety/mc-698-noble-energy-inc-12-october-2012.pdf,false,mc-698-noble-energy-inc-12-october-2012.pdf,MC,698,noble energy,12-october-2012,2012-10-12,2012,false,,,11-02-2012,23:30,G28022,MC 698,Pollution,2,,,,bd56de6e3b47c35c8f759f8650b4605a07f6332a824b7b621adc0279a2fe823e,
district,https://www.bsee.gov/what-we-do/incident-investigations/offshore-incident-investigations/district-investigation-reports,2015,,0,/sites/bsee.gov/files/reports/safety/mc-726-hess-13-feb-2015.pdf,https://www.bsee.gov/sites/bsee.gov/files/reports/safety/mc-726-hess-13-feb-2015.pdf,https://www.bsee.gov/sites/bsee.gov/files/reports/safety/mc-726-hess-13-feb-2015.pdf,false,mc-726-hess-13-feb-2015.pdf,MC,726,hess,13-feb-2015,2015-02-13,2015,false,,,02-13-2015,11:15,G24101,MC 726,Pollution,1,,,,a7c9b09bb7bdb365fa8c3f959a7ccfc0407bdd27c2ebe045a9ae52545f2e5750,
district,https://www.bsee.gov/what-we-do/incident-investigations/offshore-incident-investigations/district-investigation-reports,2015,,0,/sites/bsee.gov/files/reports/safety/mc-736-a-murphy-exploration-06-mar-2015.pdf,https://www.bsee.gov/sites/bsee.gov/files/reports/safety/mc-736-a-murphy-exploration-06-mar-2015.pdf,https://www.bsee.gov/sites/bsee.gov/files/reports/safety/mc-736-a-murphy-exploration-06-mar-2015.pdf,false,mc-736-a-murphy-exploration-06-mar-2015.pdf,MC,736 A,murphy exploration,06-mar-2015,2015-03-06,2015,false,,,03-06-2015,16:15,G27306,MC 736 A,Incident >$25K - Mechanical Lifting,1,,,,fe7b74e2a09303bc785c2877a3e396fba9c26b133f47010ca2b16d1e618e1bb2,
district,https://www.bsee.gov/what-we-do/incident-investigations/offshore-incident-investigations/district-investigation-reports,2015,,0,/sites/bsee.gov/files/reports/safety/mc-736-a-murphy-exploration-15-sep-2015.pdf,https://www.bsee.gov/sites/bsee.gov/files/reports/safety/mc-736-a-murphy-exploration-15-sep-2015.pdf,https://www.bsee.gov/sites/bsee.gov/files/reports/safety/mc-736-a-murphy-exploration-15-sep-2015.pdf,false,mc-736-a-murphy-exploration-15-sep-2015.pdf,MC,736 A,murphy exploration,15-sep-2015,2015-09-15,2015,false,,,09-15-2015,05:10,G27306,MC 736,Fire – Smoke / Melted Velcro,1,,,,f8ff3c05bf6a7acbbff1a70a1dcbfe9f884210d6d8a10a6c0733c57bb0a98306,
district,https://www.bsee.gov/what-we-do/incident-investigations/offshore-incident-investigations/district-investigation-reports/district-investigation-reports-archive,2013,,0,https://www.bsee.gov/sites/bsee.gov/files/reports/safety/mc-762-shell-16-may-2013.pdf,https://www.bsee.gov/sites/bsee.gov/files/reports/safety/mc-762-shell-16-may-2013.pdf,https://www.bsee.gov/sites/bsee.gov/files/reports/safety/mc-762-shell-16-may-2013.pdf,false,mc-762-shell-16-may-2013.pdf,MC,762,shell,16-may-2013,2013-05-16,2013,false,,,05-16-2013,22:15,G07957,MC 762,Pollution,1,,,,d2aca5b6ad971a56fbbf7ce8f1fc44303ceb1278c466f482185e55c08f1715eb,
district,https://www.bsee.gov/what-we-do/incident-investigations/offshore-incident-investigations/district-investigation-reports,2014,,0,/sites/bsee.gov/files/reports/safety/mc-762-shell-21-oct-2014.pdf,https://www.bsee.gov/sites/bsee.gov/files/reports/safety/mc-762-shell-21-oct-2014.pdf,https://www.bsee.gov/sites/bsee.gov/files/reports/safety/mc-762-shell-21-oct-2014.pdf,false,mc-762-shell-21-oct-2014.pdf,MC,762,shell,21-oct-2014,2014-10-21,2014,false,,,10-21-2014,18:05,G07957,MC 762,Drilling / Human Error / Required Evacuation / LTA (>3days),1,,,,fc429251c00ee1a66f8e5977fdd7288d53db95724bb34593929de4d2fc152a86,
district,https://www.bsee.gov/what-we-do/incident-investigations/offshore-incident-investigations/district-investigation-reports/district-investigation-reports-archive,2012,,0,https://www.bsee.gov/sites/bsee.gov/files/reports/safety/mc-762-shell-30-april-2012.pdf,https://www.bsee.gov/sites/bsee.gov/files/reports/safety/mc-762-shell-30-april-2012.pdf,https://www.bsee.gov/sites/bsee.gov/files/reports/safety/mc-762-shell-30-april-2012.pdf,false,mc-762-shell-30-april-2012.pdf,MC,762,shell,30-april-2012,2012-04-30,2012,false,,,04-30-2012,07:50,G07957,MC/762,LTA>3 Days/Compound Fracture,1,,,,d616a272c21f925dedadee1632ec750a0204c1c9bcc8eee09ec5af9a2161cea4,
district,https://www.bsee.gov/what-we-do/incident-investigations/offshore-incident-investigations/district-investigation-reports,2015,,0,/sites/bsee.gov/files/reports/safety/mc-772-eni-20-jun-2015.pdf,https://www.bsee.gov/sites/bsee.gov/files/reports/safety/mc-772-eni-20-jun-2015.pdf,https://www.bsee.gov/sites/bsee.gov/files/reports/safety/mc-772-eni-20-jun-2015.pdf,false,mc-772-eni-20-jun-2015.pdf,MC,772,eni,20-jun-2015,2015-06-20,2015,false,,,06-20-2015,14:05,G16647,MC 772,Pollution - Spill,1,,,,3426fed28e106a0bb82ca8b0d7bc13dcbc1657c1d0b87a75cbcccb3f08a64f5d,
district,https://www.bsee.gov/what-we-do/incident-investigations/offshore-incident-investigations/district-investigation-reports,2014,,0,/sites/bsee.gov/files/reports/safety/mc-776-bp-07-jul-2014.pdf,https://www.bsee.gov/sites/bsee.gov/files/reports/safety/mc-776-bp-07-jul-2014.pdf,https://www.bsee.gov/sites/bsee.gov/files/reports/safety/mc-776-bp-07-jul-2014.pdf,false,mc-776-bp-07-jul-2014.pdf,MC,776,bp,07-jul-2014,2014-07-07,2014,false,,,07-07-2014,19:40,G09866,MC 776,Required Evacuation / LTA (>3 days),1,,,,119f41726c61c76816f0a0018e52fc710b0318de4f8083c4af5360f379b0f5de,
district,https://www.bsee.gov/what-we-do/incident-investigations/offshore-incident-investigations/district-investigation-reports/district-investigation-reports-archive,2013,,0,https://www.bsee.gov/sites/bsee.gov/files/reports/safety/mc-778-bp-20-jul-2013.pdf,https://www.bsee.gov/sites/bsee.gov/files/reports/safety/mc-778-bp-20-jul-2013.pdf,https://www.bsee.gov/sites/bsee.gov/files/reports/safety/mc-778-bp-20-jul-2013.pdf,false,mc-778-bp-20-jul-2013.pdf,MC,778,bp,20-jul-2013,2013-07-20,2013,false,,,07-20-2013,04:10,G09868,MC 778,Pollution,1,,,,742e2f1d7f6070b8d42fc757f1fc458664fe893676d7d767d447f4723b2e1e80,
district,https://www.bsee.gov/what-we-do/incident-investigations/offshore-incident-investigations/district-investigation-reports/district-investigation-reports-archive,2013,,0,https://www.bsee.gov/sites/bsee.gov/files/reports/safety/mc-782-noble-energy-03-oct-2013.pdf,https://www.bsee.gov/sites/bsee.gov/files/reports/safety/mc-782-noble-energy-03-oct-2013.pdf,https://www.bsee.gov/sites/bsee.gov/files/reports/safety/mc-782-noble-energy-03-oct-2013.pdf,false,mc-782-noble-energy-03-oct-2013.pdf,MC,782,noble energy,03-oct-2013,2013-10-03,2013,false,,,10-03-2013,19:00,G33757,MC 782,Required Evacuation/LTA(>3days),1,,,,d271a6436905e90c55b9ec56f8c95dc6ebe5134ae52f8b979203ee6bec42501c,
district,https://www.bsee.gov/what-we-do/incident-investigations/offshore-incident-investigations/district-investigation-reports,2014,,0,/sites/bsee.gov/files/reports/safety/mc-782-noble-energy-7-aug-2014.pdf,https://www.bsee.gov/sites/bsee.gov/files/reports/safety/mc-782-noble-energy-7-aug-2014.pdf,https://www.bsee.gov/sites/bsee.gov/files/reports/safety/mc-782-noble-energy-7-aug-2014.pdf,false,mc-782-noble-energy-7-aug-2014.pdf,MC,782,noble energy,7-aug-2014,2014-08-07,2014,false,,,08-07-2014,05:25,G33757,MC 782,Incident >$25K / Human Error,1,,,,dfbccb4fbae40180eafd29a3538f11d23298710e1d0f9acccfe6003f64081573,
district,https://www.bsee.gov/what-we-do/incident-investigations/offshore-incident-investigations/district-investigation-reports,2014,,0,/sites/bsee.gov/files/reports/safety/mc-79-llog-17-aug-2014.pdf,https://www.bsee.gov/sites/bsee.gov/files/reports/safety/mc-79-llog-17-aug-2014.pdf,https://www.bsee.gov/sites/bsee.gov/files/reports/safety/mc-79-llog-17-aug-2014.pdf,false,mc-79-llog-17-aug-2014.pdf,MC,79,llog,17-aug-2014,2014-08-17,2014,false,,,08-17-2014,08:30,G27259,MC 79,Incident > $25K / Damage to the Lower Annular / Human Error,1,,,,55c4c5262a7dfd3feb749e226bea6f926227f9f24ffbadb0c8bc74e80a0eaeb5,
district,https://www.bsee.gov/what-we-do/incident-investigations/offshore-incident-investigations/district-investigation-reports,2014,,0,/sites/bsee.gov/files/reports/safety/mc-809-shell-07-may-2014.pdf,https://www.bsee.gov/sites/bsee.gov/files/reports/safety/mc-809-shell-07-may-2014.pdf,https://www.bsee.gov/sites/bsee.gov/files/reports/safety/mc-809-shell-07-may-2014.pdf,false,mc-809-shell-07-may-2014.pdf,MC,809,shell,07-may-2014,2014-05-07,2014,false,,,05-07-2014,19:30,G05868,MC 809,Required Evacuation / RW/JT(1-3 days) / Human Error,2,,,,34cef5eaec2ea58f9b0f2be8d33b744f869a47960ed057680f2af5f86819a81d,
district,https://www.bsee.gov/what-we-do/incident-investigations/offshore-incident-investigations/district-investigation-reports,2015,,0,/sites/bsee.gov/files/reports/safety/mc-812-shell-offshore-04-jul-2015.pdf,https://www.bsee.gov/sites/bsee.gov/files/reports/safety/mc-812-shell-offshore-04-jul-2015.pdf,https://www.bsee.gov/sites/bsee.gov/files/reports/safety/mc-812-shell-offshore-04-jul-2015.pdf,false,mc-812-shell-offshore-04-jul-2015.pdf,MC,812,shell offshore,04-jul-2015,2015-07-04,2015,false,,,07-04-2015,11:20,G34461,MC 812,LTA (>3 days) - Other Injury - Required Evacuation,1,,,,5ae48e487ec863903bfa8cdedd6d8165abeb4726d878dd6c9de7bb6e05368172,
district,https://www.bsee.gov/what-we-do/incident-investigations/offshore-incident-investigations/district-investigation-reports,2015,,0,/sites/bsee.gov/files/reports/safety/mc-814-statoil-06-jun-2015.pdf,https://www.bsee.gov/sites/bsee.gov/files/reports/safety/mc-814-statoil-06-jun-2015.pdf,https://www.bsee.gov/sites/bsee.gov/files/reports/safety/mc-814-statoil-06-jun-2015.pdf,false,mc-814-statoil-06-jun-2015.pdf,MC,814,statoil,06-jun-2015,2015-06-06,2015,false,,,06-06-2015,21:51,G34462,MC 814,Required Evacuation / LTA (>3 days) / Human Error,1,,,,9a1147d45d7cda594c74ea64d3741f13233defd37575d3406765a63af75edfba,
district,https://www.bsee.gov/what-we-do/incident-investigations/offshore-incident-investigations/district-investigation-reports/district-investigation-reports-archive,2013,,0,https://www.bsee.gov/sites/bsee.gov/files/reports/safety/mc-816-llog-12-september-2013.pdf,https://www.bsee.gov/sites/bsee.gov/files/reports/safety/mc-816-llog-12-september-2013.pdf,https://www.bsee.gov/sites/bsee.gov/files/reports/safety/mc-816-llog-12-september-2013.pdf,false,mc-816-llog-12-september-2013.pdf,MC,816,llog,12-september-2013,2013-09-12,2013,false,,,09-12-2013,15:00,G33178,MC 816,Required Evacuation/LTA(>3days),1,,,,f957322d2ac7503a18f366927a04b2a8b2e6a36f5459a0d98510542725406e02,
district,https://www.bsee.gov/what-we-do/incident-investigations/offshore-incident-investigations/district-investigation-reports,2015,,0,/sites/bsee.gov/files/reports/safety/mc-941a-bennu-oil-and-gas-16-feb-2015-sanitized.pdf,https://www.bsee.gov/sites/bsee.gov/files/reports/safety/mc-941a-bennu-oil-and-gas-16-feb-2015-sanitized.pdf,https://www.bsee.gov/sites/bsee.gov/files/reports/safety/mc-941a-bennu-oil-and-gas-16-feb-2015-sanitized.pdf,false,mc-941a-bennu-oil-and-gas-16-feb-2015-sanitized.pdf,MC,941A,bennu oil and gas,16-feb-2015,2015-02-16,2015,true,,,02-16-2015,12:40,G16661,MC 941A,Pollution / Production / Equipment Failure,1,,,,4bb61e27c6dea22065b81869ed60a9cc98c7470dd4e2a3d5179c264d85607e23,
district,https://www.bsee.gov/what-we-do/incident-investigations/offshore-incident-investigations/district-investigation-reports,2015,,0,/sites/bsee.gov/files/reports/safety/mc-942-statoil-usa-e-and-p-30-nov-2015.pdf,https://www.bsee.gov/sites/bsee.gov/files/reports/safety/mc-942-statoil-usa-e-and-p-30-nov-2015.pdf,https://www.bsee.gov/sites/bsee.gov/files/reports/safety/mc-942-statoil-usa-e-and-p-30-nov-2015.pdf,false,mc-942-statoil-usa-e-and-p-30-nov-2015.pdf,MC,942,statoil usa e and p,30-nov-2015,2015-11-30,2015,false,,,11-30-2015,09:15,G24130,MC 942,LTA (1-3 days) - RW/JT(>3days) - Other Injury - Required Evacuation,1,,,,874f6265813639220f795de9263a518fd9fbc3f1fbd330fa313e1b2e3abf1249,
district,https://www.bsee.gov/what-we-do/incident-investigations/offshore-incident-investigations/district-investigation-reports,2015,,0,/sites/bsee.gov/files/reports/safety/mi-685-gom-shelf-02-oct-2015.pdf,https://www.bsee.gov/sites/bsee.gov/files/reports/safety/mi-685-gom-shelf-02-oct-2015.pdf,https://www.bsee.gov/sites/bsee.gov/files/reports/safety/mi-685-gom-shelf-02-oct-2015.pdf,false,mi-685-gom-shelf-02-oct-2015.pdf,MI,685,gom shelf,02-oct-2015,2015-10-02,2015,false,,,10-02-2015,20:25,G04548,MI 685,Fire,1,,,,1d6fefb16c017b47ee6670c715c8a7915e9a660da5a461cea7d034929edc2e58,
district,https://www.bsee.gov/what-we-do/incident-investigations/offshore-incident-investigations/district-investigation-reports/district-investigation-reports-archive,2013,,0,https://www.bsee.gov/sites/bsee.gov/files/reports/safety/mi-703a-apache-11-apr-2013.pdf,https://www.bsee.gov/sites/bsee.gov/files/reports/safety/mi-703a-apache-11-apr-2013.pdf,https://www.bsee.gov/sites/bsee.gov/files/reports/safety/mi-703a-apache-11-apr-2013.pdf,false,mi-703a-apache-11-apr-2013.pdf,MI,703A,apache,11-apr-2013,2013-04-11,2013,false,,,04-11-2013,19:30,G03733,MI 703,Required Evacuation RW/JT (>3 days) / Crane,1,,,,0586aa8cdf56dda87b3b570246a0f196b2be488e1294df40a8c4983bf390adf8,
district,https://www.bsee.gov/what-we-do/incident-investigations/offshore-incident-investigations/district-investigation-reports/district-investigation-reports-archive,2013,,0,https://www.bsee.gov/sites/bsee.gov/files/reports/safety/mp-107-llog-05-jun-2013.pdf,https://www.bsee.gov/sites/bsee.gov/files/reports/safety/mp-107-llog-05-jun-2013.pdf,https://www.bsee.gov/sites/bsee.gov/files/reports/safety/mp-107-llog-05-jun-2013.pdf,false,mp-107-llog-05-jun-2013.pdf,MP,107,llog,05-jun-2013,2013-06-05,2013,false,,,06-05-2013,16:00,G31435,MP 107,Required Evacuation/LTA(>3days),1,,,,6b32d5ed0c305da9d0d402efa185a9b11502a39ac7aa9eb84d3103eee22f4aba,
district,https://www.bsee.gov/what-we-do/incident-investigations/offshore-incident-investigations/district-investigation-reports/district-investigation-reports-archive,2012,,0,https://www.bsee.gov/sites/bsee.gov/files/reports/safety/mp-116-dynamic-30-august-2012.pdf,https://www.bsee.gov/sites/bsee.gov/files/reports/safety/mp-116-dynamic-30-august-2012.pdf,https://www.bsee.gov/sites/bsee.gov/files/reports/safety/mp-116-dynamic-30-august-2012.pdf,false,mp-116-dynamic-30-august-2012.pdf,MP,116,dynamic,30-august-2012,2012-08-30,2012,false,,,08-30-2012,0000,G03419,MP/116,Toppled Well,1,,,,bf711dce286643047a1f3e1fc0a0a749d7d0e10bd32d1dbe4e595d786c5682f0,
district,https://www.bsee.gov/what-we-do/incident-investigations/offshore-incident-investigations/district-investigation-reports/district-investigation-reports-archive,2013,,0,https://www.bsee.gov/sites/bsee.gov/files/reports/safety/mp-264-a-black-elk-energy-07-apr-2013.pdf,https://www.bsee.gov/sites/bsee.gov/files/reports/safety/mp-264-a-black-elk-energy-07-apr-2013.pdf,https://www.bsee.gov/sites/bsee.gov/files/reports/safety/mp-264-a-black-elk-energy-07-apr-2013.pdf,false,mp-264-a-black-elk-energy-07-apr-2013.pdf,MP,264 A,black elk energy,07-apr-2013,2013-04-07,2013,false,,,04-07-2013,17:45,G14585,MP 264,Crane,1,,,,13a1e5c036572161e5167979a69f1cfd438407d5db7c58c3fd68c94888a826f9,
district,https://www.bsee.gov/what-we-do/incident-investigations/offshore-incident-investigations/district-investigation-reports/district-investigation-reports-archive,2013,,0,https://www.bsee.gov/sites/bsee.gov/files/reports/safety/mp-264-a-black-elk-energy-27-apr-2013.pdf,https://www.bsee.gov/sites/bsee.gov/files/reports/safety/mp-264-a-black-elk-energy-27-apr-2013.pdf,https://www.bsee.gov/sites/bsee.gov/files/reports/safety/mp-264-a-black-elk-energy-27-apr-2013.pdf,false,mp-264-a-black-elk-energy-27-apr-2013.pdf,MP,264 A,black elk energy,27-apr-2013,2013-04-27,2013,false,,,04-27-2013,10:30,G14585,MP 264,Crane,1,,,,7757f97f7828696e4454981523eeef4a3ed218932d2ccb56901841387b8b8341,
district,https://www.bsee.gov/what-we-do/incident-investigations/offshore-incident-investigations/district-investigation-reports,2015,,0,/sites/bsee.gov/files/reports/safety/mp-288a-stone-energy-02-feb-2015.pdf,https://www.bsee.gov/sites/bsee.gov/files/reports/safety/mp-288a-stone-energy-02-feb-2015.pdf,https://www.bsee.gov/sites/bsee.gov/files/reports/safety/mp-288a-stone-energy-02-feb-2015.pdf,false,mp-288a-stone-energy-02-feb-2015.pdf,MP,288A,stone energy,02-feb-2015,2015-02-02,2015,false,,,02-02-2015,02:30,G01665,MP 288 A,Fire,1,,,,ef22b2f906e326af94257756714ed7c1488b2254dcb26600b74f04674f20c62d,
district,https://www.bsee.gov/what-we-do/incident-investigations/offshore-incident-investigations/district-investigation-reports/district-investigation-reports-archive,2013,,0,https://www.bsee.gov/sites/bsee.gov/files/reports/safety/mp-295-apache-28-sep-2013.pdf,https://www.bsee.gov/sites/bsee.gov/files/reports/safety/mp-295-apache-28-sep-2013.pdf,https://www.bsee.gov/sites/bsee.gov/files/reports/safety/mp-295-apache-28-sep-2013.pdf,false,mp-295-apache-28-sep-2013.pdf,MP,295,apache,28-sep-2013,2013-09-28,2013,false,,,09-28-2013,08:30,G32263,MP 295,Required Evacuation/LTA(>3days),1,,,,fed450a9f1168e0651ea8fc9a21860fcc5ebd4f976e72607dbe2f01a153a7101,
district,https://www.bsee.gov/what-we-do/incident-investigations/offshore-incident-investigations/district-investigation-reports/district-investigation-reports-archive,2012,,0,https://www.bsee.gov/sites/bsee.gov/files/reports/safety/mp-299-cheveron-11-sep-2012.pdf,https://www.bsee.gov/sites/bsee.gov/files/reports/safety/mp-299-cheveron-11-sep-2012.pdf,https://www.bsee.gov/sites/bsee.gov/files/reports/safety/mp-299-cheveron-11-sep-2012.pdf,false,mp-299-cheveron-11-sep-2012.pdf,MP,299,cheveron,11-sep-2012,2012-09-11,2012,false,,,09-11-2012,16:35,G01316,MP/299,RW/JT>3 Days Injury to hand/thumb,1,,,,5679bf5a7f547161a783b73909dfe590064ba6058ff402930bf354be8d4e9277,
district,https://www.bsee.gov/what-we-do/incident-investigations/offshore-incident-investigations/district-investigation-reports/district-investigation-reports-archive,2012,,0,https://www.bsee.gov/sites/bsee.gov/files/reports/safety/mp-299-chevron-13-september-2012.pdf,https://www.bsee.gov/sites/bsee.gov/files/reports/safety/mp-299-chevron-13-september-2012.pdf,https://www.bsee.gov/sites/bsee.gov/files/reports/safety/mp-299-chevron-13-september-2012.pdf,false,mp-299-chevron-13-september-2012.pdf,MP,299,chevron,13-september-2012,2012-09-13,2012,false,,,09-13-2012,04:30,G01316,MP/299,Foot Injury RW/JT>3days,1,,,,5ef98c128e049dad7cd6f04f0e66dc3fcbb52770b074601eae6eb2b00204db55,
district,https://www.bsee.gov/what-we-do/incident-investigations/offshore-incident-investigations/district-investigation-reports/district-investigation-reports-archive,2012,,0,https://www.bsee.gov/sites/bsee.gov/files/reports/safety/mp-42-i-chevron-29-sep-2012.pdf,https://www.bsee.gov/sites/bsee.gov/files/reports/safety/mp-42-i-chevron-29-sep-2012.pdf,https://www.bsee.gov/sites/bsee.gov/files/reports/safety/mp-42-i-chevron-29-sep-2012.pdf,false,mp-42-i-chevron-29-sep-2012.pdf,MP,42 I,chevron,29-sep-2012,2012-09-29,2012,false,,,09-29-2012,18:03,G01367,MP 42 I,Injury / Human Error / Required Evacuation / LTA> 3 days,1,,,,dcd67767f37f37697da725a1d65b695bd8c163d9a65a4d96eaf13dbf9ca62b6f,
district,https://www.bsee.gov/what-we-do/incident-investigations/offshore-incident-investigations/district-investigation-reports/district-investigation-reports-archive,2013,,0,https://www.bsee.gov/sites/bsee.gov/files/reports/safety/mu-726a-tarpon-operating-18-oct-2013.pdf,https://www.bsee.gov/sites/bsee.gov/files/reports/safety/mu-726a-tarpon-operating-18-oct-2013.pdf,https://www.bsee.gov/sites/bsee.gov/files/reports/safety/mu-726a-tarpon-operating-18-oct-2013.pdf,false,mu-726a-tarpon-operating-18-oct-2013.pdf,MU,726A,tarpon operating,18-oct-2013,2013-10-18,2013,false,,,10-18-2013,15:38,G20605,MU 726 A,LTA (> 3 days) / Required Evacuation / Knee Injury,1,,,,378f7a133a3c2577acddd2a0a03bf05895ccf7f4e18714c99297b09524e08b54,
district,https://www.bsee.gov/what-we-do/incident-investigations/offshore-incident-investigations/district-investigation-reports/district-investigation-reports-archive,2012,,0,https://www.bsee.gov/sites/bsee.gov/files/reports/safety/mu-762a-apache-12-aug-2012.pdf,https://www.bsee.gov/sites/bsee.gov/files/reports/safety/mu-762a-apache-12-aug-2012.pdf,https://www.bsee.gov/sites/bsee.gov/files/reports/safety/mu-762a-apache-12-aug-2012.pdf,false,mu-762a-apache-12-aug-2012.pdf,MU,762A,apache,12-aug-2012,2012-08-12,2012,false,,,08-12-2012,08:25,G03021,MU/762,LTA>3 days Hand Injury,1,,,,a388d4e9536ee01d0939f17a68a45f85e23f7b58710fb6ed94090abb9411b7e4,
district,https://www.bsee.gov/what-we-do/incident-investigations/offshore-incident-investigations/district-investigation-reports,2014,,0,/sites/bsee.gov/files/reports/safety/mu-a-111-a-apache-corp-06-oct-2014.pdf,https://www.bsee.gov/sites/bsee.gov/files/reports/safety/mu-a-111-a-apache-corp-06-oct-2014.pdf,https://www.bsee.gov/sites/bsee.gov/files/reports/safety/mu-a-111-a-apache-corp-06-oct-2014.pdf,false,mu-a-111-a-apache-corp-06-oct-2014.pdf,MU,A 111 A,apache corp,06-oct-2014,2014-10-06,2014,false,,,10-06-2014,20:45,G03068,MU A 111,Required Evacuation / RW/JT (>3days) / Human Error,1,,,,e9926ef3b90a49bf894d9ef827c13886d1a266b0904c3740ac0eae72fa8d984e,
district,https://www.bsee.gov/what-we-do/incident-investigations/offshore-incident-investigations/district-investigation-reports,2015,,0,/sites/bsee.gov/files/reports/safety/mu-a-111-a-apache-corp-23-jun-2015.pdf,https://www.bsee.gov/sites/bsee.gov/files/reports/safety/mu-a-111-a-apache-corp-23-jun-2015.pdf,https://www.bsee.gov/sites/bsee.gov/files/reports/safety/mu-a-111-a-apache-corp-23-jun-2015.pdf,false,mu-a-111-a-apache-corp-23-jun-2015.pdf,MU,A 111 A,apache corp,23-jun-2015,2015-06-23,2015,false,,,06-23-2015,18:00,G03068,MU A 111 A,Other Injury / Required Evacuation,1,,,,1d70abc427ebbaa9a92bdb2e854e8365daf409e90a4e9595671f408d65286ee1,
district,https://www.bsee.gov/what-we-do/incident-investigations/offshore-incident-investigations/district-investigation-reports,2015,,0,/sites/bsee.gov/files/reports/safety/mu-a-111-a-apache-corp-25-jun-2015.pdf,https://www.bsee.gov/sites/bsee.gov/files/reports/safety/mu-a-111-a-apache-corp-25-jun-2015.pdf,https://www.bsee.gov/sites/bsee.gov/files/reports/safety/mu-a-111-a-apache-corp-25-jun-2015.pdf,false,mu-a-111-a-apache-corp-25-jun-2015.pdf,MU,A 111 A,apache corp,25-jun-2015,2015-06-25,2015,false,,,06-25-2015,21:00,G03068,MU A 111 A,Fire,1,,,,4b45e84d7b52cf3727ed0a30d3adb1857146bf44b390fa39ae25c92e7a5dc394,
district,https://www.bsee.gov/what-we-do/incident-investigations/offshore-incident-investigations/district-investigation-reports,2014,,0,/sites/bsee.gov/files/reports/safety/mu-a-111-a-apache-corp-31-jul-2014.pdf,https://www.bsee.gov/sites/bsee.gov/files/reports/safety/mu-a-111-a-apache-corp-31-jul-2014.pdf,https://www.bsee.gov/sites/bsee.gov/files/reports/safety/mu-a-111-a-apache-corp-31-jul-2014.pdf,false,mu-a-111-a-apache-corp-31-jul-2014.pdf,MU,A 111 A,apache corp,31-jul-2014,2014-07-31,2014,false,,,07-31-2014,18:30,G03068,MU A 111A,Other Injury-1 / Required Evacuation-1,1,,,,96035dc7da948383fc671910a676803591a7e217d2daaedcb7f6e7894d15b8f7,
district,https://www.bsee.gov/what-we-do/incident-investigations/offshore-incident-investigations/district-investigation-reports,2014,,0,/sites/bsee.gov/files/reports/safety/mu-a-31b-anadarko-04-july-2014.pdf,https://www.bsee.gov/sites/bsee.gov/files/reports/safety/mu-a-31b-anadarko-04-july-2014.pdf,https://www.bsee.gov/sites/bsee.gov/files/reports/safety/mu-a-31b-anadarko-04-july-2014.pdf,false,mu-a-31b-anadarko-04-july-2014.pdf,,,mu 31b anadarko,04-july-2014,2014-07-04,2014,false,,no_area_block_in_filename,07-04-2014,14:00,G04537,MU A 31B,Voluntary Evacuation for Safety / Construction/ Equipment Failure,1,,,,53bf53742103ddc6785c0fddc3e0434cda6b39b7087bbd8577774dd25ed0397e,
district,https://www.bsee.gov/what-we-do/incident-investigations/offshore-incident-investigations/district-investigation-reports/district-investigation-reports-archive,2012,,0,https://www.bsee.gov/sites/bsee.gov/files/reports/safety/pn-969-perigrine-oil-and-gas-lp-13-june-2012.pdf,https://www.bsee.gov/sites/bsee.gov/files/reports/safety/pn-969-perigrine-oil-and-gas-lp-13-june-2012.pdf,https://www.bsee.gov/sites/bsee.gov/files/reports/safety/pn-969-perigrine-oil-and-gas-lp-13-june-2012.pdf,false,pn-969-perigrine-oil-and-gas-lp-13-june-2012.pdf,PN,969,perigrine oil and gas lp,13-june-2012,2012-06-13,2012,false,,,06-13-2012,14:30,G05953,PN 969,"Crane / Required evacuation / LTA > 3 days / rib, wrist, and punctured lung injuries",1,,,,d4cd39964d23157edddba28c467843fcb7526aa8b05e4cd7f0a53428805cd3ac,
district,https://www.bsee.gov/what-we-do/incident-investigations/offshore-incident-investigations/district-investigation-reports,2015,,0,/sites/bsee.gov/files/reports/safety/pn-975a-peregrine-oil-and-gas-26-nov-2015.pdf,https://www.bsee.gov/sites/bsee.gov/files/reports/safety/pn-975a-peregrine-oil-and-gas-26-nov-2015.pdf,https://www.bsee.gov/sites/bsee.gov/files/reports/safety/pn-975a-peregrine-oil-and-gas-26-nov-2015.pdf,false,pn-975a-peregrine-oil-and-gas-26-nov-2015.pdf,PN,975A,peregrine oil and gas,26-nov-2015,2015-11-26,2015,false,,,11-26-2015,10:25,G33388,PN 975,Fire,1,,,,bd386f156e5a5e58ef19c098679c4befd7f7fd04bab36eb5b93c30262bb72024,
district,https://www.bsee.gov/what-we-do/incident-investigations/offshore-incident-investigations/district-investigation-reports/district-investigation-reports-archive,2012,,0,https://www.bsee.gov/sites/bsee.gov/files/reports/safety/rooster-vr-376-a-2010.pdf,https://www.bsee.gov/sites/bsee.gov/files/reports/safety/rooster-vr-376-a-2010.pdf,https://www.bsee.gov/sites/bsee.gov/files/reports/safety/rooster-vr-376-a-2010.pdf,false,rooster-vr-376-a-2010.pdf,VR,376 A,rooster,,,,false,,no_date_token,02-29-2012,03:45,G14428,VR 376 A,Required Evacuation - LTA (>3days) - Other,1,,,,f95cac3b7e70abfab065190e292f21f2cc488b7ff8606551a356e18befe57edc,
district,https://www.bsee.gov/what-we-do/incident-investigations/offshore-incident-investigations/district-investigation-reports/district-investigation-reports-archive,2012,,0,https://www.bsee.gov/sites/bsee.gov/files/reports/safety/sanitized-anadarko-eb-602-19-feb-2012.pdf,https://www.bsee.gov/sites/bsee.gov/files/reports/safety/sanitized-anadarko-eb-602-19-feb-2012.pdf,https://www.bsee.gov/sites/bsee.gov/files/reports/safety/sanitized-anadarko-eb-602-19-feb-2012.pdf,false,sanitized-anadarko-eb-602-19-feb-2012.pdf,EB,602,anadarko,19-feb-2012,2012-02-19,2012,true,,,02-19-2012,17:00,G14205,EB/602,Pollution- Other,1,,,,c22fd43c84d01d0fd718085e2e9f1b23db17ca919c4cd5e70fbd4b674235df70,
district,https://www.bsee.gov/what-we-do/incident-investigations/offshore-incident-investigations/district-investigation-reports/district-investigation-reports-archive,2012,,0,https://www.bsee.gov/sites/bsee.gov/files/reports/safety/sanitized-apache-mo-830.pdf,https://www.bsee.gov/sites/bsee.gov/files/reports/safety/sanitized-apache-mo-830.pdf,https://www.bsee.gov/sites/bsee.gov/files/reports/safety/sanitized-apache-mo-830.pdf,false,sanitized-apache-mo-830.pdf,MO,830,apache,,,,true,,no_date_token,02-18-2012,17:00,G27973,MO/830,Dropped Block - Incident > $25,1,,,,3a9e7d67c4e8181f0241c4456dca79fc9f6847daeac6ecae98076c68d2483503,
district,https://www.bsee.gov/what-we-do/incident-investigations/offshore-incident-investigations/district-investigation-reports/district-investigation-reports-archive,2012,,0,https://www.bsee.gov/sites/bsee.gov/files/reports/safety/sanitized-chevron-gc-205-a-10-feb-2012.pdf,https://www.bsee.gov/sites/bsee.gov/files/reports/safety/sanitized-chevron-gc-205-a-10-feb-2012.pdf,https://www.bsee.gov/sites/bsee.gov/files/reports/safety/sanitized-chevron-gc-205-a-10-feb-2012.pdf,false,sanitized-chevron-gc-205-a-10-feb-2012.pdf,GC,205 A,chevron,10-feb-2012,2012-02-10,2012,true,,,02-10-2012,16:00,G05911,GC/205,Pollution-Other,1,,,,c0c88bbcbdf74364ab3c29c4534478c5ec5e4cadb7c7007f464f0f4fb6d5907c,
district,https://www.bsee.gov/what-we-do/incident-investigations/offshore-incident-investigations/district-investigation-reports/district-investigation-reports-archive,2012,,0,https://www.bsee.gov/sites/bsee.gov/files/reports/safety/sanitized-chevron-wr-29-2-jan-2012.pdf,https://www.bsee.gov/sites/bsee.gov/files/reports/safety/sanitized-chevron-wr-29-2-jan-2012.pdf,https://www.bsee.gov/sites/bsee.gov/files/reports/safety/sanitized-chevron-wr-29-2-jan-2012.pdf,false,sanitized-chevron-wr-29-2-jan-2012.pdf,WR,29,chevron,2-jan-2012,2012-01-02,2012,true,,,01-02-2012,16:38,G16942,WR/29,Dropped Object-Other,1,,,,4c8ddfd46e77316428b3acdd72f604e0f8b93ca9517ac9ae1e409be8faa7d5e9,
district,https://www.bsee.gov/what-we-do/incident-investigations/offshore-incident-investigations/district-investigation-reports/district-investigation-reports-archive,2012,,0,https://www.bsee.gov/sites/bsee.gov/files/reports/safety/sanitized-mariner-hi-a-7-15-may2012.pdf,https://www.bsee.gov/sites/bsee.gov/files/reports/safety/sanitized-mariner-hi-a-7-15-may2012.pdf,https://www.bsee.gov/sites/bsee.gov/files/reports/safety/sanitized-mariner-hi-a-7-15-may2012.pdf,false,sanitized-mariner-hi-a-7-15-may2012.pdf,HI,A 7,mariner,15-may2012,2012-05-15,2012,true,,,05-15-2012,14:15,G15781,HI/A7,Well Control Incident,1,,,,240fbdbca298872e36f1c55a4718e7de8d3c8962a84feb42a1ac74a82e1d99c3,
district,https://www.bsee.gov/what-we-do/incident-investigations/offshore-incident-investigations/district-investigation-reports/district-investigation-reports-archive,2012,,0,https://www.bsee.gov/sites/bsee.gov/files/reports/safety/sanitzed-rooster-ec-129-a-5-mar-2012.pdf,https://www.bsee.gov/sites/bsee.gov/files/reports/safety/sanitzed-rooster-ec-129-a-5-mar-2012.pdf,https://www.bsee.gov/sites/bsee.gov/files/reports/safety/sanitzed-rooster-ec-129-a-5-mar-2012.pdf,false,sanitzed-rooster-ec-129-a-5-mar-2012.pdf,EC,129 A,sanitzed rooster,5-mar-2012,2012-03-05,2012,false,,,03-05-2012,14:15,G14364,EC/129,Falling Object - Other,1,,,,0ddabbd3942412779e76b65fbe62d62fdcf63d9f1aabecb1e2a7deee2266ca1d,
district,https://www.bsee.gov/what-we-do/incident-investigations/offshore-incident-investigations/district-investigation-reports/district-investigation-reports-archive,2013,,0,https://www.bsee.gov/sites/bsee.gov/files/reports/safety/se-39-anadarko-12-jul-2013.pdf,https://www.bsee.gov/sites/bsee.gov/files/reports/safety/se-39-anadarko-12-jul-2013.pdf,https://www.bsee.gov/sites/bsee.gov/files/reports/safety/se-39-anadarko-12-jul-2013.pdf,false,se-39-anadarko-12-jul-2013.pdf,SE,39,anadarko,12-jul-2013,2013-07-12,2013,false,,,01-30-2013,01:00,G27779,SE 39,Required Evacuation / LTA (>3Days) / Ankle Injury,1,,,,444bcb78ae3fb158b9d81c8199b9596eaaabd0e1783a553b662c4433c07176d2,
district,https://www.bsee.gov/what-we-do/incident-investigations/offshore-incident-investigations/district-investigation-reports/district-investigation-reports-archive,2012,,0,https://www.bsee.gov/sites/bsee.gov/files/reports/safety/sm-106-apache-22-aug-2012.pdf,https://www.bsee.gov/sites/bsee.gov/files/reports/safety/sm-106-apache-22-aug-2012.pdf,https://www.bsee.gov/sites/bsee.gov/files/reports/safety/sm-106-apache-22-aug-2012.pdf,false,sm-106-apache-22-aug-2012.pdf,SM,106,apache,22-aug-2012,2012-08-22,2012,false,,,08-22-2012,08:30,G02279,SM/106A,Required Evacuation LTA>3 days,1,,,,5059d5252e81178b66be39800a1653f2577482443ecc633b0fecf9efab9640a9,
district,https://www.bsee.gov/what-we-do/incident-investigations/offshore-incident-investigations/district-investigation-reports/district-investigation-reports-archive,2012,,0,https://www.bsee.gov/sites/bsee.gov/files/reports/safety/sm-106a-apache-24-oct-2012.pdf,https://www.bsee.gov/sites/bsee.gov/files/reports/safety/sm-106a-apache-24-oct-2012.pdf,https://www.bsee.gov/sites/bsee.gov/files/reports/safety/sm-106a-apache-24-oct-2012.pdf,false,sm-106a-apache-24-oct-2012.pdf,SM,106A,apache,24-oct-2012,2012-10-24,2012,false,,,10-24-2012,08:30,G03376,SM/106A,LTA (> 3 days)- Other,1,,,,fb33a968f2cd018faa19ab2562c6d4304d71a4013f6516366ee811914b7d02a9,
district,https://www.bsee.gov/what-we-do/incident-investigations/offshore-incident-investigations/district-investigation-reports,2014,,0,/sites/bsee.gov/files/reports/safety/sm-128-apache-corporation-25-feb-2014.pdf,https://www.bsee.gov/sites/bsee.gov/files/reports/safety/sm-128-apache-corporation-25-feb-2014.pdf,https://www.bsee.gov/sites/bsee.gov/files/reports/safety/sm-128-apache-corporation-25-feb-2014.pdf,false,sm-128-apache-corporation-25-feb-2014.pdf,SM,128,apache corporation,25-feb-2014,2014-02-25,2014,false,,,02-25-2014,15:00,G02587,SM 128,Required Evacuation / LTA (>3 days),1,,,,681beceb739952df0bb5f0e2eb03b284e538205c1ea17412b4ad06fab1dab9b5,
district,https://www.bsee.gov/what-we-do/incident-investigations/offshore-incident-investigations/district-investigation-reports,2014,,0,/sites/bsee.gov/files/reports/safety/sm-132b-fieldwood-energy-22-jun-2014.pdf,https://www.bsee.gov/sites/bsee.gov/files/reports/safety/sm-132b-fieldwood-energy-22-jun-2014.pdf,https://www.bsee.gov/sites/bsee.gov/files/reports/safety/sm-132b-fieldwood-energy-22-jun-2014.pdf,false,sm-132b-fieldwood-energy-22-jun-2014.pdf,SM,132B,fieldwood energy,22-jun-2014,2014-06-22,2014,false,,,06-22-2014,08:45,G02282,SM 132,Required Evacuation / LTA (>3days) / Hip Injury,1,,,,4ef0e1538838fb52e5de3731fb48aeafc7c55c36cfec2cc25c19884f29c3430b,
district,https://www.bsee.gov/what-we-do/incident-investigations/offshore-incident-investigations/district-investigation-reports/district-investigation-reports-archive,2013,,0,https://www.bsee.gov/sites/bsee.gov/files/reports/safety/sm-147a-mcmoran-oil-04-sep-2013.pdf,https://www.bsee.gov/sites/bsee.gov/files/reports/safety/sm-147a-mcmoran-oil-04-sep-2013.pdf,https://www.bsee.gov/sites/bsee.gov/files/reports/safety/sm-147a-mcmoran-oil-04-sep-2013.pdf,false,sm-147a-mcmoran-oil-04-sep-2013.pdf,SM,147A,mcmoran oil,04-sep-2013,2013-09-04,2013,false,,,09-04-2013,05:00,G06693,SM 147 A,Equipment Damage / Unsecured Equipment,1,,,,d62c814132d09fa74bb0e867d96a7e66c8c8bba18adb38b4e07bd09b753b2381,
district,https://www.bsee.gov/what-we-do/incident-investigations/offshore-incident-investigations/district-investigation-reports,2014,,0,/sites/bsee.gov/files/reports/safety/sm-147a-sandridge-17-sep-2014.pdf,https://www.bsee.gov/sites/bsee.gov/files/reports/safety/sm-147a-sandridge-17-sep-2014.pdf,https://www.bsee.gov/sites/bsee.gov/files/reports/safety/sm-147a-sandridge-17-sep-2014.pdf,false,sm-147a-sandridge-17-sep-2014.pdf,SM,147A,sandridge,17-sep-2014,2014-09-17,2014,false,,,09-17-2014,22:30,G06693,SM 147 A,Required Evacuation / LTA (>3 days) / Weather Related,1,,,,06d3a5b11f0afc8c9233996b39be12ca46f15a75872b83c1b4a217f22a1755bf,
district,https://www.bsee.gov/what-we-do/incident-investigations/offshore-incident-investigations/district-investigation-reports/district-investigation-reports-archive,2013,,0,https://www.bsee.gov/sites/bsee.gov/files/reports/safety/sm-217a-chevron-05may2013.pdf,https://www.bsee.gov/sites/bsee.gov/files/reports/safety/sm-217a-chevron-05may2013.pdf,https://www.bsee.gov/sites/bsee.gov/files/reports/safety/sm-217a-chevron-05may2013.pdf,false,sm-217a-chevron-05may2013.pdf,SM,217A,chevron,05may2013,2013-05-05,2013,false,,,05-05-2013,00:01,00310,SM/217A,LTA( >3Days) / Chemical Release,1,,,,1c754844c32f6a6e7ce3cba446f6cf4614de09250d08ba07139daddf8415bf8a,
district,https://www.bsee.gov/what-we-do/incident-investigations/offshore-incident-investigations/district-investigation-reports,2015,,0,/sites/bsee.gov/files/reports/safety/sm-234-mcmoran-oil-and-gas-13-jan-2015.pdf,https://www.bsee.gov/sites/bsee.gov/files/reports/safety/sm-234-mcmoran-oil-and-gas-13-jan-2015.pdf,https://www.bsee.gov/sites/bsee.gov/files/reports/safety/sm-234-mcmoran-oil-and-gas-13-jan-2015.pdf,false,sm-234-mcmoran-oil-and-gas-13-jan-2015.pdf,SM,234,mcmoran oil and gas,13-jan-2015,2015-01-13,2015,false,,,01-13-2015,14:55,G27896,SM 234,Required Evacuation -1 / RW/JT (>3 days) / Human Error,1,,,,7adf0dbd5689a61b7339d7b0888df9c3b6c14ba65fc484fe5afb865ad76911de,
district,https://www.bsee.gov/what-we-do/incident-investigations/offshore-incident-investigations/district-investigation-reports/district-investigation-reports-archive,2012,,0,https://www.bsee.gov/sites/bsee.gov/files/reports/safety/sm-236a-chevron-21-november-2012.pdf,https://www.bsee.gov/sites/bsee.gov/files/reports/safety/sm-236a-chevron-21-november-2012.pdf,https://www.bsee.gov/sites/bsee.gov/files/reports/safety/sm-236a-chevron-21-november-2012.pdf,false,sm-236a-chevron-21-november-2012.pdf,SM,236A,chevron,21-november-2012,2012-11-21,2012,false,,,11-21-2012,13:20,00310,SM/236A,LTA>3days/ Water Blasting Injury,1,,,,4d5593efe94477a008e3615d6e128e2310e86e34f9562645310346b32d1a9528,
district,https://www.bsee.gov/what-we-do/incident-investigations/offshore-incident-investigations/district-investigation-reports,2014,,0,/sites/bsee.gov/files/reports/safety/sm-27-sea-robin-pipeline-5-dec-2014.pdf,https://www.bsee.gov/sites/bsee.gov/files/reports/safety/sm-27-sea-robin-pipeline-5-dec-2014.pdf,https://www.bsee.gov/sites/bsee.gov/files/reports/safety/sm-27-sea-robin-pipeline-5-dec-2014.pdf,false,sm-27-sea-robin-pipeline-5-dec-2014.pdf,SM,27,sea robin pipeline,5-dec-2014,2014-12-05,2014,false,,,12-05-2014,07:30,G01187,SM 27,Pollution / Pipeline Leak,1,,,,cd71212aadc828292219835d0d2ee6165b16b7ac7ec983f08ae3fc0b1484b629,
district,https://www.bsee.gov/what-we-do/incident-investigations/offshore-incident-investigations/district-investigation-reports/district-investigation-reports-archive,2013,,0,https://www.bsee.gov/sites/bsee.gov/files/reports/safety/sm-66-mariner-12-april-2013.pdf,https://www.bsee.gov/sites/bsee.gov/files/reports/safety/sm-66-mariner-12-april-2013.pdf,https://www.bsee.gov/sites/bsee.gov/files/reports/safety/sm-66-mariner-12-april-2013.pdf,false,sm-66-mariner-12-april-2013.pdf,SM,66,mariner,april-2013,2013-04-20,2013,false,,,04-12-2013,13:25,G01198,SM/66,RW/JT > 3 Days,1,,,,2132f369f9fa0185e8d85edd13ed3d623c9c1fbbeab64783eb8fdc36f2a860af,
district,https://www.bsee.gov/what-we-do/incident-investigations/offshore-incident-investigations/district-investigation-reports/district-investigation-reports-archive,2012,,0,https://www.bsee.gov/sites/bsee.gov/files/reports/safety/sm-69-apache-1-november-2012.pdf,https://www.bsee.gov/sites/bsee.gov/files/reports/safety/sm-69-apache-1-november-2012.pdf,https://www.bsee.gov/sites/bsee.gov/files/reports/safety/sm-69-apache-1-november-2012.pdf,false,sm-69-apache-1-november-2012.pdf,SM,69,apache,1-november-2012,2012-11-01,2012,false,,,11-01-2012,21:35,G01194,SM/69,LTA>3Days/Back Reaming Injury,1,,,,79475f990cb23e4c2e6d03ac1c63b6e7ff26457aaac8dc7c018b11c801a0bb51,
district,https://www.bsee.gov/what-we-do/incident-investigations/offshore-incident-investigations/district-investigation-reports/district-investigation-reports-archive,2013,,0,https://www.bsee.gov/sites/bsee.gov/files/reports/safety/sp-60f-ankor-energy-18-may-2013.pdf,https://www.bsee.gov/sites/bsee.gov/files/reports/safety/sp-60f-ankor-energy-18-may-2013.pdf,https://www.bsee.gov/sites/bsee.gov/files/reports/safety/sp-60f-ankor-energy-18-may-2013.pdf,false,sp-60f-ankor-energy-18-may-2013.pdf,SP,60F,ankor energy,18-may-2013,2013-05-18,2013,false,,,05-18-2013,06:00,G30124,SP 60F,Pollution/Structural Damage,1,,,,0613ee24470818022abe31ad4fb36f2ceea9fdc220fdc1ddef9e69137481b0b0,
district,https://www.bsee.gov/what-we-do/incident-investigations/offshore-incident-investigations/district-investigation-reports,2014,,0,/sites/bsee.gov/files/reports/safety/sp-65a-fieldwood-07-aug-2014.pdf,https://www.bsee.gov/sites/bsee.gov/files/reports/safety/sp-65a-fieldwood-07-aug-2014.pdf,https://www.bsee.gov/sites/bsee.gov/files/reports/safety/sp-65a-fieldwood-07-aug-2014.pdf,false,sp-65a-fieldwood-07-aug-2014.pdf,SP,65A,fieldwood,07-aug-2014,2014-08-07,2014,false,,,08-07-2014,1540,G01610,SP 65A,Required Evacuation / LTA (>3 days) Overhead Hoist / Human Error,1,,,,a307a9bbec4d6de3408cdb98921519ed8e2028c5aa6cf08acb527e346891ba24,
district,https://www.bsee.gov/what-we-do/incident-investigations/offshore-incident-investigations/district-investigation-reports,2015,,0,/sites/bsee.gov/files/reports/safety/sp-93-energy-xxi-gom-09-oct-2015.pdf,https://www.bsee.gov/sites/bsee.gov/files/reports/safety/sp-93-energy-xxi-gom-09-oct-2015.pdf,https://www.bsee.gov/sites/bsee.gov/files/reports/safety/sp-93-energy-xxi-gom-09-oct-2015.pdf,false,sp-93-energy-xxi-gom-09-oct-2015.pdf,SP,93,energy xxi gom,09-oct-2015,2015-10-09,2015,false,,,10-09-2015,00:15,G01619,SP 93,Fire - Required Muster,1,,,,d9b9deb460748aaafa20f1dd6424e1533c60b85a419583540674a6cadbc31b62,
district,https://www.bsee.gov/what-we-do/incident-investigations/offshore-incident-investigations/district-investigation-reports/district-investigation-reports-archive,2012,,0,https://www.bsee.gov/sites/bsee.gov/files/reports/safety/sp-93-energy-xxi-gom-29-may-2012.pdf,https://www.bsee.gov/sites/bsee.gov/files/reports/safety/sp-93-energy-xxi-gom-29-may-2012.pdf,https://www.bsee.gov/sites/bsee.gov/files/reports/safety/sp-93-energy-xxi-gom-29-may-2012.pdf,false,sp-93-energy-xxi-gom-29-may-2012.pdf,SP,93,energy xxi gom,29-may-2012,2012-05-29,2012,false,,,05-29-2012,12:05,G01619,SP 93,Required Evacuation/LTA (>3days)/Fire/Explosion/Required Muster/Loss of Well Control,1,,,,247dc727dd4266c9acae3ae3b50b3ceb12bb96cb1a9fe7369695229a9b391cf8,
district,https://www.bsee.gov/what-we-do/incident-investigations/offshore-incident-investigations/district-investigation-reports,2014,,0,/sites/bsee.gov/files/reports/safety/sp-93a-energy-xxi-20-oct-2014.pdf,https://www.bsee.gov/sites/bsee.gov/files/reports/safety/sp-93a-energy-xxi-20-oct-2014.pdf,https://www.bsee.gov/sites/bsee.gov/files/reports/safety/sp-93a-energy-xxi-20-oct-2014.pdf,false,sp-93a-energy-xxi-20-oct-2014.pdf,SP,93A,energy xxi,20-oct-2014,2014-10-20,2014,false,,,10-20-2014,10:00,G01619,SP 93A,Fire / Equipment Failure,1,,,,ff69a0b9c1c3b088f0378e5d1a21527adee51e26bb82f4a22ebdbbad9a9effbf,
district,https://www.bsee.gov/what-we-do/incident-investigations/offshore-incident-investigations/district-investigation-reports/district-investigation-reports-archive,2012,,0,https://www.bsee.gov/sites/bsee.gov/files/reports/safety/ss-114-j-stone-energy-30-march-2012.pdf,https://www.bsee.gov/sites/bsee.gov/files/reports/safety/ss-114-j-stone-energy-30-march-2012.pdf,https://www.bsee.gov/sites/bsee.gov/files/reports/safety/ss-114-j-stone-energy-30-march-2012.pdf,false,ss-114-j-stone-energy-30-march-2012.pdf,SS,114 J,stone energy,30-march-2012,2012-03-30,2012,false,,,03-30-2012,07:15,G00064,SS/114J,LTA( >3Days / Equipment Failure,1,,,,cc9b60c82c6748fe040261b1a9e1094a734b42f3432c01685bc805cd392b96c6,
district,https://www.bsee.gov/what-we-do/incident-investigations/offshore-incident-investigations/district-investigation-reports/district-investigation-reports-archive,2012,,0,https://www.bsee.gov/sites/bsee.gov/files/reports/safety/ss-121-contango-operators-16-august-2012.pdf,https://www.bsee.gov/sites/bsee.gov/files/reports/safety/ss-121-contango-operators-16-august-2012.pdf,https://www.bsee.gov/sites/bsee.gov/files/reports/safety/ss-121-contango-operators-16-august-2012.pdf,false,ss-121-contango-operators-16-august-2012.pdf,SS,121,contango operators,16-august-2012,2012-08-16,2012,false,,,08-16-2012,12:50,G33640,SS / 121,Required Evacuation / LTA (>3Days) / Draw Works,1,,,,452fbfa90a42eae562b3bf41343717b74c724c925fd666a5b203ab7c461f60aa,
district,https://www.bsee.gov/what-we-do/incident-investigations/offshore-incident-investigations/district-investigation-reports/district-investigation-reports-archive,2013,,0,https://www.bsee.gov/sites/bsee.gov/files/reports/safety/ss-198i-black-elk-energy-10-jul-2013.pdf,https://www.bsee.gov/sites/bsee.gov/files/reports/safety/ss-198i-black-elk-energy-10-jul-2013.pdf,https://www.bsee.gov/sites/bsee.gov/files/reports/safety/ss-198i-black-elk-energy-10-jul-2013.pdf,false,ss-198i-black-elk-energy-10-jul-2013.pdf,SS,198I,black elk energy,10-jul-2013,2013-07-10,2013,false,,,07-10-2013,21:15,G12355,SS 198 I,Required Evacuation / LTA (>3 Days) / Human Error,1,,,,2c77e7a420630eb8bafe32c23735dbd0531ac8335743d698f9480b9898386201,
district,https://www.bsee.gov/what-we-do/incident-investigations/offshore-incident-investigations/district-investigation-reports/district-investigation-reports-archive,2013,,0,https://www.bsee.gov/sites/bsee.gov/files/reports/safety/ss-225b-energy-resource-tech-07-jul-2013.pdf,https://www.bsee.gov/sites/bsee.gov/files/reports/safety/ss-225b-energy-resource-tech-07-jul-2013.pdf,https://www.bsee.gov/sites/bsee.gov/files/reports/safety/ss-225b-energy-resource-tech-07-jul-2013.pdf,false,ss-225b-energy-resource-tech-07-jul-2013.pdf,SS,225B,energy resource tech,07-jul-2013,2013-07-07,2013,false,,,07-07-2013,18:30,G01984,SS 225 B,Loss of Well Control / Temporary Abandonment / Pollution,1,,,,9d44add013b606d12c0a73ee1470e100c711fa376a82f826e92054bf32d67e9d,
district,https://www.bsee.gov/what-we-do/incident-investigations/offshore-incident-investigations/district-investigation-reports,2015,,0,/sites/bsee.gov/files/reports/safety/ss-229-ankor-energy-18-jun-2015.pdf,https://www.bsee.gov/sites/bsee.gov/files/reports/safety/ss-229-ankor-energy-18-jun-2015.pdf,https://www.bsee.gov/sites/bsee.gov/files/reports/safety/ss-229-ankor-energy-18-jun-2015.pdf,false,ss-229-ankor-energy-18-jun-2015.pdf,SS,229,ankor energy,18-jun-2015,2015-06-18,2015,false,,,06-18-2015,15:00,00830,SS229,Incident>$25K - Crane,1,,,,f10b8ecf75f916987ed8a0488c4dbb556327471a17d2c207305f7a3e7ad3d019,
district,https://www.bsee.gov/what-we-do/incident-investigations/offshore-incident-investigations/district-investigation-reports,2014,,0,/sites/bsee.gov/files/reports/safety/ss-229a-ankor-12-dec-2014.pdf,https://www.bsee.gov/sites/bsee.gov/files/reports/safety/ss-229a-ankor-12-dec-2014.pdf,https://www.bsee.gov/sites/bsee.gov/files/reports/safety/ss-229a-ankor-12-dec-2014.pdf,false,ss-229a-ankor-12-dec-2014.pdf,SS,229A,ankor,12-dec-2014,2014-12-12,2014,false,,,12-12-2014,09:00,00830,SS 229 A,Required Evacuation / Other Lifting Device / Equipment Failure / Human Error,1,,,,a2e1c4da37d8a2e0698c10e63e0939446805825579a36f6f32d0c0a768d28e1f,
district,https://www.bsee.gov/what-we-do/incident-investigations/offshore-incident-investigations/district-investigation-reports/district-investigation-reports-archive,2012,,0,https://www.bsee.gov/sites/bsee.gov/files/reports/safety/ss-229c-ankor-energy-30-nov-2012.pdf,https://www.bsee.gov/sites/bsee.gov/files/reports/safety/ss-229c-ankor-energy-30-nov-2012.pdf,https://www.bsee.gov/sites/bsee.gov/files/reports/safety/ss-229c-ankor-energy-30-nov-2012.pdf,false,ss-229c-ankor-energy-30-nov-2012.pdf,SS,229C,ankor energy,30-nov-2012,2012-11-30,2012,false,,,11-30-2012,08:50,G00830,SS/ 229C,Other: Survival Capsule,1,,,,12486c06c09460d9ad7869acbcc1ae5d7c0dd90ef257f34cbcbf4a9c2ce896e6,
district,https://www.bsee.gov/what-we-do/incident-investigations/offshore-incident-investigations/district-investigation-reports,2014,,0,/sites/bsee.gov/files/reports/safety/ss-241-shell-25-sep-2014.pdf,https://www.bsee.gov/sites/bsee.gov/files/reports/safety/ss-241-shell-25-sep-2014.pdf,https://www.bsee.gov/sites/bsee.gov/files/reports/safety/ss-241-shell-25-sep-2014.pdf,false,ss-241-shell-25-sep-2014.pdf,SS,241,shell,25-sep-2014,2014-09-25,2014,false,,,09-25-2014,13:50,G01026,SS 241,Required Evacuation / Other Injury / Equipment Failure,1,,,,ec902d85cbe1815a88b6f86bb54247940ec09ad415e7376af796b56a6450e1d7,
district,https://www.bsee.gov/what-we-do/incident-investigations/offshore-incident-investigations/district-investigation-reports,2014,,0,/sites/bsee.gov/files/reports/safety/ss-274-fieldwood-energy-23-oct-2014.pdf,https://www.bsee.gov/sites/bsee.gov/files/reports/safety/ss-274-fieldwood-energy-23-oct-2014.pdf,https://www.bsee.gov/sites/bsee.gov/files/reports/safety/ss-274-fieldwood-energy-23-oct-2014.pdf,false,ss-274-fieldwood-energy-23-oct-2014.pdf,SS,274,fieldwood energy,23-oct-2014,2014-10-23,2014,false,,,10-23-2014,11:00,G01039,SS 274 C,Diverter / Required Muster / Gas Migration During Cementing,1,,,,85ed5fdbab1709e2cb98ac13cc41755139a8c76caa2b0eacea65457a17054081,
district,https://www.bsee.gov/what-we-do/incident-investigations/offshore-incident-investigations/district-investigation-reports/district-investigation-reports-archive,2012,,0,https://www.bsee.gov/sites/bsee.gov/files/reports/safety/ss-300-b-7-september-2012.pdf,https://www.bsee.gov/sites/bsee.gov/files/reports/safety/ss-300-b-7-september-2012.pdf,https://www.bsee.gov/sites/bsee.gov/files/reports/safety/ss-300-b-7-september-2012.pdf,false,ss-300-b-7-september-2012.pdf,SS,300 B,,7-september-2012,2012-09-07,2012,false,,no_operator_in_filename,09-07-2012,19:50,G07760,SS/300,Fire,1,,,,3a8e0daa65da48fc187d088f15b552623eaea57279a7aa9cee5d319bde94e508,
district,https://www.bsee.gov/what-we-do/incident-investigations/offshore-incident-investigations/district-investigation-reports,2014,,0,/sites/bsee.gov/files/reports/safety/ss-72-petroquest-05-nov-2014.pdf,https://www.bsee.gov/sites/bsee.gov/files/reports/safety/ss-72-petroquest-05-nov-2014.pdf,https://www.bsee.gov/sites/bsee.gov/files/reports/safety/ss-72-petroquest-05-nov-2014.pdf,false,ss-72-petroquest-05-nov-2014.pdf,SS,72,petroquest,05-nov-2014,2014-11-05,2014,false,,,11-05-2014,10:15,00060,SS 72,Fire / Equipment Failure,1,,,,de78f0b0e2a5e9cfb0657af092ec1269e10dfcc720715cbd262473cfa4e615e3,
district,https://www.bsee.gov/what-we-do/incident-investigations/offshore-incident-investigations/district-investigation-reports,2015,,0,/sites/bsee.gov/files/reports/safety/st-127-a-walter-oil-and-gas-28-jun-2015.pdf,https://www.bsee.gov/sites/bsee.gov/files/reports/safety/st-127-a-walter-oil-and-gas-28-jun-2015.pdf,https://www.bsee.gov/sites/bsee.gov/files/reports/safety/st-127-a-walter-oil-and-gas-28-jun-2015.pdf,false,st-127-a-walter-oil-and-gas-28-jun-2015.pdf,ST,127 A,walter oil and gas,28-jun-2015,2015-06-28,2015,false,,,06-28-2015,09:55,G33109,ST 127,Required Evacuation - LTA (>3 days),1,,,,2d82b9c17b010bf27a5f8008590f1419b17ffec2e0cac6c89c717bbcc74d06f2,
district,https://www.bsee.gov/what-we-do/incident-investigations/offshore-incident-investigations/district-investigation-reports/district-investigation-reports-archive,2013,,0,https://www.bsee.gov/sites/bsee.gov/files/reports/safety/st-127-walter-oil-and-gas-12-february-2013.pdf,https://www.bsee.gov/sites/bsee.gov/files/reports/safety/st-127-walter-oil-and-gas-12-february-2013.pdf,https://www.bsee.gov/sites/bsee.gov/files/reports/safety/st-127-walter-oil-and-gas-12-february-2013.pdf,false,st-127-walter-oil-and-gas-12-february-2013.pdf,ST,127,walter oil and gas,12-february-2013,2013-02-12,2013,false,,,02-12-2013,16:00,G33109,ST / 127,LTA (>3 days) / Head Injury,1,,,,46088111198fdba622bdfbf7fa22962b78c95351c5e81013e15a20e869361b88,
district,https://www.bsee.gov/what-we-do/incident-investigations/offshore-incident-investigations/district-investigation-reports,2015,,0,/sites/bsee.gov/files/reports/safety/st-131k-arena-offshore-07-june-2015.pdf,https://www.bsee.gov/sites/bsee.gov/files/reports/safety/st-131k-arena-offshore-07-june-2015.pdf,https://www.bsee.gov/sites/bsee.gov/files/reports/safety/st-131k-arena-offshore-07-june-2015.pdf,false,st-131k-arena-offshore-07-june-2015.pdf,ST,131K,arena offshore,07-june-2015,2015-06-07,2015,false,,,06-07-2015,08:40,00457,ST 131K,Collision >$25K,1,,,,798d406dbcede4c3f14a7f1276022258497074c19b290ade35cb5b96782d1e5d,
district,https://www.bsee.gov/what-we-do/incident-investigations/offshore-incident-investigations/district-investigation-reports/district-investigation-reports-archive,2013,,0,https://www.bsee.gov/sites/bsee.gov/files/reports/safety/st-205b-anadarko-01-nov-2013.pdf,https://www.bsee.gov/sites/bsee.gov/files/reports/safety/st-205b-anadarko-01-nov-2013.pdf,https://www.bsee.gov/sites/bsee.gov/files/reports/safety/st-205b-anadarko-01-nov-2013.pdf,false,st-205b-anadarko-01-nov-2013.pdf,ST,205B,anadarko,01-nov-2013,2013-11-01,2013,false,,,11-01-2013,12:15,G05612,ST 205 B,Required Evacuation / LTA (>3 Days) / Human Error,1,,,,0fc30999313df8c9d92717e489bc7bee4fd81a5a0ae0d5bf71bded4168dc9cf1,
district,https://www.bsee.gov/what-we-do/incident-investigations/offshore-incident-investigations/district-investigation-reports/district-investigation-reports-archive,2013,,0,https://www.bsee.gov/sites/bsee.gov/files/reports/safety/st-26-energy-partners-22-aug-2013.pdf,https://www.bsee.gov/sites/bsee.gov/files/reports/safety/st-26-energy-partners-22-aug-2013.pdf,https://www.bsee.gov/sites/bsee.gov/files/reports/safety/st-26-energy-partners-22-aug-2013.pdf,false,st-26-energy-partners-22-aug-2013.pdf,ST,26,energy partners,22-aug-2013,2013-08-22,2013,false,,,08-22-2013,15:45,G01870,ST 26,Required Evacuation/RW/JT (>3days)/Crane,1,,,,f46ae6779d2dedeaf07b47a1519f59298a0ddcd6b2bf787a358011feeb747278,
district,https://www.bsee.gov/what-we-do/incident-investigations/offshore-incident-investigations/district-investigation-reports,2015,,0,/sites/bsee.gov/files/reports/safety/st-27-energy-xxi-23-jan-2015.pdf,https://www.bsee.gov/sites/bsee.gov/files/reports/safety/st-27-energy-xxi-23-jan-2015.pdf,https://www.bsee.gov/sites/bsee.gov/files/reports/safety/st-27-energy-xxi-23-jan-2015.pdf,false,st-27-energy-xxi-23-jan-2015.pdf,ST,27,energy xxi,23-jan-2015,2015-01-23,2015,false,,,01-23-2015,04:30,G01443,ST 27,"Fire / Collision > $25,000 / Structural Damage / Incident > $25,000",1,,,,42244376e9cef23f51c104faffcc51651da81808c02535402c2ba54e289dcd57,
district,https://www.bsee.gov/what-we-do/incident-investigations/offshore-incident-investigations/district-investigation-reports,2014,,0,/sites/bsee.gov/files/reports/safety/st-285-walter-17-may-2014.pdf,https://www.bsee.gov/sites/bsee.gov/files/reports/safety/st-285-walter-17-may-2014.pdf,https://www.bsee.gov/sites/bsee.gov/files/reports/safety/st-285-walter-17-may-2014.pdf,false,st-285-walter-17-may-2014.pdf,ST,285,walter,17-may-2014,2014-05-17,2014,false,,,05-17-2014,08:30,G32224,ST 285,LTA (>3 days) / RW/JT (1-3 days) / Human Error,1,,,,258ff50ebd4c454a1564da9e66cb66a3c39260399195190ff6a9bc2871042e42,
district,https://www.bsee.gov/what-we-do/incident-investigations/offshore-incident-investigations/district-investigation-reports/district-investigation-reports-archive,2013,,0,https://www.bsee.gov/sites/bsee.gov/files/reports/safety/st-285-walter-oil-and-gas-20-dec-2013.pdf,https://www.bsee.gov/sites/bsee.gov/files/reports/safety/st-285-walter-oil-and-gas-20-dec-2013.pdf,https://www.bsee.gov/sites/bsee.gov/files/reports/safety/st-285-walter-oil-and-gas-20-dec-2013.pdf,false,st-285-walter-oil-and-gas-20-dec-2013.pdf,ST,285,walter oil and gas,20-dec-2013,2013-12-20,2013,false,,,12-20-2013,03:00,G32224,ST 285,Diverter,1,,,,af25e10a2b77c9abfe4751edcee4664c08e7ad5509496992649c2d6e12249751,
district,https://www.bsee.gov/what-we-do/incident-investigations/offshore-incident-investigations/district-investigation-reports/district-investigation-reports-archive,2012,,0,https://www.bsee.gov/sites/bsee.gov/files/reports/safety/st-63-ert-22-aug-2012.pdf,https://www.bsee.gov/sites/bsee.gov/files/reports/safety/st-63-ert-22-aug-2012.pdf,https://www.bsee.gov/sites/bsee.gov/files/reports/safety/st-63-ert-22-aug-2012.pdf,false,st-63-ert-22-aug-2012.pdf,ST,63,ert,22-aug-2012,2012-08-22,2012,false,,,08-22-2012,01:45,00599,ST/63,LTA (> 3 days)- Other,1,,,,657bd6591f47dee68686a883e62ca2bed2ec798b5ede043194b854c7d431c824,
district,https://www.bsee.gov/what-we-do/incident-investigations/offshore-incident-investigations/district-investigation-reports/district-investigation-reports-archive,2012,,0,https://www.bsee.gov/sites/bsee.gov/files/reports/safety/st-67-b-energy-xxi-23-october-2013.pdf,https://www.bsee.gov/sites/bsee.gov/files/reports/safety/st-67-b-energy-xxi-23-october-2013.pdf,https://www.bsee.gov/sites/bsee.gov/files/reports/safety/st-67-b-energy-xxi-23-october-2013.pdf,false,st-67-b-energy-xxi-23-october-2013.pdf,ST,67 B,energy xxi,23-october-2013,2013-10-23,2013,false,,,10-23-2012,11:00,00020,ST/67,Shear Ram Activation,1,,,,67e48831510f3032c83092f334b0fcb6ec5ac58fe8411304fd23c81d19068c0a,
district,https://www.bsee.gov/what-we-do/incident-investigations/offshore-incident-investigations/district-investigation-reports/district-investigation-reports-archive,2013,,0,https://www.bsee.gov/sites/bsee.gov/files/reports/safety/vk-817-flextrend-03-mar-2013.pdf,https://www.bsee.gov/sites/bsee.gov/files/reports/safety/vk-817-flextrend-03-mar-2013.pdf,https://www.bsee.gov/sites/bsee.gov/files/reports/safety/vk-817-flextrend-03-mar-2013.pdf,false,vk-817-flextrend-03-mar-2013.pdf,VK,817,flextrend,03-mar-2013,2013-03-03,2013,false,,,03-03-2013,06:30,G09743,VK 817,Pollution,1,,,,8686d8ebaf090ad65faf69fd8a2d4b4ebc908067a046febc60400933cc32d472,
district,https://www.bsee.gov/what-we-do/incident-investigations/offshore-incident-investigations/district-investigation-reports/district-investigation-reports-archive,2013,,0,https://www.bsee.gov/sites/bsee.gov/files/reports/safety/vk-989-stone-energy-07-apr-2013.pdf,https://www.bsee.gov/sites/bsee.gov/files/reports/safety/vk-989-stone-energy-07-apr-2013.pdf,https://www.bsee.gov/sites/bsee.gov/files/reports/safety/vk-989-stone-energy-07-apr-2013.pdf,false,vk-989-stone-energy-07-apr-2013.pdf,VK,989,stone energy,07-apr-2013,2013-04-07,2013,false,,,04-07-2013,12:45,G06898,VK 989,Fire,1,,,,ea1cf5d7424bffe62014808408e92b4be059b311c61485751238a7cc18f1a45e,
district,https://www.bsee.gov/what-we-do/incident-investigations/offshore-incident-investigations/district-investigation-reports/district-investigation-reports-archive,2012,,0,https://www.bsee.gov/sites/bsee.gov/files/reports/safety/vr-124e-black-elk-29-september-2012.pdf,https://www.bsee.gov/sites/bsee.gov/files/reports/safety/vr-124e-black-elk-29-september-2012.pdf,https://www.bsee.gov/sites/bsee.gov/files/reports/safety/vr-124e-black-elk-29-september-2012.pdf,false,vr-124e-black-elk-29-september-2012.pdf,VR,124E,black elk,29-september-2012,2012-09-29,2012,false,,,09-29-2012,04:55,00495,VR/124E,LTA>3 days Finger Injury,1,,,,4df57810b657dd5b4cd78a00e034e51183487888d8833106b7f484f7e23e1ae4,
district,https://www.bsee.gov/what-we-do/incident-investigations/offshore-incident-investigations/district-investigation-reports/district-investigation-reports-archive,2012,,0,https://www.bsee.gov/sites/bsee.gov/files/reports/safety/vr-131-stone-energy-17-september-2012.pdf,https://www.bsee.gov/sites/bsee.gov/files/reports/safety/vr-131-stone-energy-17-september-2012.pdf,https://www.bsee.gov/sites/bsee.gov/files/reports/safety/vr-131-stone-energy-17-september-2012.pdf,false,vr-131-stone-energy-17-september-2012.pdf,VR,131,stone energy,17-september-2012,2012-09-17,2012,false,,,09-17-2012,13:30,00775,VR/131,Crane Incident > 25K,1,,,,f6e1a6e1d5376950331475bf9d5d6d2cb1007a3962e7385ab75d4349af77b91d,
district,https://www.bsee.gov/what-we-do/incident-investigations/offshore-incident-investigations/district-investigation-reports/district-investigation-reports-archive,2013,,0,https://www.bsee.gov/sites/bsee.gov/files/reports/safety/vr-214a-chevron-12-jul-2013.pdf,https://www.bsee.gov/sites/bsee.gov/files/reports/safety/vr-214a-chevron-12-jul-2013.pdf,https://www.bsee.gov/sites/bsee.gov/files/reports/safety/vr-214a-chevron-12-jul-2013.pdf,false,vr-214a-chevron-12-jul-2013.pdf,VR,214A,chevron,12-jul-2013,2013-07-12,2013,false,,,05-12-2013,13:45,G02076,VR 214A,Required Evacuation/ RW/JT (>3Days) / Foot Injury,1,,,,f2ac16378054741c64659f7f8339a8ae2b5bcf2c5660f932adea66e77f63139c,
district,https://www.bsee.gov/what-we-do/incident-investigations/offshore-incident-investigations/district-investigation-reports/district-investigation-reports-archive,2013,,0,https://www.bsee.gov/sites/bsee.gov/files/reports/safety/vr-226a-w-t-offshore-23-oct-2013.pdf,https://www.bsee.gov/sites/bsee.gov/files/reports/safety/vr-226a-w-t-offshore-23-oct-2013.pdf,https://www.bsee.gov/sites/bsee.gov/files/reports/safety/vr-226a-w-t-offshore-23-oct-2013.pdf,false,vr-226a-w-t-offshore-23-oct-2013.pdf,VR,226A W,t offshore,23-oct-2013,2013-10-23,2013,false,,,10-23-2013,19:00,G01144,VR 226A,Crane / Equipment Failure,1,,,,e4f141e2808a2e2c91cf8941bda179836f552a21914ec1a64df0c82e6b01f90b,
district,https://www.bsee.gov/what-we-do/incident-investigations/offshore-incident-investigations/district-investigation-reports,2015,,0,/sites/bsee.gov/files/reports/safety/vr-279a-w-and-t-offshore-19-jun-2015.pdf,https://www.bsee.gov/sites/bsee.gov/files/reports/safety/vr-279a-w-and-t-offshore-19-jun-2015.pdf,https://www.bsee.gov/sites/bsee.gov/files/reports/safety/vr-279a-w-and-t-offshore-19-jun-2015.pdf,false,vr-279a-w-and-t-offshore-19-jun-2015.pdf,VR,279A W,and t offshore,19-jun-2015,2015-06-19,2015,false,,,06-19-2015,06:05,G11881,VR 279,Pollution,1,,,,35dccf985338b44868358b6b080afee1e48dc117a49d812146a3a7702295ea81,
district,https://www.bsee.gov/what-we-do/incident-investigations/offshore-incident-investigations/district-investigation-reports/district-investigation-reports-archive,2012,,0,https://www.bsee.gov/sites/bsee.gov/files/reports/safety/vr-340-nexon-petroleum-21-july-2012.pdf,https://www.bsee.gov/sites/bsee.gov/files/reports/safety/vr-340-nexon-petroleum-21-july-2012.pdf,https://www.bsee.gov/sites/bsee.gov/files/reports/safety/vr-340-nexon-petroleum-21-july-2012.pdf,false,vr-340-nexon-petroleum-21-july-2012.pdf,VR,340,nexon petroleum,21-july-2012,2012-07-21,2012,false,,,07-21-2012,10:48,G02091,VR/340,"Crane/Property Damage>$25,000",1,,,,235a0b83cb4755168650a93a41372472fa2b62ff03d1b07a2d8dba7ddf7fd9fd,
district,https://www.bsee.gov/what-we-do/incident-investigations/offshore-incident-investigations/district-investigation-reports,2014,,0,/sites/bsee.gov/files/reports/safety/vr-342-arena-offshore-13-nov-2014.pdf,https://www.bsee.gov/sites/bsee.gov/files/reports/safety/vr-342-arena-offshore-13-nov-2014.pdf,https://www.bsee.gov/sites/bsee.gov/files/reports/safety/vr-342-arena-offshore-13-nov-2014.pdf,false,vr-342-arena-offshore-13-nov-2014.pdf,VR,342,arena offshore,13-nov-2014,2014-11-13,2014,false,,,11-13-2014,19:30,G33608,VR 342,Pollution / Chemical Release / Human Error,1,,,,ae2f684438fb80470ced13d7a46e0587443296b8b53d779d44401617916992da,
district,https://www.bsee.gov/what-we-do/incident-investigations/offshore-incident-investigations/district-investigation-reports/district-investigation-reports-archive,2012,,0,https://www.bsee.gov/sites/bsee.gov/files/reports/safety/vr-342-arena-offshore-16-december-2012.pdf,https://www.bsee.gov/sites/bsee.gov/files/reports/safety/vr-342-arena-offshore-16-december-2012.pdf,https://www.bsee.gov/sites/bsee.gov/files/reports/safety/vr-342-arena-offshore-16-december-2012.pdf,false,vr-342-arena-offshore-16-december-2012.pdf,VR,342,arena offshore,16-december-2012,2012-12-16,2012,false,,,12-16-2012,18:00,G33608,VR/342,LTA 1-3 days/Head Injury,1,,,,801ac815e4d60ed136cc1c1404b07bf5d413c91fe7ab90f1013ddcb05985b209,
district,https://www.bsee.gov/what-we-do/incident-investigations/offshore-incident-investigations/district-investigation-reports/district-investigation-reports-archive,2013,,0,https://www.bsee.gov/sites/bsee.gov/files/reports/safety/vr-356-a-pisces-energy-12-july-2013.pdf,https://www.bsee.gov/sites/bsee.gov/files/reports/safety/vr-356-a-pisces-energy-12-july-2013.pdf,https://www.bsee.gov/sites/bsee.gov/files/reports/safety/vr-356-a-pisces-energy-12-july-2013.pdf,false,vr-356-a-pisces-energy-12-july-2013.pdf,VR,356 A,pisces energy,12-july-2013,2013-07-12,2013,false,,,04-10-2013,04:15,G17921,VR 356A,Diverter / Shutdown From Gas Release,1,,,,13ef101f538483fab1d4a2992222bf05ce1fad255ec62d37e1ec68694e2e0e7c,
district,https://www.bsee.gov/what-we-do/incident-investigations/offshore-incident-investigations/district-investigation-reports,2014,,0,/sites/bsee.gov/files/reports/safety/vr-369-a-black-elk-energy-18-apr-2014.pdf,https://www.bsee.gov/sites/bsee.gov/files/reports/safety/vr-369-a-black-elk-energy-18-apr-2014.pdf,https://www.bsee.gov/sites/bsee.gov/files/reports/safety/vr-369-a-black-elk-energy-18-apr-2014.pdf,false,vr-369-a-black-elk-energy-18-apr-2014.pdf,VR,369 A,black elk energy,18-apr-2014,2014-04-18,2014,false,,,04-18-2014,19:00,G02274,VR 369 A,Fire / Equipment Failure,1,,,,39ee1c8487528010eb4282dfcbb437eed19c4d0f12042397bd7f9818ee56d1b3,
district,https://www.bsee.gov/what-we-do/incident-investigations/offshore-incident-investigations/district-investigation-reports,2014,,0,/sites/bsee.gov/files/reports/safety/vr-379-a-ankor-energy-08-jun-2014.pdf,https://www.bsee.gov/sites/bsee.gov/files/reports/safety/vr-379-a-ankor-energy-08-jun-2014.pdf,https://www.bsee.gov/sites/bsee.gov/files/reports/safety/vr-379-a-ankor-energy-08-jun-2014.pdf,false,vr-379-a-ankor-energy-08-jun-2014.pdf,VR,379 A,ankor energy,08-jun-2014,2014-06-08,2014,false,,,06-08-2014,10:30,G02579,VR 379 A,Required Evacuation / Neck and Shoulder Injuries,1,,,,923a7afca584067e0fb863cea02354b2a6aa1c0c71cc4242c3844e5f7746d8b9,
district,https://www.bsee.gov/what-we-do/incident-investigations/offshore-incident-investigations/district-investigation-reports/district-investigation-reports-archive,2012,,0,https://www.bsee.gov/sites/bsee.gov/files/reports/safety/vr-398-mcmoran-1-aug-2012.pdf,https://www.bsee.gov/sites/bsee.gov/files/reports/safety/vr-398-mcmoran-1-aug-2012.pdf,https://www.bsee.gov/sites/bsee.gov/files/reports/safety/vr-398-mcmoran-1-aug-2012.pdf,false,vr-398-mcmoran-1-aug-2012.pdf,VR,398,mcmoran,1-aug-2012,2012-08-01,2012,false,,,08-01-2012,00:20,G09529,VR/398,Structural Damage/Required Muster,1,,,,22d15a5547b11e7c97fdccbd9dcb86d8a74463d235375a85997eace348750ab5,
district,https://www.bsee.gov/what-we-do/incident-investigations/offshore-incident-investigations/district-investigation-reports/district-investigation-reports-archive,2013,,0,https://www.bsee.gov/sites/bsee.gov/files/reports/safety/vr-52-arena-offshore-31may2013.pdf,https://www.bsee.gov/sites/bsee.gov/files/reports/safety/vr-52-arena-offshore-31may2013.pdf,https://www.bsee.gov/sites/bsee.gov/files/reports/safety/vr-52-arena-offshore-31may2013.pdf,false,vr-52-arena-offshore-31may2013.pdf,VR,52,arena offshore,31may2013,2013-05-31,2013,false,,,05-31-2013,12:30,G22606,VR 52,Fire,1,,,,bb2593d57d04a8acf8056544a2318233ecc43311890e9734d565dd7a026b3544,
district,https://www.bsee.gov/what-we-do/incident-investigations/offshore-incident-investigations/district-investigation-reports/district-investigation-reports-archive,2012,,0,https://www.bsee.gov/sites/bsee.gov/files/reports/safety/wc-111-f-apache-13-oct-2012.pdf,https://www.bsee.gov/sites/bsee.gov/files/reports/safety/wc-111-f-apache-13-oct-2012.pdf,https://www.bsee.gov/sites/bsee.gov/files/reports/safety/wc-111-f-apache-13-oct-2012.pdf,false,wc-111-f-apache-13-oct-2012.pdf,WC,111 F,apache,13-oct-2012,2012-10-13,2012,false,,,10-13-2012,12:00,00082,WC/111,LTA>3days/ Burn Injury,1,,,,f08e20a5e18aa32d6e45e9ba01f1d2761af882598952be7f3e87ac22b888dd83,
district,https://www.bsee.gov/what-we-do/incident-investigations/offshore-incident-investigations/district-investigation-reports/district-investigation-reports-archive,2013,,0,https://www.bsee.gov/sites/bsee.gov/files/reports/safety/wc-20-d-black-elk-1-february-2013.pdf,https://www.bsee.gov/sites/bsee.gov/files/reports/safety/wc-20-d-black-elk-1-february-2013.pdf,https://www.bsee.gov/sites/bsee.gov/files/reports/safety/wc-20-d-black-elk-1-february-2013.pdf,false,wc-20-d-black-elk-1-february-2013.pdf,WC,20 D,black elk,1-february-2013,2013-02-01,2013,false,,,02-01-2013,16:10,00680,WC 20,Shutdown from Gas Release,1,,,,85730cb9fd1aba3d8bb00cecb5e61a217535cd34ac4f6586d1e43b0812b76b17,
district,https://www.bsee.gov/what-we-do/incident-investigations/offshore-incident-investigations/district-investigation-reports/district-investigation-reports-archive,2012,,0,https://www.bsee.gov/sites/bsee.gov/files/reports/safety/wc-205-apache-5-september-2012.pdf,https://www.bsee.gov/sites/bsee.gov/files/reports/safety/wc-205-apache-5-september-2012.pdf,https://www.bsee.gov/sites/bsee.gov/files/reports/safety/wc-205-apache-5-september-2012.pdf,false,wc-205-apache-5-september-2012.pdf,WC,205,apache,5-september-2012,2012-09-05,2012,false,,,09-05-2012,20:30,G02832,WC/205,LTA>3 days Injury to Fingers,1,,,,d69585cc80dfd897f754dc06879ceb53ea37b4ad69667a796546ecc966b5051a,
district,https://www.bsee.gov/what-we-do/incident-investigations/offshore-incident-investigations/district-investigation-reports,2014,,0,/sites/bsee.gov/files/reports/safety/wc-544a-arena-offshore-24-oct-2014.pdf,https://www.bsee.gov/sites/bsee.gov/files/reports/safety/wc-544a-arena-offshore-24-oct-2014.pdf,https://www.bsee.gov/sites/bsee.gov/files/reports/safety/wc-544a-arena-offshore-24-oct-2014.pdf,false,wc-544a-arena-offshore-24-oct-2014.pdf,WC,544A,arena offshore,24-oct-2014,2014-10-24,2014,false,,,10-24-2014,14:55,G14342,WC 544,Required Evacuation / LTA (>3 days) / Equipment Failure,1,,,,3313efa66e0a5b7040a9b170694346e11380bd32832d1d9f3416b1bf45ac037d,
district,https://www.bsee.gov/what-we-do/incident-investigations/offshore-incident-investigations/district-investigation-reports/district-investigation-reports-archive,2012,,0,https://www.bsee.gov/sites/bsee.gov/files/reports/safety/wc-639-a-mcmoran-28-september-2012.pdf,https://www.bsee.gov/sites/bsee.gov/files/reports/safety/wc-639-a-mcmoran-28-september-2012.pdf,https://www.bsee.gov/sites/bsee.gov/files/reports/safety/wc-639-a-mcmoran-28-september-2012.pdf,false,wc-639-a-mcmoran-28-september-2012.pdf,WC,639 A,mcmoran,28-september-2012,2012-09-28,2012,false,,,09-28-2012,09:15,G02027,WC/639,RW/JT>3 days Hand Injury,1,,,,7a3c01a7b4d635706e5d8d8a26215e6606c72d18faca5f98fc092b36ceeed693,
district,https://www.bsee.gov/what-we-do/incident-investigations/offshore-incident-investigations/district-investigation-reports/district-investigation-reports-archive,2013,,0,https://www.bsee.gov/sites/bsee.gov/files/reports/safety/wd-105-e-apache-12-july-2013.pdf,https://www.bsee.gov/sites/bsee.gov/files/reports/safety/wd-105-e-apache-12-july-2013.pdf,https://www.bsee.gov/sites/bsee.gov/files/reports/safety/wd-105-e-apache-12-july-2013.pdf,false,wd-105-e-apache-12-july-2013.pdf,WD,105 E,apache,12-july-2013,2013-07-12,2013,false,,,03-18-2013,08:45,G00842,WD 105E,Required Evacuation/ Injury / Crane,1,,,,36a0e40afa0b72512af87f782043ab2867062fc3ed6e32bd489731ce70a5f90d,
district,https://www.bsee.gov/what-we-do/incident-investigations/offshore-incident-investigations/district-investigation-reports/district-investigation-reports-archive,2013,,0,https://www.bsee.gov/sites/bsee.gov/files/reports/safety/wd-27b-epl-oil-and-gas-17-dec-2013.pdf,https://www.bsee.gov/sites/bsee.gov/files/reports/safety/wd-27b-epl-oil-and-gas-17-dec-2013.pdf,https://www.bsee.gov/sites/bsee.gov/files/reports/safety/wd-27b-epl-oil-and-gas-17-dec-2013.pdf,false,wd-27b-epl-oil-and-gas-17-dec-2013.pdf,WD,27B,epl oil and gas,17-dec-2013,2013-12-17,2013,false,,,12-17-2013,10:45,G04473,WD 27B,"Required Evacuation / LTA (>3 Days) / Slip, Trip, Fall",1,,,,35df76b2eb39673efcb8e726a48758eaa4548d5ed7edace69354e83cbe47a959,
district,https://www.bsee.gov/what-we-do/incident-investigations/offshore-incident-investigations/district-investigation-reports,2014,,0,/sites/bsee.gov/files/reports/safety/wd-32-energy-xxi-gom-30-jul-2014.pdf,https://www.bsee.gov/sites/bsee.gov/files/reports/safety/wd-32-energy-xxi-gom-30-jul-2014.pdf,https://www.bsee.gov/sites/bsee.gov/files/reports/safety/wd-32-energy-xxi-gom-30-jul-2014.pdf,false,wd-32-energy-xxi-gom-30-jul-2014.pdf,WD,32,energy xxi gom,30-jul-2014,2014-07-30,2014,false,,,07-30-2014,20:30,00367,WD 32,Crane / Human Error,1,,,,5d5f804852159c632ff80fb549343e9673e028c753c1f5a9c6dcf390f2ff5622,
district,https://www.bsee.gov/what-we-do/incident-investigations/offshore-incident-investigations/district-investigation-reports,2014,,0,/sites/bsee.gov/files/reports/safety/wd-32e-energy-xxi-25-mar-2014.pdf,https://www.bsee.gov/sites/bsee.gov/files/reports/safety/wd-32e-energy-xxi-25-mar-2014.pdf,https://www.bsee.gov/sites/bsee.gov/files/reports/safety/wd-32e-energy-xxi-25-mar-2014.pdf,false,wd-32e-energy-xxi-25-mar-2014.pdf,WD,32E,energy xxi,25-mar-2014,2014-03-25,2014,false,,,03-25-2014,22:00,00367,WD 32,Fire / Crane / Equipment Failure,1,,,,239452acb1aad4b63620fdbe039871afa59d534a1248a34d0b54abf639853b94,
district,https://www.bsee.gov/what-we-do/incident-investigations/offshore-incident-investigations/district-investigation-reports/district-investigation-reports-archive,2012,,0,https://www.bsee.gov/sites/bsee.gov/files/reports/safety/wd-70-gom-shelf-4-september-2012.pdf,https://www.bsee.gov/sites/bsee.gov/files/reports/safety/wd-70-gom-shelf-4-september-2012.pdf,https://www.bsee.gov/sites/bsee.gov/files/reports/safety/wd-70-gom-shelf-4-september-2012.pdf,false,wd-70-gom-shelf-4-september-2012.pdf,WD,70,gom shelf,4-september-2012,2012-09-04,2012,false,,,09-04-2012,11:30,00182,WD 70,Pollution/Fire,1,,,,d2fecb824c42a68bcdc97e9e093929efd813d4f511e7ad8cd95205a9f7335c53,
district,https://www.bsee.gov/what-we-do/incident-investigations/offshore-incident-investigations/district-investigation-reports/district-investigation-reports-archive,2012,,0,https://www.bsee.gov/sites/bsee.gov/files/reports/safety/wd-73-energy-xxi-13-sep-2012.pdf,https://www.bsee.gov/sites/bsee.gov/files/reports/safety/wd-73-energy-xxi-13-sep-2012.pdf,https://www.bsee.gov/sites/bsee.gov/files/reports/safety/wd-73-energy-xxi-13-sep-2012.pdf,false,wd-73-energy-xxi-13-sep-2012.pdf,WD,73,energy xxi,13-sep-2012,2012-09-13,2012,false,,,09-13-2012,03:30,G01083,WD 73,"Damaged/Disabled Safety System / Incident > $25,000",1,,,,61cc9ff57a1b76310671483bea14db0b2f6509de17631c865c54b95a1b511eba,
district,https://www.bsee.gov/what-we-do/incident-investigations/offshore-incident-investigations/district-investigation-reports,2015,,0,/sites/bsee.gov/files/reports/safety/wr-160-statoil-gom-13-aug-2015.pdf,https://www.bsee.gov/sites/bsee.gov/files/reports/safety/wr-160-statoil-gom-13-aug-2015.pdf,https://www.bsee.gov/sites/bsee.gov/files/reports/safety/wr-160-statoil-gom-13-aug-2015.pdf,false,wr-160-statoil-gom-13-aug-2015.pdf,WR,160,statoil gom,13-aug-2015,2015-08-13,2015,false,,,08-13-2015,00:30,G34634,WR 160,Other Lifting Device,1,,,,a840eb4d79069b88d5e0fcb7c2d932c890e9c0ecba9a0f55a882667f081ce87b,
district,https://www.bsee.gov/what-we-do/incident-investigations/offshore-incident-investigations/district-investigation-reports,2015,,0,/sites/bsee.gov/files/reports/safety/wr-160-statoil-gom-22-oct-2015.pdf,https://www.bsee.gov/sites/bsee.gov/files/reports/safety/wr-160-statoil-gom-22-oct-2015.pdf,https://www.bsee.gov/sites/bsee.gov/files/reports/safety/wr-160-statoil-gom-22-oct-2015.pdf,false,wr-160-statoil-gom-22-oct-2015.pdf,WR,160,statoil gom,22-oct-2015,2015-10-22,2015,false,,,10-22-2015,06:00,G34634,GC 643,RW/JT (1-3days) – Other Injury – Other Lifting Device,1,,,,64c01790a24d578ce46ab29c45d065b8ec940e256276eb7e8cdee2e9bdff6aca,
district,https://www.bsee.gov/what-we-do/incident-investigations/offshore-incident-investigations/district-investigation-reports,2015,,0,/sites/bsee.gov/files/reports/safety/wr-160-statoil-gom-24-oct-2015.pdf,https://www.bsee.gov/sites/bsee.gov/files/reports/safety/wr-160-statoil-gom-24-oct-2015.pdf,https://www.bsee.gov/sites/bsee.gov/files/reports/safety/wr-160-statoil-gom-24-oct-2015.pdf,false,wr-160-statoil-gom-24-oct-2015.pdf,WR,160,statoil gom,24-oct-2015,2015-10-24,2015,false,,,10-24-2015,23:15,G34634,WR 160,Other Lifting Device,1,,,,7253ee2d1606abca2ee4e6df13676061564ed359b46b433552add045bd519a82,
district,https://www.bsee.gov/what-we-do/incident-investigations/offshore-incident-investigations/district-investigation-reports,2015,,0,/sites/bsee.gov/files/reports/safety/wr-160-statoil-gom-31-aug-2015.pdf,https://www.bsee.gov/sites/bsee.gov/files/reports/safety/wr-160-statoil-gom-31-aug-2015.pdf,https://www.bsee.gov/sites/bsee.gov/files/reports/safety/wr-160-statoil-gom-31-aug-2015.pdf,false,wr-160-statoil-gom-31-aug-2015.pdf,WR,160,statoil gom,31-aug-2015,2015-08-31,2015,false,,,08-31-2015,01:00,G34634,WR 160,Other Lifting Device,1,,,,ae77b0275cb54c133c341b2c262990bc4aeea3f50a184abf3c86ce53603ac5a1,
district,https://www.bsee.gov/what-we-do/incident-investigations/offshore-incident-investigations/district-investigation-reports/district-investigation-reports-archive,2013,,0,https://www.bsee.gov/sites/bsee.gov/files/reports/safety/wr-425-petrobras-america-15-july-2013.pdf,https://www.bsee.gov/sites/bsee.gov/files/reports/safety/wr-425-petrobras-america-15-july-2013.pdf,https://www.bsee.gov/sites/bsee.gov/files/reports/safety/wr-425-petrobras-america-15-july-2013.pdf,false,wr-425-petrobras-america-15-july-2013.pdf,WR,425,petrobras america,15-july-2013,2013-07-15,2013,false,,,01-15-2013,02:00,G16987,WR/ 425,Required Evacuation / LTA (>3 Days) Multiple Bodily Injuries,1,,,,87ad8561689e945ea36d9b415594a4ab598d55c587ec49c8cc6e9645b9e9730b,
district,https://www.bsee.gov/what-we-do/incident-investigations/offshore-incident-investigations/district-investigation-reports,2015,,0,/sites/bsee.gov/files/reports/safety/wr-469-petrobras-14-feb-2015.pdf,https://www.bsee.gov/sites/bsee.gov/files/reports/safety/wr-469-petrobras-14-feb-2015.pdf,https://www.bsee.gov/sites/bsee.gov/files/reports/safety/wr-469-petrobras-14-feb-2015.pdf,false,wr-469-petrobras-14-feb-2015.pdf,WR,469,petrobras,14-feb-2015,2015-02-14,2015,false,,,02-14-2015,23:30,G16997,WR 469,Dropped Object / Equipment Failure,1,,,,cc09cd3201566b63efb02a6e77c52666a47926cd855194cd899ceadd3942da1e,
district,https://www.bsee.gov/what-we-do/incident-investigations/offshore-incident-investigations/district-investigation-reports,2014,,0,/sites/bsee.gov/files/reports/safety/wr-508-shell-11-dec-2014.pdf,https://www.bsee.gov/sites/bsee.gov/files/reports/safety/wr-508-shell-11-dec-2014.pdf,https://www.bsee.gov/sites/bsee.gov/files/reports/safety/wr-508-shell-11-dec-2014.pdf,false,wr-508-shell-11-dec-2014.pdf,WR,508,shell,11-dec-2014,2014-12-11,2014,false,,,12-11-2014,08:13,G17001,WR 508,Pollution / Human Error,1,,,,1e0f421a67642f7906d1defe579eb4f3e03baaee664b61fba00beba4f7a69e15,
district,https://www.bsee.gov/what-we-do/incident-investigations/offshore-incident-investigations/district-investigation-reports,2014,,0,/sites/bsee.gov/files/reports/safety/wr-578-marathon-oil-27-oct-2014.pdf,https://www.bsee.gov/sites/bsee.gov/files/reports/safety/wr-578-marathon-oil-27-oct-2014.pdf,https://www.bsee.gov/sites/bsee.gov/files/reports/safety/wr-578-marathon-oil-27-oct-2014.pdf,false,wr-578-marathon-oil-27-oct-2014.pdf,WR,578,marathon oil,27-oct-2014,2014-10-27,2014,false,,,10-27-2014,02:10,G33379,WR 578,Well Control Event (Shut In),1,,,,05402b8688716b950af2ee07147ecb3c7836708a680b9cec4be80178db642154,
district,https://www.bsee.gov/what-we-do/incident-investigations/offshore-incident-investigations/district-investigation-reports,2015,,0,/sites/bsee.gov/files/reports/safety/wr-677-chevron-23-dec-2015.pdf,https://www.bsee.gov/sites/bsee.gov/files/reports/safety/wr-677-chevron-23-dec-2015.pdf,https://www.bsee.gov/sites/bsee.gov/files/reports/safety/wr-677-chevron-23-dec-2015.pdf,false,wr-677-chevron-23-dec-2015.pdf,WR,677,chevron,23-dec-2015,2015-12-23,2015,false,,,12-23-2015,11:20,G17015,WR 677,Equipment Failure,1,,,,c01cd74551b145fabb2ce6d39f97f7804b16ec4c9dbd424b80958662917344a1,
district,https://www.bsee.gov/what-we-do/incident-investigations/offshore-incident-investigations/district-investigation-reports,2015,,0,/sites/bsee.gov/files/reports/safety/wr508-shell-26-mar-2015.pdf,https://www.bsee.gov/sites/bsee.gov/files/reports/safety/wr508-shell-26-mar-2015.pdf,https://www.bsee.gov/sites/bsee.gov/files/reports/safety/wr508-shell-26-mar-2015.pdf,false,wr508-shell-26-mar-2015.pdf,WR,508,shell,26-mar-2015,2015-03-26,2015,false,,,03-26-2015,0900,G17001,WR 508,Incident >$25K - Item Lost Overboard,1,,,,f093e70e75d75eac34064ace95b94c0c501c82f99dff08eb8995e855d02cfd2e,
district,https://www.bsee.gov/what-we-do/incident-investigations/offshore-incident-investigations/district-investigation-reports,2015,,0,/sites/bsee.gov/files/reports/safety/wr51-anadarko-08aug2015.pdf,https://www.bsee.gov/sites/bsee.gov/files/reports/safety/wr51-anadarko-08aug2015.pdf,https://www.bsee.gov/sites/bsee.gov/files/reports/safety/wr51-anadarko-08aug2015.pdf,false,wr51-anadarko-08aug2015.pdf,WR,51,anadarko,08aug2015,2015-08-08,2015,false,,,08-08-2015,15:55,G31938,WR 51,Pollution,1,,,,cc4ba0cd3e05335917b1c32d65ee7f2011cf1754c09c8e448f112c1e37d20ba1,
district,https://www.bsee.gov/what-we-do/incident-investigations/offshore-incident-investigations/district-investigation-reports,2019,,0,sites/bsee.gov/files/reports//sm-130-talos-20-may-2019.pdf,https://www.bsee.gov/sites/bsee.gov/files/reports/sm-130-talos-20-may-2019.pdf,https://www.bsee.gov/sites/bsee.gov/files/reports/sm-130-talos-20-may-2019.pdf,false,sm-130-talos-20-may-2019.pdf,SM,130,talos,20-may-2019,2019-05-20,2019,false,,,05-20-2019,14:00,G02280,SM 130,"Injury Required Evacuation, LTA (>3 Days)",1,,,,9352b73cd8d43fa20bdebb1bcaf57bc17b452cecb964be5d16ee6ef28b683796,
district,https://www.bsee.gov/what-we-do/incident-investigations/offshore-incident-investigations/district-investigation-reports,2019,,0,sites/bsee.gov/files/reports//sm-58-byron-7-oct-2019.pdf,https://www.bsee.gov/sites/bsee.gov/files/reports/sm-58-byron-7-oct-2019.pdf,https://www.bsee.gov/sites/bsee.gov/files/reports/sm-58-byron-7-oct-2019.pdf,false,sm-58-byron-7-oct-2019.pdf,SM,58,byron,7-oct-2019,2019-10-07,2019,false,,,10-07-2019,15:30,G01194,SM 58,"Required Evactuation, RW/JT (1-3 days)",1,,,,03c3031abece502b1fd569fa9c2e6e4984e74e3b67dcf3190b047c77025da5ee,
district,https://www.bsee.gov/what-we-do/incident-investigations/offshore-incident-investigations/district-investigation-reports,2019,,0,sites/bsee.gov/files/reports//sp60-fieldwood-energy-offshore-llc-5jun2019.pdf,https://www.bsee.gov/sites/bsee.gov/files/reports/sp60-fieldwood-energy-offshore-llc-5jun2019.pdf,https://www.bsee.gov/sites/bsee.gov/files/reports/sp60-fieldwood-energy-offshore-llc-5jun2019.pdf,false,sp60-fieldwood-energy-offshore-llc-5jun2019.pdf,SP,60,fieldwood energy offshore llc,5jun2019,2019-06-05,2019,false,,,06-05-2019,09:15,G01608,SP 60,Other Injury,1,,,,016558655bf338bc95e28d4824c677910f81e8c5cb2b0df022335752e5b6bab4,
district,https://www.bsee.gov/what-we-do/incident-investigations/offshore-incident-investigations/district-investigation-reports/district-investigation-reports-archive,2004,,0,https://www.bsee.gov/sites/bsee.gov/files/safety/09-mar-2004-p00450.pdf,https://www.bsee.gov/sites/bsee.gov/files/safety/09-mar-2004-p00450.pdf,https://www.bsee.gov/sites/bsee.gov/files/safety/09-mar-2004-p00450.pdf,false,09-mar-2004-p00450.pdf,,,p00450,09-mar-2004,2004-03-09,2004,false,,no_area_block_in_filename,03-09-2004,11:30,P00450,SM/6524,Rig Installation,1,,,,48bb6204394bc5208a074fc98be9070478fedd30d73753a4b9ceb43b22695df1,
district,https://www.bsee.gov/what-we-do/incident-investigations/offshore-incident-investigations/district-investigation-reports,2019,,0,/sites/bsee.gov/files/santizied-2010-for-ei-333-dated-052419.pdf,https://www.bsee.gov/sites/bsee.gov/files/santizied-2010-for-ei-333-dated-052419.pdf,https://www.bsee.gov/sites/bsee.gov/files/santizied-2010-for-ei-333-dated-052419.pdf,false,santizied-2010-for-ei-333-dated-052419.pdf,EI,333,santizied for dated,,,,false,,no_date_token,05-24-2019,1600,G02317,EI 333,"Injury Required Evacuation, LTA (>3 days)",1,,,,ba9847d620df2bc53906080a4dd6dab01e00964a1068d0f71ba518e714c84b4e,
district,https://www.bsee.gov/what-we-do/incident-investigations/offshore-incident-investigations/district-investigation-reports,2021,,0,/sites/bsee.gov/files/shell-mc-764-20-nov-2021.pdf,https://www.bsee.gov/sites/bsee.gov/files/shell-mc-764-20-nov-2021.pdf,https://www.bsee.gov/sites/bsee.gov/files/shell-mc-764-20-nov-2021.pdf,false,shell-mc-764-20-nov-2021.pdf,MC,764,shell,20-nov-2021,2021-11-20,2021,false,,,11-20-2021,02:15,G08852,MC 764,Incident >$25K Damage and recovery - Other Dropped Objects,1,,,,fddc1ce76670c6d7e9e89e047fb2422212c60c15af1a56cc7bd7757c56d67ddd,
district,https://www.bsee.gov/what-we-do/incident-investigations/offshore-incident-investigations/district-investigation-reports,2022,,0,/sites/bsee.gov/files/shell-mc-809-a-20-aug-2022.pdf,https://www.bsee.gov/sites/bsee.gov/files/shell-mc-809-a-20-aug-2022.pdf,https://www.bsee.gov/sites/bsee.gov/files/shell-mc-809-a-20-aug-2022.pdf,false,shell-mc-809-a-20-aug-2022.pdf,MC,809 A,shell,20-aug-2022,2022-08-20,2022,false,,,08-20-2022,10:07,G05868,MC 809 A,Fire,1,,,,4aa850016b01eeb4a182f7521444bd7a938aa61bd5039447d1551a4f4ff120ad,
district,https://www.bsee.gov/what-we-do/incident-investigations/offshore-incident-investigations/district-investigation-reports,2022,,0,/sites/bsee.gov/files/shell-mc-940-8-may-2022.pdf,https://www.bsee.gov/sites/bsee.gov/files/shell-mc-940-8-may-2022.pdf,https://www.bsee.gov/sites/bsee.gov/files/shell-mc-940-8-may-2022.pdf,false,shell-mc-940-8-may-2022.pdf,MC,940,shell,8-may-2022,2022-05-08,2022,false,,,05-08-2022,11:30,G-31534,MC 940,Pollution,1,,,,8cb07cd4e9758fcd29d6fca1e1fe8de3b8339dc4125ce188632e3019a8b024c4,
district,https://www.bsee.gov/what-we-do/incident-investigations/offshore-incident-investigations/district-investigation-reports,2018,,0,/sites/bsee.gov/files/sm105-fieldwood-07jul2018.pdf,https://www.bsee.gov/sites/bsee.gov/files/sm105-fieldwood-07jul2018.pdf,https://www.bsee.gov/sites/bsee.gov/files/sm105-fieldwood-07jul2018.pdf,false,sm105-fieldwood-07jul2018.pdf,SM,105,fieldwood,07jul2018,2018-07-07,2018,false,,,07-07-2018,11:15,G17938,SM 105,"Required Evac., LTA (>3 days)",1,,,,f8ad20cbca3ca4e6be8e03a39813c698fcfdecdc45322d0228baa27a89033854,
district,https://www.bsee.gov/what-we-do/incident-investigations/offshore-incident-investigations/district-investigation-reports,2017,,0,/sites/bsee.gov/files/sm130-20170911.pdf,https://www.bsee.gov/sites/bsee.gov/files/sm130-20170911.pdf,https://www.bsee.gov/sites/bsee.gov/files/sm130-20170911.pdf,false,sm130-20170911.pdf,SM,130,,20170911,2017-09-11,2017,false,,no_operator_in_filename,09-11-2017,11:38,G02280,SM 130 A,Injury -  Severed Finger,1,,,,25a4f8765d39d112f2d7e1ffe7ce999ad0e235aa3974c9740942bab94c4ae40f,
district,https://www.bsee.gov/what-we-do/incident-investigations/offshore-incident-investigations/district-investigation-reports,2021,,0,/sites/bsee.gov/files/sm149-c-fieldwood-07-jan-2021.pdf,https://www.bsee.gov/sites/bsee.gov/files/sm149-c-fieldwood-07-jan-2021.pdf,https://www.bsee.gov/sites/bsee.gov/files/sm149-c-fieldwood-07-jan-2021.pdf,false,sm149-c-fieldwood-07-jan-2021.pdf,SM,149 C,fieldwood,07-jan-2021,2021-01-07,2021,false,,,01-07-2021,13:30,G02592,SM 149,Injury - required evacuation - LTA (>3 days),1,,,,affebb7a3eccf54494d42f64c79aef0053842bd52da7f12776d7619cb99bf291,
district,https://www.bsee.gov/what-we-do/incident-investigations/offshore-incident-investigations/district-investigation-reports,2020,,0,/sites/bsee.gov/files/sm149-fieldwood-17feb2020.pdf,https://www.bsee.gov/sites/bsee.gov/files/sm149-fieldwood-17feb2020.pdf,https://www.bsee.gov/sites/bsee.gov/files/sm149-fieldwood-17feb2020.pdf,false,sm149-fieldwood-17feb2020.pdf,SM,149,fieldwood,17feb2020,2020-02-17,2020,false,,,02-17-2020,08:00,G02592,SM 149,Injury - Required Evacuation - Crane,1,,,,8b6324663e76fbf6d8a79243a206be6e0a15d3138db521aea6df7603ce26483e,
district,https://www.bsee.gov/what-we-do/incident-investigations/offshore-incident-investigations/district-investigation-reports,2020,,0,/sites/bsee.gov/files/sm223-21mar2020-cox-r2.pdf,https://www.bsee.gov/sites/bsee.gov/files/sm223-21mar2020-cox-r2.pdf,https://www.bsee.gov/sites/bsee.gov/files/sm223-21mar2020-cox-r2.pdf,false,sm223-21mar2020-cox-r2.pdf,SM,223,cox r2,21mar2020,2020-03-21,2020,false,,,03-21-2020,12:00,00310,SM 223,– finger injury,1,,,,0b8b7da56d8527cf1195a1296028fd2fdf382ab7102aed6c713c3b54c44f9d24,
district,https://www.bsee.gov/what-we-do/incident-investigations/offshore-incident-investigations/district-investigation-reports,2022,,0,/sites/bsee.gov/files/sm237-177-cox-operating-02-aug-2022.pdf,https://www.bsee.gov/sites/bsee.gov/files/sm237-177-cox-operating-02-aug-2022.pdf,https://www.bsee.gov/sites/bsee.gov/files/sm237-177-cox-operating-02-aug-2022.pdf,false,sm237-177-cox-operating-02-aug-2022.pdf,SM,237,cox operating,02-aug-2022,2022-08-02,2022,false,,,08-02-2022,1130,00310,SM 237 #177,LTA > 3 Days,1,,,,656be3241d69e349e661417af2a575859fd6872058dad58478d831250496b45c,
district,https://www.bsee.gov/what-we-do/incident-investigations/offshore-incident-investigations/district-investigation-reports,2019,,0,sites/bsee.gov/files/sm58-byron-energy-09112019.pdf,https://www.bsee.gov/sites/bsee.gov/files/sm58-byron-energy-09112019.pdf,https://www.bsee.gov/sites/bsee.gov/files/sm58-byron-energy-09112019.pdf,false,sm58-byron-energy-09112019.pdf,SM,58,byron energy,09112019,2019-09-11,2019,false,,,09-11-2019,13:30,G01194,SM 58,-Other Lifting,1,,,,3b20ed9c0b0ccd69f8f6bb87196b4d43a7a1c7e1990af4913071afd69b1da412,
district,https://www.bsee.gov/what-we-do/incident-investigations/offshore-incident-investigations/district-investigation-reports,2017,https://www.bsee.gov/sm93-ert-14-nov-2017,0,/sites/bsee.gov/files/sm93-ert-14-nov-2017.pdf,https://www.bsee.gov/sites/bsee.gov/files/sm93-ert-14-nov-2017.pdf,https://www.bsee.gov/sites/bsee.gov/files/sm93-ert-14-nov-2017.pdf,false,sm93-ert-14-nov-2017.pdf,SM,93,ert,14-nov-2017,2017-11-14,2017,false,,,11-14-2017,12:15,G21618,SM 93,"Injury - LTA (1-3 days), Required Evacuation",1,,,,5a5f502566a738133ef5c5454ae77ffbc33049028f9fbad53b4058c6c6287d72,
district,https://www.bsee.gov/what-we-do/incident-investigations/offshore-incident-investigations/district-investigation-reports,2018,,0,/sites/bsee.gov/files/sm99-cox-06-oct-2018.pdf,https://www.bsee.gov/sites/bsee.gov/files/sm99-cox-06-oct-2018.pdf,https://www.bsee.gov/sites/bsee.gov/files/sm99-cox-06-oct-2018.pdf,false,sm99-cox-06-oct-2018.pdf,SM,99,cox,06-oct-2018,2018-10-06,2018,false,,,10-06-2018,09:30,G04109,SM 99,"Required Evac., RW/JT (1-3 days)",1,,,,20df10885d2c39c63fa87b04d277013a28a99a78052711493ac60d4290cc0dc2,
district,https://www.bsee.gov/what-we-do/incident-investigations/offshore-incident-investigations/district-investigation-reports,2020,,0,/sites/bsee.gov/files/sp-49-cox-operating-8-sep-2020.pdf,https://www.bsee.gov/sites/bsee.gov/files/sp-49-cox-operating-8-sep-2020.pdf,https://www.bsee.gov/sites/bsee.gov/files/sp-49-cox-operating-8-sep-2020.pdf,false,sp-49-cox-operating-8-sep-2020.pdf,SP,49,cox operating,8-sep-2020,2020-09-08,2020,false,,,09-08-2020,13:30,G02177,SP 49,Injury - required evacuation - LTA (>3 days),1,,,,ed02f790f80d1df1c812e4349db2c9f6fd15e6f41bdac4c9f0530c6a94a71e91,
district,https://www.bsee.gov/what-we-do/incident-investigations/offshore-incident-investigations/district-investigation-reports,2020,,0,/sites/bsee.gov/files/sp-57b-cox-operating-17-oct-2020.pdf,https://www.bsee.gov/sites/bsee.gov/files/sp-57b-cox-operating-17-oct-2020.pdf,https://www.bsee.gov/sites/bsee.gov/files/sp-57b-cox-operating-17-oct-2020.pdf,false,sp-57b-cox-operating-17-oct-2020.pdf,SP,57B,cox operating,17-oct-2020,2020-10-17,2020,false,,,10-17-2020,04:45,G02940,SP 57,Allision - Required Evacuation - Structural Damage - Incident >25000,1,,,,7ab469571cf6c69762dfdba22dae63eca2dad0c58122ced5920632420aa7cbff,
district,https://www.bsee.gov/what-we-do/incident-investigations/offshore-incident-investigations/district-investigation-reports,2017,,0,/sites/bsee.gov/files/sp-77-energy-xxi-03-jun-2017.pdf,https://www.bsee.gov/sites/bsee.gov/files/sp-77-energy-xxi-03-jun-2017.pdf,https://www.bsee.gov/sites/bsee.gov/files/sp-77-energy-xxi-03-jun-2017.pdf,false,sp-77-energy-xxi-03-jun-2017.pdf,SP,77,energy xxi,03-jun-2017,2017-06-03,2017,false,,,06-03-2017,19:35,G02184,SP 77,Injury Requiring Evacuation / LTA > 3 days,1,,,,b2c2864e67d443094f36eacb2e0ee6c7c5f44a8d87c309d8a4cf00d436af449a,
district,https://www.bsee.gov/what-we-do/incident-investigations/offshore-incident-investigations/district-investigation-reports,2021,,0,/sites/bsee.gov/files/sp-83-arena-offshore-07-jan-2021.pdf,https://www.bsee.gov/sites/bsee.gov/files/sp-83-arena-offshore-07-jan-2021.pdf,https://www.bsee.gov/sites/bsee.gov/files/sp-83-arena-offshore-07-jan-2021.pdf,false,sp-83-arena-offshore-07-jan-2021.pdf,SP,83,arena offshore,07-jan-2021,2021-01-07,2021,false,,,01-07-2021,02:06,G05052,SP 83,Structural Damage >$25K Est. minimum 1.5 MM,1,,,,6c479872a555170e6bd12d84378c364efa7bd38a4841e2bdea3519a3d8fdc219,
district,https://www.bsee.gov/what-we-do/incident-investigations/offshore-incident-investigations/district-investigation-reports,2017,,0,/sites/bsee.gov/files/sp-93-energy-xxi-27-jan-2017.pdf,https://www.bsee.gov/sites/bsee.gov/files/sp-93-energy-xxi-27-jan-2017.pdf,https://www.bsee.gov/sites/bsee.gov/files/sp-93-energy-xxi-27-jan-2017.pdf,false,sp-93-energy-xxi-27-jan-2017.pdf,SP,93,energy xxi,27-jan-2017,2017-01-27,2017,false,,,01-27-2017,08:00,G01619,SP 93,"Crane, Injury Requiring Evacuation",1,,,,10a756937c38d80595a496e528d30f29c18876820fc9041c5e4ad593ab8e1151,
district,https://www.bsee.gov/what-we-do/incident-investigations/offshore-incident-investigations/district-investigation-reports,2018,,0,/sites/bsee.gov/files/ss-114-stone-energy-20-jul-18.pdf,https://www.bsee.gov/sites/bsee.gov/files/ss-114-stone-energy-20-jul-18.pdf,https://www.bsee.gov/sites/bsee.gov/files/ss-114-stone-energy-20-jul-18.pdf,false,ss-114-stone-energy-20-jul-18.pdf,SS,114,stone energy,20-jul-18,2018-07-20,2018,false,,,07-20-2018,08:55,00064,SS 114,"Required Evac., LTA (>3 days)",1,,,,d06f7ad6d2730cf3c3c748fbc82c8f4488fca26d0ff01a82da78f43ac5f37953,
district,https://www.bsee.gov/what-we-do/incident-investigations/offshore-incident-investigations/district-investigation-reports,2017,,0,/sites/bsee.gov/files/ss-177-wt-offshore-2-aug-2017.pdf,https://www.bsee.gov/sites/bsee.gov/files/ss-177-wt-offshore-2-aug-2017.pdf,https://www.bsee.gov/sites/bsee.gov/files/ss-177-wt-offshore-2-aug-2017.pdf,false,ss-177-wt-offshore-2-aug-2017.pdf,SS,177,wt offshore,2-aug-2017,2017-08-02,2017,false,,,08-02-2017,15:15,G00590,SS 177 A,Fire,1,,,,7c23bea27cb5f592ed8809cfdc6f8fbfd5efd4d69d8894a2de1c0b3bde13953d,
district,https://www.bsee.gov/what-we-do/incident-investigations/offshore-incident-investigations/district-investigation-reports,2022,,0,/sites/bsee.gov/files/ss-193-fieldwood-07-may-2022.pdf,https://www.bsee.gov/sites/bsee.gov/files/ss-193-fieldwood-07-may-2022.pdf,https://www.bsee.gov/sites/bsee.gov/files/ss-193-fieldwood-07-may-2022.pdf,false,ss-193-fieldwood-07-may-2022.pdf,SS,193,fieldwood,07-may-2022,2022-05-07,2022,false,,,05-07-2022,0910,G13917,SS 193,Fire,1,,,,3f7b281668b4832ed413d28c4cfdd910f226f9cff1e79305a4db55b9acd8ac0c,
district,https://www.bsee.gov/what-we-do/incident-investigations/offshore-incident-investigations/district-investigation-reports,2017,,0,/sites/bsee.gov/files/ss-198-renaissance-16-july-2017.pdf,https://www.bsee.gov/sites/bsee.gov/files/ss-198-renaissance-16-july-2017.pdf,https://www.bsee.gov/sites/bsee.gov/files/ss-198-renaissance-16-july-2017.pdf,false,ss-198-renaissance-16-july-2017.pdf,SS,198,renaissance,16-july-2017,2017-07-16,2017,false,,,07-16-2017,16:30,G12355,SS 198 J,"Injury - Explosion - Incident >$25,000",1,,,,c4b7c7e7041db5a6158c0ebbcb555ddf337aaa83181fca439f53d454c73642d7,
district,https://www.bsee.gov/what-we-do/incident-investigations/offshore-incident-investigations/district-investigation-reports,2018,,0,/sites/bsee.gov/files/ss-224-d-ert-23-feb-2018.pdf,https://www.bsee.gov/sites/bsee.gov/files/ss-224-d-ert-23-feb-2018.pdf,https://www.bsee.gov/sites/bsee.gov/files/ss-224-d-ert-23-feb-2018.pdf,false,ss-224-d-ert-23-feb-2018.pdf,SS,224 D,ert,23-feb-2018,2018-02-23,2018,false,,,02-23-2018,06:45,G01023,SS 224 D,POLLUTION,1,,,,f08c09060c7009be1c09497080e8991b66e0e3de7bde94d594a5e39060ac34d3,
district,https://www.bsee.gov/what-we-do/incident-investigations/offshore-incident-investigations/district-investigation-reports,2017,,0,/sites/bsee.gov/files/ss-266-a-renaissance-offshore-5-jan-2017.pdf,https://www.bsee.gov/sites/bsee.gov/files/ss-266-a-renaissance-offshore-5-jan-2017.pdf,https://www.bsee.gov/sites/bsee.gov/files/ss-266-a-renaissance-offshore-5-jan-2017.pdf,false,ss-266-a-renaissance-offshore-5-jan-2017.pdf,SS,266 A,renaissance offshore,5-jan-2017,2017-01-05,2017,false,,,01-05-2017,2:00,G01034,SS 266,Required Evacuation - Fire - Incident >$25K,1,,,,31e7126db461ff3360ae625bcac58ddf7bd21dfe7d5d0bbb124d738e0c787182,
district,https://www.bsee.gov/what-we-do/incident-investigations/offshore-incident-investigations/district-investigation-reports,2022,,0,/sites/bsee.gov/files/ss-300-wt-offshore-28-mar-2022-redacted.pdf,https://www.bsee.gov/sites/bsee.gov/files/ss-300-wt-offshore-28-mar-2022-redacted.pdf,https://www.bsee.gov/sites/bsee.gov/files/ss-300-wt-offshore-28-mar-2022-redacted.pdf,false,ss-300-wt-offshore-28-mar-2022-redacted.pdf,SS,300,wt offshore,28-mar-2022,2022-03-28,2022,true,,,03-28-2022,08:30,G07760,SS 300,"Required Evacuation, LTA (>3 days)",1,,,,9d5e583162312b7132f983c00a0086bb7af253ad8e48b5e203b66b6f990163c3,
district,https://www.bsee.gov/what-we-do/incident-investigations/offshore-incident-investigations/district-investigation-reports,2020,,0,/sites/bsee.gov/files/ss-358-22feb20.pdf,https://www.bsee.gov/sites/bsee.gov/files/ss-358-22feb20.pdf,https://www.bsee.gov/sites/bsee.gov/files/ss-358-22feb20.pdf,false,ss-358-22feb20.pdf,SS,358,,22feb20,2020-02-22,2020,false,,no_operator_in_filename,02-22-2020,15:30,G19822,G19822,Crane,1,,,,0f858f856a68f286317cf2f5cbed09e3c18119ecd34bf1ce8f82ba3b4a9e37d8,
district,https://www.bsee.gov/what-we-do/incident-investigations/offshore-incident-investigations/district-investigation-reports,2018,,0,/sites/bsee.gov/files/ss114-stone-25-jul-2018.pdf,https://www.bsee.gov/sites/bsee.gov/files/ss114-stone-25-jul-2018.pdf,https://www.bsee.gov/sites/bsee.gov/files/ss114-stone-25-jul-2018.pdf,false,ss114-stone-25-jul-2018.pdf,SS,114,stone,25-jul-2018,2018-07-25,2018,false,,,07-25-2018,00:20,00064,SS 114,"Lift Boat  /equipment failure, pollution",1,,,,40677029a484da7e73447ce6d581c27c61643a618b9b05056885d97f0cc658eb,
district,https://www.bsee.gov/what-we-do/incident-investigations/offshore-incident-investigations/district-investigation-reports,2016,,0,/sites/bsee.gov/files/ss154-ridgelake-23-dec-2016.pdf,https://www.bsee.gov/sites/bsee.gov/files/ss154-ridgelake-23-dec-2016.pdf,https://www.bsee.gov/sites/bsee.gov/files/ss154-ridgelake-23-dec-2016.pdf,false,ss154-ridgelake-23-dec-2016.pdf,SS,154,ridgelake,23-dec-2016,2016-12-23,2016,false,,,12-23-2016,15:50,00420,SS 154,Fire,1,,,,48ff712c061b1410d92e5a0d9c642bea082ab20b39c8138b9ab309252d042535,
district,https://www.bsee.gov/what-we-do/incident-investigations/offshore-incident-investigations/district-investigation-reports,2018,,0,/sites/bsee.gov/files/ss349-wtoffshore-25-august-2018.pdf,https://www.bsee.gov/sites/bsee.gov/files/ss349-wtoffshore-25-august-2018.pdf,https://www.bsee.gov/sites/bsee.gov/files/ss349-wtoffshore-25-august-2018.pdf,false,ss349-wtoffshore-25-august-2018.pdf,SS,349,wtoffshore,25-august-2018,2018-08-25,2018,false,,,08-25-2018,03:45,G12008,SS 349,"Required Evac., LTA (>3 days)",1,,,,ea847f02bd08abe5996b0137346282de350a624902e2a4bc364767e75f8ad506,
district,https://www.bsee.gov/what-we-do/incident-investigations/offshore-incident-investigations/district-investigation-reports,2018,,0,/sites/bsee.gov/files/ss72-petroquest-22-mar-2018.pdf,https://www.bsee.gov/sites/bsee.gov/files/ss72-petroquest-22-mar-2018.pdf,https://www.bsee.gov/sites/bsee.gov/files/ss72-petroquest-22-mar-2018.pdf,false,ss72-petroquest-22-mar-2018.pdf,SS,72,petroquest,22-mar-2018,2018-03-22,2018,false,,,03-22-2018,12:30,00060,SS 72 J,Fire,1,,,,80270849900ac475a71505aeca48d20028875b29f18eab1d67c2eae8cf69ffc7,
district,https://www.bsee.gov/what-we-do/incident-investigations/offshore-incident-investigations/district-investigation-reports,2021,,0,/sites/bsee.gov/files/st-100-talos-07-may-21.pdf,https://www.bsee.gov/sites/bsee.gov/files/st-100-talos-07-may-21.pdf,https://www.bsee.gov/sites/bsee.gov/files/st-100-talos-07-may-21.pdf,false,st-100-talos-07-may-21.pdf,ST,100,talos,07-may-21,2021-05-07,2021,false,,,05-07-2021,17:00,G05599,ST 100,Crane - Incident >$25K - Material cost and installation,1,,,,8d69e827a3eb49ba8229049dcf1ad6099ebf420d763546881aeff598edc4609c,
district,https://www.bsee.gov/what-we-do/incident-investigations/offshore-incident-investigations/district-investigation-reports,2017,https://www.bsee.gov/st-224-wt-29-nov-2017,0,/sites/bsee.gov/files/st-224-wt-29-nov-2017.pdf,https://www.bsee.gov/sites/bsee.gov/files/st-224-wt-29-nov-2017.pdf,https://www.bsee.gov/sites/bsee.gov/files/st-224-wt-29-nov-2017.pdf,false,st-224-wt-29-nov-2017.pdf,ST,224,wt,29-nov-2017,2017-11-29,2017,false,,,11-29-2017,20:15,G34340,ST 224,Pollution / Crane / Incident > $25K,1,,,,291f832ba4c92e0910594b5cfcd409fea81d38250fb64851a2217d5e29a21fa5,
district,https://www.bsee.gov/what-we-do/incident-investigations/offshore-incident-investigations/district-investigation-reports,2021,,0,/sites/bsee.gov/files/st-26-cox-02-may-21.pdf,https://www.bsee.gov/sites/bsee.gov/files/st-26-cox-02-may-21.pdf,https://www.bsee.gov/sites/bsee.gov/files/st-26-cox-02-may-21.pdf,false,st-26-cox-02-may-21.pdf,ST,26,cox,02-may-21,2021-05-02,2021,false,,,05-02-2021,10:11,G01361,ST 26,"Fire  - Incident >$25K (2,000,000)",1,,,,89aee8583f9f6c0da73a4066b2070445065e3e8b060ebf83e218bacf78388aaa,
district,https://www.bsee.gov/what-we-do/incident-investigations/offshore-incident-investigations/district-investigation-reports,2017,,0,/sites/bsee.gov/files/st-26-energy-10-june-2017.pdf,https://www.bsee.gov/sites/bsee.gov/files/st-26-energy-10-june-2017.pdf,https://www.bsee.gov/sites/bsee.gov/files/st-26-energy-10-june-2017.pdf,false,st-26-energy-10-june-2017.pdf,ST,26,energy,10-june-2017,2017-06-10,2017,false,,,06-10-2017,15:15,G01361,ST 26 A,"Injury - Fire - Incident >$25,000",1,,,,9ead87512cc0ad82c0df6ad4d02aa4ab66c4c46e62ce11da3da7558c4db6e62b,
district,https://www.bsee.gov/what-we-do/incident-investigations/offshore-incident-investigations/district-investigation-reports,2017,,0,/sites/bsee.gov/files/st-28-energy-xxi-oct-11-2017.pdf,https://www.bsee.gov/sites/bsee.gov/files/st-28-energy-xxi-oct-11-2017.pdf,https://www.bsee.gov/sites/bsee.gov/files/st-28-energy-xxi-oct-11-2017.pdf,false,st-28-energy-xxi-oct-11-2017.pdf,ST,28,energy xxi,oct-11-2017,2017-10-11,2017,false,,,10-11-2017,00:15,G01362,ST 28 PRD,Fire,1,,,,42567e628bc9fe5a300989d115c9727a50f617c4213a7c287520822200e81bf6,
district,https://www.bsee.gov/what-we-do/incident-investigations/offshore-incident-investigations/district-investigation-reports,2020,,0,/sites/bsee.gov/files/st-331-23jan2020-redacted-2010-v2.pdf,https://www.bsee.gov/sites/bsee.gov/files/st-331-23jan2020-redacted-2010-v2.pdf,https://www.bsee.gov/sites/bsee.gov/files/st-331-23jan2020-redacted-2010-v2.pdf,false,st-331-23jan2020-redacted-2010-v2.pdf,ST,331,,23jan2020,2020-01-23,2020,true,-v2,no_operator_in_filename,01-23-2020,12:00,G31418,ST 331,"Required Evacuation, Other Injury, Fire, Incident > $25k, Required Muster, Shutdown From Gas Release",1,,,,c71d7f7e9b995466594b6be194cf2441ef693c58efd5fe88fac19c91c9f08e09,
district,https://www.bsee.gov/what-we-do/incident-investigations/offshore-incident-investigations/district-investigation-reports,2019,,0,/sites/bsee.gov/files/st-52-7oct19.pdf,https://www.bsee.gov/sites/bsee.gov/files/st-52-7oct19.pdf,https://www.bsee.gov/sites/bsee.gov/files/st-52-7oct19.pdf,false,st-52-7oct19.pdf,ST,52,,7oct19,2019-10-07,2019,false,,no_operator_in_filename,10-07-2019,11:10,G01241,ST 51,"Required Evacuation, LTA (>3 days)",1,,,,bfdb513c0a36c2a42f6a3bb83a52237075ba515f062042274adcd3028c1edbca,
district,https://www.bsee.gov/what-we-do/incident-investigations/offshore-incident-investigations/district-investigation-reports,2017,https://www.bsee.gov/st200-epl-12-nov-2017,0,/sites/bsee.gov/files/st200-epl-12nov2017.pdf,https://www.bsee.gov/sites/bsee.gov/files/st200-epl-12nov2017.pdf,https://www.bsee.gov/sites/bsee.gov/files/st200-epl-12nov2017.pdf,false,st200-epl-12nov2017.pdf,ST,200,epl,12nov2017,2017-11-12,2017,false,,,11-12-2017,18:30,G04464,ST 200,Well Control Incident,1,,,,58183d07078ef39e02d3584d528607a5be77c48aafda27cc6e94eebdbe8f508c,
district,https://www.bsee.gov/what-we-do/incident-investigations/offshore-incident-investigations/district-investigation-reports,2018,,0,/sites/bsee.gov/files/st311-walter-04sept2018.pdf,https://www.bsee.gov/sites/bsee.gov/files/st311-walter-04sept2018.pdf,https://www.bsee.gov/sites/bsee.gov/files/st311-walter-04sept2018.pdf,false,st311-walter-04sept2018.pdf,ST,311,walter,04sept2018,2018-09-04,2018,false,,,09-04-2018,02:17,G31418,ST 311,Pollution / Overboard Drilling Fluid,1,,,,ec636cdca70600e405c9b48ba2af3692769c301f5fcb8ddf9b34f9f140d0dcdd,
district,https://www.bsee.gov/what-we-do/incident-investigations/offshore-incident-investigations/district-investigation-reports,2017,,0,/sites/bsee.gov/files/st34b-talos-15-sep-2017.pdf,https://www.bsee.gov/sites/bsee.gov/files/st34b-talos-15-sep-2017.pdf,https://www.bsee.gov/sites/bsee.gov/files/st34b-talos-15-sep-2017.pdf,false,st34b-talos-15-sep-2017.pdf,,,st34b talos,15-sep-2017,2017-09-15,2017,false,,no_area_block_in_filename,09-15-2017,11:50,G04842,ST 34 B,Crane,1,,,,33a58a262371a904f5b560a53383892257bde0e67e8370f381be915a8ff7f062,
district,https://www.bsee.gov/what-we-do/incident-investigations/offshore-incident-investigations/district-investigation-reports,2017,,0,/sites/bsee.gov/files/vk-817-a-flextrend-03nov2017.pdf,https://www.bsee.gov/sites/bsee.gov/files/vk-817-a-flextrend-03nov2017.pdf,https://www.bsee.gov/sites/bsee.gov/files/vk-817-a-flextrend-03nov2017.pdf,false,vk-817-a-flextrend-03nov2017.pdf,VK,817 A,flextrend,03nov2017,2017-11-03,2017,false,,,11-03-2017,13:50,G09743,VK 817,"Required Evac., LTA (>3 days)",1,,,,de881580b98255ba74d9edd207571723bd63203b30652581aa38be08afe672b5,
district,https://www.bsee.gov/what-we-do/incident-investigations/offshore-incident-investigations/district-investigation-reports,2020,,0,/sites/bsee.gov/files/vk-900a-cox-22-dec-2020.pdf,https://www.bsee.gov/sites/bsee.gov/files/vk-900a-cox-22-dec-2020.pdf,https://www.bsee.gov/sites/bsee.gov/files/vk-900a-cox-22-dec-2020.pdf,false,vk-900a-cox-22-dec-2020.pdf,VK,900A,cox,22-dec-2020,2020-12-22,2020,false,,,12-22-2020,15:30,G02445,VK 900,Fire,1,,,,7804ab89245f0ab146706306dba49abe838e8f368595ed5b5d265d0e777c6383,
district,https://www.bsee.gov/what-we-do/incident-investigations/offshore-incident-investigations/district-investigation-reports,2021,,0,/sites/bsee.gov/files/vk-900a-cox-operating-28-mar-2021.pdf,https://www.bsee.gov/sites/bsee.gov/files/vk-900a-cox-operating-28-mar-2021.pdf,https://www.bsee.gov/sites/bsee.gov/files/vk-900a-cox-operating-28-mar-2021.pdf,false,vk-900a-cox-operating-28-mar-2021.pdf,VK,900A,cox operating,28-mar-2021,2021-03-28,2021,false,,,03-28-2021,11:15,G02445,VK 900,Fire - Equipment Failure,1,,,,a224bfcedc184e48746ec430d1a83b6d9c1cf3f28b7233646f9cc2d6788ad35c,
district,https://www.bsee.gov/what-we-do/incident-investigations/offshore-incident-investigations/district-investigation-reports,2018,,0,/sites/bsee.gov/files/vk-915-anadarko-22-jan-2018.pdf,https://www.bsee.gov/sites/bsee.gov/files/vk-915-anadarko-22-jan-2018.pdf,https://www.bsee.gov/sites/bsee.gov/files/vk-915-anadarko-22-jan-2018.pdf,false,vk-915-anadarko-22-jan-2018.pdf,VK,915,anadarko,22-jan-2018,2018-01-22,2018,false,,,01-22-2018,23:30,G06894,VK 915,Pollution,1,,,,c3d4d6fb0dfeebcaf2c34bf3676eb76f5b0ee5944f022add75ada771bc68cee5,
district,https://www.bsee.gov/what-we-do/incident-investigations/offshore-incident-investigations/district-investigation-reports,2020,,0,sites/bsee.gov/files/vk-956-talos-15-jan-2020-v2.pdf,https://www.bsee.gov/sites/bsee.gov/files/vk-956-talos-15-jan-2020-v2.pdf,https://www.bsee.gov/sites/bsee.gov/files/vk-956-talos-15-jan-2020-v2.pdf,false,vk-956-talos-15-jan-2020-v2.pdf,VK,956,talos,15-jan-2020,2020-01-15,2020,false,-v2,,01-15-2020,07:15,G06896,VK 956,Injury - Received 7 stitches,1,,,,1acc8ad50f2526b62d830ca4c8c4db3eef5c67851acbb748a1959dd72f769cd6,
district,https://www.bsee.gov/what-we-do/incident-investigations/offshore-incident-investigations/district-investigation-reports,2020,,0,/sites/bsee.gov/files/vk-965-talos-21-nov-2020.pdf,https://www.bsee.gov/sites/bsee.gov/files/vk-965-talos-21-nov-2020.pdf,https://www.bsee.gov/sites/bsee.gov/files/vk-965-talos-21-nov-2020.pdf,false,vk-965-talos-21-nov-2020.pdf,VK,965,talos,21-nov-2020,2020-11-21,2020,false,,,11-21-2020,19:45,G06896,VK 956,Shutdown from gas release,1,,,,664987edb5e2a0268cd2044ef69422136885d32a8227f3a8b49f4abe5716ecca,
district,https://www.bsee.gov/what-we-do/incident-investigations/offshore-incident-investigations/district-investigation-reports,2018,,0,/sites/bsee.gov/files/vk823-wt-26-jun-2018.pdf,https://www.bsee.gov/sites/bsee.gov/files/vk823-wt-26-jun-2018.pdf,https://www.bsee.gov/sites/bsee.gov/files/vk823-wt-26-jun-2018.pdf,false,vk823-wt-26-jun-2018.pdf,VK,823,wt,26-jun-2018,2018-06-26,2018,false,,,06-26-2018,15:15,G10942,VK 823,"Required Evac., LTA (>3 days)",1,,,,3574af6565cab3766e3de3ff9f5553b830841f5d375ba73fd9b0ab6a1622007f,
district,https://www.bsee.gov/what-we-do/incident-investigations/offshore-incident-investigations/district-investigation-reports,2022,,0,/sites/bsee.gov/files/vr-369-24jun22-redacted.pdf,https://www.bsee.gov/sites/bsee.gov/files/vr-369-24jun22-redacted.pdf,https://www.bsee.gov/sites/bsee.gov/files/vr-369-24jun22-redacted.pdf,false,vr-369-24jun22-redacted.pdf,VR,369,,24jun22,2022-06-24,2022,true,,no_operator_in_filename,06-24-2022,13:00,G02274,VR 369,Crane,1,,,,42fa82c7a91bbb29808f40f699cff6ba663cede99e3d64bcf8556c4ecf98155e,
district,https://www.bsee.gov/what-we-do/incident-investigations/offshore-incident-investigations/district-investigation-reports,2020,,0,/sites/bsee.gov/files/vr-371-fieldwood-energy-10feb2020.pdf,https://www.bsee.gov/sites/bsee.gov/files/vr-371-fieldwood-energy-10feb2020.pdf,https://www.bsee.gov/sites/bsee.gov/files/vr-371-fieldwood-energy-10feb2020.pdf,false,vr-371-fieldwood-energy-10feb2020.pdf,VR,371,fieldwood energy,10feb2020,2020-02-10,2020,false,,,02-10-2020,17:45,G09524,VR 371 A,- Crane,1,,,,2e1a3fcf3a49850850ec0470fedc946cb8bca00076695696b20d36ee35e586a0,
district,https://www.bsee.gov/what-we-do/incident-investigations/offshore-incident-investigations/district-investigation-reports,2015,,0,/sites/bsee.gov/files/vr21-fieldwood-energy-16-dec-2015.pdf,https://www.bsee.gov/sites/bsee.gov/files/vr21-fieldwood-energy-16-dec-2015.pdf,https://www.bsee.gov/sites/bsee.gov/files/vr21-fieldwood-energy-16-dec-2015.pdf,false,vr21-fieldwood-energy-16-dec-2015.pdf,VR,21,fieldwood energy,16-dec-2015,2015-12-16,2015,false,,,12-16-2015,18:45,-,VR 261,Equipment Failure – Human Error,1,,,,2ee8150719c0051c5567e55cfb975e975c5c500643a3f3330376ab3b48cb0982,
district,https://www.bsee.gov/what-we-do/incident-investigations/offshore-incident-investigations/district-investigation-reports,2019,,0,/sites/bsee.gov/files/vr252-castex-09-september-2019.pdf,https://www.bsee.gov/sites/bsee.gov/files/vr252-castex-09-september-2019.pdf,https://www.bsee.gov/sites/bsee.gov/files/vr252-castex-09-september-2019.pdf,false,vr252-castex-09-september-2019.pdf,VR,252,castex,09-september-2019,2019-09-09,2019,false,,,09-09-2019,23:00,G05431,VR 252,"Fire, Incident >$25K",1,,,,4e462d93a305b7eac2258a31e68196bcd5285add3bd207441a6ff93897615578,
district,https://www.bsee.gov/what-we-do/incident-investigations/offshore-incident-investigations/district-investigation-reports,2018,,0,/sites/bsee.gov/files/vr252-castex-25apr2018.pdf,https://www.bsee.gov/sites/bsee.gov/files/vr252-castex-25apr2018.pdf,https://www.bsee.gov/sites/bsee.gov/files/vr252-castex-25apr2018.pdf,false,vr252-castex-25apr2018.pdf,VR,252,castex,25apr2018,2018-04-25,2018,false,,,04-25-2018,17:00,G05431,VR 252 A,Crane - Equipment Failure,1,,,,c81e6a1af184e04c4109b183ff4c3eb880ab97320ca0e406646943ce123a104e,
district,https://www.bsee.gov/what-we-do/incident-investigations/offshore-incident-investigations/district-investigation-reports,2021,,0,/sites/bsee.gov/files/vr331-talos-ert-07-aug-2021.pdf,https://www.bsee.gov/sites/bsee.gov/files/vr331-talos-ert-07-aug-2021.pdf,https://www.bsee.gov/sites/bsee.gov/files/vr331-talos-ert-07-aug-2021.pdf,false,vr331-talos-ert-07-aug-2021.pdf,VR,331,talos ert,07-aug-2021,2021-08-07,2021,false,,,08-07-2021,15:00,G02572,VR 331,Other - Man Overboard,1,,,,583d06de29ddaec9f7d8cb8ed8509a5f2895706863f02b96af0e992a26e52452,
district,https://www.bsee.gov/what-we-do/incident-investigations/offshore-incident-investigations/district-investigation-reports,2016,,0,https://bsee_prod.opengov.ibmcloud.com/sites/bsee.gov/files/wc-144-fieldwood-energy-01-jan-2016.pdf,https://www.bsee.gov/sites/bsee.gov/files/wc-144-fieldwood-energy-01-jan-2016.pdf,https://www.bsee.gov/sites/bsee.gov/files/wc-144-fieldwood-energy-01-jan-2016.pdf,true,wc-144-fieldwood-energy-01-jan-2016.pdf,WC,144,fieldwood energy,01-jan-2016,2016-01-01,2016,false,,,01-01-2016,03:00,G01953,WC 144,Collision >$25K - Collision - Structural Damage,1,,,,ee8d13a027a16e4b2a213e3616dc73e264e36de76d50e6c6ca89182af556d05e,
district,https://www.bsee.gov/what-we-do/incident-investigations/offshore-incident-investigations/district-investigation-reports,2021,,0,/sites/bsee.gov/files/wc-96-27nov21.pdf,https://www.bsee.gov/sites/bsee.gov/files/wc-96-27nov21.pdf,https://www.bsee.gov/sites/bsee.gov/files/wc-96-27nov21.pdf,false,wc-96-27nov21.pdf,WC,96,,27nov21,2021-11-27,2021,false,,no_operator_in_filename,11-27-2021,09:30,G23740,WC 96,Fire,1,,,,afd94fb8f58aea40a33dad90eee4d6edd2e6e813a228984d95882fa7976458bf,
district,https://www.bsee.gov/what-we-do/incident-investigations/offshore-incident-investigations/district-investigation-reports,2016,,0,/sites/bsee.gov/files/wc180-wandt-offshore-17-oct-2016.pdf,https://www.bsee.gov/sites/bsee.gov/files/wc180-wandt-offshore-17-oct-2016.pdf,https://www.bsee.gov/sites/bsee.gov/files/wc180-wandt-offshore-17-oct-2016.pdf,false,wc180-wandt-offshore-17-oct-2016.pdf,WC,180,wandt offshore,17-oct-2016,2016-10-17,2016,false,,,10-17-2016,01:00,00763,WC 180,LTA (>3 days) - Human Error - Required Evacuation,1,,,,c04e9eeeab35f6ce565629ad75b7edf12dde9785917440efdafc3a8e8732c4c7,
district,https://www.bsee.gov/what-we-do/incident-investigations/offshore-incident-investigations/district-investigation-reports,2019,,0,/sites/bsee.gov/files/wc61-enven-13-apr-2019.pdf,https://www.bsee.gov/sites/bsee.gov/files/wc61-enven-13-apr-2019.pdf,https://www.bsee.gov/sites/bsee.gov/files/wc61-enven-13-apr-2019.pdf,false,wc61-enven-13-apr-2019.pdf,WC,61,enven,13-apr-2019,2019-04-13,2019,false,,,04-13-2019,06:15,G09384,WC 61,"Injury, Required Evac., LTA (>3 days)",1,,,,5c8b7b463a4bd7ace16aadf920eb676749c85f07da2c69e24062e54bca4b4c3c,
district,https://www.bsee.gov/what-we-do/incident-investigations/offshore-incident-investigations/district-investigation-reports,2020,,0,/sites/bsee.gov/files/wd-105e-fieldwood-energy-29-nov-2020.pdf,https://www.bsee.gov/sites/bsee.gov/files/wd-105e-fieldwood-energy-29-nov-2020.pdf,https://www.bsee.gov/sites/bsee.gov/files/wd-105e-fieldwood-energy-29-nov-2020.pdf,false,wd-105e-fieldwood-energy-29-nov-2020.pdf,WD,105E,fieldwood energy,29-nov-2020,2020-11-29,2020,false,,,11-29-2020,06:57,00842,WD 105,Fire,1,,,,613e3afd1aba561d0a305b4c823ba281d8cdfc563d96fbfabe019f0bf6fb179a,
district,https://www.bsee.gov/what-we-do/incident-investigations/offshore-incident-investigations/district-investigation-reports,2018,,0,/sites/bsee.gov/files/wd-133-9-sep-18.pdf,https://www.bsee.gov/sites/bsee.gov/files/wd-133-9-sep-18.pdf,https://www.bsee.gov/sites/bsee.gov/files/wd-133-9-sep-18.pdf,false,wd-133-9-sep-18.pdf,WD,133,,9-sep-18,2018-09-09,2018,false,,no_operator_in_filename,09-09-2018,11:30,G01106,WD 133,Pollution,1,,,,8d9319631b17178146426960d34ea9e26167ae013ed98a39d126fd872e01ec1f,
district,https://www.bsee.gov/what-we-do/incident-investigations/offshore-incident-investigations/district-investigation-reports,2019,,0,/sites/bsee.gov/files/wd-152-renaissance-offshore-19-jan-19.pdf,https://www.bsee.gov/sites/bsee.gov/files/wd-152-renaissance-offshore-19-jan-19.pdf,https://www.bsee.gov/sites/bsee.gov/files/wd-152-renaissance-offshore-19-jan-19.pdf,false,wd-152-renaissance-offshore-19-jan-19.pdf,WD,152,renaissance offshore,19-jan-19,2019-01-19,2019,false,,,01-17-2019,09:30,G01604,WD 152,"Fire, Incident > $25k",1,,,,6bebe999bb099492d8a12e1f806ba25848bf7fcb0d75643f269f86e635319bc0,
district,https://www.bsee.gov/what-we-do/incident-investigations/offshore-incident-investigations/district-investigation-reports,2019,,0,sites/bsee.gov/files/wd-27-a-24nov19-2010-redacted.pdf,https://www.bsee.gov/sites/bsee.gov/files/wd-27-a-24nov19-2010-redacted.pdf,https://www.bsee.gov/sites/bsee.gov/files/wd-27-a-24nov19-2010-redacted.pdf,false,wd-27-a-24nov19-2010-redacted.pdf,WD,27 A,,24nov19,2019-11-24,2019,true,,no_operator_in_filename,11-24-2019,07:00,00023,WD 27,Fire,1,,,,01553dbabd79d41b390f5eba1bc2f1a18c9145c13bfd036b1f81dd4d9534d712,
district,https://www.bsee.gov/what-we-do/incident-investigations/offshore-incident-investigations/district-investigation-reports,2020,,0,/sites/bsee.gov/files/wd-30-energy-xxi-24-jan-2020_0.pdf,https://www.bsee.gov/sites/bsee.gov/files/wd-30-energy-xxi-24-jan-2020_0.pdf,https://www.bsee.gov/sites/bsee.gov/files/wd-30-energy-xxi-24-jan-2020_0.pdf,false,wd-30-energy-xxi-24-jan-2020_0.pdf,WD,30,energy xxi,24-jan-2020,2020-01-24,2020,false,_0,,01-24-2020,19:00,00026,WD 30,Other - Material Lost Overboard,1,,,,1729156a86637406ec66d0981ea49a0285d778d2aebdb39686b7c1b418fa677a,
district,https://www.bsee.gov/what-we-do/incident-investigations/offshore-incident-investigations/district-investigation-reports,2021,,0,/sites/bsee.gov/files/wd-30p-cox-operating-09-jan-2021.pdf,https://www.bsee.gov/sites/bsee.gov/files/wd-30p-cox-operating-09-jan-2021.pdf,https://www.bsee.gov/sites/bsee.gov/files/wd-30p-cox-operating-09-jan-2021.pdf,false,wd-30p-cox-operating-09-jan-2021.pdf,WD,30P,cox operating,09-jan-2021,2021-01-09,2021,false,,,01-09-2021,08:30,00026,WD 30,Shutdown from gas release,1,,,,75a5e0ce3f600c14061c677646fe94359f5a5ca9fdc8c6a8b79792ceef0531e9,
district,https://www.bsee.gov/what-we-do/incident-investigations/offshore-incident-investigations/district-investigation-reports,2016,,0,/sites/bsee.gov/files/wd-32-energy-xxi-21-sep-2016.pdf,https://www.bsee.gov/sites/bsee.gov/files/wd-32-energy-xxi-21-sep-2016.pdf,https://www.bsee.gov/sites/bsee.gov/files/wd-32-energy-xxi-21-sep-2016.pdf,false,wd-32-energy-xxi-21-sep-2016.pdf,WD,32,energy xxi,21-sep-2016,2016-09-21,2016,false,,,09-21-2016,08:28,00367,WD 32,-Pollution,1,,,,f205e9606c9de31eb579a5cb7dc8bf24e128b32ecb1e98c07c83efa6a2734624,
district,https://www.bsee.gov/what-we-do/incident-investigations/offshore-incident-investigations/district-investigation-reports,2019,,0,sites/bsee.gov/files/wd-73-cox-operating-27-may-2019.pdf,https://www.bsee.gov/sites/bsee.gov/files/wd-73-cox-operating-27-may-2019.pdf,https://www.bsee.gov/sites/bsee.gov/files/wd-73-cox-operating-27-may-2019.pdf,false,wd-73-cox-operating-27-may-2019.pdf,WD,73,cox operating,27-may-2019,2019-05-27,2019,false,,,05-27-2019,14:30,G01083,WD 73,"Crane, Incident > $25k",1,,,,ba651449d7df5474170f1479b50b7863719f5118e006c22745480fb90edb533b,
district,https://www.bsee.gov/what-we-do/incident-investigations/offshore-incident-investigations/district-investigation-reports,2016,,0,https://bsee_prod.opengov.ibmcloud.com/sites/bsee.gov/files/wd-73-energy-xxi-gom-03-may-2016.pdf,https://www.bsee.gov/sites/bsee.gov/files/wd-73-energy-xxi-gom-03-may-2016.pdf,https://www.bsee.gov/sites/bsee.gov/files/wd-73-energy-xxi-gom-03-may-2016.pdf,true,wd-73-energy-xxi-gom-03-may-2016.pdf,WD,73,energy xxi gom,03-may-2016,2016-05-03,2016,false,,,05-03-2016,16:20,G01083,WD 73,Crane,1,,,,3b9005d1883e07640266cd42ce96f10288912e6672828e4b8c5619ab5e48da1e,
district,https://www.bsee.gov/what-we-do/incident-investigations/offshore-incident-investigations/district-investigation-reports,2021,,0,/sites/bsee.gov/files/wd30t-cox-operating-26-sep-2021.pdf,https://www.bsee.gov/sites/bsee.gov/files/wd30t-cox-operating-26-sep-2021.pdf,https://www.bsee.gov/sites/bsee.gov/files/wd30t-cox-operating-26-sep-2021.pdf,false,wd30t-cox-operating-26-sep-2021.pdf,,,wd30t cox operating,26-sep-2021,2021-09-26,2021,false,,no_area_block_in_filename,09-26-2021,09:30,00026,WD 30 T,Injury - Required Evacuation - Medical Recordable,1,,,,926037c6ac98eabafa3cbf814dd717cbd0f5723c2c04d59993c5a4f25de01b26,
district,https://www.bsee.gov/what-we-do/incident-investigations/offshore-incident-investigations/district-investigation-reports,2021,,0,/sites/bsee.gov/files/wd73d-cox-operating-25-sep-2021.pdf,https://www.bsee.gov/sites/bsee.gov/files/wd73d-cox-operating-25-sep-2021.pdf,https://www.bsee.gov/sites/bsee.gov/files/wd73d-cox-operating-25-sep-2021.pdf,false,wd73d-cox-operating-25-sep-2021.pdf,,,wd73d cox operating,25-sep-2021,2021-09-25,2021,false,,no_area_block_in_filename,09-25-2021,10:30,G01083,WD 73 D,Injury - Required Evacuation - LTA (>3 days),1,,,,36d99d167a3671e161e9b42f282ad7b851de2014802f01fc8bc0756ca5e7e1a9,
district,https://www.bsee.gov/what-we-do/incident-investigations/offshore-incident-investigations/district-investigation-reports,2022,,0,/sites/bsee.gov/files/woodside-energy-eb-699-16-nov-2022-redacted.pdf,https://www.bsee.gov/sites/bsee.gov/files/woodside-energy-eb-699-16-nov-2022-redacted.pdf,https://www.bsee.gov/sites/bsee.gov/files/woodside-energy-eb-699-16-nov-2022-redacted.pdf,false,woodside-energy-eb-699-16-nov-2022-redacted.pdf,EB,699,woodside energy,16-nov-2022,2022-11-16,2022,true,,,11-16-2022,0510,G36191,EB 699,Pollution,1,,,,0616298fd0b720fdda61f6a3b52655e2f77a86a4b687fbb50dd2a3a2b20cf093,
district,https://www.bsee.gov/what-we-do/incident-investigations/offshore-incident-investigations/district-investigation-reports,2019,,0,/sites/bsee.gov/files/wr-29-10dec19.pdf,https://www.bsee.gov/sites/bsee.gov/files/wr-29-10dec19.pdf,https://www.bsee.gov/sites/bsee.gov/files/wr-29-10dec19.pdf,false,wr-29-10dec19.pdf,WR,29,,10dec19,2019-12-10,2019,false,,no_operator_in_filename,12-10-2019,12:45,G16942,WR 29,Other Lifting,1,,,,18817c25d649f189f66eea2f4afd78a24d347f3643d1169f25907825cc1761cd,
district,https://www.bsee.gov/what-we-do/incident-investigations/offshore-incident-investigations/district-investigation-reports,2021,,0,/sites/bsee.gov/files/wr-508-shell-27-feb-21.pdf,https://www.bsee.gov/sites/bsee.gov/files/wr-508-shell-27-feb-21.pdf,https://www.bsee.gov/sites/bsee.gov/files/wr-508-shell-27-feb-21.pdf,false,wr-508-shell-27-feb-21.pdf,WR,508,shell,27-feb-21,2021-02-27,2021,false,,,02-27-2021,04:20,G17001,WR 508,Crane - Dropped Object,1,,,,d81e9e1ba61c4953e9df490bdcbcfe2f0bd77efd9699143f1209164858c0d824,
district,https://www.bsee.gov/what-we-do/incident-investigations/offshore-incident-investigations/district-investigation-reports,2015,,0,https://bsee_prod.opengov.ibmcloud.com/sites/bsee.gov/files/wr-508-shell-offshore-27-nov-2015.pdf,https://www.bsee.gov/sites/bsee.gov/files/wr-508-shell-offshore-27-nov-2015.pdf,https://www.bsee.gov/sites/bsee.gov/files/wr-508-shell-offshore-27-nov-2015.pdf,true,wr-508-shell-offshore-27-nov-2015.pdf,WR,508,shell offshore,27-nov-2015,2015-11-27,2015,false,,,11-27-2015,11:15,G17001,WR 508,Equipment Failure,1,,,,ef71590df864126280857a4306ee6ec23a59c7faa385ab35b0c66c49904bff10,
district,https://www.bsee.gov/what-we-do/incident-investigations/offshore-incident-investigations/district-investigation-reports,2016,,0,/sites/bsee.gov/files/wr-584-exxon-mobil-27-jul-2016.pdf,https://www.bsee.gov/sites/bsee.gov/files/wr-584-exxon-mobil-27-jul-2016.pdf,https://www.bsee.gov/sites/bsee.gov/files/wr-584-exxon-mobil-27-jul-2016.pdf,false,wr-584-exxon-mobil-27-jul-2016.pdf,WR,584,exxon mobil,27-jul-2016,2016-07-27,2016,false,,,07-27-2016,05:20,G20351,WR 584,Required Evacuation - Other Lifting Device (Vital Level Hoist),1,,,,35f48adea152c807910d236f2b73dfa8e07c62a06e9c5caa6120fe5401ef170f,
district,https://www.bsee.gov/what-we-do/incident-investigations/offshore-incident-investigations/district-investigation-reports,2017,,0,/sites/bsee.gov/files/wr-778-chevron-27-jun-2017.pdf,https://www.bsee.gov/sites/bsee.gov/files/wr-778-chevron-27-jun-2017.pdf,https://www.bsee.gov/sites/bsee.gov/files/wr-778-chevron-27-jun-2017.pdf,false,wr-778-chevron-27-jun-2017.pdf,WR,778,chevron,27-jun-2017,2017-06-27,2017,false,,,06-27-2017,21:20,G17015,WR 758,Pollution,1,,,,9940fe57ed384af45d7b012bce46d2e0d82da78fb9f77b9ca649f6edce41981f,
district,https://www.bsee.gov/what-we-do/incident-investigations/offshore-incident-investigations/district-investigation-reports,2018,,0,/sites/bsee.gov/files/wr29-chevron-26-jul-2018.pdf,https://www.bsee.gov/sites/bsee.gov/files/wr29-chevron-26-jul-2018.pdf,https://www.bsee.gov/sites/bsee.gov/files/wr29-chevron-26-jul-2018.pdf,false,wr29-chevron-26-jul-2018.pdf,WR,29,chevron,26-jul-2018,2018-07-26,2018,false,,,07-26-2018,01:30,G16942,WR 29,Fire / Incident >$25K,1,,,,2e60a25f0206ebb007c399a2436a6484e48d307b7d835ec14112a247ce5d3b74,
district,https://www.bsee.gov/what-we-do/incident-investigations/offshore-incident-investigations/district-investigation-reports,2016,https://www.bsee.gov/wr551-shell-11-sep-2016,0,/sites/bsee.gov/files/wr551-shell-11-sep-2016.pdf,https://www.bsee.gov/sites/bsee.gov/files/wr551-shell-11-sep-2016.pdf,https://www.bsee.gov/sites/bsee.gov/files/wr551-shell-11-sep-2016.pdf,false,wr551-shell-11-sep-2016.pdf,WR,551,shell,11-sep-2016,2016-09-11,2016,false,,,09-11-2016,10:30,G21861,WR 551,LTA (>3 days) - Required Evacuation,1,,,,7b31adab10b670dd49c11fb968799e8d7e7f42843ec50fd9c40ea44c6a309093,
district,https://www.bsee.gov/what-we-do/incident-investigations/offshore-incident-investigations/district-investigation-reports,2016,,0,/sites/bsee.gov/files/wr551-shell-26-nov-2016.pdf,https://www.bsee.gov/sites/bsee.gov/files/wr551-shell-26-nov-2016.pdf,https://www.bsee.gov/sites/bsee.gov/files/wr551-shell-26-nov-2016.pdf,false,wr551-shell-26-nov-2016.pdf,WR,551,shell,26-nov-2016,2016-11-26,2016,false,,,11-26-2016,14:06,G21861,WR 551,Shutdown from Gas Release,1,,,,eff69eb2ef487b0d1916f29803e093a1f9324fd5695a2d49ff12b9360b97dbc0,
district,https://www.bsee.gov/what-we-do/incident-investigations/offshore-incident-investigations/district-investigation-reports,2016,,0,/sites/bsee_prod.opengov.ibmcloud.com/files/incident-summaries/incident-and-investigations/13-apr-shell-wr508-fire-dmapproved-edited-sanitized.pdf,https://www.bsee.gov/sites/bsee_prod.opengov.ibmcloud.com/files/incident-summaries/incident-and-investigations/13-apr-shell-wr508-fire-dmapproved-edited-sanitized.pdf,https://www.bsee.gov/sites/bsee_prod.opengov.ibmcloud.com/files/incident-summaries/incident-and-investigations/13-apr-shell-wr508-fire-dmapproved-edited-sanitized.pdf,false,13-apr-shell-wr508-fire-dmapproved-edited-sanitized.pdf,WR,508,apr shell fire dmapproved edited,,,,true,,no_date_token,04-13-2016,03:15,G17001,WR 508,Fire - Required Muster,1,,,,,HTTPError: 404 Client Error: Not Found for url: https://www.bsee.gov/sites/bsee_prod.opengov.ibmcloud.com/files/incident-summaries/incident-and-investigations/13-apr-shell-wr508-fire-dmapproved-edited-sanitized.pdf
district,https://www.bsee.gov/what-we-do/incident-investigations/offshore-incident-investigations/district-investigation-reports,2016,,0,/sites/bsee_prod.opengov.ibmcloud.com/files/incident-summaries/incident-and-investigations/ac_857_shell_offshore_25_may_2016.pdf,https://www.bsee.gov/sites/bsee_prod.opengov.ibmcloud.com/files/incident-summaries/incident-and-investigations/ac_857_shell_offshore_25_may_2016.pdf,https://www.bsee.gov/sites/bsee_prod.opengov.ibmcloud.com/files/incident-summaries/incident-and-investigations/ac_857_shell_offshore_25_may_2016.pdf,false,ac_857_shell_offshore_25_may_2016.pdf,AC,857,shell offshore,25_may_2016,2016-05-25,2016,false,,,05-25-2016,15:00,G17565,AC 857,Pollution,1,,,,,HTTPError: 404 Client Error: Not Found for url: https://www.bsee.gov/sites/bsee_prod.opengov.ibmcloud.com/files/incident-summaries/incident-and-investigations/ac_857_shell_offshore_25_may_2016.pdf
district,https://www.bsee.gov/what-we-do/incident-investigations/offshore-incident-investigations/district-investigation-reports,2016,,0,/sites/bsee_prod.opengov.ibmcloud.com/files/incident-summaries/incident-and-investigations/gb_669_anadarko_05_apr_2016.pdf,https://www.bsee.gov/sites/bsee_prod.opengov.ibmcloud.com/files/incident-summaries/incident-and-investigations/gb_669_anadarko_05_apr_2016.pdf,https://www.bsee.gov/sites/bsee_prod.opengov.ibmcloud.com/files/incident-summaries/incident-and-investigations/gb_669_anadarko_05_apr_2016.pdf,false,gb_669_anadarko_05_apr_2016.pdf,GB,669,anadarko,05_apr_2016,2016-04-05,2016,false,,,04-05-2016,20:20,G17408,GB 669,Required Evacuation -- RW/JT (>3 days) -- Other Lifting Device (Hand Winch),1,,,,,HTTPError: 404 Client Error: Not Found for url: https://www.bsee.gov/sites/bsee_prod.opengov.ibmcloud.com/files/incident-summaries/incident-and-investigations/gb_669_anadarko_05_apr_2016.pdf
district,https://www.bsee.gov/what-we-do/incident-investigations/offshore-incident-investigations/district-investigation-reports,2016,,0,/sites/bsee_prod.opengov.ibmcloud.com/files/incident-summaries/incident-and-investigations/gc654_bhp_billiton_20-mar-2016.pdf,https://www.bsee.gov/sites/bsee_prod.opengov.ibmcloud.com/files/incident-summaries/incident-and-investigations/gc654_bhp_billiton_20-mar-2016.pdf,https://www.bsee.gov/sites/bsee_prod.opengov.ibmcloud.com/files/incident-summaries/incident-and-investigations/gc654_bhp_billiton_20-mar-2016.pdf,false,gc654_bhp_billiton_20-mar-2016.pdf,GC,654,bhp billiton,20-mar-2016,2016-03-20,2016,false,,,03-20-2016,23:43,G20085,GC 654,Human Error,1,,,,,HTTPError: 404 Client Error: Not Found for url: https://www.bsee.gov/sites/bsee_prod.opengov.ibmcloud.com/files/incident-summaries/incident-and-investigations/gc654_bhp_billiton_20-mar-2016.pdf
district,https://www.bsee.gov/what-we-do/incident-investigations/offshore-incident-investigations/district-investigation-reports,2016,,0,/sites/bsee_prod.opengov.ibmcloud.com/files/incident-summaries/incident-and-investigations/hi-117_castex_13-feb-2016-publish.pdf,https://www.bsee.gov/sites/bsee_prod.opengov.ibmcloud.com/files/incident-summaries/incident-and-investigations/hi-117_castex_13-feb-2016-publish.pdf,https://www.bsee.gov/sites/bsee_prod.opengov.ibmcloud.com/files/incident-summaries/incident-and-investigations/hi-117_castex_13-feb-2016-publish.pdf,false,hi-117_castex_13-feb-2016-publish.pdf,HI,117,castex publish,13-feb-2016,2016-02-13,2016,false,,,02-13-2016,13:25,G34025,HI 117,Fire – Equipment Failure,1,,,,,HTTPError: 404 Client Error: Not Found for url: https://www.bsee.gov/sites/bsee_prod.opengov.ibmcloud.com/files/incident-summaries/incident-and-investigations/hi-117_castex_13-feb-2016-publish.pdf
district,https://www.bsee.gov/what-we-do/incident-investigations/offshore-incident-investigations/district-investigation-reports,2016,,0,/sites/bsee_prod.opengov.ibmcloud.com/files/incident-summaries/incident-and-investigations/hi_a351_energyxxi_gom_14-feb-2016.pdf,https://www.bsee.gov/sites/bsee_prod.opengov.ibmcloud.com/files/incident-summaries/incident-and-investigations/hi_a351_energyxxi_gom_14-feb-2016.pdf,https://www.bsee.gov/sites/bsee_prod.opengov.ibmcloud.com/files/incident-summaries/incident-and-investigations/hi_a351_energyxxi_gom_14-feb-2016.pdf,false,hi_a351_energyxxi_gom_14-feb-2016.pdf,,,hi a351 energyxxi gom,14-feb-2016,2016-02-14,2016,false,,no_area_block_in_filename,02-14-2016,02:30,G02429,HI A 351,Human Error,1,,,,,HTTPError: 404 Client Error: Not Found for url: https://www.bsee.gov/sites/bsee_prod.opengov.ibmcloud.com/files/incident-summaries/incident-and-investigations/hi_a351_energyxxi_gom_14-feb-2016.pdf
district,https://www.bsee.gov/what-we-do/incident-investigations/offshore-incident-investigations/district-investigation-reports,2016,,0,/sites/bsee_prod.opengov.ibmcloud.com/files/incident-summaries/incident-and-investigations/kc_96_chevron_02_may_2016.pdf,https://www.bsee.gov/sites/bsee_prod.opengov.ibmcloud.com/files/incident-summaries/incident-and-investigations/kc_96_chevron_02_may_2016.pdf,https://www.bsee.gov/sites/bsee_prod.opengov.ibmcloud.com/files/incident-summaries/incident-and-investigations/kc_96_chevron_02_may_2016.pdf,false,kc_96_chevron_02_may_2016.pdf,KC,96,chevron,02_may_2016,2016-05-02,2016,false,,,05-02-2016,23:00,G33531,KC 96,Crane,1,,,,,HTTPError: 404 Client Error: Not Found for url: https://www.bsee.gov/sites/bsee_prod.opengov.ibmcloud.com/files/incident-summaries/incident-and-investigations/kc_96_chevron_02_may_2016.pdf
district,https://www.bsee.gov/what-we-do/incident-investigations/offshore-incident-investigations/district-investigation-reports,2016,,0,/sites/bsee_prod.opengov.ibmcloud.com/files/incident-summaries/incident-and-investigations/mc_778_bp_exploration_03_mar_2016.pdf,https://www.bsee.gov/sites/bsee_prod.opengov.ibmcloud.com/files/incident-summaries/incident-and-investigations/mc_778_bp_exploration_03_mar_2016.pdf,https://www.bsee.gov/sites/bsee_prod.opengov.ibmcloud.com/files/incident-summaries/incident-and-investigations/mc_778_bp_exploration_03_mar_2016.pdf,false,mc_778_bp_exploration_03_mar_2016.pdf,MC,778,bp exploration,03_mar_2016,2016-03-03,2016,false,,,03-03-2016,18:45,G09868,MC 778,Pollution,1,,,,,HTTPError: 404 Client Error: Not Found for url: https://www.bsee.gov/sites/bsee_prod.opengov.ibmcloud.com/files/incident-summaries/incident-and-investigations/mc_778_bp_exploration_03_mar_2016.pdf
district,https://www.bsee.gov/what-we-do/incident-investigations/offshore-incident-investigations/district-investigation-reports,2016,,0,/sites/bsee_prod.opengov.ibmcloud.com/files/incident-summaries/incident-and-investigations/mc_895_llog_exploration_05_may_2016.pdf,https://www.bsee.gov/sites/bsee_prod.opengov.ibmcloud.com/files/incident-summaries/incident-and-investigations/mc_895_llog_exploration_05_may_2016.pdf,https://www.bsee.gov/sites/bsee_prod.opengov.ibmcloud.com/files/incident-summaries/incident-and-investigations/mc_895_llog_exploration_05_may_2016.pdf,false,mc_895_llog_exploration_05_may_2016.pdf,MC,895,llog exploration,05_may_2016,2016-05-05,2016,false,,,05-05-2016,09:30,G33764,MC 895,LTA (>3 days) - Required Evacuation,1,,,,,HTTPError: 404 Client Error: Not Found for url: https://www.bsee.gov/sites/bsee_prod.opengov.ibmcloud.com/files/incident-summaries/incident-and-investigations/mc_895_llog_exploration_05_may_2016.pdf
district,https://www.bsee.gov/what-we-do/incident-investigations/offshore-incident-investigations/district-investigation-reports,2016,,0,/sites/bsee_prod.opengov.ibmcloud.com/files/incident-summaries/incident-and-investigations/wc_130b_fieldwood_energy_13_may_2016.pdf,https://www.bsee.gov/sites/bsee_prod.opengov.ibmcloud.com/files/incident-summaries/incident-and-investigations/wc_130b_fieldwood_energy_13_may_2016.pdf,https://www.bsee.gov/sites/bsee_prod.opengov.ibmcloud.com/files/incident-summaries/incident-and-investigations/wc_130b_fieldwood_energy_13_may_2016.pdf,false,wc_130b_fieldwood_energy_13_may_2016.pdf,WC,130B,fieldwood energy,13_may_2016,2016-05-13,2016,false,,,05-13-2016,17:30,G12761,WC 130,LTA (>3 days) - Required Evacuation - Crane,1,,,,,HTTPError: 404 Client Error: Not Found for url: https://www.bsee.gov/sites/bsee_prod.opengov.ibmcloud.com/files/incident-summaries/incident-and-investigations/wc_130b_fieldwood_energy_13_may_2016.pdf
district,https://www.bsee.gov/what-we-do/incident-investigations/offshore-incident-investigations/district-investigation-reports,2016,,0,/sites/bsee_prod.opengov.ibmcloud.com/files/incident-summaries/incident-and-investigations/wc_616_tarpon_operating_31_may_2016.pdf,https://www.bsee.gov/sites/bsee_prod.opengov.ibmcloud.com/files/incident-summaries/incident-and-investigations/wc_616_tarpon_operating_31_may_2016.pdf,https://www.bsee.gov/sites/bsee_prod.opengov.ibmcloud.com/files/incident-summaries/incident-and-investigations/wc_616_tarpon_operating_31_may_2016.pdf,false,wc_616_tarpon_operating_31_may_2016.pdf,WC,616,tarpon operating,31_may_2016,2016-05-31,2016,false,,,05-31-2016,14:45,G12808,WC 616,RW/JT (1-3 days) - Required Evacuation - Crane,1,,,,,HTTPError: 404 Client Error: Not Found for url: https://www.bsee.gov/sites/bsee_prod.opengov.ibmcloud.com/files/incident-summaries/incident-and-investigations/wc_616_tarpon_operating_31_may_2016.pdf
panel,https://www.bsee.gov/what-we-do/incident-investigations/offshore-incident-investigations/panel-investigation-reports?page=1,,https://www.bsee.gov/panel-investigation/investigation-of-october-20-2015-fatality-during-pipe-handling-lease-ocs-g,1,https://doibseetest.prod.acquia-sites.com/sites/bsee.gov/files/002-fatality-during-pipe-handling.pdf,https://www.bsee.gov/sites/bsee.gov/files/002-fatality-during-pipe-handling.pdf,https://www.bsee.gov/sites/bsee.gov/files/002-fatality-during-pipe-handling.pdf,true,002-fatality-during-pipe-handling.pdf,,,fatality during pipe handling,,,,false,,no_date_token;no_area_block_in_filename,,,,KC 96,,1,2017-001,"Investigation of October 20, 2015 Fatality During Pipe Handling, Lease OCS-G 33531, Keathley Canyon Block 96 Drillship Pacific Santa Ana",01/01/2017,4bb3c9aebcc531fd8747869c6db0f8334a9691394d752a86b36f137da7fade7a,
panel,https://www.bsee.gov/what-we-do/incident-investigations/offshore-incident-investigations/panel-investigation-reports?page=0,,https://www.bsee.gov/panel-investigation/bsee-panel-investigation-report-khamsin-drillship-fatality,0,/sites/bsee.gov/files/2023-03/bsee-panel-investigation-report-khamsin-drillship-fatality.pdf,https://www.bsee.gov/sites/bsee.gov/files/2023-03/bsee-panel-investigation-report-khamsin-drillship-fatality.pdf,https://www.bsee.gov/sites/bsee.gov/files/2023-03/bsee-panel-investigation-report-khamsin-drillship-fatality.pdf,false,bsee-panel-investigation-report-khamsin-drillship-fatality.pdf,,,bsee panel investigation khamsin drillship fatality,,,,false,,no_date_token;no_area_block_in_filename,,,,1003,,1,2023-002,BSEE Panel Investigation Report Khamsin Drillship Fatality,03/27/2023,57b4c9bc1c41fff9e974b9ed4264803d7b480663bf23629703e7b1d2beed1cc4,
panel,https://www.bsee.gov/what-we-do/incident-investigations/offshore-incident-investigations/panel-investigation-reports?page=0,,https://www.bsee.gov/panel-investigation/bsee-panel-investigation-final-report-gc40,0,/sites/bsee.gov/files/2023-05/bsee-panel-investigation-final-report-gc40_23mar2023.pdf,https://www.bsee.gov/sites/bsee.gov/files/2023-05/bsee-panel-investigation-final-report-gc40_23mar2023.pdf,https://www.bsee.gov/sites/bsee.gov/files/2023-05/bsee-panel-investigation-final-report-gc40_23mar2023.pdf,false,bsee-panel-investigation-final-report-gc40_23mar2023.pdf,GC,40,bsee panel investigation,23mar2023,2023-03-23,2023,false,,,,,,GC40,,1,2023-001,BSEE Panel Investigation Final Report GC40,03/27/2023,195e2e1d458b4165f9205eb55b8089858a01ae7c4f421a99e913fa5e15dd1419,
panel,https://www.bsee.gov/what-we-do/incident-investigations/offshore-incident-investigations/panel-investigation-reports?page=0,,https://www.bsee.gov/panel-investigation/investigation-of-january-24-2021-seadrill-west-neptune-drillship-fatality,0,/sites/bsee.gov/files/2023-09/MC%20727%20Panel%20Investigation%20Report.pdf,https://www.bsee.gov/sites/bsee.gov/files/2023-09/MC%20727%20Panel%20Investigation%20Report.pdf,https://www.bsee.gov/sites/bsee.gov/files/2023-09/MC 727 Panel Investigation Report.pdf,false,MC 727 Panel Investigation Report.pdf,MC,727,Panel Investigation,,,,false,,no_date_token,,,,727,,1,2023-003,"Investigation of January 24, 2021, Seadrill West Neptune Drillship Fatality",09/06/2023,ed0da13dcbab34b0e460114f1cd5864a2fef91aa53aea2f0ea11bc0ea9d2a5b9,
panel,https://www.bsee.gov/what-we-do/incident-investigations/offshore-incident-investigations/panel-investigation-reports?page=0,,https://www.bsee.gov/panel-investigation/investigation-of-may-15-2021-fatality,0,/sites/bsee.gov/files/2023-11/EI%20158%20-14%20Panel%20Report.pdf,https://www.bsee.gov/sites/bsee.gov/files/2023-11/EI%20158%20-14%20Panel%20Report.pdf,https://www.bsee.gov/sites/bsee.gov/files/2023-11/EI 158 -14 Panel Report.pdf,false,EI 158 -14 Panel Report.pdf,EI,158,Panel,,,,false,,no_date_token,,,,158,,1,2023-004,"Investigation of May 15, 2021, Fatality",11/21/2023,012a5cef5102dadd20693b01304ad20227dc53ac765ed4406d860a2f691dd504,
panel,https://www.bsee.gov/what-we-do/incident-investigations/offshore-incident-investigations/panel-investigation-reports?page=0,,https://www.bsee.gov/panel-investigation/investigation-of-march-25-2022-hydraulic-workover-unit-failure-fatality,0,/sites/bsee.gov/files/2024-08/MP%2064%20No-19%20Report%2030May24.pdf,https://www.bsee.gov/sites/bsee.gov/files/2024-08/MP%2064%20No-19%20Report%2030May24.pdf,https://www.bsee.gov/sites/bsee.gov/files/2024-08/MP 64 No-19 Report 30May24.pdf,false,MP 64 No-19 Report 30May24.pdf,MP,64,No,30May24,2024-05-30,2024,false,,,,,,64,,1,2024-01,"Investigation of March 25, 2022, Hydraulic Workover Unit Failure Fatality",08/06/2024,d76f6d9fa06dd330d5ba070e1c037fdf37bb719340a97dd3dd1d530e3e949ca3,
panel,https://www.bsee.gov/what-we-do/incident-investigations/offshore-incident-investigations/panel-investigation-reports?page=0,,https://www.bsee.gov/panel-investigation/investigation-of-march-10-2016-fatality-lease-ocs-04940-green-canyon-area-block,0,https://www.bsee.gov/sites/bsee.gov/files/acting-director-schneider-memo-on-panel-report.pdf,https://www.bsee.gov/sites/bsee.gov/files/acting-director-schneider-memo-on-panel-report.pdf,https://www.bsee.gov/sites/bsee.gov/files/acting-director-schneider-memo-on-panel-report.pdf,false,acting-director-schneider-memo-on-panel-report.pdf,,,acting director schneider memo on panel,,,,false,,no_date_token;no_area_block_in_filename,,,,GC 18,,2,2017-002,"Investigation of March 10, 2016, Fatality, Lease OCS-04940, Green Canyon Area- Block 18",01/01/2017,d8a8ec8c0cd12bf7d2bf7e15ac5f334b90c029d23ddd359daa1bd18ea8d87b05,
panel,https://www.bsee.gov/what-we-do/incident-investigations/offshore-incident-investigations/panel-investigation-reports?page=1,,https://www.bsee.gov/wd-105-e-panel-report,0,https://doibseetest.prod.acquia-sites.com/sites/bsee.gov/files/delta-105-panel-report-letter.pdf,https://www.bsee.gov/sites/bsee.gov/files/delta-105-panel-report-letter.pdf,https://www.bsee.gov/sites/bsee.gov/files/delta-105-panel-report-letter.pdf,true,delta-105-panel-report-letter.pdf,,,delta panel letter,,,,false,,no_date_token;no_area_block_in_filename,,,,WD 105,,1,2016-001,"Investigation of November 20, 2014, Explosion and Fatality Lease OCS-00842, West Delta Block 105 Platform E",01/01/2016,4086ec8290118fdf427f92217a63696011c169477a1ed38a3cb7005d9f546d9c,
panel,https://www.bsee.gov/what-we-do/incident-investigations/offshore-incident-investigations/panel-investigation-reports?page=1,,https://www.bsee.gov/panel-investigation/investigation-into-the-january-30-2014-loss-of-well-control-gulf-of-mexico,0,https://doibseetest.prod.acquia-sites.com/sites/bsee.gov/files/direcor-letter-vermilion-block-356-01-30-2014.pdf,https://www.bsee.gov/sites/bsee.gov/files/direcor-letter-vermilion-block-356-01-30-2014.pdf,https://www.bsee.gov/sites/bsee.gov/files/direcor-letter-vermilion-block-356-01-30-2014.pdf,true,direcor-letter-vermilion-block-356-01-30-2014.pdf,,,direcor letter vermilion block,01-30-2014,2014-01-30,2014,false,,no_area_block_in_filename,,,,VR 356,,1,2015-001,"Investigation into the January 30, 2014 Loss of Well Control, Gulf of Mexico, Lease OCS-G 17921, Vermilion Block 356, Well A-007",01/01/2015,b0e6ec5a4d382ca3585303b4661ca5bcfba1fa15da1534507aec2ee8cca3b6c4,
panel,https://www.bsee.gov/what-we-do/incident-investigations/offshore-incident-investigations/panel-investigation-reports?page=0,,https://www.bsee.gov/panel-investigation/investigation-of-march-10-2016-fatality-lease-ocs-04940-green-canyon-area-block,2,/sites/bsee.gov/files/gc-18-panel-report-finalcl.pdf,https://www.bsee.gov/sites/bsee.gov/files/gc-18-panel-report-finalcl.pdf,https://www.bsee.gov/sites/bsee.gov/files/gc-18-panel-report-finalcl.pdf,false,gc-18-panel-report-finalcl.pdf,GC,18,panel finalcl,,,,false,,no_date_token,,,,GC 18,,1,2017-002,"Investigation of March 10, 2016, Fatality, Lease OCS-04940, Green Canyon Area- Block 18",01/01/2017,cb6f9f1a3571c428418ee5a1a1e83c767404f628b30a47837d280ecd64ef1aa4,
panel,https://www.bsee.gov/what-we-do/incident-investigations/offshore-incident-investigations/panel-investigation-reports?page=1,,https://www.bsee.gov/panel-investigation/investigation-of-fatality-from-falling-load-main-pass-block-30-well-no-a-14,0,/sites/bsee.gov/files/incident-statisticssummaries-fatalities/reports/2009-042-pdf.pdf,https://www.bsee.gov/sites/bsee.gov/files/incident-statisticssummaries-fatalities/reports/2009-042-pdf.pdf,https://www.bsee.gov/sites/bsee.gov/files/incident-statisticssummaries-fatalities/reports/2009-042-pdf.pdf,false,2009-042-pdf.pdf,,,,,,,false,,no_date_token;no_area_block_in_filename;no_operator_in_filename,,,,,,1,2009-042,"Investigation of Fatality from Falling Load Main Pass Block 30, Well No. A-14 ST01 OCS-G 4903, 7 March 2009, Gulf of Mexico, Off the Louisiana Coast.",04/24/2023,d10324074a861ca0d1f3420def367185bb8dd98cecb93a10fc00f541c14db0ee,
panel,https://www.bsee.gov/what-we-do/incident-investigations/offshore-incident-investigations/panel-investigation-reports?page=1,,https://www.bsee.gov/panel-investigation/investigation-of-fatality-green-canyon-block-304-well-no-1-ocs-g28066-03,0,/sites/bsee.gov/files/incident-statisticssummaries-fatalities/reports/2010-025-pdf.pdf,https://www.bsee.gov/sites/bsee.gov/files/incident-statisticssummaries-fatalities/reports/2010-025-pdf.pdf,https://www.bsee.gov/sites/bsee.gov/files/incident-statisticssummaries-fatalities/reports/2010-025-pdf.pdf,false,2010-025-pdf.pdf,,,,,,,false,,no_date_token;no_area_block_in_filename;no_operator_in_filename,,,,,,2,2010-025,"Investigation of Fatality, Green Canyon Block 304, Well No. 1, OCS-G28066, 03 September 2009, Gulf of Mexico, Off the Louisiana Coast.",04/20/2023,cdfa72e52e2667635a663e63d5590d3dd70f40da58881a19394218d5cdcefc23,
panel,https://www.bsee.gov/what-we-do/incident-investigations/offshore-incident-investigations/panel-investigation-reports?page=0,,https://www.bsee.gov/panel-investigation/investigation-of-december-2-2017-fatality-petrobras-10000-drillship-lease-ocs,0,https://www.bsee.gov/sites/bsee.gov/files/memos//director-response-memo-wr469s.pdf,https://www.bsee.gov/sites/bsee.gov/files/memos//director-response-memo-wr469s.pdf,https://www.bsee.gov/sites/bsee.gov/files/memos//director-response-memo-wr469s.pdf,false,director-response-memo-wr469s.pdf,,,director response memo wr469s,,,,false,,no_date_token;no_area_block_in_filename,,,,WR 469,,1,2019-001,"Investigation of December 2, 2017 Fatality Petrobras 10000 Drillship Lease OCS-16997, Walker Ridge Area Block 469",01/01/2019,f834b7002637e8d9b801dd86bb8c75c58d9a62bad63e3bc64416dfd8e0198e2f,
panel,https://www.bsee.gov/what-we-do/incident-investigations/offshore-incident-investigations/panel-investigation-reports?page=0,,https://www.bsee.gov/panel-investigation/investigation-of-june-1-2019-fatality-lease-ocs-g05911-green-canyon-area-block,0,https://doibseetest.prod.acquia-sites.com/sites/bsee.gov/files/memos//gc-205-directors-response-memo.pdf,https://www.bsee.gov/sites/bsee.gov/files/memos//gc-205-directors-response-memo.pdf,https://www.bsee.gov/sites/bsee.gov/files/memos//gc-205-directors-response-memo.pdf,true,gc-205-directors-response-memo.pdf,GC,205,directors response memo,,,,false,,no_date_token,,,,GC 205-A,,1,2020-002,"Investigation of June 1, 2019, Fatality Lease OCS-G05911 Green Canyon Area Block 205-A",01/01/2020,139c2c061d79ea55b2130314dbf2267dfbe1436cfc2380fc9686c7e78e20b7c9,
panel,https://www.bsee.gov/what-we-do/incident-investigations/offshore-incident-investigations/panel-investigation-reports?page=0,,https://www.bsee.gov/panel-investigation/investigation-of-october-11-2017-flowline-jumper-failure-lease-ocs-g-24055,0,https://doibseetest.prod.acquia-sites.com/sites/bsee.gov/files/memos//mc209-report-directors-response-memo.pdf,https://www.bsee.gov/sites/bsee.gov/files/memos//mc209-report-directors-response-memo.pdf,https://www.bsee.gov/sites/bsee.gov/files/memos//mc209-report-directors-response-memo.pdf,true,mc209-report-directors-response-memo.pdf,MC,209,directors response memo,,,,false,,no_date_token,,,,MC 209,,1,2019-002,"Investigation of October 11, 2017 Flowline Jumper Failure, Lease OCS-G 24055 Mississippi Canyon Block 209",01/01/2019,eeec3e94009bfee75af01e3a4a9040a75b4b8a2a2aa0b00ddcdaaa636867cdbb,
panel,https://www.bsee.gov/what-we-do/incident-investigations/offshore-incident-investigations/panel-investigation-reports?page=0,,https://www.bsee.gov/panel-investigation/investigation-of-march-10-2016-fatality-lease-ocs-04940-green-canyon-area-block,1,https://www.bsee.gov/sites/bsee.gov/files/memos//review-of-panel-report-for-green-canyon-block-18-memo.pdf,https://www.bsee.gov/sites/bsee.gov/files/memos//review-of-panel-report-for-green-canyon-block-18-memo.pdf,https://www.bsee.gov/sites/bsee.gov/files/memos//review-of-panel-report-for-green-canyon-block-18-memo.pdf,false,review-of-panel-report-for-green-canyon-block-18-memo.pdf,,,review of panel for green canyon block memo,,,,false,,no_date_token;no_area_block_in_filename,,,,GC 18,,1,2017-002,"Investigation of March 10, 2016, Fatality, Lease OCS-04940, Green Canyon Area- Block 18",01/01/2017,8e473e6f002c9c0a3294bc3eed99053fe0a25a63b053c8b36c4f31bd7c7e2a0f,
panel,https://www.bsee.gov/what-we-do/incident-investigations/offshore-incident-investigations/panel-investigation-reports?page=0,,https://www.bsee.gov/panel-investigation/investigation-of-february-17-2018-fatality-west-cameron-block-215-platform-a,0,https://doibseetest.prod.acquia-sites.com/sites/bsee.gov/files/memos//review-of-panel-report-wc-215-memo-a.pdf,https://www.bsee.gov/sites/bsee.gov/files/memos//review-of-panel-report-wc-215-memo-a.pdf,https://www.bsee.gov/sites/bsee.gov/files/memos//review-of-panel-report-wc-215-memo-a.pdf,true,review-of-panel-report-wc-215-memo-a.pdf,WC,215,review of panel memo,,,,false,,no_date_token,,,,WC 215,,1,2020-001,"Investigation of February 17, 2018, Fatality West Cameron Block 215 Platform “A”",01/01/2020,33f57d2d3c246bb8fa308f2a023c3518a7b6d1e67933c8c14d68c5ea894c1874,
panel,https://www.bsee.gov/what-we-do/incident-investigations/offshore-incident-investigations/panel-investigation-reports?page=1,,https://www.bsee.gov/panel-investigation/investigation-of-electrocution-on-drilling-rig-ship-shoal-block-170-well-no-1,1,https://www.bsee.gov/sites/bsee.gov/files/memos/incident-and-investigations/response-letter-from-bsee-director-2014-01.pdf,https://www.bsee.gov/sites/bsee.gov/files/memos/incident-and-investigations/response-letter-from-bsee-director-2014-01.pdf,https://www.bsee.gov/sites/bsee.gov/files/memos/incident-and-investigations/response-letter-from-bsee-director-2014-01.pdf,false,response-letter-from-bsee-director-2014-01.pdf,,,response letter from bsee director,,,,false,,no_date_token;no_area_block_in_filename,,,,SS 170,,1,2014-001,"Investigation of Electrocution on Drilling Rig, Ship Shoal Block 170, Well No. 1 OCS-G 33644, 26 January 2013",01/01/2014,ce3b494eccd87736803ce94a549960c0bf5d9a5f2f5aeca7c18aed63bcb64cee,
panel,https://www.bsee.gov/what-we-do/incident-investigations/offshore-incident-investigations/panel-investigation-reports?page=1,,https://www.bsee.gov/panel-investigation/investigation-of-electrocution-on-drilling-rig-ship-shoal-block-170-well-no-1,2,https://www.bsee.gov/sites/bsee.gov/files/memos/incident-and-investigations/vr200-report-response-memo-2.pdf,https://www.bsee.gov/sites/bsee.gov/files/memos/incident-and-investigations/vr200-report-response-memo-2.pdf,https://www.bsee.gov/sites/bsee.gov/files/memos/incident-and-investigations/vr200-report-response-memo-2.pdf,false,vr200-report-response-memo-2.pdf,VR,200,response memo,,,,false,,no_date_token,,,,SS 170,,1,2014-001,"Investigation of Electrocution on Drilling Rig, Ship Shoal Block 170, Well No. 1 OCS-G 33644, 26 January 2013",01/01/2014,0d9dfb49869085ffd6028168c5e7846348a765b3bf1a46bad26a000678cab08b,
panel,https://www.bsee.gov/what-we-do/incident-investigations/offshore-incident-investigations/panel-investigation-reports?page=0,,https://www.bsee.gov/panel-investigation/panel-investigation-report-ewing-bank-block-826-fatality,0,/sites/bsee.gov/files/panel-investigation//ew-826-panel-final-12-6-21.pdf,https://www.bsee.gov/sites/bsee.gov/files/panel-investigation//ew-826-panel-final-12-6-21.pdf,https://www.bsee.gov/sites/bsee.gov/files/panel-investigation//ew-826-panel-final-12-6-21.pdf,false,ew-826-panel-final-12-6-21.pdf,EW,826,panel,,,,false,,no_date_token,,,,EW 826,,1,2022-001,Panel Investigation Report Ewing Bank Block 826 Fatality,01/01/2022,afeac5e333b78cc8fc88b45185d39766b704b9cf99e362b34de3d68719c2ce1a,
panel,https://www.bsee.gov/what-we-do/incident-investigations/offshore-incident-investigations/panel-investigation-reports?page=0,,https://www.bsee.gov/panel-investigation/investigation-of-november-12-2016-fire-with-multiple-injuries-lease-ocs-30206,2,/sites/bsee.gov/files/panel-investigation//gi-115-panel-report-final.pdf,https://www.bsee.gov/sites/bsee.gov/files/panel-investigation//gi-115-panel-report-final.pdf,https://www.bsee.gov/sites/bsee.gov/files/panel-investigation//gi-115-panel-report-final.pdf,false,gi-115-panel-report-final.pdf,GI,115,panel,,,,false,,no_date_token,,,,GI 115,,1,2018-002,"Investigation of November 12, 2016 Fire with Multiple Injuries, Lease OCS-30206, Grand Isle Area-Block 115",01/01/2018,1f2e6bcfb133f1ffca07cc793db6856cccdc3490c893e114f501fa5c554ec817,
panel,https://www.bsee.gov/what-we-do/incident-investigations/offshore-incident-investigations/panel-investigation-reports?page=0,,https://www.bsee.gov/panel-investigation/panel-investigation-report-pacific-region-los-angeles-block-6862,0,/sites/bsee.gov/files/panel-investigation//gilda-panel-report-final-12-3-21.pdf,https://www.bsee.gov/sites/bsee.gov/files/panel-investigation//gilda-panel-report-final-12-3-21.pdf,https://www.bsee.gov/sites/bsee.gov/files/panel-investigation//gilda-panel-report-final-12-3-21.pdf,false,gilda-panel-report-final-12-3-21.pdf,,,gilda panel,,,,false,,no_date_token;no_area_block_in_filename,,,,6862,,1,2022-002,"Panel Investigation Report Pacific Region, Los Angeles Block 6862",01/01/2022,83adf44fe9c3bd0d67e788bc07d3511b631702b68c16ef6b31be631c89cbce3a,
panel,https://www.bsee.gov/what-we-do/incident-investigations/offshore-incident-investigations/panel-investigation-reports?page=1,,https://www.bsee.gov/panel-investigation/investigation-of-october-20-2015-fatality-during-pipe-handling-lease-ocs-g,2,/sites/bsee.gov/files/panel-investigation//kc96-final-panel-report-3-2-2017.pdf,https://www.bsee.gov/sites/bsee.gov/files/panel-investigation//kc96-final-panel-report-3-2-2017.pdf,https://www.bsee.gov/sites/bsee.gov/files/panel-investigation//kc96-final-panel-report-3-2-2017.pdf,false,kc96-final-panel-report-3-2-2017.pdf,KC,96,panel,3-2-2017,2017-03-02,2017,false,,,,,,KC 96,,1,2017-001,"Investigation of October 20, 2015 Fatality During Pipe Handling, Lease OCS-G 33531, Keathley Canyon Block 96 Drillship Pacific Santa Ana",01/01/2017,dbe1aaf53b5cb7363be8518bfcfc21cd9e4b82aad4d12891caa0e85ff6b3c88e,
panel,https://www.bsee.gov/what-we-do/incident-investigations/offshore-incident-investigations/panel-investigation-reports?page=0,,https://www.bsee.gov/panel-investigation/investigation-of-the-may-11-2016-subsea-jumper-leak-on-a-platform-operated-by,1,/sites/bsee.gov/files/panel-investigation//shell-glider-panel-report-gomr-leadership-review-completed-march-2018.pdf,https://www.bsee.gov/sites/bsee.gov/files/panel-investigation//shell-glider-panel-report-gomr-leadership-review-completed-march-2018.pdf,https://www.bsee.gov/sites/bsee.gov/files/panel-investigation//shell-glider-panel-report-gomr-leadership-review-completed-march-2018.pdf,false,shell-glider-panel-report-gomr-leadership-review-completed-march-2018.pdf,,,shell glider panel gomr leadership review completed,march-2018,2018-03-20,2018,false,,no_area_block_in_filename,,,,GC 248,,1,2018-001,"Investigation of the May 11, 2016 subsea jumper leak on a platform operated by Shell Offshore, Inc. The leak from Green Canyon Block 248 occurred on Subsea Well #4, resulting in an estimated release of 1,926 barrels of oil.",01/01/2018,d53c4b55ec0145d5a7921a24f6b0383308cd9f3b8a2eda4afbbc343c2bcaeb2d,
panel,https://www.bsee.gov/what-we-do/incident-investigations/offshore-incident-investigations/panel-investigation-reports?page=0,,https://www.bsee.gov/panel-investigation/investigation-of-december-2-2017-fatality-petrobras-10000-drillship-lease-ocs,2,/sites/bsee.gov/files/panel-investigation//wr469-panel-report.pdf,https://www.bsee.gov/sites/bsee.gov/files/panel-investigation//wr469-panel-report.pdf,https://www.bsee.gov/sites/bsee.gov/files/panel-investigation//wr469-panel-report.pdf,false,wr469-panel-report.pdf,WR,469,panel,,,,false,,no_date_token,,,,WR 469,,1,2019-001,"Investigation of December 2, 2017 Fatality Petrobras 10000 Drillship Lease OCS-16997, Walker Ridge Area Block 469",01/01/2019,6bfe78a1e7b0bb2bf053c039e33ee49208d7df7e98cd1cd47141e81beaa8cf7a,
panel,https://www.bsee.gov/what-we-do/incident-investigations/offshore-incident-investigations/panel-investigation-reports?page=1,,https://www.bsee.gov/panel-investigation/investigation-of-fatal-fall-west-cameron-block-643-platform-a-lease-ocs-g-02241,0,/sites/bsee.gov/files/panel-investigation/incident-and-investigations/bsee-2012-01.pdf,https://www.bsee.gov/sites/bsee.gov/files/panel-investigation/incident-and-investigations/bsee-2012-01.pdf,https://www.bsee.gov/sites/bsee.gov/files/panel-investigation/incident-and-investigations/bsee-2012-01.pdf,false,bsee-2012-01.pdf,,,bsee,,,,false,,no_date_token;no_area_block_in_filename,,,,,,1,2012-001,"Investigation of Fatal Fall, West Cameron Block 643, Platform A, Lease OCS-G 02241, 18 April 2011, Gulf of Mexico OCS Region",01/01/2012,67db89f2c20c2e28da843c94a948acec3bff438e3b80475a3a92311e0c334623,
panel,https://www.bsee.gov/what-we-do/incident-investigations/offshore-incident-investigations/panel-investigation-reports?page=1,,https://www.bsee.gov/panel-investigation/investigation-of-loss-of-well-control-and-fire-gulf-of-mexico-july-23-2013,0,https://doibseetest.prod.acquia-sites.com/sites/bsee.gov/files/panel-investigation/incident-and-investigations/bsee-director-respons-memo-st-220.pdf,https://www.bsee.gov/sites/bsee.gov/files/panel-investigation/incident-and-investigations/bsee-director-respons-memo-st-220.pdf,https://www.bsee.gov/sites/bsee.gov/files/panel-investigation/incident-and-investigations/bsee-director-respons-memo-st-220.pdf,true,bsee-director-respons-memo-st-220.pdf,ST,220,bsee director respons memo,,,,false,,no_date_token,,,,ST 220,,1,2015-002,"Investigation of Loss of Well Control and Fire, Gulf of Mexico, July 23, 2013, South Timbalier Area Block 220, Well No. A-3 OCS-G 24980",01/01/2015,2d9f6f54fd2062c3b69eb66f176db038093e3125fb681e8a22f392d84c61362d,
panel,https://www.bsee.gov/what-we-do/incident-investigations/offshore-incident-investigations/panel-investigation-reports?page=1,,https://www.bsee.gov/panel-investigation/incident-and-investigations/2013-002-black-elk-final-report,1,/sites/bsee.gov/files/panel-investigation/incident-and-investigations/final-bsee-black-elk-report.pdf,https://www.bsee.gov/sites/bsee.gov/files/panel-investigation/incident-and-investigations/final-bsee-black-elk-report.pdf,https://www.bsee.gov/sites/bsee.gov/files/panel-investigation/incident-and-investigations/final-bsee-black-elk-report.pdf,false,final-bsee-black-elk-report.pdf,,,bsee black elk,,,,false,,no_date_token;no_area_block_in_filename,,,,WD 32,,1,2013-002,"Investigation of November 16, 2012, Explosion, Fire and Fatalities at West Delta Block 32 Platform E",01/01/2013,97081ed02a2ed01e82949f6faedc349ffea7d76c4edf880c7355faf84ee4d9ba,
panel,https://www.bsee.gov/what-we-do/incident-investigations/offshore-incident-investigations/panel-investigation-reports?page=1,,https://www.bsee.gov/panel-investigation/investigation-of-electrocution-on-drilling-rig-ship-shoal-block-170-well-no-1,3,/sites/bsee.gov/files/panel-investigation/incident-and-investigations/final-report-ss-170-9-23-2014.pdf,https://www.bsee.gov/sites/bsee.gov/files/panel-investigation/incident-and-investigations/final-report-ss-170-9-23-2014.pdf,https://www.bsee.gov/sites/bsee.gov/files/panel-investigation/incident-and-investigations/final-report-ss-170-9-23-2014.pdf,false,final-report-ss-170-9-23-2014.pdf,SS,170,,9-23-2014,2014-09-23,2014,false,,no_operator_in_filename,,,,SS 170,,1,2014-001,"Investigation of Electrocution on Drilling Rig, Ship Shoal Block 170, Well No. 1 OCS-G 33644, 26 January 2013",01/01/2014,289a3030272a6690c6ec5ed40788e32ed2471859e8d8e9fb59d63bfbec1cc6a2,
panel,https://www.bsee.gov/what-we-do/incident-investigations/offshore-incident-investigations/panel-investigation-reports?page=1,,https://www.bsee.gov/panel-investigation/boom-hoist-wire-rope-line-failure-results-in-fatality-high-island-area-block,1,/sites/bsee.gov/files/panel-investigation/incident-and-investigations/hi-a557-panel-report-final-1.pdf,https://www.bsee.gov/sites/bsee.gov/files/panel-investigation/incident-and-investigations/hi-a557-panel-report-final-1.pdf,https://www.bsee.gov/sites/bsee.gov/files/panel-investigation/incident-and-investigations/hi-a557-panel-report-final-1.pdf,false,hi-a557-panel-report-final-1.pdf,,,hi a557 panel,,,,false,,no_date_token;no_area_block_in_filename,,,,HI 557,,1,2013-001,"Boom Hoist Wire Rope Line Failure Results in Fatality, High Island Area Block A557, Platform “A”, Lease OCS-G 03484, 16 August 2011, Gulf of Mexico OCS Region",01/01/2013,a31ba6242a7c78b0cdf913cd3f6f3e1f2e776003542d655e62af6584c0a5ae80,
panel,https://www.bsee.gov/what-we-do/incident-investigations/offshore-incident-investigations/panel-investigation-reports?page=1,,https://www.bsee.gov/panel-investigation/investigation-of-october-27-2013-fatality-vermilion-area-block-200-platform-a,0,https://doibseetest.prod.acquia-sites.com/sites/bsee.gov/files/panel-investigation/incident-and-investigations/panel-report-2014-2-response.pdf,https://www.bsee.gov/sites/bsee.gov/files/panel-investigation/incident-and-investigations/panel-report-2014-2-response.pdf,https://www.bsee.gov/sites/bsee.gov/files/panel-investigation/incident-and-investigations/panel-report-2014-2-response.pdf,true,panel-report-2014-2-response.pdf,,,panel response,,,,false,,no_date_token;no_area_block_in_filename,,,,VR 200,,1,2014-002,"Investigation of October 27, 2013, Fatality Vermilion Area Block 200 platform “A” Lease No. OCS-G 09500, Complex ID No. 24098-01",01/01/2014,d11e22f418e1248c6fd372cc588f49a832eedb3dfb4786211b3374e014d02092,
panel,https://www.bsee.gov/what-we-do/incident-investigations/offshore-incident-investigations/panel-investigation-reports?page=1,,https://www.bsee.gov/panel-investigation/investigation-of-loss-of-well-control-and-fire-gulf-of-mexico-july-23-2013,1,https://doibseetest.prod.acquia-sites.com/sites/bsee.gov/files/panel-investigation/incident-and-investigations/sems-accident-investigation-report-walter-report-part-1.pdf,https://www.bsee.gov/sites/bsee.gov/files/panel-investigation/incident-and-investigations/sems-accident-investigation-report-walter-report-part-1.pdf,https://www.bsee.gov/sites/bsee.gov/files/panel-investigation/incident-and-investigations/sems-accident-investigation-report-walter-report-part-1.pdf,true,sems-accident-investigation-report-walter-report-part-1.pdf,,,sems investigation walter part,,,,false,,no_date_token;no_area_block_in_filename,,,,ST 220,,1,2015-002,"Investigation of Loss of Well Control and Fire, Gulf of Mexico, July 23, 2013, South Timbalier Area Block 220, Well No. A-3 OCS-G 24980",01/01/2015,92595a23e1e0d0d2683350bd5b63d40add413ef0647c19b0369d784e7d8677ac,
panel,https://www.bsee.gov/what-we-do/incident-investigations/offshore-incident-investigations/panel-investigation-reports?page=1,,https://www.bsee.gov/panel-investigation/investigation-of-loss-of-well-control-and-fire-gulf-of-mexico-july-23-2013,2,https://doibseetest.prod.acquia-sites.com/sites/bsee.gov/files/panel-investigation/incident-and-investigations/sems-accident-investigation-report-walter-report-part-21.pdf,https://www.bsee.gov/sites/bsee.gov/files/panel-investigation/incident-and-investigations/sems-accident-investigation-report-walter-report-part-21.pdf,https://www.bsee.gov/sites/bsee.gov/files/panel-investigation/incident-and-investigations/sems-accident-investigation-report-walter-report-part-21.pdf,true,sems-accident-investigation-report-walter-report-part-21.pdf,,,sems investigation walter part,,,,false,,no_date_token;no_area_block_in_filename,,,,ST 220,,1,2015-002,"Investigation of Loss of Well Control and Fire, Gulf of Mexico, July 23, 2013, South Timbalier Area Block 220, Well No. A-3 OCS-G 24980",01/01/2015,a3eef365f8679b5c4d028b3064ac9a65c636b3410563b01d602bab71446d5c47,
panel,https://www.bsee.gov/what-we-do/incident-investigations/offshore-incident-investigations/panel-investigation-reports?page=1,,https://www.bsee.gov/panel-investigation/investigation-of-loss-of-well-control-and-fire-gulf-of-mexico-july-23-2013,3,/sites/bsee.gov/files/panel-investigation/incident-and-investigations/st-220-panel-report9-8-2015.pdf,https://www.bsee.gov/sites/bsee.gov/files/panel-investigation/incident-and-investigations/st-220-panel-report9-8-2015.pdf,https://www.bsee.gov/sites/bsee.gov/files/panel-investigation/incident-and-investigations/st-220-panel-report9-8-2015.pdf,false,st-220-panel-report9-8-2015.pdf,ST,220,panel,9-8-2015,2015-09-08,2015,false,,,,,,ST 220,,1,2015-002,"Investigation of Loss of Well Control and Fire, Gulf of Mexico, July 23, 2013, South Timbalier Area Block 220, Well No. A-3 OCS-G 24980",01/01/2015,93f387fd5d16d87f723390e2be9aa8b3e02b20fad1d5fff0a36d7e7b1503479b,
panel,https://www.bsee.gov/what-we-do/incident-investigations/offshore-incident-investigations/panel-investigation-reports?page=1,,https://www.bsee.gov/panel-investigation/investigation-into-the-january-30-2014-loss-of-well-control-gulf-of-mexico,1,/sites/bsee.gov/files/panel-investigation/incident-and-investigations/vr-356-bsee-panel-report.pdf,https://www.bsee.gov/sites/bsee.gov/files/panel-investigation/incident-and-investigations/vr-356-bsee-panel-report.pdf,https://www.bsee.gov/sites/bsee.gov/files/panel-investigation/incident-and-investigations/vr-356-bsee-panel-report.pdf,false,vr-356-bsee-panel-report.pdf,VR,356,bsee panel,,,,false,,no_date_token,,,,VR 356,,1,2015-001,"Investigation into the January 30, 2014 Loss of Well Control, Gulf of Mexico, Lease OCS-G 17921, Vermilion Block 356, Well A-007",01/01/2015,20f5534eb7e50296a930251391435c22ac82b93c943ad8fe1f721f5f878ecb5e,
panel,https://www.bsee.gov/what-we-do/incident-investigations/offshore-incident-investigations/panel-investigation-reports?page=1,,https://www.bsee.gov/panel-investigation/investigation-of-october-27-2013-fatality-vermilion-area-block-200-platform-a,1,/sites/bsee.gov/files/panel-investigation/incident-and-investigations/vr200-report-11-13-2014.pdf,https://www.bsee.gov/sites/bsee.gov/files/panel-investigation/incident-and-investigations/vr200-report-11-13-2014.pdf,https://www.bsee.gov/sites/bsee.gov/files/panel-investigation/incident-and-investigations/vr200-report-11-13-2014.pdf,false,vr200-report-11-13-2014.pdf,VR,200,,11-13-2014,2014-11-13,2014,false,,no_operator_in_filename,,,,VR 200,,1,2014-002,"Investigation of October 27, 2013, Fatality Vermilion Area Block 200 platform “A” Lease No. OCS-G 09500, Complex ID No. 24098-01",01/01/2014,575494812e2b940d97b47386c9f032e39ccac6dd0617aaf7514d5f87568e7187,
panel,https://www.bsee.gov/what-we-do/incident-investigations/offshore-incident-investigations/panel-investigation-reports?page=0,,https://www.bsee.gov/panel-investigation/panel-investigation-report-eugene-island-block-331-fatality,0,/sites/bsee.gov/files/reports//ei-331-panel-report-final-3-11-21-031221mdj.pdf,https://www.bsee.gov/sites/bsee.gov/files/reports//ei-331-panel-report-final-3-11-21-031221mdj.pdf,https://www.bsee.gov/sites/bsee.gov/files/reports//ei-331-panel-report-final-3-11-21-031221mdj.pdf,false,ei-331-panel-report-final-3-11-21-031221mdj.pdf,EI,331,panel 031221mdj,,,,false,,no_date_token,,,,EI 331,,1,2021-001,Panel Investigation Report Eugene Island Block 331 Fatality,01/01/2021,7e188856235ff4ba439fe1de172c9d9186f7b9f82cb596946697bc959d3ca5d5,
panel,https://www.bsee.gov/what-we-do/incident-investigations/offshore-incident-investigations/panel-investigation-reports?page=0,,https://www.bsee.gov/panel-investigation/investigation-of-june-1-2019-fatality-lease-ocs-g05911-green-canyon-area-block,2,/sites/bsee.gov/files/reports//gc205a-panel-report.pdf,https://www.bsee.gov/sites/bsee.gov/files/reports//gc205a-panel-report.pdf,https://www.bsee.gov/sites/bsee.gov/files/reports//gc205a-panel-report.pdf,false,gc205a-panel-report.pdf,,,gc205a panel,,,,false,,no_date_token;no_area_block_in_filename,,,,GC 205-A,,1,2020-002,"Investigation of June 1, 2019, Fatality Lease OCS-G05911 Green Canyon Area Block 205-A",01/01/2020,853fb1e60753b5d6b0358c9089a244ecd80b6647e8bc92c7587945ee741b5928,
panel,https://www.bsee.gov/what-we-do/incident-investigations/offshore-incident-investigations/panel-investigation-reports?page=0,,https://www.bsee.gov/panel-investigation/investigation-of-october-11-2017-flowline-jumper-failure-lease-ocs-g-24055,2,/sites/bsee.gov/files/reports//mc209-report.pdf,https://www.bsee.gov/sites/bsee.gov/files/reports//mc209-report.pdf,https://www.bsee.gov/sites/bsee.gov/files/reports//mc209-report.pdf,false,mc209-report.pdf,MC,209,,,,,false,,no_date_token;no_operator_in_filename,,,,MC 209,,1,2019-002,"Investigation of October 11, 2017 Flowline Jumper Failure, Lease OCS-G 24055 Mississippi Canyon Block 209",01/01/2019,4274c8fdfef9e5da61dfccef24ffa56e570cdb6799540fdcd129518002720182,
panel,https://www.bsee.gov/what-we-do/incident-investigations/offshore-incident-investigations/panel-investigation-reports?page=0,,https://www.bsee.gov/panel-investigation/investigation-of-february-17-2018-fatality-west-cameron-block-215-platform-a,2,/sites/bsee.gov/files/reports//wc-215-panel-report-mdj06182020s.pdf,https://www.bsee.gov/sites/bsee.gov/files/reports//wc-215-panel-report-mdj06182020s.pdf,https://www.bsee.gov/sites/bsee.gov/files/reports//wc-215-panel-report-mdj06182020s.pdf,false,wc-215-panel-report-mdj06182020s.pdf,WC,215,panel mdj s,06182020,2020-06-18,2020,false,,,,,,WC 215,,1,2020-001,"Investigation of February 17, 2018, Fatality West Cameron Block 215 Platform “A”",01/01/2020,519a5cc2af0239e831d1b9528c6c40af34cacdd25629df3a3a15bdf284856094,
panel,https://www.bsee.gov/what-we-do/incident-investigations/offshore-incident-investigations/panel-investigation-reports?page=2,,https://www.bsee.gov/panel-investigation/investigation-of-loss-of-well-control-south-pelto-block-10-well-no-10-ocs,0,/sites/bsee.gov/files/reports/air-quality/2008-054-pdf.pdf,https://www.bsee.gov/sites/bsee.gov/files/reports/air-quality/2008-054-pdf.pdf,https://www.bsee.gov/sites/bsee.gov/files/reports/air-quality/2008-054-pdf.pdf,false,2008-054-pdf.pdf,,,,,,,false,,no_date_token;no_area_block_in_filename;no_operator_in_filename,,,,,,1,2008-054,"Investigation of Loss of Well Control, South Pelto Block 10, Well No. 10, OCS-G02925, 14 February 2008, Gulf of Mexico off the Louisiana Coast..",04/24/2023,49b05c3d7488d4f801b9b074f8ee8c13983a87de95f447072a73a40585c01096,
panel,https://www.bsee.gov/what-we-do/incident-investigations/offshore-incident-investigations/panel-investigation-reports?page=2,,https://www.bsee.gov/panel-investigation/investigation-of-blowout-eugene-island-block-28-well-no-4-ocs-g-05479-december,0,/sites/bsee.gov/files/reports/blowout-prevention/2008-049-pdf.pdf,https://www.bsee.gov/sites/bsee.gov/files/reports/blowout-prevention/2008-049-pdf.pdf,https://www.bsee.gov/sites/bsee.gov/files/reports/blowout-prevention/2008-049-pdf.pdf,false,2008-049-pdf.pdf,,,,,,,false,,no_date_token;no_area_block_in_filename;no_operator_in_filename,,,,,,1,2008-049,"Investigation of Blowout Eugene Island, Block 28 Well No. 4, OCS-G 05479, December 03, 2007, Gulf of Mexico, Off the Louisiana Coast.",04/24/2023,1f588afa3448772f380f76fe53830606c90d76d09bea57263b1b1600d91550d0,
panel,https://www.bsee.gov/what-we-do/incident-investigations/offshore-incident-investigations/panel-investigation-reports?page=2,,https://www.bsee.gov/panel-investigation/investigation-of-blowout-main-pass-block-91-platform-a-ocs-g14576-august-23,0,/sites/bsee.gov/files/reports/blowout-prevention/2008-053-pdf.pdf,https://www.bsee.gov/sites/bsee.gov/files/reports/blowout-prevention/2008-053-pdf.pdf,https://www.bsee.gov/sites/bsee.gov/files/reports/blowout-prevention/2008-053-pdf.pdf,false,2008-053-pdf.pdf,,,,,,,false,,no_date_token;no_area_block_in_filename;no_operator_in_filename,,,,,,1,2008-053,"Investigation of Blowout, Main Pass Block 91 Platform A, OCS-G14576, August 23, 2007, Gulf of Mexico, Off the Louisiana Coast.",04/24/2023,06d6e4636555eafe18db84f1519df58ab2b7cb66ab20fae53c84a2588cf24124,
panel,https://www.bsee.gov/what-we-do/incident-investigations/offshore-incident-investigations/panel-investigation-reports?page=1,,https://www.bsee.gov/panel-investigation/investigation-into-june-22-2012-oil-spillpacific-operators-offshore-llc,0,/sites/bsee.gov/files/reports/bsee/houchinreport6-22-2012.pdf,https://www.bsee.gov/sites/bsee.gov/files/reports/bsee/houchinreport6-22-2012.pdf,https://www.bsee.gov/sites/bsee.gov/files/reports/bsee/houchinreport6-22-2012.pdf,false,houchinreport6-22-2012.pdf,,,houchinreport,6-22-2012,2012-06-22,2012,false,,no_area_block_in_filename,,,,5163,,1,2013-0117,"Investigation into June 22, 2012, Oil Spill:Pacific Operators Offshore, LLC; Platform Houchin. Lease OCS-P 0166, Area 6B, Block 5163",01/01/2012,9c8d4375bc51ac44070b41bc6b1df64542b0b00814d9cab99a3d06b898e4f762,
panel,https://www.bsee.gov/what-we-do/incident-investigations/offshore-incident-investigations/panel-investigation-reports?page=1,,https://www.bsee.gov/panel-investigation/investigation-of-february-23-2012-h2s-gas-release-platform-hidalgo-ocs-p-0450,0,/sites/bsee.gov/files/reports/incident-and-investigations/investigation-of-h2s-gas-release-bsee-2012-104.pdf,https://www.bsee.gov/sites/bsee.gov/files/reports/incident-and-investigations/investigation-of-h2s-gas-release-bsee-2012-104.pdf,https://www.bsee.gov/sites/bsee.gov/files/reports/incident-and-investigations/investigation-of-h2s-gas-release-bsee-2012-104.pdf,false,investigation-of-h2s-gas-release-bsee-2012-104.pdf,,,investigation of h2s gas release bsee,,,,false,,no_date_token;no_area_block_in_filename,,,,,,1,2012-104,"Investigation of February 23, 2012, H2S Gas Release Platform Hidalgo, OCS-P 0450 Pacific OCS Region",01/01/2012,41ab92899817d1b7707a18f639eae8c311c9ec0745dbcbedcca64b2228b10d64,
panel,https://www.bsee.gov/what-we-do/incident-investigations/offshore-incident-investigations/panel-investigation-reports?page=2,,https://www.bsee.gov/panel-investigation/investigation-of-fatal-accident-north-padre-island-block-969-platform-ja-ocs-g,0,/sites/bsee.gov/files/reports/ocs-operations/2009-008-pdf.pdf,https://www.bsee.gov/sites/bsee.gov/files/reports/ocs-operations/2009-008-pdf.pdf,https://www.bsee.gov/sites/bsee.gov/files/reports/ocs-operations/2009-008-pdf.pdf,false,2009-008-pdf.pdf,,,,,,,false,,no_date_token;no_area_block_in_filename;no_operator_in_filename,,,,,,1,2009-008,"Investigation of Fatal Accident North Padre Island Block 969, Platform JA, OCS-G 5953, 19 January 2008, Gulf of Mexico Off the Texas Coast.",04/24/2023,1b6c6ae33d1ae54585ca78d9117726aa82ed5cad57ddab16422df9d7eccdcb96,
panel,https://www.bsee.gov/what-we-do/incident-investigations/offshore-incident-investigations/panel-investigation-reports?page=2,,https://www.bsee.gov/panel-investigation/investigation-of-pipeline-leak-pipeline-segment-no-4582-main-pass-area-block,0,/sites/bsee.gov/files/reports/pipelines/2008-056-pdf.pdf,https://www.bsee.gov/sites/bsee.gov/files/reports/pipelines/2008-056-pdf.pdf,https://www.bsee.gov/sites/bsee.gov/files/reports/pipelines/2008-056-pdf.pdf,false,2008-056-pdf.pdf,,,,,,,false,,no_date_token;no_area_block_in_filename;no_operator_in_filename,,,,,,1,2008-056,"Investigation of Pipeline Leak, Pipeline Segment No. 4582, Main Pass Area Block 288, 23 June 2007, Gulf of Mexico, Off the Louisiana Coast",04/24/2023,edb018e1d88c2994b50eddf87a39f5e859bc8d41567b5f60e47649484d1f6232,
panel,https://www.bsee.gov/what-we-do/incident-investigations/offshore-incident-investigations/panel-investigation-reports?page=2,,https://www.bsee.gov/panel-investigation/investigation-of-fatal-fall-from-rig-pollution-pan-galveston-area-block-151,0,/sites/bsee.gov/files/reports/reports/2009-018-pdf.pdf,https://www.bsee.gov/sites/bsee.gov/files/reports/reports/2009-018-pdf.pdf,https://www.bsee.gov/sites/bsee.gov/files/reports/reports/2009-018-pdf.pdf,false,2009-018-pdf.pdf,,,,,,,false,,no_date_token;no_area_block_in_filename;no_operator_in_filename,,,,,,1,2009-018,"Investigation of Fatal Fall from Rig Pollution Pan, Galveston Area Block 151, Well No. 6, OCS-G 15740, 28 January 2008, Gulf of Mexico Off the Texas Coast",04/24/2023,9738aee02f28501a3f00210be4e60433697b48a8ff35b1f3ee311e5f23f1fb1a,
panel,https://www.bsee.gov/what-we-do/incident-investigations/offshore-incident-investigations/panel-investigation-reports?page=1,,https://www.bsee.gov/panel-investigation/investigation-of-fatality-south-pass-area-south-and-east-additions-block-90,0,/sites/bsee.gov/files/reports/reports/2009-028-pdf.pdf,https://www.bsee.gov/sites/bsee.gov/files/reports/reports/2009-028-pdf.pdf,https://www.bsee.gov/sites/bsee.gov/files/reports/reports/2009-028-pdf.pdf,false,2009-028-pdf.pdf,,,,,,,false,,no_date_token;no_area_block_in_filename;no_operator_in_filename,,,,,,1,2009-028,"Investigation of Fatality South Pass Area, South and East Additions, Block 90 Pipeline Right-of-Way OCS-G 26857, 18 July 2006, Gulf of Mexico, Off the Louisiana Coast.",04/24/2023,7313436577934f66e4d43cd5081f21973c93e30e01b74921372bd453ce4e915b,
panel,https://www.bsee.gov/what-we-do/incident-investigations/offshore-incident-investigations/panel-investigation-reports?page=0,,https://www.bsee.gov/panel-investigation/investigation-of-february-17-2018-fatality-west-cameron-block-215-platform-a,1,https://doibseetest.prod.acquia-sites.com/sites/bsee.gov/files/safety-alerts//bsee-safety-alert-389.pdf,https://www.bsee.gov/sites/bsee.gov/files/safety-alerts//bsee-safety-alert-389.pdf,https://www.bsee.gov/sites/bsee.gov/files/safety-alerts//bsee-safety-alert-389.pdf,true,bsee-safety-alert-389.pdf,,,bsee safety alert,,,,false,,no_date_token;no_area_block_in_filename,,,,WC 215,,1,2020-001,"Investigation of February 17, 2018, Fatality West Cameron Block 215 Platform “A”",01/01/2020,3ccf38e52315a05a94980140dac5a6ce427ffce2d6f799544aa508235c7ae183,
panel,https://www.bsee.gov/what-we-do/incident-investigations/offshore-incident-investigations/panel-investigation-reports?page=0,,https://www.bsee.gov/panel-investigation/investigation-of-june-1-2019-fatality-lease-ocs-g05911-green-canyon-area-block,1,https://doibseetest.prod.acquia-sites.com/sites/bsee.gov/files/safety-alerts//bsee-safety-alert-406-labeling-removing-storing-and-installing-hatch-covers.pdf,https://www.bsee.gov/sites/bsee.gov/files/safety-alerts//bsee-safety-alert-406-labeling-removing-storing-and-installing-hatch-covers.pdf,https://www.bsee.gov/sites/bsee.gov/files/safety-alerts//bsee-safety-alert-406-labeling-removing-storing-and-installing-hatch-covers.pdf,true,bsee-safety-alert-406-labeling-removing-storing-and-installing-hatch-covers.pdf,,,bsee safety alert labeling removing storing and installing hatch covers,,,,false,,no_date_token;no_area_block_in_filename,,,,GC 205-A,,1,2020-002,"Investigation of June 1, 2019, Fatality Lease OCS-G05911 Green Canyon Area Block 205-A",01/01/2020,86f389f87936ca5c8c23586bf49d6873f5345f209d49b04eb7ac1665f58b6e90,
panel,https://www.bsee.gov/what-we-do/incident-investigations/offshore-incident-investigations/panel-investigation-reports?page=1,,https://www.bsee.gov/panel-investigation/investigation-of-electrocution-on-drilling-rig-ship-shoal-block-170-well-no-1,0,https://www.bsee.gov/sites/bsee.gov/files/safety-alerts//sa314.pdf,https://www.bsee.gov/sites/bsee.gov/files/safety-alerts//sa314.pdf,https://www.bsee.gov/sites/bsee.gov/files/safety-alerts//sa314.pdf,false,sa314.pdf,,,sa314,,,,false,,no_date_token;no_area_block_in_filename,,,,SS 170,,1,2014-001,"Investigation of Electrocution on Drilling Rig, Ship Shoal Block 170, Well No. 1 OCS-G 33644, 26 January 2013",01/01/2014,48ea51471536b98056045f95ce1b0ec8c579968239c4da4d068fb9e1cefdfbe6,
panel,https://www.bsee.gov/what-we-do/incident-investigations/offshore-incident-investigations/panel-investigation-reports?page=0,,https://www.bsee.gov/panel-investigation/investigation-of-the-may-11-2016-subsea-jumper-leak-on-a-platform-operated-by,0,https://www.bsee.gov/sites/bsee.gov/files/safety-alerts//safety-alert-323-09-12-2016-subsea-flowline-failure-causes-pollution-incident-and-delayed-detection.pdf,https://www.bsee.gov/sites/bsee.gov/files/safety-alerts//safety-alert-323-09-12-2016-subsea-flowline-failure-causes-pollution-incident-and-delayed-detection.pdf,https://www.bsee.gov/sites/bsee.gov/files/safety-alerts//safety-alert-323-09-12-2016-subsea-flowline-failure-causes-pollution-incident-and-delayed-detection.pdf,false,safety-alert-323-09-12-2016-subsea-flowline-failure-causes-pollution-incident-and-delayed-detection.pdf,,,safety alert subsea flowline failure causes pollution and delayed detection,09-12-2016,2016-09-12,2016,false,,no_area_block_in_filename,,,,GC 248,,1,2018-001,"Investigation of the May 11, 2016 subsea jumper leak on a platform operated by Shell Offshore, Inc. The leak from Green Canyon Block 248 occurred on Subsea Well #4, resulting in an estimated release of 1,926 barrels of oil.",01/01/2018,6354ce9ac3e8e6687b3850b6ac86dbb365e4679b364771e86863cd2feb59d755,
panel,https://www.bsee.gov/what-we-do/incident-investigations/offshore-incident-investigations/panel-investigation-reports?page=0,,https://www.bsee.gov/panel-investigation/investigation-of-october-11-2017-flowline-jumper-failure-lease-ocs-g-24055,1,https://doibseetest.prod.acquia-sites.com/sites/bsee.gov/files/safety-alerts//safety-alert-380-subsea-jumper-failure-leads-to-leak.pdf,https://www.bsee.gov/sites/bsee.gov/files/safety-alerts//safety-alert-380-subsea-jumper-failure-leads-to-leak.pdf,https://www.bsee.gov/sites/bsee.gov/files/safety-alerts//safety-alert-380-subsea-jumper-failure-leads-to-leak.pdf,true,safety-alert-380-subsea-jumper-failure-leads-to-leak.pdf,,,safety alert subsea jumper failure leads to leak,,,,false,,no_date_token;no_area_block_in_filename,,,,MC 209,,1,2019-002,"Investigation of October 11, 2017 Flowline Jumper Failure, Lease OCS-G 24055 Mississippi Canyon Block 209",01/01/2019,8822536900b62e7688de24e4eeadf87f343808f73c9b6011d33a12a57aa64856,
panel,https://www.bsee.gov/what-we-do/incident-investigations/offshore-incident-investigations/panel-investigation-reports?page=1,,https://www.bsee.gov/panel-investigation/boom-hoist-wire-rope-line-failure-results-in-fatality-high-island-area-block,0,https://www.bsee.gov/sites/bsee.gov/files/safety-alerts/safety/sa-304.pdf,https://www.bsee.gov/sites/bsee.gov/files/safety-alerts/safety/sa-304.pdf,https://www.bsee.gov/sites/bsee.gov/files/safety-alerts/safety/sa-304.pdf,false,sa-304.pdf,,,sa,,,,false,,no_date_token;no_area_block_in_filename,,,,HI 557,,1,2013-001,"Boom Hoist Wire Rope Line Failure Results in Fatality, High Island Area Block A557, Platform “A”, Lease OCS-G 03484, 16 August 2011, Gulf of Mexico OCS Region",01/01/2013,3cd7adb38f7bc3f1872d2566503d9782d0c8bf2704dbf5af43954721eef401a7,
panel,https://www.bsee.gov/what-we-do/incident-investigations/offshore-incident-investigations/panel-investigation-reports?page=1,,https://www.bsee.gov/panel-investigation/incident-and-investigations/2013-002-black-elk-final-report,0,https://www.bsee.gov/sites/bsee.gov/files/safety-alerts/safety/safety-alert-305-11-25-20131.pdf,https://www.bsee.gov/sites/bsee.gov/files/safety-alerts/safety/safety-alert-305-11-25-20131.pdf,https://www.bsee.gov/sites/bsee.gov/files/safety-alerts/safety/safety-alert-305-11-25-20131.pdf,false,safety-alert-305-11-25-20131.pdf,,,safety alert,,,,false,,no_date_token;no_area_block_in_filename,,,,WD 32,,1,2013-002,"Investigation of November 16, 2012, Explosion, Fire and Fatalities at West Delta Block 32 Platform E",01/01/2013,8de5c4e574ac4f346185c4d3cdae83cfacc4b466518a03863e0756aec2a8dbcd,
panel,https://www.bsee.gov/what-we-do/incident-investigations/offshore-incident-investigations/panel-investigation-reports?page=0,,https://www.bsee.gov/panel-investigation/investigation-of-december-2-2017-fatality-petrobras-10000-drillship-lease-ocs,1,https://www.bsee.gov/sites/bsee.gov/files/safety-bulletin-015-fatality-related-to-restricted-access-zones.pdf,https://www.bsee.gov/sites/bsee.gov/files/safety-bulletin-015-fatality-related-to-restricted-access-zones.pdf,https://www.bsee.gov/sites/bsee.gov/files/safety-bulletin-015-fatality-related-to-restricted-access-zones.pdf,false,safety-bulletin-015-fatality-related-to-restricted-access-zones.pdf,,,safety bulletin fatality related to restricted access zones,,,,false,,no_date_token;no_area_block_in_filename,,,,WR 469,,1,2019-001,"Investigation of December 2, 2017 Fatality Petrobras 10000 Drillship Lease OCS-16997, Walker Ridge Area Block 469",01/01/2019,13d715d22a2e0a111456ea578e1986af91415e88f1c3690689afec1fc6ce5fda,
panel,https://www.bsee.gov/what-we-do/incident-investigations/offshore-incident-investigations/panel-investigation-reports?page=0,,https://www.bsee.gov/panel-investigation/investigation-of-november-12-2016-fire-with-multiple-injuries-lease-ocs-30206,1,https://www.bsee.gov/sites/bsee.gov/files/safety-bulletins//gi-115-a-safety-bulletin-final.pdf,https://www.bsee.gov/sites/bsee.gov/files/safety-bulletins//gi-115-a-safety-bulletin-final.pdf,https://www.bsee.gov/sites/bsee.gov/files/safety-bulletins//gi-115-a-safety-bulletin-final.pdf,false,gi-115-a-safety-bulletin-final.pdf,GI,115 A,safety bulletin,,,,false,,no_date_token,,,,GI 115,,1,2018-002,"Investigation of November 12, 2016 Fire with Multiple Injuries, Lease OCS-30206, Grand Isle Area-Block 115",01/01/2018,ff2444ccce255bc66e998a65f72054ca2e29b5593717f482fc575157970b5ddb,
panel,https://www.bsee.gov/what-we-do/incident-investigations/offshore-incident-investigations/panel-investigation-reports?page=0,,https://www.bsee.gov/panel-investigation/investigation-of-november-12-2016-fire-with-multiple-injuries-lease-ocs-30206,0,https://www.bsee.gov/sites/bsee.gov/files/signed-and-dated-memo.pdf,https://www.bsee.gov/sites/bsee.gov/files/signed-and-dated-memo.pdf,https://www.bsee.gov/sites/bsee.gov/files/signed-and-dated-memo.pdf,false,signed-and-dated-memo.pdf,,,signed and dated memo,,,,false,,no_date_token;no_area_block_in_filename,,,,GI 115,,1,2018-002,"Investigation of November 12, 2016 Fire with Multiple Injuries, Lease OCS-30206, Grand Isle Area-Block 115",01/01/2018,bff6f30008d07b546e2115b91391e3b1ba43d7a8583d2430d48ddde31cdcda14,
panel,https://www.bsee.gov/what-we-do/incident-investigations/offshore-incident-investigations/panel-investigation-reports?page=1,,https://www.bsee.gov/wd-105-e-panel-report,2,/sites/bsee.gov/files/wd-105-e-panel-report-26-october-2016.pdf,https://www.bsee.gov/sites/bsee.gov/files/wd-105-e-panel-report-26-october-2016.pdf,https://www.bsee.gov/sites/bsee.gov/files/wd-105-e-panel-report-26-october-2016.pdf,false,wd-105-e-panel-report-26-october-2016.pdf,WD,105 E,panel,26-october-2016,2016-10-26,2016,false,,,,,,WD 105,,1,2016-001,"Investigation of November 20, 2014, Explosion and Fatality Lease OCS-00842, West Delta Block 105 Platform E",01/01/2016,a010eb92be11631a0dc16dc13bc20b3a67def87e360d26317f791018ecc262f0,
panel,https://www.bsee.gov/what-we-do/incident-investigations/offshore-incident-investigations/panel-investigation-reports?page=1,,https://www.bsee.gov/wd-105-e-panel-report,1,https://doibseetest.prod.acquia-sites.com/sites/bsee.gov/files/wd-105-e-safetybulletin-clean-copy-november-2016-electrostatic-heater11-07-2016-final-draft.pdf,https://www.bsee.gov/sites/bsee.gov/files/wd-105-e-safetybulletin-clean-copy-november-2016-electrostatic-heater11-07-2016-final-draft.pdf,https://www.bsee.gov/sites/bsee.gov/files/wd-105-e-safetybulletin-clean-copy-november-2016-electrostatic-heater11-07-2016-final-draft.pdf,true,wd-105-e-safetybulletin-clean-copy-november-2016-electrostatic-heater11-07-2016-final-draft.pdf,WD,105 E,safetybulletin clean electrostatic heater11,november-2016,2016-11-20,2016,false,,multiple_date_tokens:2,,,,WD 105,,1,2016-001,"Investigation of November 20, 2014, Explosion and Fatality Lease OCS-00842, West Delta Block 105 Platform E",01/01/2016,515c7e2ea82bcdb09ebba75ba75889afd5f54a9b7acdeef191bfc78311e470a4,
