report_id,incident,cause,effective_year,era_regime,src_site,src_area,src_incident_classification,src_cause_description,gold_cause_category,gold_psm_element,gold_cause_status,gold_notes,gold_labeler,gold_label_date
AC-772-20170225-0430-2,AC-772-20170225-0430,2,2017,ad_hoc,AC,772,,of the riser joint in the centerline adjustments Forward or Aft with the Communication between the Flagger and Roustabouts(who was also spotting the load)did not provide the necessary effectiveness to prevent the Crane Operator from damaging equipment and losing control of the,,,,,,
WR-508-20141211-0813-4,WR-508-20141211-0813,4,2014,ad_hoc,WR,508,Incident,Poor Communication: Radio communication was not utilized while opening the dump valves. -,,,,,,
MC-127-20250509-1530-4,MC-127-20250509-1530,4,2025,modern_six,MC,127,,COMMUNICATION: Instructions not understood and not followed- Correct Fire Water system procedure was not followed.,,,,,,
GB-783-2230-1,GB-783-2230,1,,undated,GB,783,,"As stated in Nabors' accident investigation, listed below are the probable causes of the accident: Inadequate communication between the rig floor",,,,,,
WC-96-20211127-0930-2,WC-96-20211127-0930,2,2021,modern_six,WC,96,Serious Incident,Communication – Talos company representative believed the water skimmer was rendered inert and allowed the manway cover to be loosely secured. The water skimmer contained condensate and combustible gas.,,,,,,
SM-66-20130412-1325-2,SM-66-20130412-1325,2,2013,ad_hoc,SM,66,,The CW failed to communicate with the employee secure it to the pipe.,,,,,,
UNKEYED-29809623ff7f-2,UNKEYED-29809623ff7f,2,2010,ad_hoc,,,,Improper communication between the cleaning crew and drilling crew in order for the drilling crew to check the lines prior to conducting operations.,,,,,,
BM-3-20250805-0740-3,BM-3-20250805-0740,3,2025,modern_six,BM,3,Serious Incident,Communication - Inadequate Coordination Between Operator & Maintenance Contractor: The investigation identified inconsistencies in communication and documentation between Cantium and third-party maintenance providers regarding the status of repairs to the aux sheave assembly. The absence of documented repair tracking or confirmation may have contributed to the unresolved condition and future incidents if not corrected.,,,,,,
SM-223-20200321-1200-6,SM-223-20200321-1200,6,2020,modern_six,SM,223,Very Serious Incident,. Poor communications between all parties involved in the transfer operations; and,,,,,,
MC-79-20140817-0830-1,MC-79-20140817-0830,1,2014,ad_hoc,MC,79,,Poor communication between all personnel involved in the testing procedure.,,,,,,
VK-786-20070807-1930-2,VK-786-20070807-1930,2,2007,human_error,VK,786,,a. Improper communication with the floor hands was well clear of rotary table area. b. Unknown reasoning why the block slacked off stuck between the elevator and the top drive.,,,,,,
WR-425-20260411-0345-2,WR-425-20260411-0345,2,2026,modern_six,WR,425,Very Serious Incident,Communication - inadequate job instructions provided,,,,,,
SP-65-20140807-1540-5,SP-65-20140807-1540,5,2014,ad_hoc,SP,65,Serious Incident,Poor or lack of communication during the lifting operations. -,,,,,,
GC-608-20121219-1400-3,GC-608-20121219-1400,3,2012,ad_hoc,GC,608,Very Serious Incident,Poor or lack of communication during the lifting operations.,,,,,,
MP-153-20250503-0830-2,MP-153-20250503-0830,2,2025,modern_six,MP,153,Serious Incident,Communication: No or inadequate job instructions provided- Operators were not instructed to utilize tag lines failed to use tag lines or other means necessary to stabilize the lift that was being made.,,,,,,
MP-153-20250503-0830-3,MP-153-20250503-0830,3,2025,modern_six,MP,153,Serious Incident,Communication: No or inadequate job instructions provided- Failure to designate one single source of communication to the crane operator during the lift.,,,,,,
EB-110-20160921-1915-3,EB-110-20160921-1915,3,2016,ad_hoc,EB,110,Serious Incident,Crane Operator was receiving signals from multiple personnel both on the boat and the platform.,,,,,,
MC-782-20140807-0525-1,MC-782-20140807-0525,1,2014,ad_hoc,MC,782,,Poor communication between the Assistant Driller and the Auxiliary Driller.,,,,,,
UNKEYED-9a0160f1ea78-2,UNKEYED-9a0160f1ea78,2,2011,ad_hoc,,,,"The original battery charger's breaker was turned back to the ""on"" position without platform personnel being made aware of the breaker's status. Without this knowledge, a competent platform person could not ensure proper method of battery charger isolation and discharge of the storage energy.",,,,,,
WR-29-20240216-1335-2,WR-29-20240216-1335,2,2024,modern_six,WR,29,,Communication – IP failed to listen to riggers when told to move out of the pinch point. SWA was not used.,,,,,,
AC-735-20231208-0845-1,AC-735-20231208-0845,1,2023,modern_six,AC,735,Very Serious Incident,"Communication – Inadequate communication between IP and Driller, Driller was not aware of the IP’s position on the port pipe racker upper access platform. IP failed to notify the drill floor that they were moving from the port carousel access platform (IP’s expected location) back to the port pipe racker upper access platform and into the line of fire",,,,,,
SS-177-20170802-1515-3,SS-177-20170802-1515,3,2017,ad_hoc,SS,177,Serious Incident,Lack of Communication: The cutting crew and Company Representative failed to communicate with the Production Operator to ensure well A5 was shut-in.,,,,,,
SP-83-20230921-1505-4,SP-83-20230921-1505,4,2023,modern_six,SP,83,,Communication – Inadequate communication: Lack of verbal communication and preparedness between the three workers before two of the three released their grip/hold.,,,,,,
EW-834-20171126-0405-5,EW-834-20171126-0405,5,2017,ad_hoc,EW,834,,Inadequate horizontal communication between the roustabouts.,,,,,,
GC-478-20240118-1303-2,GC-478-20240118-1303,2,2024,modern_six,GC,478,Very Serious Incident,Communication – The JSA and running procedure did not indicate when to install the anti-rotation keys.,,,,,,
EW-834-20171126-0405-2,EW-834-20171126-0405,2,2017,ad_hoc,EW,834,,Lack of clear communication between roustabouts during flowback operations.,,,,,,
GC-645-20180519-1323-2,GC-645-20180519-1323,2,2018,ad_hoc,GC,645,,"Conflicting instructions from the rig's management. The Driller gave instructions for the crew to not remove any bolts from the riser and LSG frame, but the Toolpusher gave instructions for the crew to remove the bolts.",,,,,,
SS-225-20130707-1830-9,SS-225-20130707-1830,9,2013,ad_hoc,SS,225,Incident,"Lack of communication between all parties involved including contractor to contractor, contractors and company men, company men and ERT staff, ERT and BSEE. -",,,,,,
KC-785-20240307-1500-5,KC-785-20240307-1500,5,2024,modern_six,KC,785,Very Serious Incident,"Communication: Inadequate job instructions provided. The Driller was informed by the Derrickman about that the Seadrill Crew’s decision to lift the 2-inch drill line, but he failed to communicate to the Driller how this operation was going to be performed.",,,,,,
MC-751-20110531-3,MC-751-20110531,3,2011,ad_hoc,MC,751,Serious Incident,Other drill crew members were unaware of whom/where personnel were located on the drill floor.,,,,,,
MC-778-20170918-1100-3,MC-778-20170918-1100,3,2017,ad_hoc,MC,778,Serious Incident,UPS-B inverter failed allowing batteries to overcharge,,,,,,
WR-51-20230107-1920-1,WR-51-20230107-1920,1,2023,modern_six,WR,51,Very Serious Incident,Equipment Failure: PLS did not fully grip the,,,,,,
WD-30-20200124-1900-1,WD-30-20200124-1900,1,2020,modern_six,WD,30,,Equipment Failure - Inadequate/improper tool:,,,,,,
SM-281-20230909-1600-1,SM-281-20230909-1600,1,2023,modern_six,SM,281,Incident,"Equipment Failure: Degradation of the well due to corrosion. The 26-inch conductor casing was severely corroded, and complete metal loss was observed. The complete loss of the 26-inch conductor casing exposed the 13.375-inch surface casing allowing active corrosion to begin due to exposure to oxygen and moisture.",,,,,,
EI-208-20140214-1445-3,EI-208-20140214-1445,3,2014,ad_hoc,EI,208,,inadequate spacing of casing joints in the v-door.,,,,,,
UNKEYED-d34a71a29a8c-7,UNKEYED-d34a71a29a8c,7,2003,free_prose,,,,It was determined that cracks initiated in the inside shoulder of the inserts. They were either formed in the manufacturing process or they were caused by extreme tensile stresses due to the stress riser.,,,,,,
SM-130-20231215-0520-1,SM-130-20231215-0520,1,2023,modern_six,SM,130,Serious Incident,Equipment Failure: The flange failed due to wall loss and material property degradation failure of the flange.,,,,,,
UNKEYED-5a02678380bb-2,UNKEYED-5a02678380bb,2,2010,ad_hoc,,,,The mimic panel incorrectly indicated the flowline valve as being open although the valve was actually closed.,,,,,,
ST-41-20050411-0355-1,ST-41-20050411-0355,1,2005,free_prose,ST,41,,The boat skipper failed to see the caisson in time to avert the collision. Radar should have detected the caisson before the collision.,,,,,,
243-20080507-0800-1,243-20080507-0800,1,2008,human_error,,243,Incident,Equipment Failure: Loss of Dynamic Positioning System Power,,,,,,
EB-643-20150921-1747-2,EB-643-20150921-1747,2,2015,ad_hoc,EB,643,Serious Incident,"The umbilical guides are subsurface and located within the hard tank of the SPAR, therefore visual confirmation was not possible by the ROV or the winch operator. The Versabuild VB50-50 winch was not equipped with a weight indicator or tension monitoring system to alert the winch operator the umbilical (load) was not descending.",,,,,,
MP-288-20191015-3,MP-288-20191015,3,2019,modern_six,MP,288,Serious Incident,Equipment Failure - Wear and tear: Wear tear caused which made the crane inoperable. Wear and tear may have spiral lock ring on the brake assembly. for lowering the boom and in the JSA about utilizing the not approved by Seatrax or a failure of a thrust bearing also caused the failure of the,,,,,,
WD-32-20160921-0828-1,WD-32-20160921-0828,1,2016,ad_hoc,WD,32,Incident,"The Wet Oil Transfer Pump (PBA-410E) required Cell’s (ABM-410) oil chamber, failed to pump due shifting/slider valve.",,,,,,
EC-220-20080106-0745-3,EC-220-20080106-0745,3,2008,human_error,EC,220,Serious Incident,Weight indicator was not reliable,,,,,,
MC-127-20250509-1530-1,MC-127-20250509-1530,1,2025,modern_six,MC,127,,EQUIPMENT FAILURE: Inadequate equipment repair- Suspected leaking check valve. Anadarko states that in their internal investigation report that there is history of leaking check valves in the FW Main.,,,,,,
MC-778-20210506-2,MC-778-20210506,2,2021,modern_six,MC,778,Incident, Equipment Failure - Inoperable equipment or safety devices: This separation issue was prolonged due to a level control valve failure in Float Cell #1 which did not allow BP to switch from Float Cell #2 to Float Cell #1.,,,,,,
GB-426-20070302-0615-2,GB-426-20070302-0615,2,2007,human_error,GB,426,Very Serious Incident,"Equipment Design Issues: The safety system was configured to interrupt the main power only after the transformer had overheated as a result of the fault. With proper fault detection features, the short circuit within Cell A6 would only have persisted for two seconds, instead of the estimated seventy seconds, and the damage would likely not have been as extensive.",,,,,,
GB-426-20070302-0615-4,GB-426-20070302-0615,4,2007,human_error,GB,426,Very Serious Incident,Equipment Design Issues: The control system lacked proper lockouts that would prevent reclosure of the circuit breaker while an alarm condition continued to exist.,,,,,,
EC-286-20080117-0845-2,EC-286-20080117-0845,2,2008,human_error,EC,286,,"A contributing factor was the use of a 1/4 turn ball valve in the bleed-off manifold assembly. The 1/4 turn ball valve, in this case, did not allow adequate control of the discharge volume. The use of a needle valve may have prevented the accident from occurring. A needle would have given the operator much more control of the bleed down process. The use of a bleed-off manifold (1/2in Tee, 1/2in ball valve, 90deg.fitting, gauge) that has the tendency to create a pin-wheel effect when pressure is released also contributed to the accident.",,,,,,
MP-73-20171104-1440-1,MP-73-20171104-1440,1,2017,ad_hoc,MP,73,Serious Incident,"Equipment Failure – Plugging of the still column expelled into the atmosphere, where it contacted one resulting in the fire.",,,,,,
MC-437-20190506-0748-1,MC-437-20190506-0748,1,2019,modern_six,MC,437,,Equipment failure – Flawed equipment design: The UPS system failed due to shorted capacitors and undersized fuses on the inverter capacitor bank,,,,,,
MC-807-20230106-1300-1,MC-807-20230106-1300,1,2023,modern_six,MC,807,Incident,"Equipment Failure - The tubing is suspected to be parted at a shallow depth along with the SCSSV control lines, allowing a leak path from control lines to the HP vent.",,,,,,
VK-989-20211201-1930-1,VK-989-20211201-1930,1,2021,modern_six,VK,989,Very Serious Incident,Failure of the ratchet and pawl locking system. The pawl appeared to not make full engagement due to the impact marks and lack of drag marks on the back side of the ratchet teeth and material loss on the tip of the pawl.,,,,,,
MP-64-20211009-1,MP-64-20211009,1,2021,modern_six,MP,64,Very Serious Incident,Equipment Failure: 2 leaking compressor 1st stage,,,,,,
ST-28-20171011-0015-1,ST-28-20171011-0015,1,2017,ad_hoc,ST,28,Serious Incident,"The most likely cause of the fire was a failure/rupture of the third stage cooler tube that resulted in gas release, with static charge being the probable ignition source.",,,,,,
EI-251-20081231-1045-1,EI-251-20081231-1045,1,2008,human_error,EI,251,Serious Incident,"The probable cause of the incident was the failure of one of the crane's main 4-part hoist wire rope load lines. The load charts are based on 7/8"" 19x7 EIPS cable with a breaking strength of 65,000 lbs. One of the crane's 7/8"" main 4-part hoist wire rope load lines failed at the 20,000-25,000 pound range.",,,,,,
SS-138-20060820-0330-2,SS-138-20060820-0330,2,2006,free_prose,SS,138,Incident,There was no communication equipment available for the shaker hand to quickly let the driller know to shut down pumping on the wellbore when plugging occurred. So the shaker hand could not inform the driller quickly enough to prevent the spill during a spacer sweep returned at the gumbo box.,,,,,,
SM-130-20230512-1605-3,SM-130-20230512-1605,3,2023,modern_six,SM,130,Serious Incident,Equipment Failure – Inadequate preventative maintenance: wire rope evaluations failed to recognize the fatigue occurring in the confined area of the boom cable.,,,,,,
VK-989-20211201-1930-4,VK-989-20211201-1930,4,2021,modern_six,VK,989,Very Serious Incident,The sprag clutch showed clear evidence of slipping and overrunning. Score marks were evident in the clutch bore which allowed the winch to bypass the hydraulic parking brake and rotate the motor.,,,,,,
VR-252-20180425-1700-1,VR-252-20180425-1700,1,2018,ad_hoc,VR,252,Serious Incident,Mismatched hydraulic boom cylinders designed to work difference in working stroke) which created torque and,,,,,,
EB-159-20131103-1635-2,EB-159-20131103-1635,2,2013,ad_hoc,EB,159,Serious Incident,The Glycol was contaminated with condensate and water. - The Reboiler temperature was increased too quickly during start up. -,,,,,,
WR-51-20240328-2200-2,WR-51-20240328-2200,2,2024,modern_six,WR,51,,Human Performance Error - Failure to implement corrective actions for missing hatch cover.,,,,,,
UNKEYED-e49f19e46ece-1,UNKEYED-e49f19e46ece,1,2009,human_error,,,,The 16-inch joint of casing fell from the VDM due to hoisting the joint with the VDM Guides while the VDM Gripper remained open.,,,,,,
HI-A 446-20191204-0704-1,HI-A 446-20191204-0704,1,2019,modern_six,HI,A 446,Serious Incident,Root Cause: BSEE discovered the crew failed to verify complete PROPRIETARY all Fieldwood personnel separation of the joint of pipe before signaling the Crane Operator to lift the pipe.,,,,,,
GC-52-20240531-0100-1,GC-52-20240531-0100,1,2024,modern_six,GC,52,Serious Incident,Human error performance – Failed to identify the hazard of leaving the stinger on the big block when not in use.,,,,,,
VR-267-20080815-1200-4,VR-267-20080815-1200,4,2008,human_error,VR,267,,Improper W/L tool used for pulling modified DX plug out of wellbore.,,,,,,
HI-5-20240711-0730-5,HI-5-20240711-0730,5,2024,modern_six,HI,5,Serious Incident,"Improper Equipment Handling: The winch assist handle was not removed prior to engaging the powered winch in bypass, leading to the incident.",,,,,,
MC-437-20200129-1400-1,MC-437-20200129-1400,1,2020,modern_six,MC,437,,Human Performance Error-Not following proper procedure: The MGP maintenance crew assumed the mooring chain was in the lock position upon completion. The MGP maintenance crew did not visually observe the chain in a lock position resulting of the mooring chain payout outboard.,,,,,,
SM-217-20130505-0001-1,SM-217-20130505-0001,1,2013,ad_hoc,SM,217,,Failure to follow the lessee's Corrosive Chemical Procedure by not wearing chemical goggles and a face shield. Failure to bleed pressure prior to dismantling the pump assembly.,,,,,,
EW-910-20260209-0608-1,EW-910-20260209-0608,1,2026,modern_six,EW,910,Serious Incident,"Human Performance Error – Failure to follow proper procedures The lean glycol suction valve associated with the active, outboard glycol pump remained in the closed position following pump changeover operations, preventing normal glycol circulation through the glycol regeneration system. Failure to verify valve lineup and restore normal circulation conditions following pump changeover activities contributed to upset conditions within the glycol regeneration system and subsequent hydrocarbon release in the vicinity of the glycol reboiler.",,,,,,
WD-73-20220619-0930-1,WD-73-20220619-0930,1,2022,modern_six,WD,73,Serious Incident,"Human Performance Error: Not aware of hazards. Not following proper procedure. Rushing to get job done. The 8 personnel should not have stepped onto the personnel basket without ensuring that the M/V was positioned stationary enough for them to board. Also, the crane operator should not have responded to the drifting M/V by lifting up the personnel basket, especially, since the deckhand had not secured the tagline in hand. And the crane operator should not have lifted the basket without proper signaling from the deckhand/rigger.",,,,,,
WD-40-20080511-2250-1,WD-40-20080511-2250,1,2008,human_error,WD,40,,Human Error: Inattention to job being performed.,,,,,,
ST-291-20110429-0900-1,ST-291-20110429-0900,1,2011,ad_hoc,ST,291,Serious Incident,"The crane operator was not paying attention, and did not provide enough slack in the crane's fast line resulting in the crane wire parting.",,,,,,
VR-38-20250712-1530-3,VR-38-20250712-1530,3,2025,modern_six,VR,38,Serious Incident,Human Performance Error: Inattention to task,,,,,,
SM-130-20221114-0840-2,SM-130-20221114-0840,2,2022,modern_six,SM,130,,Human Performance Error: The IE failed to follow the Talos procedure which states the use of additional personnel and/or equipment when weights exceed 50 pounds and line- of-fire when moving equipment. This procedure was not listed on the Job Safety Analysis.,,,,,,
GB-426-20211210-2,GB-426-20211210,2,2021,modern_six,GB,426,Very Serious Incident,Human Performance Error: This was only the second time that LPRO operated the H&P 406 pipe racker and has been working on the rig for only 8 months performing other non- pipe handling duties.,,,,,,
MC-778-20080522-0415-1,MC-778-20080522-0415,1,2008,human_error,MC,778,,Human Error: Lack of communication between the drill floor,,,,,,
VK-989-20260108-0845-2,VK-989-20260108-0845,2,2026,modern_six,VK,989,Serious Incident,Human Performance Error: Inexperience doing task related to incident- Danos stated in their investigation report that the “Crew was not familiar with cable demo procedure due to this type of task not usually in their scope of work.”,,,,,,
MP-295-20130928-0830-1,MP-295-20130928-0830,1,2013,ad_hoc,MP,295,,Poor hand placement. The IP put his hand above the snatch block attempting to remove the wire.,,,,,,
VK-817-20250816-0530-1,VK-817-20250816-0530,1,2025,modern_six,VK,817,Serious Incident,Human Performance Error: International Navigational Rule #5 and #8. The captain failed to safely operate the M/V Dry Tortugus. He admitted to falling asleep at the controls while the vessel was on autopilot.,,,,,,
MP-260-20220624-1147-1,MP-260-20220624-1147,1,2022,modern_six,MP,260,Very Serious Incident,Human Performance Error – Not aware of hazards: possible hazards within the piping.,,,,,,
MC-519-20200212-0430-1,MC-519-20200212-0430,1,2020,modern_six,MC,519,Very Serious Incident,Human Performance Error: Hydraulic hoses were installed incorrectly,,,,,,
GB-426-20070302-0615-5,GB-426-20070302-0615,5,2007,human_error,GB,426,Very Serious Incident,Operational Issues: The CAOO Operator did not follow the Lessee's Electrical Safe Work Practice policy by resetting the circuit breaker while an alarm condition existed.,,,,,,
MC-809-20140507-1930-2,MC-809-20140507-1930,2,2014,ad_hoc,MC,809,,"The BSEE investigation revealed the following: The IP failed to utilize proper hand placement practices, leading to a hand injury.",,,,,,
GC-825-20220126-1,GC-825-20220126,1,2022,modern_six,GC,825,Very Serious Incident,"Human error: The Driller inadvertently opened the to determine if they can be perform different functions. elevators instead of the slips, dropping the drill pipe.",,,,,,
VK-900-20080327-1400-1,VK-900-20080327-1400,1,2008,human_error,VK,900,,Human Error: IP was inattentive to what he was doing. IP used poor judgment in kicking the workstation,,,,,,
GI-22-20190716-0700-4,GI-22-20190716-0700,4,2019,modern_six,GI,22,Incident,Human Performance error - Not following proper procedures: The Operators washed down the platform in such a way that resulted in further pollution and impact to the state wildlife refuge.,,,,,,
SM-130-20230204-1405-1,SM-130-20230204-1405,1,2023,modern_six,SM,130,Serious Incident,"Human Performance Error: Not following directions listed in the Hot Work Permit. The Hot Work Permit asked if, combustible and flammable materials have been removed or covered with fire-retardant blankets in good condition and sparks associated with grinding or welding have been evaluated and contained utilizing metal shields, flame resistant guards or shields. The answers are checked off yes. If adequate barriers would have been provided for the thief hatch and the sparks contained, the threat of a fire would have been mitigated to low or no risk.",,,,,,
WC-504-20081201-1000-4,WC-504-20081201-1000,4,2008,human_error,WC,504,Serious Incident,The possibility of improper rigging practices may have contributed to the deck shifting while the fitter was cutting the deck penetration ring.,,,,,,
GB-161-20180314-1640-1,GB-161-20180314-1640,1,2018,ad_hoc,GB,161,Serious Incident,The BSEE incident investigation team determined that the probable cause of the incident was due to improper hand placement on the CTLF main wench static line as the wireline valve assembly was being hoisted for installation.,,,,,,
EC-47-20090125-1125-4,EC-47-20090125-1125,4,2009,human_error,EC,47,,Human error by the FM as a result of the following: Failure to recognize the hazard involved in the task,,,,,,
VR-267-20080815-1200-1,VR-267-20080815-1200,1,2008,human_error,VR,267,,"Failure to comply with regulatory requirement at 30 CFR 250.618(c), resulted in the W/L lubricator not being tested prior to RIH to pull the DX plug.",,,,,,
GB-958-20150323-0505-2,GB-958-20150323-0505,2,2015,ad_hoc,GB,958,Incident,"Based on the Cobalt and Rowan independent incident report findings, the possible contributing causes for the SOBM spill were listed as follows: 1) inadequate Rowan procedures and checklist for deployment of the BOP and riser; 2) Rowan subsea personnel did not recognize or had any previous experience that required the Seal Sub (Mud Pin) to be installed in the ""pin-up"" configuration in the flex joint termination spool on the Cameron LoadKing riser system; 3) insufficient handover during a crew change of Rowan Subsea personnel during a critical phase of the BOP and riser deployment; 4) Cobalt's failure to recognize what was causing the buildup of SOBM and/or drilling cuttings in the area of the first riser joint and flex joint termination spool throughout the ROV coverage; 5) the culture of top down command structure may have led to misinterpretation of what material was being spilled and it prevented rig personnel for suggesting alternative explanations; and 6) the low torque valves recorded when breaking riser Joint #64 bolts revealed that the bolts were under-torqued when it was made up to the flex joint termination spool during BOP#2 deployment that provided a migration pathway of the SOBM into offshore waters.",,,,,,
GI-39-20080507-1830-2,GI-39-20080507-1830,2,2008,human_error,GI,39,,"Failure to follow safe practices: Always make sure to check for possible trapped pressure from behind any device that is to be opened. Also, as a secondary measure, always point any device that could be released from trapped pressure in a safe direction away from personnel and deflecting equipment.",,,,,,
ST-21-20070314-0200-1,ST-21-20070314-0200,1,2007,human_error,ST,21,,"The cause of the incident was a build up of gas under the set storm packer. During release/retrieval of this storm packer, rig personnel were not aware of this gas bubble that formed under the packer. If the Annular Blowout Preventers had been closed before the release (unseating) of the packer, the fluid would not have reached the rig floor, thus eliminating the incident. It was later revealed that a Halliburton tool man was not present during the unseating of the storm packer. If a Halliburton tool man had been present, this incident may not have occurred. Also the lack of a detailed procedure covering the have also been a major contributing factor in this",,,,,,
GC-859-20141102-1535-2,GC-859-20141102-1535,2,2014,ad_hoc,GC,859,,Poor Body Placement: Employee failed to recognize that he was putting himself into harm's way by placing his hand in between the handrail and the joint of riser.,,,,,,
GC-608-20121219-1400-4,GC-608-20121219-1400,4,2012,ad_hoc,GC,608,Very Serious Incident,Bad body placement: The IP left himself in an area where there was no escape route and was unaware of his foot placement while the load was in the air. He was also in a position where he could not be seen by the Crane Operator.,,,,,,
AC-857-20140613-0800-3,AC-857-20140613-0800,3,2014,ad_hoc,AC,857,,Hazard of bolts snapping while being cut was not Analysis until after the incident occurred. ­,,,,,,
MC-809-20140507-1930-6,MC-809-20140507-1930,6,2014,ad_hoc,MC,809,,ACCIDENT: following: 1 The IP did not follow the Manufacturer's recommended practices to install belts. 2 The IP did not use the proper tool(s) Drive Preventive Maintenance and Safety,,,,,,
SS-229-20150618-1500-10,SS-229-20150618-1500,10,2015,ad_hoc,SS,229,Serious Incident,"When the offshore supply vessel arrived at the SS-229A structure on June 4, 2015, several attempts were made to offload the cargo basket without success. The operator brought in a third party crane inspector from one of their South Marsh Island platforms to service the crane. The crane inspector noted on his report that he increased the hydraulic relief pressure from 2000 psi to 2500 psi. He also noted on the report that the ""totes"" to be lifted were around 14,000 pounds. It was later found out that this assumption was far lower than the actual weight of 20,000 pounds.",,,,,,
WR-584-20160727-0520-3,WR-584-20160727-0520,3,2016,ad_hoc,WR,584,Very Serious Incident,Improper pre-use inspection of equipment,,,,,,
EI-338-20170428-1651-3,EI-338-20170428-1651,3,2017,ad_hoc,EI,338,Serious Incident,"Bypassing the boom kick-out override safety system introduced a risk to the operation that was not discussed in the JSA. Prior to bypassing this safety device the job should have been stopped and this step discussed and/or added to the JSA. Anytime an operational component changes during the present operation, the present operation must be stopped and adjusted to include",,,,,,
UNKEYED-27e150785bf0-3,UNKEYED-27e150785bf0,3,2011,ad_hoc,,,,"All non-essential personnel and third parties should have been kept out of any area where they might be struck or crushed by a load or lifting equipment if it swings, shifts or falls. No one should stand or work directly below a load, and visible barriers may be required.",,,,,,
EI-327-20081123-0335-2,EI-327-20081123-0335,2,2008,human_error,EI,327,,"There were several contributing factors to the incident: (1) Metal wear (loss) on the lift nubbin tool and casing threads may have contributed to the failure. (2) The lift nubbin tool was cut with non-standard field grade quality threads, and this practice may not be endorsed by the premium thread manufacturers. The manufacturer of the lift nubbin tool being used during the incident cuts their nubbin threads in such a way that the thread interference for sealing pressure is removed. Therefore, this lift nubbin tool is properly made up when the connection shoulders upon the last thread. (3) The lift nubbin tool required a power torque device to properly engage the threads, but the connection was made up with only a hand torque bar. (4) A thread compound was reportedly used on the lift nubbin tool's connection, yet the lift nubbin tool's manufacturer specifically recommends against such practice since the lift nubbin tool is designed for a metal-to-metal seal. The size particles found in certain thread compounds may compromise the connection's integrity.",,,,,,
GC-205-20120210-1600-3,GC-205-20120210-1600,3,2012,ad_hoc,GC,205,Incident,Poor maintenance of the valves in question. partially open. in it which prevented full closure.,,,,,,
SS-224-20230131-1045-1,SS-224-20230131-1045,1,2023,modern_six,SS,224,Serious Incident,Project personnel were unaware that there was no communication above or below the subsea wellhead tieback system where there was trapped pressure.,,,,,,
ST-23-20240708-1908-5,ST-23-20240708-1908,5,2024,modern_six,ST,23,Very Serious Incident,Management System – Inadequate fleetwide procedure for specific procedure for checking the (COM).,,,,,,
UNKEYED-d34a71a29a8c-21,UNKEYED-d34a71a29a8c,21,2003,free_prose,,,,"Course of Action for MMS (Cont.) According to API RP 16Q (a non-referenced document) all riser systems should be inspected yearly with liquid penetrant or magnetic particle inspection performed in all critical areas, unless there is evidence that the inspections are not needed that frequently as determined by the manufacturer and contractor. The Safety Alert should cite ABB Vetco's Product Advisory of October 24, 2003 recommending a 6-month inspection frequency for their HMF Type F, G, and H riser systems. There is a general consensus that risk of failure is low and complacency is now the norm. Operators should also be encouraged to create and follow QA procedures for inspection and installation practices.",,,,,,
UNKEYED-bd641454b87e-4,UNKEYED-bd641454b87e,4,2010,ad_hoc,,,,Bleed - Block valves should seal effectively and be secured with a chain and lock. The Contango operators used flagging tape to indicate the valves were closed and failed to verify that gas accumulation was present due to valves not sealing effectively.,,,,,,
EC-129-20120305-1415-2,EC-129-20120305-1415,2,2012,ad_hoc,EC,129,,"There was human error by the IP and, the lack of supervision at the job site. There was an attempt by two assistants to replace heavy grating over an open hole without the aid of proper slings, use grating.",,,,,,
GI-22-20190716-0700-1,GI-22-20190716-0700,1,2019,modern_six,GI,22,Incident,"Management Systems - P&IDs in error: The platform Piping and Instrumentation Diagram (P&IDs) indicated a Flow Safety Valve (FSV) flowline downstream of the 3/4” tubing connection. However, the FSV was installed upstream of 3/4” tubing connection.",,,,,,
SP-65-20140807-1540-6,SP-65-20140807-1540,6,2014,ad_hoc,SP,65,Serious Incident,Personnel involved in crane operations to lift Compressor Cylinder did not perform an adequate JSA in identifying all potential hazards of the task. -,,,,,,
MC-773-20210710-1,MC-773-20210710,1,2021,modern_six,MC,773,Very Serious Incident, Incorrect crane slings were used (slings were determined by Nabors to be too long at 35 ft in length).  There was no designated person giving hand signals or communicating with the crane operator.,,,,,,
MC-822-20060212-0630-2,MC-822-20060212-0630,2,2006,free_prose,MC,822,Incident,Extended Use of BOP without inspection/maintenance Debris accumulation behind packing element Damage to piston by debris Seal Failure,,,,,,
EW-871-20081013-1620-1,EW-871-20081013-1620,1,2008,human_error,EW,871,Very Serious Incident,The replacement valve was a new design type and was not installed correctly. The circuit flow for the hydraulic fluid was opposite from the original designed boom kick out valve. The boom kick out valve was installed per the original crane drawings which proved to be backwards. Hydraulic fluid was trapped in the valve causing the boom controls to lock-up (i.e. pressure could not be released). This hydraulic lock effect also rendered the cranes hydraulic shut down ineffective.,,,,,,
VR-376-20090321-1110-1,VR-376-20090321-1110,1,2009,human_error,VR,376,Incident,The liquid dump on the L.P. Relief Scrubber opened prior to the pumps on the Closed Drain Sump being reset and oil was discharged into the Gulf of Mexico from the local vent on the Closed Drain Sump. The L.P.Relief Scrubber is located one deck above the closed drain sump and its higher elevation provided the necessary hydrostatic pressure needed to force the oil out of the vent.,,,,,,
WR-678-20081101-1500-2,WR-678-20081101-1500,2,2008,human_error,WR,678,Incident,"The risk for casing wear to be a potential threat was considered LOW due to near vertical geometry for the well. Therefore, no stability analysis was performed for the 16 inch Surface liner. No excessive metal was recovered from the ditch magnets during any short duration of time. This indicates that the casing was gradually eroded as a result of the extended time rotating and tripping. Preliminary analysis of the caliper log and USIT data did not identify significant casing wear. A 3D analysis of the caliper data the casing.",,,,,,
GC-338-20120929-0345-1,GC-338-20120929-0345,1,2012,ad_hoc,GC,338,,The probable cause of this incident was bad body placement. The employee was unaware of the dangers of keeping his hands so close to the bottom of the stand of drill pipe while it was being lowered to the setback mat.,,,,,,
MC-899-20240213-2035-2,MC-899-20240213-2035,2,2024,modern_six,MC,899,,Short service employee involved in the incident. 2-Not aware of hazards,,,,,,
AC-857-20140613-0800-2,AC-857-20140613-0800,2,2014,ad_hoc,AC,857,,Job Safety Analysis utilized failed to identify all hazards associated with the job task. ­,,,,,,
GB-959-20251014-0510-4,GB-959-20251014-0510,4,2025,modern_six,GB,959,Very Serious Incident,"Supervision: Inadequate Supervision. The MPD Toolpusher had three TBT meeting forms, but the Floorman signed the incorrect TBT form, and the IP did not sign any TBT forms.",,,,,,
EC-64-20120728-0600-6,EC-64-20120728-0600,6,2012,ad_hoc,EC,64,Serious Incident,The lessee failed to provide oversight of critical work being performed on the rental compressor onboard their platform.,,,,,,
MC-129-20150818-1245-3,MC-129-20150818-1245,3,2015,ad_hoc,MC,129,,Lack of supervision by rig management and third,,,,,,
GC-683-20151029-1740-2,GC-683-20151029-1740,2,2015,ad_hoc,GC,683,Very Serious Incident,"IP ignored the Roustabouts advice and warning prior to, and during, the task.",,,,,,
EW-834-20260204-1705-4,EW-834-20260204-1705,4,2026,modern_six,EW,834,,"Inadequate supervisory oversight during the recovery operation. Supervisory personnel did not ensure the job was paused, reassessed and controlled before recovery operations continued. Supervisory personnel also did not ensure that applicable recovery procedures were reviewed or that the available Drop Stand Kit was identified and utilized.",,,,,,
KC-875-20141013-1335-2,KC-875-20141013-1335,2,2014,ad_hoc,KC,875,,"of the check valve 1 (CV1). As per the Contractors Standard Operating Procedure, the Hydro Foreman or his designee shall be responsible for system walk down. There was a foreman present during hydro- testing operations but failed to detect the hazard.",,,,,,
WC-33-20230810-1735-3,WC-33-20230810-1735,3,2023,modern_six,WC,33,Serious Incident,"Supervision: An all-stop was not called to address any new threats after the abrasive cutter hung up in the 48-inch caisson the first time. The JSA required personnel to “stay well clear of suspended loads”, personnel were allowed to stand near the suspended load.",,,,,,
MC-807-20230224-1115-1,MC-807-20230224-1115,1,2023,modern_six,MC,807,,Supervision – No or inadequate pre-job safety and operation meeting: IP did not discuss cutting the wrench with coworker or supervisor.,,,,,,
MO-916-20231122-1130-2,MO-916-20231122-1130,2,2023,modern_six,MO,916,,"Supervision – No or inadequate supervision: Lack of supervision was found to be a contributing factor to the incident. This being lowered, causing the IP’s finger to adjacent beam.",,,,,,
UNKEYED-e3833d3c6d26-4,UNKEYED-e3833d3c6d26,4,2009,human_error,,,,The Operator's failure to continuously monitor the separator's confined space during welding operations prevented personnel from being aware of the flammable substance located within the separator.,,,,,,
GB-72-20111226-1540-4,GB-72-20111226-1540,4,2011,ad_hoc,GB,72,,"The IE was a short service employee (SSE) according to Seatrax policy. Seatrax Short Service Employee policy, Section 48.1 Key Practices defines a SSE as any personnel with less than six months experience in the same job type or with Seatrax, Inc... The policy also states that multiple mentors will be assigned to each SSE and will be onsite to supervise the SSE. In Section 48.2 Responsibility, the policy states that the mentor communicates the SSE policy and expectations at the pre-job meeting. Although Seatrax provided a mentor for the SSE, the mentor failed to ensure the safety of the SSE. The mentor, crane operator and signalman should have ensured that the SSE remained at a safe distance away from the boom tip before giving the signal to make the lift.",,,,,,
MP-299-20060921-0630-3,MP-299-20060921-0630,3,2006,free_prose,MP,299,,"The support personnel, day roustabout and night operator (both SSEs) were not mentored in the utilization of proper procedures and proper PPE.",,,,,,
SS-80-20250307-0815-5,SS-80-20250307-0815,5,2025,modern_six,SS,80,Serious Incident,"Supervision- Not ensuring the Proper the proper PPE at the time, they may",,,,,,
GC-782-20161016-0930-4,GC-782-20161016-0930,4,2016,ad_hoc,GC,782,,Failure to follow supervisory instruction: The ROV Technician's failure to follow the ROV Supervisor's instructions to stand clear the lift placed him in harms way.,,,,,,
UNKEYED-29886c866616-8,UNKEYED-29886c866616,8,2009,human_error,,,,The volume of discharge could have been reduced if the crew members had monitored the operations subsequent to returning from their meal break.,,,,,,
EW-834-20171126-0405-8,EW-834-20171126-0405,8,2017,ad_hoc,EW,834,,Supervisor gave insufficient delegation,,,,,,
SM-275-20070226-1400-2,SM-275-20070226-1400,2,2007,human_error,SM,275,,"Stone Energy's onsite representative failed to properly supervise the Aggreko contractor in the maintenance and servicing of rotating equipment. Also, Stone Energy failed to ensure that the mechanic followed Stone Energy's Safe Work Practices Handbook for maintaining and servicing rotating equipment.",,,,,,
EW-305-20081102-1105-6,EW-305-20081102-1105,6,2008,human_error,EW,305,,JSA at the time of the incident was not reviewed or signed by a company representative/supervisor to ensure company policy was followed.,,,,,,
KC-292-20060129-1016-2,KC-292-20060129-1016,2,2006,free_prose,KC,292,,"The contributing causes of the accident are as follows: The casing string was suspended for approximately 74 hours before it was detected that the 22 inch casing had parted (January 26 at 0800 hours began picking up 22 inch casing through January 29 at 1016 hours when the ROV found bottom three joints missing). The connectors were made up by the Weatherford casing crew with intermittent supervision by the Dril-Quip Service Tech. Anti-rotation Vertical Slot Keys were made up by a combination of the Dril-Quip Service Tech, Weatherford casing crew, and rig crew. The Dril-Quip Service Techs split time between running equipment at the main rotary, checking equipment as it was unloaded from the boat, and running equipment at the BOP cart.",,,,,,
MI-555-20060702-1715-1,MI-555-20060702-1715,1,2006,free_prose,MI,555,Serious Incident,"The employee who was injured was greasing the cable on the entry side of the sheave and as the cable was pulled into the sheave, his gloved hand was pulled into the sheave by a splintered wire. He was a new employee with only two days on the job and should have been visibly supervised.",,,,,,
GI-47-20250425-1330-5,GI-47-20250425-1330,5,2025,modern_six,GI,47,,SUPERVISION: NO OR INADEQUATE WORK PERMITS PREPARED/APPROVED - The PIC was not aware of the scope of work being performed and did permits for the IP prior to the IP beginning specific permits required by GOM Shelf which PIC during platform orientation. The LSS JSA starting work.,,,,,,
GC-743-20090715-2150-1,GC-743-20090715-2150,1,2009,human_error,GC,743,,"The Driller's lack of experience and supervision, in conjunction with the floor hands working on other tasks and not paying attention to the lift-sub make-up, are the leading causes to this incident. In addition, other Supervisors were focused on the main drill floor operations since the perceived risk of breaking-down the BHA was low.",,,,,,
GC-205-20220913-1245-2,GC-205-20220913-1245,2,2022,modern_six,GC,205,Serious Incident,Supervision: No supervision. The nisgt WSR was not on,,,,,,
SP-62-20050317-0400-3,SP-62-20050317-0400,3,2005,free_prose,SP,62,,ball on the fast line. The flagman was in the process of repositioning himself and was not watching the operation.,,,,,,
GC-584-20241225-1330-3,GC-584-20241225-1330,3,2024,modern_six,GC,584,Very Serious Incident,Supervision – IP1 did not take the time to review the JSA with IP2.,,,,,,
GC-478-20240118-1303-3,GC-478-20240118-1303,3,2024,modern_six,GC,478,Very Serious Incident,Supervision – The contractor’s trainee signal for the casing to be repositioned in the slips without the Contractor’s supervisor verifying the connection.,,,,,,
SM-147-20130904-0500-2,SM-147-20130904-0500,2,2013,ad_hoc,SM,147,,"According to the Morrison Root Cause Report, there were two contributing causes to the accident: 1) created by man and 2) created by external factors. Created by man was attributed to the Morrison Supervisor disregarding his instructions not to exceed a pull of 450,000 lbs with the hydraulic casing jacks. Created by external factors was due to that the project was taking longer perceived rush to get the job done.",,,,,,
MP-153-20250503-0830-4,MP-153-20250503-0830,4,2025,modern_six,MP,153,Serious Incident,Supervision: No or inadequate pre-job safety and operation meeting- Supervision failed to account for all safety processes that should have been put in place and discussed with personnel during pre-job meetings such as the use of tag lines and establishing proper communication methods during the operation.,,,,,,
WD-29-20060331-0845-1,WD-29-20060331-0845,1,2006,free_prose,WD,29,,The crane operator was complacent or not focused prior and during the lift and operated the crane outside of crane operating limits.,,,,,,
HI-A 596 E-20131007-1030-1,HI-A 596 E-20131007-1030,1,2013,ad_hoc,HI,A 596 E,,"IP was involved in task and was told by supervisor to only observe. ­ IP placed his hand on screen carrier. ­ As block was being raised, IP continued to hold onto screen carrier which struck top drive torque tube. ­",,,,,,
WD-73-20190320-1200-7,WD-73-20190320-1200,7,2019,modern_six,WD,73,Incident,Failure to follow operating procedures which stated to test safety devices before start up.,,,,,,
GI-43-20180126-0600-5,GI-43-20180126-0600,5,2018,ad_hoc,GI,43,Incident,A failure to use “Stop Work Authority” by operators.,,,,,,
EI-100-20140301-2215-1,EI-100-20140301-2215,1,2014,ad_hoc,EI,100,,The probable cause of this incident was the small gap other uneven surfaces or trip hazards in the area. in the grating. There were no,,,,,,
UNKEYED-4d4f278c1ab0-3,UNKEYED-4d4f278c1ab0,3,2010,ad_hoc,,,,"Human error by all parties involved resulting from failure to: Utilize Stop Work Authority (SWA) to stop the job when operating in an abnormal condition; i.e., venting gasses through the gas buster clean-out valve.",,,,,,
HI-474-20191002-0955-4,HI-474-20191002-0955,4,2019,modern_six,HI,474,Serious Incident,The work area was too congested to land the 4'x4'x3' basket directly onto the deck.,,,,,,
SP-27-20250718-0730-4,SP-27-20250718-0730,4,2025,modern_six,SP,27,Serious Incident,WORK ENVIRONMENT: Poor visibility- The boat captain could have experienced platform visibility issues due to the MV wheelhouse area sitting much higher than the low-lying structure.,,,,,,
GC-468-20230531-0900-4,GC-468-20230531-0900,4,2023,modern_six,GC,468,Serious Incident,"Work Environment: Other weather influences: Wet Work Conditions- Pictures and video taken during CVI captured images of the wet work conditions created by the SWRC discharge leak continuously cascading water 90’ below to the waterline. The Southey NDT RA crew made an effort to stay dry by donning waterproof, hooded coveralls and attempting to seal them off by taping their pant legs around their leather boots. The Southey RAT’s reported they experienced burning mouth and suffered discomfort.",,,,,,
GC-743-20070201-1715-2,GC-743-20070201-1715,2,2007,human_error,GC,743,Incident,With seven shale shakers it is difficult for one crew member to monitor all the equipment continuously. The lack of additional personnel could have been a contributing factor in not noticing the motor failure before the screens coated over with mud and overflowed the SBM in to the Gulf.,,,,,,
UNKEYED-f7dd16619d2d-1,UNKEYED-f7dd16619d2d,1,2021,modern_six,,,,Work Environment – No or improper PPE: IP was not wearing cut resistant work gloves while using a cutting device.,,,,,,
UNKEYED-fcf9c5ad6000-5,UNKEYED-fcf9c5ad6000,5,2009,human_error,,,,"Unsafe conditions were created by: The IP was standing/stepping on unsafe while using only the outside handrail for and/or task complacency while fastening the areas (ventilation hoods, toe boards, etc.) support.",,,,,,
EI-330-20061011-2345-2,EI-330-20061011-2345,2,2006,free_prose,EI,330,,"of the platform from an unknown height There were no witnesses to Mr. Hisaw's fall. Mr. Hisaw was unable to immediately communicate to the platform medic why and from where he had fallen. Mr.Hisaw later stated that he had a new pair of gloves on the last scaffold he checked. He crossed over from the stairs to the scaffolding, then crawled through the hand rail to another set of scaffolding. He reached for his gloves, and doesn't remember anything else about the fall. Mr. Hisaw failed to adhere to Devon's Energy Environmental,Health and Safety guidelines in that, he was not wearing any required personal protection equipment,(etc.hard hat,safety glasses,work vest, work boots and fall arrest equipment).",,,,,,
HI-A 573 B-20160828-0800-3,HI-A 573 B-20160828-0800,3,2016,ad_hoc,HI,A 573 B,,Person In Charge failed to sign the JSEA,,,,,,
GC-113-20140102-0217-4,GC-113-20140102-0217,4,2014,ad_hoc,GC,113,Serious Incident,"Rig personnel failed to take remedial actions when a ""hump pressure test"" or ""pressure signature test"" was unable to be achieved as per FMC procedure. -",,,,,,
GC-432-20241110-0145-2,GC-432-20241110-0145,2,2024,modern_six,GC,432,,Work environment – Other weather influences were the rising sea states and the unpredictable risk of waves striking the stern of the rig.,,,,,,
MP-283-20210508-2,MP-283-20210508,2,2021,modern_six,MP,283,Serious Incident,equipment used. The hand dolly was not been used to secure the load during,,,,,,
ST-86-20050813-0730-1,ST-86-20050813-0730,1,2005,free_prose,ST,86,Serious Incident,Hot welding slag burning the cutting torch's oxygen,,,,,,
ST-26-20130822-1545-3,ST-26-20130822-1545,3,2013,ad_hoc,ST,26,Serious Incident,Operators Report stated that the employee's grease which caused them to be slippery. This employee's hand slidding into a pinch point. - gloves had been exposed to oil and could have contributed to the,,,,,,
SM-149 C-20210107-1,SM-149 C-20210107,1,2021,modern_six,SM,149 C,,The IE’s foot slipped due to poor foot placement incident does not have a flat surface to step on sensor.,,,,,,
KC-918-20181116-1530-6,KC-918-20181116-1530,6,2018,ad_hoc,KC,918,,BSEE’s investigation into this incident identified the following contributing causes: improper body placement by the hydraulic mechanic that positioned him in the line of fire of the 25-ton Enerpac jack's hydraulic line.,,,,,,
SS-198-20130710-2115-1,SS-198-20130710-2115,1,2013,ad_hoc,SS,198,,"Poor Body Placement -Failure to stop the job once the initial lift was made and the clamps where identified as possible hazard. - Witnesses stated that the IP warned another employee to stand back in case the casing slacked off when it was set down. Therefore, he recognized the hazard but failed to take proper action to prevent it.",,,,,,
GC-640-20160807-2225-2,GC-640-20160807-2225,2,2016,ad_hoc,GC,640,Very Serious Incident,Failure to remove all personnel from the conveyer casing lifting operations.,,,,,,
SP-27-20260330-0935-4,SP-27-20260330-0935,4,2026,modern_six,SP,27,Serious Incident,Work environment: Other weather influences- The saltwater and corrosive environment caused excessive corrosion on the fast line hoist wire rope termination.,,,,,,
WR-758-20230321-0230-2,WR-758-20230321-0230,2,2023,modern_six,WR,758,Very Serious Incident,Personnel failed to install the slings on the riser flanges.,,,,,,
MC-607-20181201-0339-1,MC-607-20181201-0339,1,2018,ad_hoc,MC,607,Incident,"The extreme unexpected changes in wind speed and direction due to strong thunderstorms caused an excursion of the vessel's planned position. Due to these rapid changes, the vessel was unable to maintain position while being latched up to the well. This event subsequently resulted in an Emergency",,,,,,
SM-128-20240116-0252-2,SM-128-20240116-0252,2,2024,modern_six,SM,128,Serious Incident,"Work Environment: It was also determined that the vibration switch tripped but failed to initiate a shut down at the panel. Due to the freezing temperature at the time of the incident (17F), it is suspected that the condensation froze in the tubing between the switch and the panel which would have allowed the switch to trip but not allow the signal to the panel. Desiccant dryers forming in the tubing.",,,,,,
UNKEYED-2e1d12dcec11-2,UNKEYED-2e1d12dcec11,2,2010,ad_hoc,,,,The Operator did not properly walk out the job with the Crane Mechanics.,,,,,,
VR-380-20080526-1815-3,VR-380-20080526-1815,3,2008,human_error,VR,380,Very Serious Incident,"The hoist operator and designated ""flagger"" did not maintain communication while the hook and hoist chain were being lowered through the rotary.",,,,,,
GB-260-20210204-0230-1,GB-260-20210204-0230,1,2021,modern_six,GB,260,Very Serious Incident,The BSEE incident investigation team determined that the probable cause of the incident was due to the IP working in the red zone that was not enforced.,,,,,,
GI-47-20250425-1330-3,GI-47-20250425-1330,3,2025,modern_six,GI,47,,"The PIC and contractor (IP) did not communicate prior to the IP starting his work on the 6-inch gas line. Had communication been better, the IP would not have been able to start work without the PIC’s approval.",,,,,,
WD-105-20130318-0845-5,WD-105-20130318-0845,5,2013,ad_hoc,WD,105,Serious Incident,The IP was: Only having one tag line on the load.,,,,,,
UNKEYED-1e5efb5f4b8d-2,UNKEYED-1e5efb5f4b8d,2,2010,ad_hoc,,,,N/A,,,,,,
GI-22-20130806-1925-2,GI-22-20130806-1925,2,2013,ad_hoc,GI,22,,Employee was not aware of the surroundings at hand. -,,,,,,
GC-640-20160519-2030-4,GC-640-20160519-2030,4,2016,ad_hoc,GC,640,,- Failure to adequately evaluate the thoroughness.,,,,,,
GC-680-20170429-0112-2,GC-680-20170429-0112,2,2017,ad_hoc,GC,680,Serious Incident,N/A,,,,,,
MO-830-20120218-1700-6,MO-830-20120218-1700,6,2012,ad_hoc,MO,830,,The Driller and Assistant Driller were working in rheostat of the drawworks and rotary in addition to,,,,,,
GC-896-20130722-1745-1,GC-896-20130722-1745,1,2013,ad_hoc,GC,896,,Lack of Attention to the Task at Hand -Derrickman failed to realize that the pipe was continued with operating the controls.,,,,,,
KC-10-20141014-0105-8,KC-10-20141014-0105,8,2014,ad_hoc,KC,10,Very Serious Incident,"OF ACCIDENT: Short Service Employee's (rider in the basket, and Tugger Operator).",,,,,,
EI-53-20180416-1145-1,EI-53-20180416-1145,1,2018,ad_hoc,EI,53,,The Lessee failed to properly mark the top section of the uneven grating that may have allowed the CMH to identify the 5 inch drop prior to stepping down. The CMH failed to place full attention on his surroundings prior to stepping on the uneven surface which could have allowed him to identify grating.,,,,,,
MC-778-20161106-1050-4,MC-778-20161106-1050,4,2016,ad_hoc,MC,778,Incident,Wear ring material is not recommended for use in high humidity or where water is present.,,,,,,
EB-164-20100929-1845-1,EB-164-20100929-1845,1,2010,ad_hoc,EB,164,Incident,"When the 9-5/8"" x 13-3/8"" casing strings were cut, a small volume of gas and liquid hydrocarbons trapped in this annulus was released and migrated to the Gulf waters.",,,,,,
EI-338-20170531-1410-5,EI-338-20170531-1410,5,2017,ad_hoc,EI,338,Serious Incident,The operator or the person handling the load specific concerns traveling determines it is necessary due to site,,,,,,
MC-126-20150702-0400-4,MC-126-20150702-0400,4,2015,ad_hoc,MC,126,Incident,SBM from reserve pit #1 was used to conduct the FIT and that pit was not monitored- by the Driller.-,,,,,,
SS-225-20130707-1830-4,SS-225-20130707-1830,4,2013,ad_hoc,SS,225,Incident,"Failure to notify BSEE, as required casing pressure tests could not be run",,,,,,
SM-105-20180707-1115-15,SM-105-20180707-1115,15,2018,ad_hoc,SM,105,,"If the lessee would have reviewed the Working from Heights and/or Open Hole Checklist located in Section D Chapter 6 Part-A, this incident would have been avoided. The Fall Rescue Plan was not discussed during the pre-job planning. This step could have allowed a quicker rescue response.",,,,,,
ST-311-20180904-0217-1,ST-311-20180904-0217,1,2018,ad_hoc,ST,311,Incident,Gasket failure in the 4 inch butterfly valve.,,,,,,
GI-116-20171203-2215-1,GI-116-20171203-2215,1,2017,ad_hoc,GI,116,Serious Incident,The seawater pumps were identified to have inadequate monitoring.,,,,,,
SM-27-20141205-0730-1,SM-27-20141205-0730,1,2014,ad_hoc,SM,27,Incident,Pitting or pipe manufacturing defect.,,,,,,
KC-770-20160106-0810-1,KC-770-20160106-0810,1,2016,ad_hoc,KC,770,,"According to the Transocean Level II Investigation Report, the probable causes of the incident were listed as follows: 1) a safety time out was not utilized given the tasks and hazards had changed related to the tasks; 2) failure to follow established Transocean work risk assessment procedures; and 3) the absence of a procedure or work risk assessment associated with the utility cart positioning.",,,,,,
UNKEYED-298d1d54daad-5,UNKEYED-298d1d54daad,5,2011,ad_hoc,,,,Lock Out/Tag Out Plan was not utilized.,,,,,,
MC-762-20130516-2215-1,MC-762-20130516-2215,1,2013,ad_hoc,MC,762,Incident,Low rig air pressure allowed the primary sealing relax.,,,,,,
MP-264-20130427-1030-3,MP-264-20130427-1030,3,2013,ad_hoc,MP,264,Serious Incident,"Without stopping the job to inspect continued to spool outside of the drum binding chain and finally got free, the $rane  inspect the crane for any possible damages. for possible damages, the auxiliary cable damaging and breaking cable strains. -",,,,,,
MC-778-20161106-1050-5,MC-778-20161106-1050,5,2016,ad_hoc,MC,778,Incident,No periodic inspection or maintenance instructions.,,,,,,
SM-99-20181006-0930-1,SM-99-20181006-0930,1,2018,ad_hoc,SM,99,Serious Incident,The CE failed to detect the threat of placing his fingers in a hazardous location. The rigger failed to correct the sling raising the lid at the beginning of the lift which would have prevented the incident.,,,,,,
GC-521-20170206-0740-1,GC-521-20170206-0740,1,2017,ad_hoc,GC,521,,"Poor communication between the Driller, AD,",,,,,,
WR-469-20150214-2330-2,WR-469-20150214-2330,2,2015,ad_hoc,WR,469,,N/A,,,,,,
GB-128-20171108-0120-3,GB-128-20171108-0120,3,2017,ad_hoc,GB,128,Very Serious Incident,"Inadequate Hazard Analysis – SOI’s PtW Matrix specified that a JSA was required for this task, yet the OP did not indicate the requirement for a JSA. The explanation that the task was “routine” does agree with 30 CFR 250.1911 (b) (4), which states that the person in charge of the job may decide that a JSA is not required for particular jobs conducted on a recurring basis. However, 30 CFR 250.1911 (b) states that a JSA must be conducted for activities identified in your SEMS program. The BSEE investigation team concluded that the OP contained in their Integrated Job Planning Matrix met the criteria for conducting a JSA. The BSEE investigation team received no indication that a JSA was performed prior to commencing work in this instance.",,,,,,
HI-20140324-1630-1,HI-20140324-1630,1,2014,ad_hoc,HI,,,"It was determined that the drill line cable was not properly degreased before being inserted into the snake grip. The proper clamping recommended by the manufacturer's specifications was not utilized for the snake grip. Instead, manila rope and duct tape were used to secure the snake grip which may have affected the drill line cable and prevented the snake grip from going through the block smoothly, also contributing to the injury incident.",,,,,,
KC-292-20130331-0655-2,KC-292-20130331-0655,2,2013,ad_hoc,KC,292,,"According to the Seadrill Top-Set report, the contributing causes of the accident are as follows: 1) Driller did not complete the energy isolation process; 2) safety training for hands off moving equipment was not adhered to; 3) the 4-point check rules were not complete; 4) all the hazards for this type of operation were not identified;",,,,,,
SS-154-20161223-1550-2,SS-154-20161223-1550,2,2016,ad_hoc,SS,154,Serious Incident,"It is possible that chemicals may have been introduced into the heater or through the production system to aid in the breakup of chemical padding in the treater. As found in previous investigations in the Houma District, certain chemicals introduced into the production system are extremely caustic and over time will have a detrimental effect on metal in the production proccess.",,,,,,
VR-261-20151216-1845-3,VR-261-20151216-1845,3,2015,ad_hoc,VR,261,Serious Incident,"During the job safety analysis, all parties failed to identify the associated hazards of the lift due to the close proximity of the load to the crane’s minimum boom radius and the low light conditions",,,,,,
GC-680-20130124-1415-3,GC-680-20130124-1415,3,2013,ad_hoc,GC,680,,"A contributing cause to this incident was a lack of communication, the pollution pans were pushed while IP was repositioning and had his hand on the grating. The other crew members did not communicate that a personnel movement was occurring simultaneously with the movement of the pollution pans.",,,,,,
EI-361-20180202-0750-1,EI-361-20180202-0750,1,2018,ad_hoc,EI,361,,"During compressor maintenance, the handrail should have not been removed and replaced with yellow plastic chain. The lessee failed to meet the requirements as per 33 CFR 143.110, (b) of this section, and areas not normally occupied, unprotected perimeter of all floor or deck areas and openings shall be rimmed with guards and rails or wire mesh fence. The guard rail or fence shall be at least 42 inches high. The two intermediate rails shall be so placed that the rails are approximately evenly spaced between the guard rail and the floor or deck area: Provided, that if a toe board is installed then one of the intermediate rails may be omitted and the other rail placed approximately half way between the top of the toe board and the top guard rail. (c) Each catwalk and each stairway shall be provided with a suitable guard rail or rails, as necessary.",,,,,,
UNKEYED-4a9bf3ad9070-1,UNKEYED-4a9bf3ad9070,1,2010,ad_hoc,,,,Overheating triggered the high temperature alarm resulting in a fire/damage to the air compressor,,,,,,
MC-751-20110531-5,MC-751-20110531,5,2011,ad_hoc,MC,751,Serious Incident,Improper positioning of the IP on the rig floor.,,,,,,
VR-52-20130531-1230-1,VR-52-20130531-1230,1,2013,ad_hoc,VR,52,Serious Incident,Hot slag from the torch cutting operation of the 47 feet) onto the non-flame resistant tarpaulins,,,,,,
GC-683-20151029-1740-5,GC-683-20151029-1740,5,2015,ad_hoc,GC,683,Very Serious Incident,STOP work authority not practiced as intended.,,,,,,
GC-743-20150609-1015-5,GC-743-20150609-1015,5,2015,ad_hoc,GC,743,,"Failure of the crew members to preform a proper risk assessment after adding the task of changing out the SPM valve O-rings was added to the plan. The job was thought to be ""routine"". -Placement of the SPM Valve puts employees in an awkward position, bad body placement, when attempting to perform work on the valve.",,,,,,
SM-105-20180707-1115-8,SM-105-20180707-1115,8,2018,ad_hoc,SM,105,,"As per the Contract Crane Mechanics Fall Protection Policy: Fall protection is required whenever employees are potentially exposed to falls from heights of six feet (OSHA General Industry) or greater to lower levels. This includes work near and around excavations. Use of guard rails, safety nets, or personal or fall arrest systems should be used. When the standard methods of protection are not feasible or a greater hazard would be created.",,,,,,
SS-241-20140925-1350-2,SS-241-20140925-1350,2,2014,ad_hoc,SS,241,,Lap testing of the PSA showed a lack of fusion in the intact welds. Lack of fusion in between the metals of the weld increases the chances of defects and imperfections in the weld roots.,,,,,,
MU-762-20120812-0825-2,MU-762-20120812-0825,2,2012,ad_hoc,MU,762,,"A. The explosive bundle was guided by hand without his right hand and left index a tagline. B. The rope was wrapped/became wrapped around handler's left hand. C. The polypropylene rope was guided through a 4"" interior diameter pad eye on the leg without a sheave and the rope went through the barge crane hook without a sheave. D. The barge crane swing break was inoperative, possibly leading to additional strain on the rope. The polypropylene rope",,,,,,
GC-205-20120210-1600-4,GC-205-20120210-1600,4,2012,ad_hoc,GC,205,Incident,Rig crew (supervisors and workers) equipment.,,,,,,
ST-27-20150123-0430-1,ST-27-20150123-0430,1,2015,ad_hoc,ST,27,Serious Incident,Awaiting USCG investigative findings.,,,,,,
MC-29-20140212-1910-1,MC-29-20140212-1910,1,2014,ad_hoc,MC,29,Incident,Pressure loss to the Telescopic Joint Packer,,,,,,
UNKEYED-90601dfd1ef7-4,UNKEYED-90601dfd1ef7,4,2010,ad_hoc,,,,process piping that had not been Human error by the welder as a result of the following: * * * * * PROPRIETARY * * * * * * cutting. c) The three crew changes in the week of preparatory work could have resulted in poor communication and the resulting incomplete hazard analysis and lack of corrective action t aken taken prior to the incident.,,,,,,
MC-942-20151130-0915-6,MC-942-20151130-0915,6,2015,ad_hoc,MC,942,,.,,,,,,
EI-349-20061125-0715-1,EI-349-20061125-0715,1,2006,free_prose,EI,349,Incident,Failure of a grease fitting on well A-17 production,,,,,,
MP-299-20060905-0900-10,MP-299-20060905-0900,10,2006,free_prose,MP,299,Incident,Sandblasted and painted interconnecting piping and Skim Pile.,,,,,,
MC-566-20061104-1100-2,MC-566-20061104-1100,2,2006,free_prose,MC,566,Incident,The valve had not been previously identified as having the potential to result in an unplanned release of SOBM.,,,,,,
MU-20060622-1345-5,MU-20060622-1345,5,2006,free_prose,MU,,,Employee had only 4 months offshore experience.,,,,,,
ST-21-20050323-2300-2,ST-21-20050323-2300,2,2005,free_prose,ST,21,Serious Incident,It is unknown why there was gas leaking after the intital initial sniffing indicated no gas.,,,,,,
LA-6658-20060727-1200-1,LA-6658-20060727-1200,1,2006,free_prose,LA,6658,,Improper use of crane.,,,,,,
SP-49-20061129-0830-2,SP-49-20061129-0830,2,2006,free_prose,SP,49,Incident,a. Not being properly trained for the facility b. Lack of supervision c. Unsafe work practices d. Fatigue factor for personal High Leveled and filled the flare boom.,,,,,,
GC-826-20051031-1630-1,GC-826-20051031-1630,1,2005,free_prose,GC,826,Incident,The possum belly dump valves were inadvertently opened with mud in the possum belly tank. The primary and secondary dump valves were not secured for oil base mud procedures.,,,,,,
PL-13-20060215-1400-5,PL-13-20060215-1400,5,2006,free_prose,PL,13,,"Ivestigation Team: Send out Health Safety and Environment (HSE) alert to the Fleet on item #1 stated above also, any other type of equipment failure, to ensure that HSE Mangement System Communication Procedures are being followed as stated in the HSE Management System book.",,,,,,
WC-280-20050114-1145-2,WC-280-20050114-1145,2,2005,free_prose,WC,280,,"Personnel complained of being pushed to finish the job, which allowed for hasty decisions to be made. Multiple jobs being performed at the same time and the absence of an on site supervisor dedicated to oversee the safety aspect of each job being performed pevented personnel from focussing on specific job details. The failure to develop a detailed written procedure {JSA) for the work to be performed prevented personnel from identifying and properly isolating the energy source. The lack of communication between the production personnel and the failure to utilize the companies stop work authority policy allowed critical warning signs leading up to the incident to be overlooked. Personnel were working with insufficient lighting at the time of the incident and the 16"" pipeline check valve not performing it's designed function also contributed to the incident.",,,,,,
MP-299-20060921-0630-10,MP-299-20060921-0630,10,2006,free_prose,MP,299,,Proper PPE usage by all PMI employees is to be continuously monitored by the field Foremen and reported to the field Superintendent.,,,,,,
PN-891-20051205-2200-5,PN-891-20051205-2200,5,2005,free_prose,PN,891,Serious Incident,"Prior to viewing evidence that a small fire had occurred, it was believed that the compressor went down on low suction pressure, thus causing the platform to shut-in on a PSL from the fuel gas. Ultimately, the compressor mechanic, Mr. Pete Rocha, suggested that the oil line feeding the turbo-charger malfunctioned with a leak, allowing oil to come in contact with the back (hot) side of the turbo-charger. Just as enough oil came into contact with the extremely hot turbo-charger, a flash fire was likely to have occurred. A list of probable causes contributing to the accident includes: inadequate oil quality for compressor operability",,,,,,
MP-306-20060810-0715-2,MP-306-20060810-0715,2,2006,free_prose,MP,306,Incident,water since the shear was being used,,,,,,
LA-6658-20060727-1200-2,LA-6658-20060727-1200,2,2006,free_prose,LA,6658,,No written procedures for flushing out a stuck rod pump. the untethered whipline boom tip section causing Failure to address maintenance issues with the weight indicator in a timely manner. Toolpusher•s instructions to the crane indicator during the pull.,,,,,,
HI-22-20051118-1730-1,HI-22-20051118-1730,1,2005,free_prose,HI,22,Serious Incident,High sales gas pressure may have caused the separation of the one inch supply line.,,,,,,
MP-299-20060921-0630-8,MP-299-20060921-0630,8,2006,free_prose,MP,299,,If a job task creates the possibility or necessity,,,,,,
MP-299-20060921-0630-9,MP-299-20060921-0630,9,2006,free_prose,MP,299,,H2S system: (a) Continuous monitoring utilizing a gas (b) SCBA must be donned to perform the task in an H2S of the opening of a closed loop detector must be implemented. exposure environment. (c) Continuous gas monitoring and SCBA usage to be monitored/audited weekly by the area Superintendent and Foremen.,,,,,,
ST-37-20050802-1300-2,ST-37-20050802-1300,2,2005,free_prose,ST,37,Serious Incident,"Further investigation discovered that due to the low volume of gas present from the gas seawater heat exchanger, and that the wind was blowing from the south at 5 mph that there was no measurable quanity of gas presence on the boat landing to indicate a potential ignition source.",,,,,,
UNKEYED-ee2f98980408-4,UNKEYED-ee2f98980408,4,2004,free_prose,,,,"Poor work practices and bad judgment combined with inadequate and/or inappropriate training with respect to performing the unsafe and precarious operation of remo~ing the lockdown pin from the wellhead assembly in a well with open perforations and an active, known thief zone.",,,,,,
WC-280-20050114-1145-1,WC-280-20050114-1145,1,2005,free_prose,WC,280,,Personnel not properly isolating the energy source {gas pipeline) allowed gas to . migrate from the gas sales pipeline back through the production train and escape through openended piping at the coalescer.,,,,,,
MP-299-20060905-0900-7,MP-299-20060905-0900,7,2006,free_prose,MP,299,Incident,Replaced a drain valve on the sour water sump drain line to Skim Pile.,,,,,,
GC-243-20060409-0945-1,GC-243-20060409-0945,1,2006,free_prose,GC,243,,The cause of this incident was the on-duty vessel engineer on the Cape Hope activating the emergency fuel shutdown for the entire vessel instead of the shutting off only fuel to the vessels transfer pumps. This caused the vessel to lose power and drift into and under the Arctic I.,,,,,,
MP-299-20060114-0300-2,MP-299-20060114-0300,2,2006,free_prose,MP,299,Very Serious Incident,"The operation of the re-circulating fan, used for waste heat recovery, may have been a contributing factor. The operation of this fan introduced air in sufficient quantities to create a gas/air mixture below the LFL - incapable of being ignited by the pilot burner. As time into the startup procedure progressed, the introduction of ignitable vapors by both the main burner and the re-circulating fan into the firing chamber contributed to a concentration in excess of that required for normal ignition. The operator failed to follow the Hot Oil Heater start up procedures. The two isolation valves, upstream and down stream of the temperature control valve (TCV) were left open during start up.",,,,,,
SS-149-20051026-0505-1,SS-149-20051026-0505,1,2005,free_prose,SS,149,,"The barricade, surrounding the opening in the deck, was not constructed to the Contractor's normal standards and not strong enough to support a man leaning against it. To this same point, the welding beads that held the barricade together, had gaps and were not substantial. A Job Safety Analysis (JSA) was not prepared which may have prevented the need to throw a radio up to the rig floor. Also the poor safety practice of throwing objects from one deck to another can cause injury to people and damage to equipment. The early removal of the rotary and pan from the drill floor (deck) was not part of their normal routine and left a large opening in the drill longer than necessary.",,,,,,
UNKEYED-d34a71a29a8c-3,UNKEYED-d34a71a29a8c,3,2003,free_prose,,,,Three conditions must exist for EAC to propagate: 1) the material must be stressed;,,,,,,
HI-110-20050502-1332-2,HI-110-20050502-1332,2,2005,free_prose,HI,110,,"Pipeline was not buoyed, reflectors were not placed on the pipeline and a variance request from NTL 98-20 to not buoy pipelines during a rig move was not submitted to the MMS Pipeline Section. Transco was not notified prior to the incident that the lift boat would be jacked in the vicinity of their 24-inch gas pipeline.",,,,,,
MU-757-20050618-1700-3,MU-757-20050618-1700,3,2005,free_prose,MU,757,,"Jumping up and down on the extended part of the flare boom created stress on the pedestal that was welded to the deck of the MODU. The weld broke causing the boom to fall 3-5 feet caught only by the rig crane, causing a failure of the primary load-bearing components of the flare boom system.",,,,,,
SP-75-20060209-1330-2,SP-75-20060209-1330,2,2006,free_prose,SP,75,,Employee lacked the understanding of Apache Corporation's Offshore Safety Orientation Handbook.,,,,,,
EI-360-20060427-0530-1,EI-360-20060427-0530,1,2006,free_prose,EI,360,Serious Incident,A gas leak that had developed in the 2 inch fuel gas piping that supplies fuel to the turbine generator was ignited by an apparent faulty junction box located next to the fuel gas piping where a heat trace tape was connected.,,,,,,
MP-299-20060905-0900-13,MP-299-20060905-0900,13,2006,free_prose,MP,299,Incident,Replaced FSV on discharge of Skim Pile pumps.,,,,,,
MP-299-20060905-0900-12,MP-299-20060905-0900,12,2006,free_prose,MP,299,Incident,Pulled suction line out of Skim Pile and cleaned obstruction in line.,,,,,,
SS-349-20050729-0150-2,SS-349-20050729-0150,2,2005,free_prose,SS,349,,A contributing cause of the incident could be isolated defective drill line manufacturing.,,,,,,
UNKEYED-d34a71a29a8c-24,UNKEYED-d34a71a29a8c,24,2003,free_prose,,,,"NOTE: ABB Vetco has redesigned the insert and bolt combination to achieve the requirements above. Transocean is in the process of repacing all existing inserts and bolts with the new design. Replacement will begin in the 4th quarter of 2003 and will continue until all suspect risers have been modified with an estimated completion in the 4th quarter of 2004. All new risers on order will be outfitted with the new design. Once all original design HMF Type F bolts and inserts are replaced with the new design, inspection frequencies can be increased. b) It has been suggested that the combination of subsea control fluid (hydraulic fluid) and TSA was the source of hydrogen atoms transferred to the inserts; studies are still ongoing to determine if this is the case. An investigation into a recent incident involving the failure of a kill line has produced recommendations to reduce the potential of recurrence. It is recommended that additional steps be taken to decrease the likelihood of hydraulic line leaks as follows: i) Operator/Contractor to develop detailed inspection program of riser seals and stabs. ii) Operator should review policies regarding operational limits and sea currents for running riser. Durations should be established for leaving riser hanging beneath vessel unlatched from wellhead. iii) Encourage BP and other operators to participate with contractors and manufacturers to improve choke, kill and hydraulic line seal design for VIV condition.",,,,,,
PL-13-20060215-1400-6,PL-13-20060215-1400,6,2006,free_prose,PL,13,,Ivestigation Team: Install an air pressure relief valve to purge control lines.,,,,,,
WD-29-20060331-0845-2,WD-29-20060331-0845,2,2006,free_prose,WD,29,,"Pre-use crane inspection form did not prompt operator awareness of lifting hazards, was largely based on crane specific criteria and not outside variables. Informal Pre-lift discussions noted during upcoming activity session prior to days events but no formal JSA or permit to work were performed. Increase of morning activity on the date of incident decreased effectiveness of Morning Safety Meeting.",,,,,,
EI-100-20050403-2130-2,EI-100-20050403-2130,2,2005,free_prose,EI,100,,"A chemical analysis completed on the quill shaft material was reflective of commercial 4330 Modified alloys used for the manufacturing of drilling tools. At the time of the preliminary report, TESCO had not provided the chemical requirements for the quill material. Once the chemical requirements have been provided by TESCO, they can be compared to the chemical analysis provided in the attached report. Depending on the results, the chemical composition of the quill shaft could be identified as a possible contributing cause.",,,,,,
MU-20060622-1345-6,MU-20060622-1345,6,2006,free_prose,MU,,,"The man's job description was ""rigger"" and he was",,,,,,
HI-20060629-0810-1,HI-20060629-0810,1,2006,free_prose,HI,,,The rigger allowed himself to be caught outside of,,,,,,
ST-41-20050411-0355-2,ST-41-20050411-0355,2,2005,free_prose,ST,41,,n/a,,,,,,
ST-99-20051014-1130-2,ST-99-20051014-1130,2,2005,free_prose,ST,99,,none ladder attaching points and they,,,,,,
MP-299-20060905-0900-9,MP-299-20060905-0900,9,2006,free_prose,MP,299,Incident,Replaced Skim Pile LSH and LAH controllers.,,,,,,
HI-193-20060623-1230-1,HI-193-20060623-1230,1,2006,free_prose,HI,193,,"The derrick parts submitted for metallurgical examination and analysis failed due to lack of fusion in the weld between the post and the base plate of the pad eye. The lack of fusion created a stress riser or concentration that allowed a crack to initiate. Under certain loading conditions, as at the time of failure, the crack propagated until the remaining area could not sustain the load and failure occurred.",,,,,,
6659-20040216-0748-1,6659-20040216-0748,1,2004,free_prose,,6659,,", Operator believes root cause of incident to be that the well s relatively new ESP may 1 have grounded-out dOwnhole, which sent an over-amperage signal to the VSD and transformer. The VSD, in turn, sent a power spike to the pump causing the ove~­ amperage to occur. Circuit breaker(s) did not trip, which allowed amperage spike to travel to and overheat the unit and subsequently start an transforme~/VSD ele~trical fire.",,,,,,
EI-327-20041223-1420-1,EI-327-20041223-1420,1,2004,free_prose,EI,327,Very Serious Incident,"An air/hydrocarbon fuel mixture inside the sparks from the cutting operation. It is most leak around one of the Float Cell hatch cover Float Cell {ABM-600) was ignited by likely that a small hydrocarbon vapor gaskets came in contact with one of the sparks from the cutting operation. Such a trail of vapor could have acted as a ""fuse"", conducting the flame into the interior of the Float Cell, where the explosion occurred when the air/fuel mixture was ignited. Two vessel vents had flame arrestors, thus the vents can be ruled out as a potential flame path.",,,,,,
LA-6709-20040131-1410-1,LA-6709-20040131-1410,1,2004,free_prose,LA,6709,,Elongated screw on outer breaker switch cover manually threaded into the breaker assembly and electrical lead producing an arc.,,,,,,
GC-782-20090907-1145-2,GC-782-20090907-1145,2,2009,human_error,GC,782,,The contributing cause of this incident was the inefficiency of the incorrect silicone-based lubricant.,,,,,,
GC-743-20070731-1300-2,GC-743-20070731-1300,2,2007,human_error,GC,743,Incident,Hydrate seal laid across the ring during initial BOP landing operation.,,,,,,
GC-782-20090907-1145-1,GC-782-20090907-1145,1,2009,human_error,GC,782,,Bearing damage was the probable cause of the incident.,,,,,,
EW-948-20070126-0800-2,EW-948-20070126-0800,2,2007,human_error,EW,948,Very Serious Incident,None,,,,,,
GC-177-20070217-1050-2,GC-177-20070217-1050,2,2007,human_error,GC,177,Incident,n/a,,,,,,
WR-627-20070312-1103-2,WR-627-20070312-1103,2,2007,human_error,WR,627,Incident,back up. This reading was was determined that a total of 9 the water ( 57.5% oil content or exposure to three major hurricanes supply line connection to the slip the slip joint packing element The routing or plumbing of air supply hose to the slip joint packer connection point exposed the slip joint air supply line to damage when the number four drilling riser tensioner hose ruptured.,,,,,,
EI-342-20080506-2230-2,EI-342-20080506-2230,2,2008,human_error,EI,342,,"drilling into an unknown shallow gas Drilled the 13-3/8 inch surface casing hole section with a 17-1/2 inch bit and a mud weight of 9.1 ppg gel mud, allowed too large a gas influx into the well bore while imposing additional hydrostatic pressure on the 18-5/8 inch conductor shoe.",,,,,,
EI-259-20090422-1400-2,EI-259-20090422-1400,2,2009,human_error,EI,259,Serious Incident,"Improper rigging of the S-climber equipment contributed to the severity of this incident. Contract representatives failed to use the best available technology (BAT) in reference to rigging the S-climber for welding operations from a suspended stage. The S-climber manufacturer provided relevant and precise recommendations specifically tailored for welding operations from the S-climber unit. However, the contractor chose to utilize the nylon sling to a wire rope anchor connection instead of following the manufacturer's recommendation to use a wire rope insulator assembly. Furthermore, the S-climber operator manual includes a recommendation for using arc guards, in addition to the wire rope insulator assembly, for an added level of protection against accidently contacting the S-climber unit or associated wire rope supports with a welding rod.",,,,,,
MC-948-20080526-1730-4,MC-948-20080526-1730,4,2008,human_error,MC,948,,"At approximately 1715 hours, the bridge, performing ballasting operations, remotely opened a ballast overboard valve to transfer ballast. Opening this valve exposed sea water to the open piping and initiated flooding as follows: a) Complete flooding of the column pump room; b) Partial flooding of the two thruster compartments no water reaching the thruster motors; c) Partial flooding of the column elevator trunk.",,,,,,
UNKEYED-95bcafaf5818-2,UNKEYED-95bcafaf5818,2,2009,human_error,,,,The slip joint's gooseneck connection of service.,,,,,,
GC-512-20091023-1045-2,GC-512-20091023-1045,2,2009,human_error,GC,512,Very Serious Incident,"The Operator's manual for the HTV has no for the HTV, and the HTV guide BOP test assembly length and horizontal load rating limitations for the length of pipe handled.",,,,,,
EB-602-20090401-1520-1,EB-602-20090401-1520,1,2009,human_error,EB,602,Serious Incident,"Grinding sparks landed on stored flammable items (i.e. sheets, towels, dry paper goods, aerosol cans, cleaners, etc.) located inside the hot work zone causing ignition of the fire. When workers went on break, the cutting torch was left unaccompanied inside the how work zone with charged fuel and oxygen in the hoses. The torch and hoses were melted and destroyed, allowing a continuous flow of fuel creating a larger fire.",,,,,,
SS-269-20080415-1500-1,SS-269-20080415-1500,1,2008,human_error,SS,269,Serious Incident,High natural gas accumulation in the work area due the engine.,,,,,,
MP-261-20070204-1225-1,MP-261-20070204-1225,1,2007,human_error,MP,261,,Not paying attention to his surroundings.,,,,,,
ST-245-20090712-2030-2,ST-245-20090712-2030,2,2009,human_error,ST,245,Serious Incident,"Although the crane operator was qualified, he lacked actual operational time on this crane type and the boom angle was not considered during the lift.",,,,,,
GC-652-20071202-1330-2,GC-652-20071202-1330,2,2007,human_error,GC,652,Incident,It has been determined that the erroneous data can be transferred during routine preventive maintenance procedures. The DP system did not give an indication that the corrupted data was transferred between consoles. The program logic that gives this alarm was inadvertently omitted when the system was upgraded.,,,,,,
MC-127-20070124-1200-3,MC-127-20070124-1200,3,2007,human_error,MC,127,,Poor planning or the lack of planning.,,,,,,
EB-643-20090213-2200-1,EB-643-20090213-2200,1,2009,human_error,EB,643,,Improper Hand Placement,,,,,,
SS-209-20080209-1515-2,SS-209-20080209-1515,2,2008,human_error,SS,209,Serious Incident,The two-inch third stage high pressure discharge piping was not adequately supported causing additional vibration. Chevron's investigation team was able to shake the piping easily by hand.,,,,,,
GB-426-20070302-0615-3,GB-426-20070302-0615,3,2007,human_error,GB,426,Very Serious Incident,"Equipment Design Issues: If the vendors had communicated to determine the proper or optimum fuse sizes for the control system, the fuses would have been sized to melt/blow at the short-circuit current, and the fault between the primary and secondary winding of the transformer may not have developed.",,,,,,
ST-295-20090609-1001-1,ST-295-20090609-1001,1,2009,human_error,ST,295,,"During the construction of the temporary boom rest, the incident was the failure of the individuals involved to materials of sufficient strength to properly handle the",,,,,,
EI-259-20080822-0926-2,EI-259-20080822-0926,2,2008,human_error,EI,259,Serious Incident,Sudden movement of controls during the lifting unnecessary stress to the boom cable.,,,,,,
EC-220-20080106-0745-7,EC-220-20080106-0745,7,2008,human_error,EC,220,Serious Incident,Dampening screw on weight indicator was backed,,,,,,
UNKEYED-dbd10f3a2ecb-1,UNKEYED-dbd10f3a2ecb,1,2009,human_error,,,,Improper rigging procedures from side loading of the torque wrench resulted in failure of the eye bolt and the wrench falling to strike the IP on the right hand. Failure of the eye bolt resulted from the load rating of the eye bolt being decreased to 25% at 90 degrees or 30% at 45 degrees.,,,,,,
GC-847-20090309-1115-1,GC-847-20090309-1115,1,2009,human_error,GC,847,,The need for a Management of Change (MOC) process operation. The repairs were being in a manner to was not recognized for this expedite the process in order to run riser and continue drilling operations.,,,,,,
21-20071201-1615-1,21-20071201-1615,1,2007,human_error,,21,,Human Error: Galley hand knocked the shower door loose.,,,,,,
SM-275-20070226-1400-1,SM-275-20070226-1400,1,2007,human_error,SM,275,,The Aggreko mechanic failed to follow proper lockout/tagout procedures outlined in Stone Energy's Safe Work Practices Handbook for maintaining and servicing rotating equipment (generator).,,,,,,
UNKEYED-51be4b52a5cd-3,UNKEYED-51be4b52a5cd,3,2009,human_error,,,,"when the fire occurred. There were the broken grease fitting before Although a task-specific JSA was conducted before the hot bolting project began, critical hazards and mitigating measures were not identified from an expanded ""walk­ through"" of the area as follows: Hot bolting the flange in close proximity to the fired line heater.",,,,,,
GC-158-20080427-0300-2,GC-158-20080427-0300,2,2008,human_error,GC,158,Serious Incident,A contributing cause of this incident was poor operations.,,,,,,
VR-408-20070808-2118-2,VR-408-20070808-2118,2,2007,human_error,VR,408,Serious Incident,"The hatch/ cover on the pipeline pump packing rod box was not secured with nuts and bolts as it was originally designed. This in turn allowed the velocity of the leak to push the hatch/ cover open and spray oil all over equipment and engines. If hatch/ cover would have been properly secured, the leak could have (should have) been contained in the packing box which drains directly to the skid.",,,,,,
SS-118-20071230-0844-5,SS-118-20071230-0844,5,2007,human_error,SS,118,Serious Incident,Investigation revealed a lack of support bracing near the meter.,,,,,,
GC-65-20080312-0750-1,GC-65-20080312-0750,1,2008,human_error,GC,65,Serious Incident,"The probable cause of the incident was damage and/or wear and tear of the heat trace element. This damage led to a short circuit, arcing and overheating of the insulation material. Eventually, an incipient fire occurred on the heat trace wrapped around a nozzle coming from the separator. The failed heat trace element was sent in to the provider for analysis which confirmed the above statement.",,,,,,
UNKEYED-29886c866616-7,UNKEYED-29886c866616,7,2009,human_error,,,,A better understanding by the rig crew on specific valve terminology should have reduced the risk of an improper flow path through proper valve alignment.,,,,,,
EW-910-20090213-1000-2,EW-910-20090213-1000,2,2009,human_error,EW,910,Serious Incident,"The air tuggers were not at full power due low and with no other incidents. air pressure. Compressed air volume was inadequate to support usage. Also, an air tugger cable parted due to shock loading. Low air pressure reduced holding capacity and brakes were not holding.",,,,,,
EI-57-20080713-2250-2,EI-57-20080713-2250,2,2008,human_error,EI,57,,The Hercules Offshore personnel failed to follow guidelines within their HSE company policy manual in regards to conducting a Job Safety Analysis (JSA).,,,,,,
EW-305-20081102-1105-1,EW-305-20081102-1105,1,2008,human_error,EW,305,,Human Error: Open hole in the deck.,,,,,,
GC-743-20090715-2150-2,GC-743-20090715-2150,2,2009,human_error,GC,743,,"All hazards associated with the lift-sub backing-out during make-up were not identified in the TSTP. Since the lift-sub was not flagged in the TSTP, no one was assigned to watch it for movement.",,,,,,
SS-269-20080415-1500-4,SS-269-20080415-1500,4,2008,human_error,SS,269,Serious Incident,The crane engine exhaust valves may have provided for the flash fire.,,,,,,
WD-29-20070822-1500-3,WD-29-20070822-1500,3,2007,human_error,WD,29,Very Serious Incident,Engine was shut down for three hours,,,,,,
UNKEYED-78a34e923027-1,UNKEYED-78a34e923027,1,2009,human_error,,,,Water build-up in the breaker broke down the insulation between phase A and phase B. This resulted in an arc flash caused by a short between the two phases.,,,,,,
MC-683-20071020-2250-1,MC-683-20071020-2250,1,2007,human_error,MC,683,,Trip Hazard: IP was walking backwards and not looking where,,,,,,
EC-346-20080320-1100-3,EC-346-20080320-1100,3,2008,human_error,EC,346,,Operator has no documented policy or for open hole activities. procedure for open hole work.,,,,,,
UNKEYED-6b53104ffcb5-2,UNKEYED-6b53104ffcb5,2,2009,human_error,,,,Extensive rig heave resulting from rough sea states.,,,,,,
EW-948-20070126-0800-1,EW-948-20070126-0800,1,2007,human_error,EW,948,Very Serious Incident,The boat heaved due to sea conditions and moved,,,,,,
ST-35-20081015-1400-2,ST-35-20081015-1400,2,2008,human_error,ST,35,Serious Incident,"hydraulic boom high angle kick out The model of crane involved was manufactured with a boom heel pin bore that was machined into the body of the upper revolving structure. With the boom secured to the upper revolving structure, the heel pin design allows about 1 3/4"" of side to side boom movement. When the boom is raised to a preset position it contacts the high angle kick out valve (Note- this valve is supplied with a spring type plunger assembly). In normal operation, when the boom contacts the kick out valve, they observed that it only matched up to about 1/3"" of the surface of the spring plunger. When they re-created the lift that the operator stated he was making, when the boom was bent, the boom shifted all the way to one side of the heel pin (i.e. the boom moved the total amount of allowable travel 1 ¾"" toward the crane operator). The shift of position of the boom allowed the boom to completely miss the surface of the spring plunger of the high angle boom kick out valve.",,,,,,
HI-474-20191002-0955-1,HI-474-20191002-0955,1,2019,modern_six,HI,474,Serious Incident,"The work area was too congested to land deck. In particular,(mechanical lifting, crane straining, overextending). the 4'x4'x3' basket directly onto the",,,,,,
EI-361-20200926-2,EI-361-20200926,2,2020,modern_six,EI,361,Serious Incident,"speed which would have prevented As per the API RP 2D document, the crane operator should have been aware of the effect of velocity and weight of the load when lowering to minimize shock load. Following the API document could have prevented the boom from coming in contact with the boom angle kick out. As per API RP 2D",,,,,,
KC-785-20240307-1500-3,KC-785-20240307-1500,3,2024,modern_six,KC,785,Very Serious Incident,Management Systems: Job procedures not followed. Poor pre-job task and the Permit to Work Standard Operation Manual for slip and cut drill line lacked instructions.,,,,,,
WD-73-20190320-1200-11,WD-73-20190320-1200,11,2019,modern_six,WD,73,Incident,Failure to use stop work authority. Cox personnel continued to keep production online while pollution continued to occur for several hours.,,,,,,
WR-425-20260411-0345-1,WR-425-20260411-0345,1,2026,modern_six,WR,425,Very Serious Incident,Managment systems - inadequate hazard analysis,,,,,,
ST-311-20200123-1200-1,ST-311-20200123-1200,1,2020,modern_six,ST,311,Serious Incident,Drain line tubing was not secured.,,,,,,
EI-360-20210316-2030-5,EI-360-20210316-2030,5,2021,modern_six,EI,360,,A JSA should have been implemented cooling fan housing.,,,,,,
HI-A 446-20191204-0704-5,HI-A 446-20191204-0704,5,2019,modern_six,HI,A 446,Serious Incident,The crew failed to secure the bowls to the Pacman plate.,,,,,,
MP-288-20191015-2,MP-288-20191015,2,2019,modern_six,MP,288,Serious Incident,"Management Systems- Inadequate documentation or mechanical failure of a spiral lock operator and contractor personnel: and did not communicate this to availability of hazard analyses, job procedures, emergency procedures: The JSA was to be removing the boom winch and shaft. There was no mention emergency load lowering procedure and the procedure was Talos.",,,,,,
WD-109-20220406-1215-4,WD-109-20220406-1215,4,2022,modern_six,WD,109,,The Flexi-Coil hose was not secured uncontrollably moving around.,,,,,,
EW-910-20260209-0608-4,EW-910-20260209-0608,4,2026,modern_six,EW,910,Serious Incident,"Management Systems – Inadequate hazard analysis / failure to identify system vulnerabilities Historical operational issues involving vapor loading, liquid carryover, entrained hydrocarbons within the glycol system, and possible vent restrictions associated with the still-column exhaust configuration had previously been identified within the glycol regeneration system. These conditions contributed to increased susceptibility for pressure buildup and hydrocarbon release within the glycol regeneration process.",,,,,,
SM-223-20200321-1200-1,SM-223-20200321-1200,1,2020,modern_six,SM,223,Very Serious Incident,The BSEE incident investigation team determined that the incident were due to: . Performed job task not covered in the pre-job safety approved work procedure;,,,,,,
VR-252-20190909-2300-6,VR-252-20190909-2300,6,2019,modern_six,VR,252,Serious Incident,A plugged-up Stack Arrestor not allowing heat to escape,,,,,,
MP-300-20251126-1239-3,MP-300-20251126-1239,3,2025,modern_six,MP,300,Serious Incident,Management Systems: Inadequate written procedures- Lack of documentation provided for installation procedures for the electric motor and coupling by operator.,,,,,,
SS-358-20200222-1530-2,SS-358-20200222-1530,2,2020,modern_six,SS,358,Serious Incident,the boom allowing it to snap on as the crane operator was,,,,,,
EB-699-20221116-0510-1,EB-699-20221116-0510,1,2022,modern_six,EB,699,Incident,"Human performance error Decision to divert the drilling fluid overboard. Appendix G.1.5 of the New Technology Application Diamond West Vela East Breaks 699 well 001 rev. 01, shows the flow path going to the flowline during a PRV release.",,,,,,
EC-71-20230525-0115-2,EC-71-20230525-0115,2,2023,modern_six,EC,71,Incident,Inadequate knowledge of the casing valve: The wellhead casing valve was previously opened by a different member of the drill crew other than the Floorhand attempting to close it during the operation. The position of the 1 13/16-inch outlet was beneath the deck and not visible to the Floorhand while attempting to close the casing valve. The wellhead casing valve was not visible at the time of pumping operations. Not monitored.,,,,,,
AC-25-20210718-0930-2,AC-25-20210718-0930,2,2021,modern_six,AC,25,,None,,,,,,
EW-873-20220303-0315-1,EW-873-20220303-0315,1,2022,modern_six,EW,873,Serious Incident,Equipment Failure: Piston rod failed.,,,,,,
MC-391-20240305-0415-2,MC-391-20240305-0415,2,2024,modern_six,MC,391,Incident,-The weather forecasts did not predict the adverse weather conditions that were witnessed on location. -The vessel’s radar did not show the actual location.,,,,,,
MC-759-20260220-1246-2,MC-759-20260220-1246,2,2026,modern_six,MC,759,,"1. Inadequate lubrication practices - gear greasing had been completed, OEM",,,,,,
SS-224-20230131-1045-2,SS-224-20230131-1045,2,2023,modern_six,SS,224,Serious Incident,No wireline pressure control equipment was used,,,,,,
MP-259-20200323-1130-3,MP-259-20200323-1130,3,2020,modern_six,MP,259,,None,,,,,,
HI-469-20190506-1935-6,HI-469-20190506-1935,6,2019,modern_six,HI,469,Serious Incident,The IP was not wearing the proper impact performing the task.,,,,,,
MC-809-20210829-2,MC-809-20210829,2,2021,modern_six,MC,809,Serious Incident, The Operator and Contractor monitored storm forecasts waiting on notification of a direct path rather than following operational T-times already calculated relative to current well operations and potential Extreme Weather Event.  Inadequate Planning prevented the drill crew from pulling marine riser and LMRP in time for the Drillship to evade/evacuate Hurricane Ida.  The decision to crew change during the TA operation with weather approaching delayed an operation already hours behind schedule and resulted in a failed evacuation/evade attempt.  Hydraulic Torque Wrench breakdowns and stuck riser bolts delayed pulling riser and LMRP.,,,,,,
AC-857-20211029-1000-8,AC-857-20211029-1000,8,2021,modern_six,AC,857,Incident,Shell management has reduced crew onboard when,,,,,,
PL-23-20210923-1010-1,PL-23-20210923-1010,1,2021,modern_six,PL,23,Serious Incident,Air flow in stack arrestor was restricted from was not sufficient purge time between when the relight the burner.,,,,,,
AC-857-20211029-1000-5,AC-857-20211029-1000,5,2021,modern_six,AC,857,Incident,Pit-hand was new to the position (two transfer procedure. Crew did not review months) and lacked experience.,,,,,,
GB-215-20250717-0752-2,GB-215-20250717-0752,2,2025,modern_six,GB,215,,"Equipment failure: Flawed equipment design. Laboratory analysis of the 0.375-inch high-pressure hose determined that the hose ruptured due to chlorides corrosion coupled with rapid oxidation of wire reinforcement strands. In addition, the 3000-psi rated hose was only in use for about 6 months and was only pressured to 2400 psi when it failed.",,,,,,
MC-725-20190329-1925-3,MC-725-20190329-1925,3,2019,modern_six,MC,725,Serious Incident,"The equipment operator commanded the hydraulic elevators to open when the elevators supported 170,000 lbs of string weight.",,,,,,
GB-783-20260307-2200-1,GB-783-20260307-2200,1,2026,modern_six,GB,783,Very Serious Incident,Human Performance Error: Not aware of hazards. The IP climbed up onto the wireline ram preventor to unlatch the D-ring from crane hook without identifying associated hazards.,,,,,,
GI-47-20250425-1330-4,GI-47-20250425-1330,4,2025,modern_six,GI,47,,HUMAN ERROR: INEXPERIENCE DOING TASK RELATED TO THE INCIDENT - The IP was inexperienced with the GOM Shelf processes and policies pertaining to the work being performed. The IP had less than two years’ experience with an experienced mentor.,,,,,,
MC-109-20190214-0100-2,MC-109-20190214-0100,2,2019,modern_six,MC,109,Very Serious Incident,Personnel Training - Personnel Poorly Trained: Personnel failed to recognize that rechargeable batteries vent hydrogen.,,,,,,
SM-130-20240225-0930-5,SM-130-20240225-0930,5,2024,modern_six,SM,130,Serious Incident,"The Job Safety Environmental Analysis (JSEA), failed to discuss the hazards involved with raising the elevation of the beams.",,,,,,
EI-238-20200119-1400-2,EI-238-20200119-1400,2,2020,modern_six,EI,238,,"When the mechanic missed the step, the weight of severity of his injuries.",,,,,,
MC-773-20210527-2,MC-773-20210527,2,2021,modern_six,MC,773,,Human Performance Error:  Not aware of hazards,,,,,,
GB-491-20191122-0934-2,GB-491-20191122-0934,2,2019,modern_six,GB,491,Serious Incident,Temperature of the Port Switch Gear Starboard Switch Gear Room.,,,,,,
SM-237-20220802-2,SM-237-20220802,2,2022,modern_six,SM,237,,N/A,,,,,,
ST-229-20250509-0900-1,ST-229-20250509-0900,1,2025,modern_six,ST,229,Serious Incident,"Equipment Failure – Inadequate lubrication to component (internal obstruction)- An internal debris restriction in the sheave pin’s lubrication passage prevented grease from reaching the sheave bearings. One of the three sheave bearings failed, initiating the mechanical failure sequence.",,,,,,
UNKEYED-8174d1253136-1,UNKEYED-8174d1253136,1,2021,modern_six,,,, Equipment Failure – Capacity of sling exceeded the force exerted.  Human Performance Error – Not aware of hazards associated with making changes to the Liftboat's elevation while the crane was still connected to the lift.  Management Systems – Inadequate hazard analysis.,,,,,,
MP-298-20260524-1138-3,MP-298-20260524-1138,3,2026,modern_six,MP,298,Serious Incident,Personnel failed to identify containment breeches in skid.,,,,,,
GC-478-20240502-1620-2,GC-478-20240502-1620,2,2024,modern_six,GC,478,Serious Incident,Personnel training – individuals performing the task did not have proper training on AOPS functionality.,,,,,,
GC-338-20211120-1315-2,GC-338-20211120-1315,2,2021,modern_six,GC,338,Serious Incident,"of the West crane being exceeded when fail due to overloading and shock- Human Performance Errors, inadequate knowledge of equipment operation, labeling the cargo manifest with the wrong Conex box weight, and lack of personnel training",,,,,,
GC-478-20240118-1303-1,GC-478-20240118-1303,1,2024,modern_six,GC,478,Very Serious Incident,Human Performance Error – Did not verify the makeup turn was not adequate. Did not visually inspect connection to ensure it wasn't cross threaded.,,,,,,
SM-149-20200217-0800-1,SM-149-20200217-0800,1,2020,modern_six,SM,149,Serious Incident,The BSEE incident investigation team determined that the probable cause of the incident was using improper equipment for the job. The crew used tubular elevators dressed for 1.5-inch tubular instead of being dressed for 1.25-inch tubular.,,,,,,
